timestamp,kp_index,ap_index,solar_wind_speed,solar_wind_density,bz_component,month,season,hour_interval,is_solar_maximum,kp_previous_interval,bz_negative,aurora_visible
2019-01-01 00:00:00,1.0,6.0,456.0,3.9,1.7,1,hiver,00h-03h,0,,0,0
2019-01-01 03:00:00,1.0,6.0,453.0,4.5,2.5,1,hiver,03h-06h,0,1.0,0,0
2019-01-01 06:00:00,3.0,6.0,433.0,4.3,-3.4,1,hiver,06h-09h,0,1.0,1,0
2019-01-01 09:00:00,2.0,6.0,430.0,4.7,-3.0,1,hiver,09h-12h,0,3.0,1,0
2019-01-01 12:00:00,2.0,6.0,418.0,3.8,-1.4,1,hiver,12h-15h,0,2.0,1,0
2019-01-01 15:00:00,1.0,6.0,395.0,2.8,1.2,1,hiver,15h-18h,0,2.0,0,0
2019-01-01 18:00:00,0.0,6.0,384.0,2.3,0.8,1,hiver,18h-21h,0,1.0,0,0
2019-01-01 21:00:00,1.0,6.0,379.0,2.0,-0.2,1,hiver,21h-24h,0,0.0,1,0
2019-01-02 00:00:00,0.0,2.0,377.0,2.2,-1.0,1,hiver,00h-03h,0,1.0,1,0
2019-01-02 03:00:00,0.0,2.0,369.0,2.1,0.0,1,hiver,03h-06h,0,0.0,0,0
2019-01-02 06:00:00,0.0,2.0,365.0,1.9,0.8,1,hiver,06h-09h,0,0.0,0,0
2019-01-02 09:00:00,0.0,2.0,352.0,1.6,-0.8,1,hiver,09h-12h,0,0.0,1,0
2019-01-02 12:00:00,0.0,2.0,338.0,2.2,-0.9,1,hiver,12h-15h,0,0.0,1,0
2019-01-02 15:00:00,1.0,2.0,343.0,3.7,0.3,1,hiver,15h-18h,0,0.0,0,0
2019-01-02 18:00:00,0.0,2.0,343.0,4.2,-0.4,1,hiver,18h-21h,0,1.0,1,0
2019-01-02 21:00:00,1.0,2.0,349.0,4.9,-0.2,1,hiver,21h-24h,0,0.0,1,0
2019-01-03 00:00:00,1.0,2.0,336.0,4.8,-1.0,1,hiver,00h-03h,0,1.0,1,0
2019-01-03 03:00:00,0.0,2.0,313.0,4.1,-1.1,1,hiver,03h-06h,0,1.0,1,0
2019-01-03 06:00:00,0.0,2.0,307.0,4.0,-1.0,1,hiver,06h-09h,0,0.0,1,0
2019-01-03 09:00:00,1.0,2.0,304.0,3.8,-1.0,1,hiver,09h-12h,0,0.0,1,0
2019-01-03 12:00:00,1.0,2.0,308.0,5.7,-2.4,1,hiver,12h-15h,0,1.0,1,0
2019-01-03 15:00:00,0.0,2.0,309.0,6.5,-0.0,1,hiver,15h-18h,0,1.0,0,0
2019-01-03 18:00:00,0.0,2.0,303.0,6.8,-0.1,1,hiver,18h-21h,0,0.0,1,0
2019-01-03 21:00:00,1.0,2.0,308.0,5.6,0.9,1,hiver,21h-24h,0,0.0,0,0
2019-01-04 00:00:00,1.0,9.0,315.0,7.5,-1.3,1,hiver,00h-03h,0,1.0,1,0
2019-01-04 03:00:00,1.0,9.0,310.0,9.0,-1.8,1,hiver,03h-06h,0,1.0,1,0
2019-01-04 06:00:00,1.0,9.0,315.0,13.1,-1.4,1,hiver,06h-09h,0,1.0,1,0
2019-01-04 09:00:00,2.0,9.0,312.0,13.5,-4.5,1,hiver,09h-12h,0,1.0,1,0
2019-01-04 12:00:00,2.0,9.0,345.0,27.7,-3.4,1,hiver,12h-15h,0,2.0,1,0
2019-01-04 15:00:00,3.0,9.0,335.0,27.4,-2.1,1,hiver,15h-18h,0,2.0,1,0
2019-01-04 18:00:00,3.0,9.0,353.0,31.3,0.4,1,hiver,18h-21h,0,3.0,0,0
2019-01-04 21:00:00,3.0,9.0,353.0,33.9,-2.5,1,hiver,21h-24h,0,3.0,1,0
2019-01-05 00:00:00,5.0,15.0,416.0,15.6,4.2,1,hiver,00h-03h,0,3.0,0,1
2019-01-05 03:00:00,4.0,15.0,480.0,6.3,0.9,1,hiver,03h-06h,0,5.0,0,0
2019-01-05 06:00:00,2.0,15.0,482.0,6.9,5.3,1,hiver,06h-09h,0,4.0,0,0
2019-01-05 09:00:00,2.0,15.0,461.0,5.3,4.4,1,hiver,09h-12h,0,2.0,0,0
2019-01-05 12:00:00,2.0,15.0,508.0,2.6,0.4,1,hiver,12h-15h,0,2.0,0,0
2019-01-05 15:00:00,2.0,15.0,532.0,2.9,-1.2,1,hiver,15h-18h,0,2.0,1,0
2019-01-05 18:00:00,2.0,15.0,514.0,3.7,0.4,1,hiver,18h-21h,0,2.0,0,0
2019-01-05 21:00:00,3.0,15.0,491.0,3.1,-1.8,1,hiver,21h-24h,0,2.0,1,0
2019-01-06 00:00:00,2.0,9.0,477.0,3.3,-1.0,1,hiver,00h-03h,0,3.0,1,0
2019-01-06 03:00:00,3.0,9.0,492.0,3.5,-0.4,1,hiver,03h-06h,0,2.0,1,0
2019-01-06 06:00:00,2.0,9.0,498.0,3.4,-0.2,1,hiver,06h-09h,0,3.0,1,0
2019-01-06 09:00:00,2.0,9.0,520.0,3.7,-0.4,1,hiver,09h-12h,0,2.0,1,0
2019-01-06 12:00:00,2.0,9.0,515.0,2.9,-0.3,1,hiver,12h-15h,0,2.0,1,0
2019-01-06 15:00:00,2.0,9.0,544.0,3.9,2.2,1,hiver,15h-18h,0,2.0,0,0
2019-01-06 18:00:00,3.0,9.0,544.0,3.6,-3.7,1,hiver,18h-21h,0,2.0,1,0
2019-01-06 21:00:00,2.0,9.0,545.0,3.1,-0.9,1,hiver,21h-24h,0,3.0,1,0
2019-01-07 00:00:00,2.0,7.0,531.0,2.4,0.5,1,hiver,00h-03h,0,2.0,0,0
2019-01-07 03:00:00,3.0,7.0,521.0,2.4,1.0,1,hiver,03h-06h,0,2.0,0,0
2019-01-07 06:00:00,2.0,7.0,535.0,3.3,-1.2,1,hiver,06h-09h,0,3.0,1,0
2019-01-07 09:00:00,2.0,7.0,513.0,3.2,0.9,1,hiver,09h-12h,0,2.0,0,0
2019-01-07 12:00:00,2.0,7.0,495.0,3.7,0.2,1,hiver,12h-15h,0,2.0,0,0
2019-01-07 15:00:00,1.0,7.0,497.0,4.6,1.4,1,hiver,15h-18h,0,2.0,0,0
2019-01-07 18:00:00,1.0,7.0,460.0,3.3,1.5,1,hiver,18h-21h,0,1.0,0,0
2019-01-07 21:00:00,2.0,7.0,460.0,4.3,1.4,1,hiver,21h-24h,0,1.0,0,0
2019-01-08 00:00:00,2.0,6.0,461.0,5.2,0.7,1,hiver,00h-03h,0,2.0,0,0
2019-01-08 03:00:00,2.0,6.0,435.0,3.7,0.9,1,hiver,03h-06h,0,2.0,0,0
2019-01-08 06:00:00,2.0,6.0,441.0,4.1,0.8,1,hiver,06h-09h,0,2.0,0,0
2019-01-08 09:00:00,2.0,6.0,424.0,4.1,-1.3,1,hiver,09h-12h,0,2.0,1,0
2019-01-08 12:00:00,2.0,6.0,434.0,6.0,0.8,1,hiver,12h-15h,0,2.0,0,0
2019-01-08 15:00:00,1.0,6.0,430.0,5.9,2.8,1,hiver,15h-18h,0,2.0,0,0
2019-01-08 18:00:00,1.0,6.0,411.0,5.2,0.8,1,hiver,18h-21h,0,1.0,0,0
2019-01-08 21:00:00,1.0,6.0,422.0,6.1,0.2,1,hiver,21h-24h,0,1.0,0,0
2019-01-09 00:00:00,2.0,4.0,431.0,6.6,-0.7,1,hiver,00h-03h,0,1.0,1,0
2019-01-09 03:00:00,0.0,4.0,429.0,6.6,1.4,1,hiver,03h-06h,0,2.0,0,0
2019-01-09 06:00:00,1.0,4.0,439.0,5.8,-2.1,1,hiver,06h-09h,0,0.0,1,0
2019-01-09 09:00:00,2.0,4.0,405.0,7.2,-1.1,1,hiver,09h-12h,0,1.0,1,0
2019-01-09 12:00:00,1.0,4.0,407.0,7.1,-1.1,1,hiver,12h-15h,0,2.0,1,0
2019-01-09 15:00:00,0.0,4.0,415.0,3.1,0.2,1,hiver,15h-18h,0,1.0,0,0
2019-01-09 18:00:00,1.0,4.0,422.0,4.5,-0.7,1,hiver,18h-21h,0,0.0,1,0
2019-01-09 21:00:00,1.0,4.0,406.0,5.4,-1.1,1,hiver,21h-24h,0,1.0,1,0
2019-01-10 00:00:00,1.0,4.0,403.0,4.9,1.1,1,hiver,00h-03h,0,1.0,0,0
2019-01-10 03:00:00,1.0,4.0,406.0,4.1,-0.3,1,hiver,03h-06h,0,1.0,1,0
2019-01-10 06:00:00,1.0,4.0,360.0,6.0,-0.5,1,hiver,06h-09h,0,1.0,1,0
2019-01-10 09:00:00,1.0,4.0,364.0,6.5,2.3,1,hiver,09h-12h,0,1.0,0,0
2019-01-10 12:00:00,2.0,4.0,372.0,8.1,-2.3,1,hiver,12h-15h,0,1.0,1,0
2019-01-10 15:00:00,0.0,4.0,375.0,6.1,1.1,1,hiver,15h-18h,0,2.0,0,0
2019-01-10 18:00:00,0.0,4.0,374.0,6.8,1.6,1,hiver,18h-21h,0,0.0,0,0
2019-01-10 21:00:00,1.0,4.0,378.0,3.7,2.6,1,hiver,21h-24h,0,0.0,0,0
2019-01-11 00:00:00,2.0,7.0,439.0,4.3,-1.5,1,hiver,00h-03h,0,1.0,1,0
2019-01-11 03:00:00,1.0,7.0,504.0,5.3,1.1,1,hiver,03h-06h,0,2.0,0,0
2019-01-11 06:00:00,4.0,7.0,499.0,4.5,-3.0,1,hiver,06h-09h,0,1.0,1,0
2019-01-11 09:00:00,1.0,7.0,460.0,4.1,1.4,1,hiver,09h-12h,0,4.0,0,0
2019-01-11 12:00:00,1.0,7.0,442.0,4.9,-2.1,1,hiver,12h-15h,0,1.0,1,0
2019-01-11 15:00:00,1.0,7.0,412.0,2.7,0.6,1,hiver,15h-18h,0,1.0,0,0
2019-01-11 18:00:00,1.0,7.0,421.0,3.9,0.1,1,hiver,18h-21h,0,1.0,0,0
2019-01-11 21:00:00,1.0,7.0,403.0,2.4,-0.4,1,hiver,21h-24h,0,1.0,1,0
2019-01-12 00:00:00,1.0,3.0,404.0,2.4,-0.4,1,hiver,00h-03h,0,1.0,1,0
2019-01-12 03:00:00,1.0,3.0,408.0,3.5,-0.4,1,hiver,03h-06h,0,1.0,1,0
2019-01-12 06:00:00,0.0,3.0,405.0,3.5,-0.2,1,hiver,06h-09h,0,1.0,1,0
2019-01-12 09:00:00,0.0,3.0,390.0,3.6,-1.0,1,hiver,09h-12h,0,0.0,1,0
2019-01-12 12:00:00,1.0,3.0,379.0,3.7,-1.7,1,hiver,12h-15h,0,0.0,1,0
2019-01-12 15:00:00,1.0,3.0,378.0,3.5,-1.2,1,hiver,15h-18h,0,1.0,1,0
2019-01-12 18:00:00,1.0,3.0,378.0,2.9,-0.6,1,hiver,18h-21h,0,1.0,1,0
2019-01-12 21:00:00,1.0,3.0,352.0,3.2,-0.4,1,hiver,21h-24h,0,1.0,1,0
2019-01-13 00:00:00,0.0,3.0,362.0,3.5,-1.9,1,hiver,00h-03h,0,1.0,1,0
2019-01-13 03:00:00,2.0,3.0,352.0,2.6,-1.0,1,hiver,03h-06h,0,0.0,1,0
2019-01-13 06:00:00,1.0,3.0,345.0,4.0,-1.5,1,hiver,06h-09h,0,2.0,1,0
2019-01-13 09:00:00,1.0,3.0,340.0,6.2,-0.1,1,hiver,09h-12h,0,1.0,1,0
2019-01-13 12:00:00,0.0,3.0,299.0,9.1,0.7,1,hiver,12h-15h,0,1.0,0,0
2019-01-13 15:00:00,0.0,3.0,291.0,10.0,-1.3,1,hiver,15h-18h,0,0.0,1,0
2019-01-13 18:00:00,1.0,3.0,297.0,12.9,-0.5,1,hiver,18h-21h,0,0.0,1,0
2019-01-13 21:00:00,1.0,3.0,297.0,19.3,0.0,1,hiver,21h-24h,0,1.0,0,0
2019-01-14 00:00:00,2.0,6.0,333.0,14.4,1.4,1,hiver,00h-03h,0,1.0,0,0
2019-01-14 03:00:00,2.0,6.0,372.0,12.9,2.2,1,hiver,03h-06h,0,2.0,0,0
2019-01-14 06:00:00,2.0,6.0,390.0,9.9,0.3,1,hiver,06h-09h,0,2.0,0,0
2019-01-14 09:00:00,2.0,6.0,401.0,8.9,-2.8,1,hiver,09h-12h,0,2.0,1,0
2019-01-14 12:00:00,1.0,6.0,389.0,9.5,0.2,1,hiver,12h-15h,0,2.0,0,0
2019-01-14 15:00:00,2.0,6.0,377.0,10.2,-0.2,1,hiver,15h-18h,0,1.0,1,0
2019-01-14 18:00:00,1.0,6.0,383.0,10.5,2.4,1,hiver,18h-21h,0,2.0,0,0
2019-01-14 21:00:00,2.0,6.0,373.0,13.7,0.6,1,hiver,21h-24h,0,1.0,0,0
2019-01-15 00:00:00,3.0,5.0,347.0,11.0,-1.0,1,hiver,00h-03h,0,2.0,1,0
2019-01-15 03:00:00,1.0,5.0,333.0,5.0,-0.2,1,hiver,03h-06h,0,3.0,1,0
2019-01-15 06:00:00,1.0,5.0,328.0,6.3,1.0,1,hiver,06h-09h,0,1.0,0,0
2019-01-15 09:00:00,1.0,5.0,346.0,6.6,2.8,1,hiver,09h-12h,0,1.0,0,0
2019-01-15 12:00:00,1.0,5.0,345.0,4.1,1.1,1,hiver,12h-15h,0,1.0,0,0
2019-01-15 15:00:00,1.0,5.0,356.0,8.3,-0.6,1,hiver,15h-18h,0,1.0,1,0
2019-01-15 18:00:00,2.0,5.0,377.0,9.1,-0.2,1,hiver,18h-21h,0,1.0,1,0
2019-01-15 21:00:00,1.0,5.0,410.0,7.3,2.0,1,hiver,21h-24h,0,2.0,0,0
2019-01-16 00:00:00,1.0,6.0,405.0,6.4,1.9,1,hiver,00h-03h,0,1.0,0,0
2019-01-16 03:00:00,2.0,6.0,395.0,6.7,-1.7,1,hiver,03h-06h,0,1.0,1,0
2019-01-16 06:00:00,2.0,6.0,383.0,6.5,-1.6,1,hiver,06h-09h,0,2.0,1,0
2019-01-16 09:00:00,1.0,6.0,378.0,8.2,0.6,1,hiver,09h-12h,0,2.0,0,0
2019-01-16 12:00:00,0.0,6.0,369.0,7.9,1.1,1,hiver,12h-15h,0,1.0,0,0
2019-01-16 15:00:00,1.0,6.0,375.0,9.2,-1.3,1,hiver,15h-18h,0,0.0,1,0
2019-01-16 18:00:00,2.0,6.0,376.0,7.8,-1.4,1,hiver,18h-21h,0,1.0,1,0
2019-01-16 21:00:00,3.0,6.0,400.0,7.9,-6.4,1,hiver,21h-24h,0,2.0,1,0
2019-01-17 00:00:00,3.0,7.0,387.0,8.0,-2.6,1,hiver,00h-03h,0,3.0,1,0
2019-01-17 03:00:00,2.0,7.0,388.0,6.6,0.2,1,hiver,03h-06h,0,3.0,0,0
2019-01-17 06:00:00,1.0,7.0,379.0,5.6,2.3,1,hiver,06h-09h,0,2.0,0,0
2019-01-17 09:00:00,1.0,7.0,410.0,9.8,5.5,1,hiver,09h-12h,0,1.0,0,0
2019-01-17 12:00:00,1.0,7.0,457.0,5.4,6.1,1,hiver,12h-15h,0,1.0,0,0
2019-01-17 15:00:00,2.0,7.0,470.0,4.2,-2.4,1,hiver,15h-18h,0,1.0,1,0
2019-01-17 18:00:00,2.0,7.0,503.0,4.3,1.8,1,hiver,18h-21h,0,2.0,0,0
2019-01-17 21:00:00,2.0,7.0,503.0,3.5,-0.4,1,hiver,21h-24h,0,2.0,1,0
2019-01-18 00:00:00,2.0,6.0,484.0,3.5,3.2,1,hiver,00h-03h,0,2.0,0,0
2019-01-18 03:00:00,2.0,6.0,477.0,3.9,1.2,1,hiver,03h-06h,0,2.0,0,0
2019-01-18 06:00:00,1.0,6.0,470.0,4.2,1.1,1,hiver,06h-09h,0,2.0,0,0
2019-01-18 09:00:00,2.0,6.0,471.0,3.6,-0.7,1,hiver,09h-12h,0,1.0,1,0
2019-01-18 12:00:00,2.0,6.0,440.0,3.1,-0.2,1,hiver,12h-15h,0,2.0,1,0
2019-01-18 15:00:00,1.0,6.0,435.0,3.1,-1.1,1,hiver,15h-18h,0,2.0,1,0
2019-01-18 18:00:00,1.0,6.0,436.0,3.6,-1.9,1,hiver,18h-21h,0,1.0,1,0
2019-01-18 21:00:00,1.0,6.0,418.0,3.4,-0.2,1,hiver,21h-24h,0,1.0,1,0
2019-01-19 00:00:00,1.0,4.0,415.0,3.1,0.6,1,hiver,00h-03h,0,1.0,0,0
2019-01-19 03:00:00,1.0,4.0,407.0,2.6,-1.5,1,hiver,03h-06h,0,1.0,1,0
2019-01-19 06:00:00,0.0,4.0,404.0,3.6,1.1,1,hiver,06h-09h,0,1.0,0,0
2019-01-19 09:00:00,2.0,4.0,406.0,5.0,-2.4,1,hiver,09h-12h,0,0.0,1,0
2019-01-19 12:00:00,0.0,4.0,392.0,4.7,1.1,1,hiver,12h-15h,0,2.0,0,0
2019-01-19 15:00:00,0.0,4.0,394.0,4.4,-1.2,1,hiver,15h-18h,0,0.0,1,0
2019-01-19 18:00:00,1.0,4.0,383.0,4.5,-1.7,1,hiver,18h-21h,0,0.0,1,0
2019-01-19 21:00:00,3.0,4.0,373.0,6.2,-1.4,1,hiver,21h-24h,0,1.0,1,0
2019-01-20 00:00:00,2.0,4.0,365.0,5.9,-1.3,1,hiver,00h-03h,0,3.0,1,0
2019-01-20 03:00:00,1.0,4.0,359.0,6.2,0.0,1,hiver,03h-06h,0,2.0,0,0
2019-01-20 06:00:00,1.0,4.0,353.0,5.3,1.1,1,hiver,06h-09h,0,1.0,0,0
2019-01-20 09:00:00,1.0,4.0,356.0,5.2,-1.7,1,hiver,09h-12h,0,1.0,1,0
2019-01-20 12:00:00,1.0,4.0,350.0,5.5,-0.9,1,hiver,12h-15h,0,1.0,1,0
2019-01-20 15:00:00,1.0,4.0,352.0,5.6,-1.6,1,hiver,15h-18h,0,1.0,1,0
2019-01-20 18:00:00,1.0,4.0,359.0,8.8,-0.7,1,hiver,18h-21h,0,1.0,1,0
2019-01-20 21:00:00,1.0,4.0,355.0,6.9,-1.1,1,hiver,21h-24h,0,1.0,1,0
2019-01-21 00:00:00,1.0,4.0,346.0,7.6,-0.7,1,hiver,00h-03h,0,1.0,1,0
2019-01-21 03:00:00,0.0,4.0,338.0,6.7,-0.0,1,hiver,03h-06h,0,1.0,0,0
2019-01-21 06:00:00,0.0,4.0,332.0,6.0,0.8,1,hiver,06h-09h,0,0.0,0,0
2019-01-21 09:00:00,1.0,4.0,330.0,7.8,-0.2,1,hiver,09h-12h,0,0.0,1,0
2019-01-21 12:00:00,1.0,4.0,323.0,9.7,-0.5,1,hiver,12h-15h,0,1.0,1,0
2019-01-21 15:00:00,1.0,4.0,316.0,11.5,0.5,1,hiver,15h-18h,0,1.0,0,0
2019-01-21 18:00:00,2.0,4.0,317.0,13.5,-0.6,1,hiver,18h-21h,0,1.0,1,0
2019-01-21 21:00:00,2.0,4.0,314.0,15.2,-1.0,1,hiver,21h-24h,0,2.0,1,0
2019-01-22 00:00:00,1.0,3.0,308.0,15.8,-0.1,1,hiver,00h-03h,0,2.0,1,0
2019-01-22 03:00:00,1.0,3.0,307.0,13.4,-0.1,1,hiver,03h-06h,0,1.0,1,0
2019-01-22 06:00:00,0.0,3.0,308.0,7.4,2.6,1,hiver,06h-09h,0,1.0,0,0
2019-01-22 09:00:00,0.0,3.0,304.0,4.2,1.5,1,hiver,09h-12h,0,0.0,0,0
2019-01-22 12:00:00,1.0,3.0,303.0,4.2,-0.0,1,hiver,12h-15h,0,0.0,0,0
2019-01-22 15:00:00,1.0,3.0,320.0,5.4,0.7,1,hiver,15h-18h,0,1.0,0,0
2019-01-22 18:00:00,2.0,3.0,351.0,9.2,-2.4,1,hiver,18h-21h,0,1.0,1,0
2019-01-22 21:00:00,2.0,3.0,309.0,5.4,-0.3,1,hiver,21h-24h,0,2.0,1,0
2019-01-23 00:00:00,3.0,13.0,340.0,8.3,-4.2,1,hiver,00h-03h,0,2.0,1,0
2019-01-23 03:00:00,3.0,13.0,330.0,7.4,1.3,1,hiver,03h-06h,0,3.0,0,0
2019-01-23 06:00:00,2.0,13.0,344.0,10.4,3.9,1,hiver,06h-09h,0,3.0,0,0
2019-01-23 09:00:00,3.0,13.0,360.0,8.3,-5.6,1,hiver,09h-12h,0,2.0,1,0
2019-01-23 12:00:00,3.0,13.0,419.0,10.6,-1.5,1,hiver,12h-15h,0,3.0,1,0
2019-01-23 15:00:00,3.0,13.0,435.0,8.4,0.9,1,hiver,15h-18h,0,3.0,0,0
2019-01-23 18:00:00,2.0,13.0,442.0,17.8,4.1,1,hiver,18h-21h,0,3.0,0,0
2019-01-23 21:00:00,4.0,13.0,470.0,9.0,-1.3,1,hiver,21h-24h,0,2.0,1,0
2019-01-24 00:00:00,4.0,19.0,505.0,10.7,-1.1,1,hiver,00h-03h,0,4.0,1,0
2019-01-24 03:00:00,3.0,19.0,568.0,5.9,-2.6,1,hiver,03h-06h,0,4.0,1,0
2019-01-24 06:00:00,4.0,19.0,562.0,3.9,-1.8,1,hiver,06h-09h,0,3.0,1,0
2019-01-24 09:00:00,2.0,19.0,567.0,4.4,2.1,1,hiver,09h-12h,0,4.0,0,0
2019-01-24 12:00:00,1.0,19.0,609.0,4.9,3.0,1,hiver,12h-15h,0,2.0,0,0
2019-01-24 15:00:00,3.0,19.0,614.0,4.1,-1.7,1,hiver,15h-18h,0,1.0,1,0
2019-01-24 18:00:00,4.0,19.0,613.0,4.4,-1.6,1,hiver,18h-21h,0,3.0,1,0
2019-01-24 21:00:00,5.0,19.0,608.0,6.0,-0.9,1,hiver,21h-24h,0,4.0,1,1
2019-01-25 00:00:00,3.0,13.0,607.0,5.3,3.7,1,hiver,00h-03h,0,5.0,0,0
2019-01-25 03:00:00,2.0,13.0,603.0,2.6,-0.6,1,hiver,03h-06h,0,3.0,1,0
2019-01-25 06:00:00,3.0,13.0,620.0,3.2,0.7,1,hiver,06h-09h,0,2.0,0,0
2019-01-25 09:00:00,3.0,13.0,610.0,3.3,1.7,1,hiver,09h-12h,0,3.0,0,0
2019-01-25 12:00:00,3.0,13.0,604.0,3.0,-1.5,1,hiver,12h-15h,0,3.0,1,0
2019-01-25 15:00:00,3.0,13.0,607.0,3.5,-0.9,1,hiver,15h-18h,0,3.0,1,0
2019-01-25 18:00:00,2.0,13.0,573.0,3.3,1.8,1,hiver,18h-21h,0,3.0,0,0
2019-01-25 21:00:00,2.0,13.0,574.0,3.0,1.1,1,hiver,21h-24h,0,2.0,0,0
2019-01-26 00:00:00,1.0,7.0,546.0,3.1,0.5,1,hiver,00h-03h,0,2.0,0,0
2019-01-26 03:00:00,2.0,7.0,546.0,2.9,-0.0,1,hiver,03h-06h,0,1.0,0,0
2019-01-26 06:00:00,2.0,7.0,494.0,3.7,0.6,1,hiver,06h-09h,0,2.0,0,0
2019-01-26 09:00:00,1.0,7.0,489.0,5.7,-0.2,1,hiver,09h-12h,0,2.0,1,0
2019-01-26 12:00:00,3.0,7.0,486.0,5.4,-0.0,1,hiver,12h-15h,0,1.0,0,0
2019-01-26 15:00:00,3.0,7.0,471.0,5.7,1.1,1,hiver,15h-18h,0,3.0,0,0
2019-01-26 18:00:00,1.0,7.0,474.0,4.6,0.6,1,hiver,18h-21h,0,3.0,0,0
2019-01-26 21:00:00,0.0,7.0,453.0,3.3,0.5,1,hiver,21h-24h,0,1.0,0,0
2019-01-27 00:00:00,2.0,5.0,445.0,3.0,-1.3,1,hiver,00h-03h,0,0.0,1,0
2019-01-27 03:00:00,1.0,5.0,438.0,3.4,-1.0,1,hiver,03h-06h,0,2.0,1,0
2019-01-27 06:00:00,1.0,5.0,427.0,3.4,-0.6,1,hiver,06h-09h,0,1.0,1,0
2019-01-27 09:00:00,1.0,5.0,426.0,3.3,-1.6,1,hiver,09h-12h,0,1.0,1,0
2019-01-27 12:00:00,1.0,5.0,414.0,3.3,0.8,1,hiver,12h-15h,0,1.0,0,0
2019-01-27 15:00:00,1.0,5.0,424.0,3.0,0.7,1,hiver,15h-18h,0,1.0,0,0
2019-01-27 18:00:00,1.0,5.0,385.0,2.7,-1.0,1,hiver,18h-21h,0,1.0,1,0
2019-01-27 21:00:00,1.0,5.0,407.0,3.3,-1.4,1,hiver,21h-24h,0,1.0,1,0
2019-01-28 00:00:00,1.0,1.0,401.0,4.0,-0.4,1,hiver,00h-03h,0,1.0,1,0
2019-01-28 03:00:00,0.0,1.0,413.0,3.9,0.6,1,hiver,03h-06h,0,1.0,0,0
2019-01-28 06:00:00,0.0,1.0,397.0,4.0,1.2,1,hiver,06h-09h,0,0.0,0,0
2019-01-28 09:00:00,0.0,1.0,396.0,4.3,-0.4,1,hiver,09h-12h,0,0.0,1,0
2019-01-28 12:00:00,0.0,1.0,396.0,4.1,1.1,1,hiver,12h-15h,0,0.0,0,0
2019-01-28 15:00:00,0.0,1.0,380.0,4.5,-0.8,1,hiver,15h-18h,0,0.0,1,0
2019-01-28 18:00:00,0.0,1.0,354.0,3.6,0.2,1,hiver,18h-21h,0,0.0,0,0
2019-01-28 21:00:00,0.0,1.0,356.0,3.4,-0.0,1,hiver,21h-24h,0,0.0,0,0
2019-01-29 00:00:00,1.0,2.0,368.0,4.1,0.4,1,hiver,00h-03h,0,0.0,0,0
2019-01-29 03:00:00,0.0,2.0,344.0,3.6,0.6,1,hiver,03h-06h,0,1.0,0,0
2019-01-29 06:00:00,0.0,2.0,341.0,4.7,1.4,1,hiver,06h-09h,0,0.0,0,0
2019-01-29 09:00:00,0.0,2.0,358.0,5.6,0.7,1,hiver,09h-12h,0,0.0,0,0
2019-01-29 12:00:00,1.0,2.0,353.0,6.0,-0.5,1,hiver,12h-15h,0,0.0,1,0
2019-01-29 15:00:00,0.0,2.0,343.0,4.5,-0.5,1,hiver,15h-18h,0,1.0,1,0
2019-01-29 18:00:00,0.0,2.0,328.0,3.4,0.6,1,hiver,18h-21h,0,0.0,0,0
2019-01-29 21:00:00,0.0,2.0,325.0,2.8,0.2,1,hiver,21h-24h,0,0.0,0,0
2019-01-30 00:00:00,0.0,2.0,314.0,2.5,-0.6,1,hiver,00h-03h,0,0.0,1,0
2019-01-30 03:00:00,0.0,2.0,301.0,3.1,-0.6,1,hiver,03h-06h,0,0.0,1,0
2019-01-30 06:00:00,0.0,2.0,297.0,5.9,1.4,1,hiver,06h-09h,0,0.0,0,0
2019-01-30 09:00:00,0.0,2.0,294.0,7.1,0.2,1,hiver,09h-12h,0,0.0,0,0
2019-01-30 12:00:00,0.0,2.0,286.0,8.5,0.7,1,hiver,12h-15h,0,0.0,0,0
2019-01-30 15:00:00,0.0,2.0,292.0,8.5,-0.6,1,hiver,15h-18h,0,0.0,1,0
2019-01-30 18:00:00,1.0,2.0,307.0,15.9,-2.2,1,hiver,18h-21h,0,0.0,1,0
2019-01-30 21:00:00,1.0,2.0,304.0,17.1,-0.8,1,hiver,21h-24h,0,1.0,1,0
2019-01-31 00:00:00,1.0,14.0,293.0,13.0,1.1,1,hiver,00h-03h,0,1.0,0,0
2019-01-31 03:00:00,0.0,14.0,310.0,33.4,0.8,1,hiver,03h-06h,0,1.0,0,0
2019-01-31 06:00:00,1.0,14.0,335.0,12.4,-1.8,1,hiver,06h-09h,0,0.0,1,0
2019-01-31 09:00:00,1.0,14.0,324.0,15.0,-3.8,1,hiver,09h-12h,0,1.0,1,0
2019-01-31 12:00:00,3.0,14.0,342.0,20.3,-5.8,1,hiver,12h-15h,0,1.0,1,0
2019-01-31 15:00:00,3.0,14.0,367.0,26.0,5.6,1,hiver,15h-18h,0,3.0,0,0
2019-01-31 18:00:00,3.0,14.0,443.0,13.7,-7.1,1,hiver,18h-21h,0,3.0,1,0
2019-01-31 21:00:00,5.0,14.0,457.0,11.4,-9.1,1,hiver,21h-24h,0,3.0,1,1
2019-02-01 00:00:00,3.0,17.0,534.0,8.4,0.1,2,hiver,00h-03h,0,5.0,0,0
2019-02-01 03:00:00,4.0,17.0,487.0,6.5,-4.6,2,hiver,03h-06h,0,3.0,1,0
2019-02-01 06:00:00,3.0,17.0,423.0,5.1,-5.4,2,hiver,06h-09h,0,4.0,1,0
2019-02-01 09:00:00,2.0,17.0,558.0,5.0,1.4,2,hiver,09h-12h,0,3.0,0,0
2019-02-01 12:00:00,3.0,17.0,591.0,2.2,-1.7,2,hiver,12h-15h,0,2.0,1,0
2019-02-01 15:00:00,3.0,17.0,570.0,2.1,-2.2,2,hiver,15h-18h,0,3.0,1,0
2019-02-01 18:00:00,3.0,17.0,541.0,2.3,2.1,2,hiver,18h-21h,0,3.0,0,0
2019-02-01 21:00:00,4.0,17.0,570.0,4.0,-1.3,2,hiver,21h-24h,0,3.0,1,0
2019-02-02 00:00:00,4.0,17.0,538.0,3.8,-2.6,2,hiver,00h-03h,0,4.0,1,0
2019-02-02 03:00:00,4.0,17.0,561.0,4.0,-1.3,2,hiver,03h-06h,0,4.0,1,0
2019-02-02 06:00:00,3.0,17.0,567.0,4.9,0.3,2,hiver,06h-09h,0,4.0,0,0
2019-02-02 09:00:00,2.0,17.0,577.0,4.2,-0.4,2,hiver,09h-12h,0,3.0,1,0
2019-02-02 12:00:00,2.0,17.0,571.0,4.1,0.3,2,hiver,12h-15h,0,2.0,0,0
2019-02-02 15:00:00,4.0,17.0,581.0,3.5,-0.5,2,hiver,15h-18h,0,2.0,1,0
2019-02-02 18:00:00,3.0,17.0,600.0,4.2,0.7,2,hiver,18h-21h,0,4.0,0,0
2019-02-02 21:00:00,3.0,17.0,609.0,2.9,0.7,2,hiver,21h-24h,0,3.0,0,0
2019-02-03 00:00:00,4.0,11.0,604.0,2.7,-2.8,2,hiver,00h-03h,0,3.0,1,0
2019-02-03 03:00:00,3.0,11.0,621.0,2.4,-3.0,2,hiver,03h-06h,0,4.0,1,0
2019-02-03 06:00:00,3.0,11.0,598.0,2.5,-0.7,2,hiver,06h-09h,0,3.0,1,0
2019-02-03 09:00:00,1.0,11.0,573.0,2.3,1.7,2,hiver,09h-12h,0,3.0,0,0
2019-02-03 12:00:00,1.0,11.0,558.0,2.6,0.8,2,hiver,12h-15h,0,1.0,0,0
2019-02-03 15:00:00,2.0,11.0,538.0,2.4,-0.3,2,hiver,15h-18h,0,1.0,1,0
2019-02-03 18:00:00,2.0,11.0,532.0,2.0,-1.5,2,hiver,18h-21h,0,2.0,1,0
2019-02-03 21:00:00,3.0,11.0,498.0,1.5,-0.3,2,hiver,21h-24h,0,2.0,1,0
2019-02-04 00:00:00,1.0,7.0,468.0,1.3,-1.0,2,hiver,00h-03h,0,3.0,1,0
2019-02-04 03:00:00,0.0,7.0,462.0,1.3,-0.2,2,hiver,03h-06h,0,1.0,1,0
2019-02-04 06:00:00,1.0,7.0,445.0,1.9,0.3,2,hiver,06h-09h,0,0.0,0,0
2019-02-04 09:00:00,0.0,7.0,431.0,2.0,1.4,2,hiver,09h-12h,0,1.0,0,0
2019-02-04 12:00:00,2.0,7.0,425.0,3.6,-2.7,2,hiver,12h-15h,0,0.0,1,0
2019-02-04 15:00:00,2.0,7.0,415.0,4.2,-2.4,2,hiver,15h-18h,0,2.0,1,0
2019-02-04 18:00:00,3.0,7.0,416.0,5.3,-3.2,2,hiver,18h-21h,0,2.0,1,0
2019-02-04 21:00:00,3.0,7.0,419.0,6.3,-3.8,2,hiver,21h-24h,0,3.0,1,0
2019-02-05 00:00:00,3.0,5.0,399.0,8.4,-1.3,2,hiver,00h-03h,0,3.0,1,0
2019-02-05 03:00:00,1.0,5.0,384.0,5.4,-1.2,2,hiver,03h-06h,0,3.0,1,0
2019-02-05 06:00:00,1.0,5.0,350.0,4.2,-0.1,2,hiver,06h-09h,0,1.0,1,0
2019-02-05 09:00:00,0.0,5.0,375.0,4.9,-1.0,2,hiver,09h-12h,0,1.0,1,0
2019-02-05 12:00:00,0.0,5.0,351.0,2.5,0.3,2,hiver,12h-15h,0,0.0,0,0
2019-02-05 15:00:00,1.0,5.0,352.0,3.5,-0.8,2,hiver,15h-18h,0,0.0,1,0
2019-02-05 18:00:00,1.0,5.0,357.0,3.6,-0.8,2,hiver,18h-21h,0,1.0,1,0
2019-02-05 21:00:00,1.0,5.0,331.0,4.5,-0.4,2,hiver,21h-24h,0,1.0,1,0
2019-02-06 00:00:00,2.0,10.0,343.0,3.7,2.6,2,hiver,00h-03h,0,1.0,0,0
2019-02-06 03:00:00,2.0,10.0,362.0,4.8,1.2,2,hiver,03h-06h,0,2.0,0,0
2019-02-06 06:00:00,2.0,10.0,375.0,7.3,0.8,2,hiver,06h-09h,0,2.0,0,0
2019-02-06 09:00:00,3.0,10.0,390.0,4.7,1.8,2,hiver,09h-12h,0,2.0,0,0
2019-02-06 12:00:00,3.0,10.0,421.0,6.0,1.8,2,hiver,12h-15h,0,3.0,0,0
2019-02-06 15:00:00,1.0,10.0,437.0,7.1,-0.2,2,hiver,15h-18h,0,3.0,1,0
2019-02-06 18:00:00,2.0,10.0,408.0,3.2,-0.0,2,hiver,18h-21h,0,1.0,0,0
2019-02-06 21:00:00,3.0,10.0,425.0,2.7,-2.6,2,hiver,21h-24h,0,2.0,1,0
2019-02-07 00:00:00,2.0,4.0,402.0,2.7,-2.0,2,hiver,00h-03h,0,3.0,1,0
2019-02-07 03:00:00,1.0,4.0,416.0,2.7,-1.1,2,hiver,03h-06h,0,2.0,1,0
2019-02-07 06:00:00,1.0,4.0,399.0,2.3,-0.4,2,hiver,06h-09h,0,1.0,1,0
2019-02-07 09:00:00,0.0,4.0,426.0,2.6,0.9,2,hiver,09h-12h,0,1.0,0,0
2019-02-07 12:00:00,0.0,4.0,406.0,2.6,0.3,2,hiver,12h-15h,0,0.0,0,0
2019-02-07 15:00:00,1.0,4.0,406.0,2.8,-1.0,2,hiver,15h-18h,0,0.0,1,0
2019-02-07 18:00:00,2.0,4.0,394.0,3.4,-1.2,2,hiver,18h-21h,0,1.0,1,0
2019-02-07 21:00:00,1.0,4.0,419.0,3.5,-4.2,2,hiver,21h-24h,0,2.0,1,0
2019-02-08 00:00:00,2.0,9.0,388.0,2.8,-0.3,2,hiver,00h-03h,0,1.0,1,0
2019-02-08 03:00:00,2.0,9.0,381.0,3.0,-0.3,2,hiver,03h-06h,0,2.0,1,0
2019-02-08 06:00:00,2.0,9.0,375.0,3.4,-2.4,2,hiver,06h-09h,0,2.0,1,0
2019-02-08 09:00:00,1.0,9.0,441.0,3.5,0.9,2,hiver,09h-12h,0,2.0,0,0
2019-02-08 12:00:00,1.0,9.0,443.0,4.6,3.4,2,hiver,12h-15h,0,1.0,0,0
2019-02-08 15:00:00,1.0,9.0,446.0,3.9,-1.3,2,hiver,15h-18h,0,1.0,1,0
2019-02-08 18:00:00,2.0,9.0,424.0,3.3,-0.9,2,hiver,18h-21h,0,1.0,1,0
2019-02-08 21:00:00,4.0,9.0,458.0,4.5,-3.8,2,hiver,21h-24h,0,2.0,1,0
2019-02-09 00:00:00,3.0,10.0,455.0,4.1,-2.3,2,hiver,00h-03h,0,4.0,1,0
2019-02-09 03:00:00,2.0,10.0,449.0,3.5,-2.1,2,hiver,03h-06h,0,3.0,1,0
2019-02-09 06:00:00,2.0,10.0,471.0,5.0,0.5,2,hiver,06h-09h,0,2.0,0,0
2019-02-09 09:00:00,2.0,10.0,428.0,5.2,0.2,2,hiver,09h-12h,0,2.0,0,0
2019-02-09 12:00:00,2.0,10.0,433.0,5.5,0.6,2,hiver,12h-15h,0,2.0,0,0
2019-02-09 15:00:00,3.0,10.0,449.0,6.3,2.7,2,hiver,15h-18h,0,2.0,0,0
2019-02-09 18:00:00,3.0,10.0,441.0,3.9,-3.2,2,hiver,18h-21h,0,3.0,1,0
2019-02-09 21:00:00,1.0,10.0,439.0,3.8,-1.6,2,hiver,21h-24h,0,3.0,1,0
2019-02-10 00:00:00,2.0,6.0,452.0,4.1,-1.0,2,hiver,00h-03h,0,1.0,1,0
2019-02-10 03:00:00,3.0,6.0,455.0,4.5,-2.6,2,hiver,03h-06h,0,2.0,1,0
2019-02-10 06:00:00,1.0,6.0,431.0,4.0,0.3,2,hiver,06h-09h,0,3.0,0,0
2019-02-10 09:00:00,1.0,6.0,443.0,4.9,0.9,2,hiver,09h-12h,0,1.0,0,0
2019-02-10 12:00:00,1.0,6.0,435.0,4.3,2.7,2,hiver,12h-15h,0,1.0,0,0
2019-02-10 15:00:00,1.0,6.0,403.0,2.7,-0.7,2,hiver,15h-18h,0,1.0,1,0
2019-02-10 18:00:00,1.0,6.0,392.0,2.5,-0.3,2,hiver,18h-21h,0,1.0,1,0
2019-02-10 21:00:00,1.0,6.0,391.0,2.4,-0.5,2,hiver,21h-24h,0,1.0,1,0
2019-02-11 00:00:00,1.0,9.0,378.0,2.4,-1.5,2,hiver,00h-03h,0,1.0,1,0
2019-02-11 03:00:00,1.0,9.0,366.0,2.1,-1.5,2,hiver,03h-06h,0,1.0,1,0
2019-02-11 06:00:00,2.0,9.0,364.0,2.1,-1.9,2,hiver,06h-09h,0,1.0,1,0
2019-02-11 09:00:00,1.0,9.0,378.0,4.7,-0.2,2,hiver,09h-12h,0,2.0,1,0
2019-02-11 12:00:00,3.0,9.0,377.0,6.7,-1.0,2,hiver,12h-15h,0,1.0,1,0
2019-02-11 15:00:00,3.0,9.0,385.0,10.2,-3.3,2,hiver,15h-18h,0,3.0,1,0
2019-02-11 18:00:00,2.0,9.0,406.0,9.0,-0.6,2,hiver,18h-21h,0,3.0,1,0
2019-02-11 21:00:00,3.0,9.0,394.0,7.4,-0.7,2,hiver,21h-24h,0,2.0,1,0
2019-02-12 00:00:00,2.0,6.0,396.0,8.0,-2.3,2,hiver,00h-03h,0,3.0,1,0
2019-02-12 03:00:00,3.0,6.0,372.0,5.4,-1.8,2,hiver,03h-06h,0,2.0,1,0
2019-02-12 06:00:00,1.0,6.0,348.0,3.5,2.2,2,hiver,06h-09h,0,3.0,0,0
2019-02-12 09:00:00,1.0,6.0,365.0,4.8,4.9,2,hiver,09h-12h,0,1.0,0,0
2019-02-12 12:00:00,1.0,6.0,391.0,7.5,-0.9,2,hiver,12h-15h,0,1.0,1,0
2019-02-12 15:00:00,1.0,6.0,361.0,7.2,0.9,2,hiver,15h-18h,0,1.0,0,0
2019-02-12 18:00:00,0.0,6.0,354.0,3.4,0.8,2,hiver,18h-21h,0,1.0,0,0
2019-02-12 21:00:00,3.0,6.0,395.0,6.2,-2.8,2,hiver,21h-24h,0,0.0,1,0
2019-02-13 00:00:00,2.0,13.0,381.0,6.0,-0.5,2,hiver,00h-03h,0,3.0,1,0
2019-02-13 03:00:00,3.0,13.0,410.0,6.8,-0.1,2,hiver,03h-06h,0,2.0,1,0
2019-02-13 06:00:00,3.0,13.0,428.0,8.4,-4.1,2,hiver,06h-09h,0,3.0,1,0
2019-02-13 09:00:00,4.0,13.0,459.0,8.1,-2.8,2,hiver,09h-12h,0,3.0,1,0
2019-02-13 12:00:00,3.0,13.0,446.0,6.4,-2.0,2,hiver,12h-15h,0,4.0,1,0
2019-02-13 15:00:00,3.0,13.0,466.0,4.7,0.1,2,hiver,15h-18h,0,3.0,0,0
2019-02-13 18:00:00,2.0,13.0,467.0,4.5,3.1,2,hiver,18h-21h,0,3.0,0,0
2019-02-13 21:00:00,2.0,13.0,473.0,7.3,0.9,2,hiver,21h-24h,0,2.0,0,0
2019-02-14 00:00:00,3.0,10.0,479.0,5.7,0.7,2,hiver,00h-03h,0,2.0,0,0
2019-02-14 03:00:00,3.0,10.0,480.0,4.6,-1.1,2,hiver,03h-06h,0,3.0,1,0
2019-02-14 06:00:00,3.0,10.0,505.0,4.5,-1.9,2,hiver,06h-09h,0,3.0,1,0
2019-02-14 09:00:00,3.0,10.0,523.0,2.9,-2.4,2,hiver,09h-12h,0,3.0,1,0
2019-02-14 12:00:00,1.0,10.0,524.0,2.9,0.9,2,hiver,12h-15h,0,3.0,0,0
2019-02-14 15:00:00,0.0,10.0,518.0,2.6,1.2,2,hiver,15h-18h,0,1.0,0,0
2019-02-14 18:00:00,2.0,10.0,505.0,2.7,0.6,2,hiver,18h-21h,0,0.0,0,0
2019-02-14 21:00:00,1.0,10.0,489.0,2.8,-0.4,2,hiver,21h-24h,0,2.0,1,0
2019-02-15 00:00:00,3.0,4.0,471.0,3.0,0.4,2,hiver,00h-03h,0,1.0,0,0
2019-02-15 03:00:00,1.0,4.0,453.0,2.6,0.8,2,hiver,03h-06h,0,3.0,0,0
2019-02-15 06:00:00,1.0,4.0,458.0,2.0,-0.6,2,hiver,06h-09h,0,1.0,1,0
2019-02-15 09:00:00,0.0,4.0,433.0,2.9,0.3,2,hiver,09h-12h,0,1.0,0,0
2019-02-15 12:00:00,1.0,4.0,449.0,1.4,0.5,2,hiver,12h-15h,0,0.0,0,0
2019-02-15 15:00:00,0.0,4.0,444.0,1.7,-0.3,2,hiver,15h-18h,0,1.0,1,0
2019-02-15 18:00:00,1.0,4.0,415.0,2.0,-0.4,2,hiver,18h-21h,0,0.0,1,0
2019-02-15 21:00:00,0.0,4.0,395.0,1.9,0.3,2,hiver,21h-24h,0,1.0,0,0
2019-02-16 00:00:00,0.0,3.0,392.0,1.8,0.1,2,hiver,00h-03h,0,0.0,0,0
2019-02-16 03:00:00,0.0,3.0,380.0,2.6,0.6,2,hiver,03h-06h,0,0.0,0,0
2019-02-16 06:00:00,1.0,3.0,372.0,2.2,-0.2,2,hiver,06h-09h,0,0.0,1,0
2019-02-16 09:00:00,0.0,3.0,358.0,2.1,-0.1,2,hiver,09h-12h,0,1.0,1,0
2019-02-16 12:00:00,1.0,3.0,351.0,2.6,-0.7,2,hiver,12h-15h,0,0.0,1,0
2019-02-16 15:00:00,2.0,3.0,360.0,4.7,-0.5,2,hiver,15h-18h,0,1.0,1,0
2019-02-16 18:00:00,1.0,3.0,364.0,6.1,-0.4,2,hiver,18h-21h,0,2.0,1,0
2019-02-16 21:00:00,0.0,3.0,359.0,6.3,0.8,2,hiver,21h-24h,0,1.0,0,0
2019-02-17 00:00:00,1.0,4.0,353.0,5.6,0.8,2,hiver,00h-03h,0,0.0,0,0
2019-02-17 03:00:00,0.0,4.0,348.0,3.9,0.7,2,hiver,03h-06h,0,1.0,0,0
2019-02-17 06:00:00,1.0,4.0,339.0,4.1,-1.0,2,hiver,06h-09h,0,0.0,1,0
2019-02-17 09:00:00,1.0,4.0,320.0,3.6,-0.9,2,hiver,09h-12h,0,1.0,1,0
2019-02-17 12:00:00,0.0,4.0,318.0,3.6,-0.3,2,hiver,12h-15h,0,1.0,1,0
2019-02-17 15:00:00,0.0,4.0,318.0,5.0,0.6,2,hiver,15h-18h,0,0.0,0,0
2019-02-17 18:00:00,2.0,4.0,337.0,5.6,-1.4,2,hiver,18h-21h,0,0.0,1,0
2019-02-17 21:00:00,2.0,4.0,354.0,9.3,-0.7,2,hiver,21h-24h,0,2.0,1,0
2019-02-18 00:00:00,3.0,7.0,356.0,13.3,-3.8,2,hiver,00h-03h,0,2.0,1,0
2019-02-18 03:00:00,3.0,7.0,351.0,14.5,-4.0,2,hiver,03h-06h,0,3.0,1,0
2019-02-18 06:00:00,1.0,7.0,348.0,12.3,4.0,2,hiver,06h-09h,0,3.0,0,0
2019-02-18 09:00:00,1.0,7.0,354.0,11.6,-1.3,2,hiver,09h-12h,0,1.0,1,0
2019-02-18 12:00:00,1.0,7.0,371.0,7.4,-2.6,2,hiver,12h-15h,0,1.0,1,0
2019-02-18 15:00:00,1.0,7.0,360.0,6.6,-1.0,2,hiver,15h-18h,0,1.0,1,0
2019-02-18 18:00:00,1.0,7.0,362.0,7.7,-1.0,2,hiver,18h-21h,0,1.0,1,0
2019-02-18 21:00:00,1.0,7.0,358.0,6.7,0.3,2,hiver,21h-24h,0,1.0,0,0
2019-02-19 00:00:00,1.0,3.0,354.0,5.8,-1.8,2,hiver,00h-03h,0,1.0,1,0
2019-02-19 03:00:00,1.0,3.0,347.0,4.3,-0.3,2,hiver,03h-06h,0,1.0,1,0
2019-02-19 06:00:00,1.0,3.0,339.0,4.9,-2.0,2,hiver,06h-09h,0,1.0,1,0
2019-02-19 09:00:00,0.0,3.0,330.0,3.1,1.2,2,hiver,09h-12h,0,1.0,0,0
2019-02-19 12:00:00,1.0,3.0,326.0,3.6,-1.1,2,hiver,12h-15h,0,0.0,1,0
2019-02-19 15:00:00,0.0,3.0,333.0,5.2,-1.4,2,hiver,15h-18h,0,1.0,1,0
2019-02-19 18:00:00,1.0,3.0,327.0,5.2,-0.4,2,hiver,18h-21h,0,0.0,1,0
2019-02-19 21:00:00,1.0,3.0,314.0,4.7,-1.4,2,hiver,21h-24h,0,1.0,1,0
2019-02-20 00:00:00,1.0,3.0,306.0,4.8,-1.0,2,hiver,00h-03h,0,1.0,1,0
2019-02-20 03:00:00,0.0,3.0,314.0,6.8,1.8,2,hiver,03h-06h,0,1.0,0,0
2019-02-20 06:00:00,0.0,3.0,325.0,7.8,-0.4,2,hiver,06h-09h,0,0.0,1,0
2019-02-20 09:00:00,0.0,3.0,315.0,11.7,-0.1,2,hiver,09h-12h,0,0.0,1,0
2019-02-20 12:00:00,1.0,3.0,302.0,10.4,-1.0,2,hiver,12h-15h,0,0.0,1,0
2019-02-20 15:00:00,1.0,3.0,312.0,16.5,-2.5,2,hiver,15h-18h,0,1.0,1,0
2019-02-20 18:00:00,2.0,3.0,321.0,28.9,-1.7,2,hiver,18h-21h,0,1.0,1,0
2019-02-20 21:00:00,2.0,3.0,329.0,27.8,-1.9,2,hiver,21h-24h,0,2.0,1,0
2019-02-21 00:00:00,3.0,11.0,368.0,11.2,0.1,2,hiver,00h-03h,0,2.0,0,0
2019-02-21 03:00:00,1.0,11.0,402.0,4.5,2.1,2,hiver,03h-06h,0,3.0,0,0
2019-02-21 06:00:00,4.0,11.0,379.0,19.7,-2.7,2,hiver,06h-09h,0,1.0,1,0
2019-02-21 09:00:00,2.0,11.0,424.0,11.2,0.6,2,hiver,09h-12h,0,4.0,0,0
2019-02-21 12:00:00,3.0,11.0,442.0,8.3,-1.2,2,hiver,12h-15h,0,2.0,1,0
2019-02-21 15:00:00,2.0,11.0,447.0,6.2,0.8,2,hiver,15h-18h,0,3.0,0,0
2019-02-21 18:00:00,1.0,11.0,442.0,7.0,2.0,2,hiver,18h-21h,0,2.0,0,0
2019-02-21 21:00:00,3.0,11.0,459.0,5.8,-2.9,2,hiver,21h-24h,0,1.0,1,0
2019-02-22 00:00:00,2.0,4.0,466.0,4.5,2.4,2,hiver,00h-03h,0,3.0,0,0
2019-02-22 03:00:00,0.0,4.0,458.0,3.9,0.8,2,hiver,03h-06h,0,2.0,0,0
2019-02-22 06:00:00,1.0,4.0,453.0,4.6,1.0,2,hiver,06h-09h,0,0.0,0,0
2019-02-22 09:00:00,1.0,4.0,449.0,3.4,-0.0,2,hiver,09h-12h,0,1.0,0,0
2019-02-22 12:00:00,0.0,4.0,443.0,4.1,-0.2,2,hiver,12h-15h,0,1.0,1,0
2019-02-22 15:00:00,0.0,4.0,425.0,4.1,0.9,2,hiver,15h-18h,0,0.0,0,0
2019-02-22 18:00:00,1.0,4.0,425.0,3.5,0.2,2,hiver,18h-21h,0,0.0,0,0
2019-02-22 21:00:00,1.0,4.0,422.0,3.5,0.5,2,hiver,21h-24h,0,1.0,0,0
2019-02-23 00:00:00,1.0,3.0,417.0,3.9,2.3,2,hiver,00h-03h,0,1.0,0,0
2019-02-23 03:00:00,0.0,3.0,400.0,4.2,2.1,2,hiver,03h-06h,0,1.0,0,0
2019-02-23 06:00:00,0.0,3.0,377.0,4.9,0.5,2,hiver,06h-09h,0,0.0,0,0
2019-02-23 09:00:00,0.0,3.0,372.0,4.4,1.7,2,hiver,09h-12h,0,0.0,0,0
2019-02-23 12:00:00,0.0,3.0,370.0,4.9,0.7,2,hiver,12h-15h,0,0.0,0,0
2019-02-23 15:00:00,1.0,3.0,368.0,4.9,-2.4,2,hiver,15h-18h,0,0.0,1,0
2019-02-23 18:00:00,1.0,3.0,348.0,5.2,-0.5,2,hiver,18h-21h,0,1.0,1,0
2019-02-23 21:00:00,0.0,3.0,351.0,5.0,2.7,2,hiver,21h-24h,0,1.0,0,0
2019-02-24 00:00:00,0.0,2.0,334.0,5.5,0.1,2,hiver,00h-03h,0,0.0,0,0
2019-02-24 03:00:00,0.0,2.0,328.0,4.5,0.9,2,hiver,03h-06h,0,0.0,0,0
2019-02-24 06:00:00,1.0,2.0,329.0,4.9,-0.0,2,hiver,06h-09h,0,0.0,0,0
2019-02-24 09:00:00,0.0,2.0,318.0,3.7,-0.8,2,hiver,09h-12h,0,1.0,1,0
2019-02-24 12:00:00,1.0,2.0,322.0,4.3,-0.1,2,hiver,12h-15h,0,0.0,1,0
2019-02-24 15:00:00,0.0,2.0,327.0,5.6,-1.0,2,hiver,15h-18h,0,1.0,1,0
2019-02-24 18:00:00,0.0,2.0,328.0,6.0,1.4,2,hiver,18h-21h,0,0.0,0,0
2019-02-24 21:00:00,0.0,2.0,318.0,5.3,2.2,2,hiver,21h-24h,0,0.0,0,0
2019-02-25 00:00:00,1.0,2.0,308.0,4.5,1.9,2,hiver,00h-03h,0,0.0,0,0
2019-02-25 03:00:00,0.0,2.0,312.0,5.8,1.3,2,hiver,03h-06h,0,1.0,0,0
2019-02-25 06:00:00,1.0,2.0,312.0,5.5,0.3,2,hiver,06h-09h,0,0.0,0,0
2019-02-25 09:00:00,1.0,2.0,318.0,5.3,1.2,2,hiver,09h-12h,0,1.0,0,0
2019-02-25 12:00:00,0.0,2.0,319.0,5.4,2.6,2,hiver,12h-15h,0,1.0,0,0
2019-02-25 15:00:00,0.0,2.0,320.0,5.4,1.6,2,hiver,15h-18h,0,0.0,0,0
2019-02-25 18:00:00,0.0,2.0,340.0,7.4,2.7,2,hiver,18h-21h,0,0.0,0,0
2019-02-25 21:00:00,1.0,2.0,343.0,7.1,-0.8,2,hiver,21h-24h,0,0.0,1,0
2019-02-26 00:00:00,1.0,2.0,340.0,6.3,-1.6,2,hiver,00h-03h,0,1.0,1,0
2019-02-26 03:00:00,0.0,2.0,336.0,6.0,1.6,2,hiver,03h-06h,0,1.0,0,0
2019-02-26 06:00:00,0.0,2.0,333.0,7.8,2.5,2,hiver,06h-09h,0,0.0,0,0
2019-02-26 09:00:00,2.0,2.0,328.0,7.3,-1.2,2,hiver,09h-12h,0,0.0,1,0
2019-02-26 12:00:00,0.0,2.0,322.0,7.5,-0.4,2,hiver,12h-15h,0,2.0,1,0
2019-02-26 15:00:00,0.0,2.0,322.0,7.8,-1.7,2,hiver,15h-18h,0,0.0,1,0
2019-02-26 18:00:00,0.0,2.0,321.0,7.8,2.8,2,hiver,18h-21h,0,0.0,0,0
2019-02-26 21:00:00,1.0,2.0,313.0,7.3,-1.7,2,hiver,21h-24h,0,0.0,1,0
2019-02-27 00:00:00,1.0,10.0,315.0,8.0,-1.0,2,hiver,00h-03h,0,1.0,1,0
2019-02-27 03:00:00,0.0,10.0,311.0,8.3,-0.8,2,hiver,03h-06h,0,1.0,1,0
2019-02-27 06:00:00,1.0,10.0,308.0,9.4,1.7,2,hiver,06h-09h,0,0.0,0,0
2019-02-27 09:00:00,1.0,10.0,338.0,29.8,0.7,2,hiver,09h-12h,0,1.0,0,0
2019-02-27 12:00:00,3.0,10.0,342.0,35.5,-5.3,2,hiver,12h-15h,0,1.0,1,0
2019-02-27 15:00:00,3.0,10.0,407.0,15.7,-3.6,2,hiver,15h-18h,0,3.0,1,0
2019-02-27 18:00:00,3.0,10.0,463.0,10.6,-0.3,2,hiver,18h-21h,0,3.0,1,0
2019-02-27 21:00:00,4.0,10.0,482.0,10.4,-4.9,2,hiver,21h-24h,0,3.0,1,0
2019-02-28 00:00:00,5.0,26.0,461.0,7.0,-3.6,2,hiver,00h-03h,0,4.0,1,1
2019-02-28 03:00:00,3.0,26.0,508.0,5.3,2.6,2,hiver,03h-06h,0,5.0,0,0
2019-02-28 06:00:00,2.0,26.0,493.0,4.5,-0.6,2,hiver,06h-09h,0,3.0,1,0
2019-02-28 09:00:00,4.0,26.0,526.0,5.8,-3.0,2,hiver,09h-12h,0,2.0,1,0
2019-02-28 12:00:00,5.0,26.0,531.0,6.1,-2.1,2,hiver,12h-15h,0,4.0,1,1
2019-02-28 15:00:00,4.0,26.0,547.0,5.1,-1.6,2,hiver,15h-18h,0,5.0,1,0
2019-02-28 18:00:00,4.0,26.0,560.0,5.3,-5.0,2,hiver,18h-21h,0,4.0,1,0
2019-02-28 21:00:00,3.0,26.0,559.0,3.9,-0.5,2,hiver,21h-24h,0,4.0,1,0
2019-03-01 00:00:00,4.0,24.0,588.0,4.5,-3.4,3,printemps,00h-03h,0,3.0,1,0
2019-03-01 03:00:00,5.0,24.0,555.0,3.3,-0.3,3,printemps,03h-06h,0,4.0,1,1
2019-03-01 06:00:00,3.0,24.0,570.0,3.5,-0.5,3,printemps,06h-09h,0,5.0,1,0
2019-03-01 09:00:00,3.0,24.0,574.0,4.9,-0.3,3,printemps,09h-12h,0,3.0,1,0
2019-03-01 12:00:00,3.0,24.0,576.0,3.8,2.4,3,printemps,12h-15h,0,3.0,0,0
2019-03-01 15:00:00,4.0,24.0,565.0,3.7,-0.1,3,printemps,15h-18h,0,3.0,1,0
2019-03-01 18:00:00,4.0,24.0,557.0,3.1,-3.4,3,printemps,18h-21h,0,4.0,1,0
2019-03-01 21:00:00,4.0,24.0,585.0,3.2,-0.6,3,printemps,21h-24h,0,4.0,1,0
2019-03-02 00:00:00,4.0,12.0,567.0,3.4,-1.6,3,printemps,00h-03h,0,4.0,1,0
2019-03-02 03:00:00,3.0,12.0,543.0,3.3,-1.7,3,printemps,03h-06h,0,4.0,1,0
2019-03-02 06:00:00,3.0,12.0,558.0,3.5,-1.8,3,printemps,06h-09h,0,3.0,1,0
2019-03-02 09:00:00,2.0,12.0,555.0,4.3,0.9,3,printemps,09h-12h,0,3.0,0,0
2019-03-02 12:00:00,2.0,12.0,553.0,4.1,-1.7,3,printemps,12h-15h,0,2.0,1,0
2019-03-02 15:00:00,3.0,12.0,560.0,3.7,-2.0,3,printemps,15h-18h,0,2.0,1,0
2019-03-02 18:00:00,2.0,12.0,532.0,3.6,-0.9,3,printemps,18h-21h,0,3.0,1,0
2019-03-02 21:00:00,2.0,12.0,543.0,3.3,-0.5,3,printemps,21h-24h,0,2.0,1,0
2019-03-03 00:00:00,2.0,6.0,478.0,2.5,-0.9,3,printemps,00h-03h,0,2.0,1,0
2019-03-03 03:00:00,3.0,6.0,485.0,3.4,-2.5,3,printemps,03h-06h,0,2.0,1,0
2019-03-03 06:00:00,1.0,6.0,454.0,2.7,0.1,3,printemps,06h-09h,0,3.0,0,0
2019-03-03 09:00:00,1.0,6.0,458.0,3.4,0.1,3,printemps,09h-12h,0,1.0,0,0
2019-03-03 12:00:00,2.0,6.0,454.0,2.0,-0.5,3,printemps,12h-15h,0,1.0,1,0
2019-03-03 15:00:00,1.0,6.0,431.0,2.1,0.6,3,printemps,15h-18h,0,2.0,0,0
2019-03-03 18:00:00,1.0,6.0,433.0,2.8,-0.0,3,printemps,18h-21h,0,1.0,0,0
2019-03-03 21:00:00,2.0,6.0,435.0,3.3,-1.8,3,printemps,21h-24h,0,1.0,1,0
2019-03-04 00:00:00,2.0,7.0,428.0,2.8,-1.7,3,printemps,00h-03h,0,2.0,1,0
2019-03-04 03:00:00,3.0,7.0,410.0,2.7,-3.8,3,printemps,03h-06h,0,2.0,1,0
2019-03-04 06:00:00,2.0,7.0,425.0,3.4,-0.2,3,printemps,06h-09h,0,3.0,1,0
2019-03-04 09:00:00,2.0,7.0,382.0,2.4,-3.2,3,printemps,09h-12h,0,2.0,1,0
2019-03-04 12:00:00,2.0,7.0,406.0,4.6,-3.8,3,printemps,12h-15h,0,2.0,1,0
2019-03-04 15:00:00,1.0,7.0,391.0,4.2,-2.0,3,printemps,15h-18h,0,2.0,1,0
2019-03-04 18:00:00,1.0,7.0,373.0,2.6,0.8,3,printemps,18h-21h,0,1.0,0,0
2019-03-04 21:00:00,2.0,7.0,378.0,2.7,-0.4,3,printemps,21h-24h,0,1.0,1,0
2019-03-05 00:00:00,2.0,5.0,382.0,2.8,-3.1,3,printemps,00h-03h,0,2.0,1,0
2019-03-05 03:00:00,2.0,5.0,420.0,3.9,0.4,3,printemps,03h-06h,0,2.0,0,0
2019-03-05 06:00:00,1.0,5.0,403.0,4.1,-0.6,3,printemps,06h-09h,0,2.0,1,0
2019-03-05 09:00:00,1.0,5.0,390.0,3.3,1.6,3,printemps,09h-12h,0,1.0,0,0
2019-03-05 12:00:00,1.0,5.0,343.0,2.2,-1.0,3,printemps,12h-15h,0,1.0,1,0
2019-03-05 15:00:00,1.0,5.0,389.0,4.6,-0.9,3,printemps,15h-18h,0,1.0,1,0
2019-03-05 18:00:00,1.0,5.0,375.0,3.8,-1.0,3,printemps,18h-21h,0,1.0,1,0
2019-03-05 21:00:00,2.0,5.0,368.0,3.6,-1.0,3,printemps,21h-24h,0,1.0,1,0
2019-03-06 00:00:00,1.0,8.0,360.0,3.6,0.5,3,printemps,00h-03h,0,2.0,0,0
2019-03-06 03:00:00,1.0,8.0,376.0,5.0,3.2,3,printemps,03h-06h,0,1.0,0,0
2019-03-06 06:00:00,3.0,8.0,391.0,6.6,-3.0,3,printemps,06h-09h,0,1.0,1,0
2019-03-06 09:00:00,2.0,8.0,416.0,5.3,7.2,3,printemps,09h-12h,0,3.0,0,0
2019-03-06 12:00:00,2.0,8.0,493.0,5.1,-2.8,3,printemps,12h-15h,0,2.0,1,0
2019-03-06 15:00:00,1.0,8.0,441.0,3.4,-0.7,3,printemps,15h-18h,0,2.0,1,0
2019-03-06 18:00:00,2.0,8.0,430.0,2.6,-2.3,3,printemps,18h-21h,0,1.0,1,0
2019-03-06 21:00:00,2.0,8.0,400.0,4.2,0.7,3,printemps,21h-24h,0,2.0,0,0
2019-03-07 00:00:00,1.0,8.0,392.0,5.1,2.3,3,printemps,00h-03h,0,2.0,0,0
2019-03-07 03:00:00,1.0,8.0,387.0,5.9,1.9,3,printemps,03h-06h,0,1.0,0,0
2019-03-07 06:00:00,1.0,8.0,356.0,5.4,3.2,3,printemps,06h-09h,0,1.0,0,0
2019-03-07 09:00:00,1.0,8.0,373.0,6.0,3.5,3,printemps,09h-12h,0,1.0,0,0
2019-03-07 12:00:00,3.0,8.0,403.0,2.2,3.4,3,printemps,12h-15h,0,1.0,0,0
2019-03-07 15:00:00,2.0,8.0,484.0,5.0,-3.6,3,printemps,15h-18h,0,3.0,1,0
2019-03-07 18:00:00,3.0,8.0,449.0,7.5,-1.6,3,printemps,18h-21h,0,2.0,1,0
2019-03-07 21:00:00,3.0,8.0,433.0,6.0,-1.4,3,printemps,21h-24h,0,3.0,1,0
2019-03-08 00:00:00,3.0,5.0,414.0,4.1,-1.1,3,printemps,00h-03h,0,3.0,1,0
2019-03-08 03:00:00,1.0,5.0,405.0,3.2,0.5,3,printemps,03h-06h,0,3.0,0,0
2019-03-08 06:00:00,2.0,5.0,425.0,4.6,-1.0,3,printemps,06h-09h,0,1.0,1,0
2019-03-08 09:00:00,2.0,5.0,417.0,4.3,-1.0,3,printemps,09h-12h,0,2.0,1,0
2019-03-08 12:00:00,0.0,5.0,411.0,3.3,1.9,3,printemps,12h-15h,0,2.0,0,0
2019-03-08 15:00:00,0.0,5.0,399.0,2.8,0.4,3,printemps,15h-18h,0,0.0,0,0
2019-03-08 18:00:00,1.0,5.0,388.0,2.5,0.2,3,printemps,18h-21h,0,0.0,0,0
2019-03-08 21:00:00,2.0,5.0,397.0,3.5,-0.1,3,printemps,21h-24h,0,1.0,1,0
2019-03-09 00:00:00,1.0,5.0,404.0,3.6,1.6,3,printemps,00h-03h,0,2.0,0,0
2019-03-09 03:00:00,0.0,5.0,423.0,4.8,1.8,3,printemps,03h-06h,0,1.0,0,0
2019-03-09 06:00:00,1.0,5.0,416.0,5.0,1.6,3,printemps,06h-09h,0,0.0,0,0
2019-03-09 09:00:00,2.0,5.0,421.0,3.5,2.4,3,printemps,09h-12h,0,1.0,0,0
2019-03-09 12:00:00,2.0,5.0,428.0,2.4,-0.4,3,printemps,12h-15h,0,2.0,1,0
2019-03-09 15:00:00,1.0,5.0,431.0,2.7,2.4,3,printemps,15h-18h,0,2.0,0,0
2019-03-09 18:00:00,1.0,5.0,427.0,2.3,1.2,3,printemps,18h-21h,0,1.0,0,0
2019-03-09 21:00:00,2.0,5.0,423.0,1.9,0.9,3,printemps,21h-24h,0,1.0,0,0
2019-03-10 00:00:00,2.0,4.0,421.0,2.0,-1.5,3,printemps,00h-03h,0,2.0,1,0
2019-03-10 03:00:00,2.0,4.0,437.0,2.9,-1.7,3,printemps,03h-06h,0,2.0,1,0
2019-03-10 06:00:00,1.0,4.0,443.0,3.0,-1.5,3,printemps,06h-09h,0,2.0,1,0
2019-03-10 09:00:00,0.0,4.0,372.0,1.8,-0.2,3,printemps,09h-12h,0,1.0,1,0
2019-03-10 12:00:00,1.0,4.0,392.0,3.0,-0.8,3,printemps,12h-15h,0,0.0,1,0
2019-03-10 15:00:00,0.0,4.0,382.0,3.4,0.2,3,printemps,15h-18h,0,1.0,0,0
2019-03-10 18:00:00,1.0,4.0,360.0,2.3,1.7,3,printemps,18h-21h,0,0.0,0,0
2019-03-10 21:00:00,0.0,4.0,350.0,2.9,2.4,3,printemps,21h-24h,0,1.0,0,0
2019-03-11 00:00:00,0.0,3.0,358.0,4.8,3.3,3,printemps,00h-03h,0,0.0,0,0
2019-03-11 03:00:00,0.0,3.0,343.0,5.7,0.5,3,printemps,03h-06h,0,0.0,0,0
2019-03-11 06:00:00,1.0,3.0,328.0,5.2,0.1,3,printemps,06h-09h,0,0.0,0,0
2019-03-11 09:00:00,2.0,3.0,346.0,4.7,-1.4,3,printemps,09h-12h,0,1.0,1,0
2019-03-11 12:00:00,1.0,3.0,365.0,4.0,-2.0,3,printemps,12h-15h,0,2.0,1,0
2019-03-11 15:00:00,0.0,3.0,338.0,3.0,-0.5,3,printemps,15h-18h,0,1.0,1,0
2019-03-11 18:00:00,1.0,3.0,336.0,2.8,-3.0,3,printemps,18h-21h,0,0.0,1,0
2019-03-11 21:00:00,0.0,3.0,328.0,3.8,-1.6,3,printemps,21h-24h,0,1.0,1,0
2019-03-12 00:00:00,2.0,7.0,320.0,3.9,2.7,3,printemps,00h-03h,0,0.0,0,0
2019-03-12 03:00:00,1.0,7.0,341.0,6.4,-0.1,3,printemps,03h-06h,0,2.0,1,0
2019-03-12 06:00:00,3.0,7.0,371.0,9.0,-1.0,3,printemps,06h-09h,0,1.0,1,0
2019-03-12 09:00:00,2.0,7.0,369.0,5.2,-3.0,3,printemps,09h-12h,0,3.0,1,0
2019-03-12 12:00:00,2.0,7.0,355.0,4.9,0.5,3,printemps,12h-15h,0,2.0,0,0
2019-03-12 15:00:00,1.0,7.0,347.0,3.1,0.9,3,printemps,15h-18h,0,2.0,0,0
2019-03-12 18:00:00,1.0,7.0,342.0,2.9,-1.6,3,printemps,18h-21h,0,1.0,1,0
2019-03-12 21:00:00,1.0,7.0,353.0,2.7,-2.3,3,printemps,21h-24h,0,1.0,1,0
2019-03-13 00:00:00,1.0,4.0,342.0,2.2,-1.8,3,printemps,00h-03h,0,1.0,1,0
2019-03-13 03:00:00,2.0,4.0,355.0,4.4,-2.6,3,printemps,03h-06h,0,1.0,1,0
2019-03-13 06:00:00,2.0,4.0,333.0,3.3,-0.8,3,printemps,06h-09h,0,2.0,1,0
2019-03-13 09:00:00,1.0,4.0,337.0,2.6,-0.9,3,printemps,09h-12h,0,2.0,1,0
2019-03-13 12:00:00,0.0,4.0,343.0,5.3,-0.6,3,printemps,12h-15h,0,1.0,1,0
2019-03-13 15:00:00,0.0,4.0,338.0,6.0,0.2,3,printemps,15h-18h,0,0.0,0,0
2019-03-13 18:00:00,2.0,4.0,354.0,9.3,-1.0,3,printemps,18h-21h,0,0.0,1,0
2019-03-13 21:00:00,1.0,4.0,357.0,10.3,2.3,3,printemps,21h-24h,0,2.0,0,0
2019-03-14 00:00:00,0.0,7.0,351.0,7.9,1.0,3,printemps,00h-03h,0,1.0,0,0
2019-03-14 03:00:00,1.0,7.0,334.0,5.1,0.7,3,printemps,03h-06h,0,0.0,0,0
2019-03-14 06:00:00,2.0,7.0,348.0,7.1,-3.0,3,printemps,06h-09h,0,1.0,1,0
2019-03-14 09:00:00,1.0,7.0,332.0,8.5,-0.6,3,printemps,09h-12h,0,2.0,1,0
2019-03-14 12:00:00,3.0,7.0,340.0,9.0,-2.7,3,printemps,12h-15h,0,1.0,1,0
2019-03-14 15:00:00,1.0,7.0,335.0,11.0,-2.8,3,printemps,15h-18h,0,3.0,1,0
2019-03-14 18:00:00,2.0,7.0,354.0,9.3,-3.0,3,printemps,18h-21h,0,1.0,1,0
2019-03-14 21:00:00,3.0,7.0,348.0,10.7,-3.5,3,printemps,21h-24h,0,2.0,1,0
2019-03-15 00:00:00,3.0,7.0,353.0,11.8,-4.3,3,printemps,00h-03h,0,3.0,1,0
2019-03-15 03:00:00,3.0,7.0,352.0,15.1,-4.3,3,printemps,03h-06h,0,3.0,1,0
2019-03-15 06:00:00,2.0,7.0,335.0,11.8,0.7,3,printemps,06h-09h,0,3.0,0,0
2019-03-15 09:00:00,1.0,7.0,377.0,8.4,4.6,3,printemps,09h-12h,0,2.0,0,0
2019-03-15 12:00:00,0.0,7.0,378.0,5.8,1.9,3,printemps,12h-15h,0,1.0,0,0
2019-03-15 15:00:00,1.0,7.0,379.0,4.5,-1.1,3,printemps,15h-18h,0,0.0,1,0
2019-03-15 18:00:00,2.0,7.0,371.0,3.7,-2.4,3,printemps,18h-21h,0,1.0,1,0
2019-03-15 21:00:00,1.0,7.0,373.0,3.9,-0.9,3,printemps,21h-24h,0,2.0,1,0
2019-03-16 00:00:00,1.0,12.0,376.0,4.7,2.0,3,printemps,00h-03h,0,1.0,0,0
2019-03-16 03:00:00,2.0,12.0,393.0,3.3,-0.7,3,printemps,03h-06h,0,1.0,1,0
2019-03-16 06:00:00,1.0,12.0,408.0,4.2,-1.3,3,printemps,06h-09h,0,2.0,1,0
2019-03-16 09:00:00,3.0,12.0,391.0,3.7,-3.6,3,printemps,09h-12h,0,1.0,1,0
2019-03-16 12:00:00,3.0,12.0,412.0,5.1,-0.0,3,printemps,12h-15h,0,3.0,0,0
2019-03-16 15:00:00,2.0,12.0,443.0,5.4,-4.3,3,printemps,15h-18h,0,3.0,1,0
2019-03-16 18:00:00,2.0,12.0,408.0,5.0,-0.8,3,printemps,18h-21h,0,2.0,1,0
2019-03-16 21:00:00,4.0,12.0,437.0,6.5,-4.4,3,printemps,21h-24h,0,2.0,1,0
2019-03-17 00:00:00,5.0,16.0,440.0,4.4,-5.6,3,printemps,00h-03h,0,4.0,1,1
2019-03-17 03:00:00,4.0,16.0,429.0,3.0,-5.3,3,printemps,03h-06h,0,5.0,1,0
2019-03-17 06:00:00,4.0,16.0,410.0,7.9,-3.3,3,printemps,06h-09h,0,4.0,1,0
2019-03-17 09:00:00,3.0,16.0,389.0,6.6,-6.4,3,printemps,09h-12h,0,4.0,1,0
2019-03-17 12:00:00,2.0,16.0,384.0,5.3,-2.0,3,printemps,12h-15h,0,3.0,1,0
2019-03-17 15:00:00,2.0,16.0,382.0,6.0,-0.7,3,printemps,15h-18h,0,2.0,1,0
2019-03-17 18:00:00,1.0,16.0,392.0,6.4,2.6,3,printemps,18h-21h,0,2.0,0,0
2019-03-17 21:00:00,1.0,16.0,371.0,7.2,2.2,3,printemps,21h-24h,0,1.0,0,0
2019-03-18 00:00:00,1.0,3.0,374.0,6.8,2.2,3,printemps,00h-03h,0,1.0,0,0
2019-03-18 03:00:00,1.0,3.0,364.0,7.9,1.8,3,printemps,03h-06h,0,1.0,0,0
2019-03-18 06:00:00,1.0,3.0,357.0,9.0,1.3,3,printemps,06h-09h,0,1.0,0,0
2019-03-18 09:00:00,1.0,3.0,346.0,6.8,0.1,3,printemps,09h-12h,0,1.0,0,0
2019-03-18 12:00:00,1.0,3.0,338.0,6.4,0.4,3,printemps,12h-15h,0,1.0,0,0
2019-03-18 15:00:00,1.0,3.0,336.0,6.4,-0.4,3,printemps,15h-18h,0,1.0,1,0
2019-03-18 18:00:00,1.0,3.0,337.0,6.5,-0.9,3,printemps,18h-21h,0,1.0,1,0
2019-03-18 21:00:00,1.0,3.0,337.0,6.8,0.2,3,printemps,21h-24h,0,1.0,0,0
2019-03-19 00:00:00,1.0,7.0,341.0,7.0,0.0,3,printemps,00h-03h,0,1.0,0,0
2019-03-19 03:00:00,1.0,7.0,337.0,7.2,-0.9,3,printemps,03h-06h,0,1.0,1,0
2019-03-19 06:00:00,1.0,7.0,348.0,15.5,-0.4,3,printemps,06h-09h,0,1.0,1,0
2019-03-19 09:00:00,2.0,7.0,355.0,20.2,2.3,3,printemps,09h-12h,0,1.0,0,0
2019-03-19 12:00:00,2.0,7.0,366.0,12.1,2.4,3,printemps,12h-15h,0,2.0,0,0
2019-03-19 15:00:00,1.0,7.0,387.0,12.0,4.1,3,printemps,15h-18h,0,2.0,0,0
2019-03-19 18:00:00,3.0,7.0,403.0,10.2,0.8,3,printemps,18h-21h,0,1.0,0,0
2019-03-19 21:00:00,3.0,7.0,402.0,8.9,0.2,3,printemps,21h-24h,0,3.0,0,0
2019-03-20 00:00:00,1.0,5.0,402.0,7.0,2.7,3,printemps,00h-03h,0,3.0,0,0
2019-03-20 03:00:00,2.0,5.0,405.0,6.8,1.4,3,printemps,03h-06h,0,1.0,0,0
2019-03-20 06:00:00,2.0,5.0,404.0,5.7,0.9,3,printemps,06h-09h,0,2.0,0,0
2019-03-20 09:00:00,1.0,5.0,402.0,5.5,0.8,3,printemps,09h-12h,0,2.0,0,0
2019-03-20 12:00:00,2.0,5.0,399.0,5.0,-0.7,3,printemps,12h-15h,0,1.0,1,0
2019-03-20 15:00:00,1.0,5.0,403.0,5.1,-0.1,3,printemps,15h-18h,0,2.0,1,0
2019-03-20 18:00:00,1.0,5.0,393.0,5.4,-0.8,3,printemps,18h-21h,0,1.0,1,0
2019-03-20 21:00:00,1.0,5.0,383.0,5.5,-0.5,3,printemps,21h-24h,0,1.0,1,0
2019-03-21 00:00:00,0.0,2.0,373.0,5.0,0.8,3,printemps,00h-03h,0,1.0,0,0
2019-03-21 03:00:00,1.0,2.0,362.0,4.7,0.3,3,printemps,03h-06h,0,0.0,0,0
2019-03-21 06:00:00,1.0,2.0,358.0,4.5,0.7,3,printemps,06h-09h,0,1.0,0,0
2019-03-21 09:00:00,1.0,2.0,348.0,5.0,-0.1,3,printemps,09h-12h,0,1.0,1,0
2019-03-21 12:00:00,1.0,2.0,339.0,5.1,-0.4,3,printemps,12h-15h,0,1.0,1,0
2019-03-21 15:00:00,0.0,2.0,330.0,4.4,0.5,3,printemps,15h-18h,0,1.0,0,0
2019-03-21 18:00:00,0.0,2.0,331.0,4.9,2.6,3,printemps,18h-21h,0,0.0,0,0
2019-03-21 21:00:00,0.0,2.0,324.0,4.6,2.4,3,printemps,21h-24h,0,0.0,0,0
2019-03-22 00:00:00,0.0,1.0,330.0,5.9,2.6,3,printemps,00h-03h,0,0.0,0,0
2019-03-22 03:00:00,0.0,1.0,324.0,5.7,2.2,3,printemps,03h-06h,0,0.0,0,0
2019-03-22 06:00:00,1.0,1.0,321.0,5.1,-2.0,3,printemps,06h-09h,0,0.0,1,0
2019-03-22 09:00:00,0.0,1.0,314.0,5.5,-0.5,3,printemps,09h-12h,0,1.0,1,0
2019-03-22 12:00:00,0.0,1.0,321.0,5.4,1.0,3,printemps,12h-15h,0,0.0,0,0
2019-03-22 15:00:00,0.0,1.0,314.0,6.4,0.3,3,printemps,15h-18h,0,0.0,0,0
2019-03-22 18:00:00,0.0,1.0,311.0,7.4,0.6,3,printemps,18h-21h,0,0.0,0,0
2019-03-22 21:00:00,0.0,1.0,307.0,7.2,0.6,3,printemps,21h-24h,0,0.0,0,0
2019-03-23 00:00:00,0.0,1.0,318.0,6.7,0.6,3,printemps,00h-03h,0,0.0,0,0
2019-03-23 03:00:00,0.0,1.0,300.0,6.6,0.5,3,printemps,03h-06h,0,0.0,0,0
2019-03-23 06:00:00,0.0,1.0,304.0,8.7,1.4,3,printemps,06h-09h,0,0.0,0,0
2019-03-23 09:00:00,1.0,1.0,288.0,7.3,-0.7,3,printemps,09h-12h,0,0.0,1,0
2019-03-23 12:00:00,0.0,1.0,284.0,7.2,-1.2,3,printemps,12h-15h,0,1.0,1,0
2019-03-23 15:00:00,0.0,1.0,283.0,7.7,0.1,3,printemps,15h-18h,0,0.0,0,0
2019-03-23 18:00:00,0.0,1.0,272.0,7.1,2.0,3,printemps,18h-21h,0,0.0,0,0
2019-03-23 21:00:00,0.0,1.0,270.0,6.6,2.4,3,printemps,21h-24h,0,0.0,0,0
2019-03-24 00:00:00,0.0,3.0,263.0,4.7,1.8,3,printemps,00h-03h,0,0.0,0,0
2019-03-24 03:00:00,0.0,3.0,261.0,4.5,-0.3,3,printemps,03h-06h,0,0.0,1,0
2019-03-24 06:00:00,1.0,3.0,259.0,4.6,1.3,3,printemps,06h-09h,0,0.0,0,0
2019-03-24 09:00:00,1.0,3.0,263.0,7.6,1.3,3,printemps,09h-12h,0,1.0,0,0
2019-03-24 12:00:00,0.0,3.0,263.0,9.3,0.4,3,printemps,12h-15h,0,1.0,0,0
2019-03-24 15:00:00,1.0,3.0,265.0,11.1,0.4,3,printemps,15h-18h,0,0.0,0,0
2019-03-24 18:00:00,0.0,3.0,267.0,12.0,1.2,3,printemps,18h-21h,0,1.0,0,0
2019-03-24 21:00:00,2.0,3.0,273.0,14.7,1.0,3,printemps,21h-24h,0,0.0,0,0
2019-03-25 00:00:00,2.0,5.0,303.0,34.1,2.2,3,printemps,00h-03h,0,2.0,0,0
2019-03-25 03:00:00,2.0,5.0,308.0,14.2,-0.7,3,printemps,03h-06h,0,2.0,1,0
2019-03-25 06:00:00,1.0,5.0,321.0,13.4,2.8,3,printemps,06h-09h,0,2.0,0,0
2019-03-25 09:00:00,1.0,5.0,341.0,11.6,2.0,3,printemps,09h-12h,0,1.0,0,0
2019-03-25 12:00:00,1.0,5.0,326.0,9.8,0.2,3,printemps,12h-15h,0,1.0,0,0
2019-03-25 15:00:00,2.0,5.0,315.0,13.4,-0.2,3,printemps,15h-18h,0,1.0,1,0
2019-03-25 18:00:00,1.0,5.0,323.0,12.1,4.3,3,printemps,18h-21h,0,2.0,0,0
2019-03-25 21:00:00,2.0,5.0,319.0,15.0,-1.9,3,printemps,21h-24h,0,1.0,1,0
2019-03-26 00:00:00,3.0,6.0,328.0,11.7,-1.8,3,printemps,00h-03h,0,2.0,1,0
2019-03-26 03:00:00,3.0,6.0,332.0,12.9,-5.8,3,printemps,03h-06h,0,3.0,1,0
2019-03-26 06:00:00,1.0,6.0,326.0,13.7,4.8,3,printemps,06h-09h,0,3.0,0,0
2019-03-26 09:00:00,1.0,6.0,330.0,11.7,5.1,3,printemps,09h-12h,0,1.0,0,0
2019-03-26 12:00:00,1.0,6.0,345.0,9.4,1.2,3,printemps,12h-15h,0,1.0,0,0
2019-03-26 15:00:00,0.0,6.0,351.0,7.3,3.2,3,printemps,15h-18h,0,1.0,0,0
2019-03-26 18:00:00,0.0,6.0,351.0,7.2,5.1,3,printemps,18h-21h,0,0.0,0,0
2019-03-26 21:00:00,2.0,6.0,356.0,9.3,0.0,3,printemps,21h-24h,0,0.0,0,0
2019-03-27 00:00:00,2.0,8.0,362.0,19.0,-2.5,3,printemps,00h-03h,0,2.0,1,0
2019-03-27 03:00:00,2.0,8.0,352.0,18.5,-0.3,3,printemps,03h-06h,0,2.0,1,0
2019-03-27 06:00:00,3.0,8.0,345.0,11.2,1.8,3,printemps,06h-09h,0,2.0,0,0
2019-03-27 09:00:00,3.0,8.0,350.0,7.9,-2.7,3,printemps,09h-12h,0,3.0,1,0
2019-03-27 12:00:00,2.0,8.0,358.0,7.7,-3.6,3,printemps,12h-15h,0,3.0,1,0
2019-03-27 15:00:00,1.0,8.0,360.0,8.9,-2.2,3,printemps,15h-18h,0,2.0,1,0
2019-03-27 18:00:00,2.0,8.0,366.0,8.5,-2.8,3,printemps,18h-21h,0,1.0,1,0
2019-03-27 21:00:00,1.0,8.0,347.0,6.9,-2.4,3,printemps,21h-24h,0,2.0,1,0
2019-03-28 00:00:00,1.0,11.0,340.0,7.5,-0.1,3,printemps,00h-03h,0,1.0,1,0
2019-03-28 03:00:00,3.0,11.0,355.0,13.0,-0.9,3,printemps,03h-06h,0,1.0,1,0
2019-03-28 06:00:00,3.0,11.0,409.0,10.4,-3.0,3,printemps,06h-09h,0,3.0,1,0
2019-03-28 09:00:00,2.0,11.0,394.0,9.6,3.6,3,printemps,09h-12h,0,3.0,0,0
2019-03-28 12:00:00,3.0,11.0,425.0,6.8,-1.0,3,printemps,12h-15h,0,2.0,1,0
2019-03-28 15:00:00,2.0,11.0,485.0,8.0,1.9,3,printemps,15h-18h,0,3.0,0,0
2019-03-28 18:00:00,2.0,11.0,484.0,4.0,2.2,3,printemps,18h-21h,0,2.0,0,0
2019-03-28 21:00:00,3.0,11.0,515.0,4.0,-2.4,3,printemps,21h-24h,0,2.0,1,0
2019-03-29 00:00:00,2.0,7.0,512.0,3.9,-0.5,3,printemps,00h-03h,0,3.0,1,0
2019-03-29 03:00:00,2.0,7.0,510.0,3.6,0.1,3,printemps,03h-06h,0,2.0,0,0
2019-03-29 06:00:00,2.0,7.0,480.0,3.4,-0.5,3,printemps,06h-09h,0,2.0,1,0
2019-03-29 09:00:00,2.0,7.0,484.0,3.4,-0.6,3,printemps,09h-12h,0,2.0,1,0
2019-03-29 12:00:00,1.0,7.0,495.0,2.4,-0.2,3,printemps,12h-15h,0,2.0,1,0
2019-03-29 15:00:00,2.0,7.0,457.0,1.8,-1.6,3,printemps,15h-18h,0,1.0,1,0
2019-03-29 18:00:00,2.0,7.0,439.0,1.3,-1.2,3,printemps,18h-21h,0,2.0,1,0
2019-03-29 21:00:00,1.0,7.0,414.0,4.4,-1.2,3,printemps,21h-24h,0,2.0,1,0
2019-03-30 00:00:00,2.0,4.0,411.0,2.9,-1.7,3,printemps,00h-03h,0,1.0,1,0
2019-03-30 03:00:00,1.0,4.0,411.0,3.3,-1.3,3,printemps,03h-06h,0,2.0,1,0
2019-03-30 06:00:00,0.0,4.0,390.0,3.1,-0.4,3,printemps,06h-09h,0,1.0,1,0
2019-03-30 09:00:00,1.0,4.0,397.0,3.9,1.2,3,printemps,09h-12h,0,0.0,0,0
2019-03-30 12:00:00,1.0,4.0,390.0,3.8,1.3,3,printemps,12h-15h,0,1.0,0,0
2019-03-30 15:00:00,0.0,4.0,387.0,3.5,0.7,3,printemps,15h-18h,0,1.0,0,0
2019-03-30 18:00:00,0.0,4.0,372.0,3.2,-0.1,3,printemps,18h-21h,0,0.0,1,0
2019-03-30 21:00:00,0.0,4.0,372.0,3.7,-0.3,3,printemps,21h-24h,0,0.0,1,0
2019-03-31 00:00:00,3.0,5.0,379.0,8.6,-1.3,3,printemps,00h-03h,0,0.0,1,0
2019-03-31 03:00:00,4.0,5.0,387.0,9.1,-3.2,3,printemps,03h-06h,0,3.0,1,0
2019-03-31 06:00:00,3.0,5.0,392.0,9.4,-3.6,3,printemps,06h-09h,0,4.0,1,0
2019-03-31 09:00:00,2.0,5.0,394.0,9.7,4.3,3,printemps,09h-12h,0,3.0,0,0
2019-03-31 12:00:00,2.0,5.0,401.0,8.6,-4.3,3,printemps,12h-15h,0,2.0,1,0
2019-03-31 15:00:00,2.0,5.0,404.0,6.7,-1.1,3,printemps,15h-18h,0,2.0,1,0
2019-03-31 18:00:00,3.0,5.0,419.0,5.9,-2.0,3,printemps,18h-21h,0,2.0,1,0
2019-03-31 21:00:00,1.0,5.0,405.0,5.4,-0.3,3,printemps,21h-24h,0,3.0,1,0
2019-04-01 00:00:00,2.0,8.0,401.0,4.7,-1.8,4,printemps,00h-03h,0,1.0,1,0
2019-04-01 03:00:00,2.0,8.0,393.0,4.8,-1.0,4,printemps,03h-06h,0,2.0,1,0
2019-04-01 06:00:00,2.0,8.0,393.0,6.9,-2.6,4,printemps,06h-09h,0,2.0,1,0
2019-04-01 09:00:00,4.0,8.0,409.0,6.7,-3.8,4,printemps,09h-12h,0,2.0,1,0
2019-04-01 12:00:00,2.0,8.0,400.0,6.4,-1.1,4,printemps,12h-15h,0,4.0,1,0
2019-04-01 15:00:00,2.0,8.0,391.0,4.8,-1.2,4,printemps,15h-18h,0,2.0,1,0
2019-04-01 18:00:00,1.0,8.0,378.0,4.6,1.6,4,printemps,18h-21h,0,2.0,0,0
2019-04-01 21:00:00,0.0,8.0,370.0,4.4,1.3,4,printemps,21h-24h,0,1.0,0,0
2019-04-02 00:00:00,1.0,6.0,379.0,3.5,-0.9,4,printemps,00h-03h,0,0.0,1,0
2019-04-02 03:00:00,1.0,6.0,370.0,3.2,0.9,4,printemps,03h-06h,0,1.0,0,0
2019-04-02 06:00:00,1.0,6.0,366.0,1.7,-0.4,4,printemps,06h-09h,0,1.0,1,0
2019-04-02 09:00:00,1.0,6.0,365.0,1.7,0.6,4,printemps,09h-12h,0,1.0,0,0
2019-04-02 12:00:00,1.0,6.0,358.0,1.6,0.1,4,printemps,12h-15h,0,1.0,0,0
2019-04-02 15:00:00,1.0,6.0,374.0,1.6,-0.5,4,printemps,15h-18h,0,1.0,1,0
2019-04-02 18:00:00,3.0,6.0,373.0,5.0,-1.6,4,printemps,18h-21h,0,1.0,1,0
2019-04-02 21:00:00,3.0,6.0,386.0,7.1,3.9,4,printemps,21h-24h,0,3.0,0,0
2019-04-03 00:00:00,3.0,12.0,383.0,7.6,-1.6,4,printemps,00h-03h,0,3.0,1,0
2019-04-03 03:00:00,4.0,12.0,398.0,7.8,-2.8,4,printemps,03h-06h,0,3.0,1,0
2019-04-03 06:00:00,3.0,12.0,402.0,7.3,-3.3,4,printemps,06h-09h,0,4.0,1,0
2019-04-03 09:00:00,2.0,12.0,391.0,5.7,-4.4,4,printemps,09h-12h,0,3.0,1,0
2019-04-03 12:00:00,3.0,12.0,391.0,5.9,-4.3,4,printemps,12h-15h,0,2.0,1,0
2019-04-03 15:00:00,2.0,12.0,386.0,6.4,-1.7,4,printemps,15h-18h,0,3.0,1,0
2019-04-03 18:00:00,2.0,12.0,374.0,5.4,-0.6,4,printemps,18h-21h,0,2.0,1,0
2019-04-03 21:00:00,3.0,12.0,396.0,7.2,-4.9,4,printemps,21h-24h,0,2.0,1,0
2019-04-04 00:00:00,3.0,10.0,469.0,3.0,-1.6,4,printemps,00h-03h,0,3.0,1,0
2019-04-04 03:00:00,2.0,10.0,388.0,3.0,-0.6,4,printemps,03h-06h,0,3.0,1,0
2019-04-04 06:00:00,2.0,10.0,379.0,4.7,-0.6,4,printemps,06h-09h,0,2.0,1,0
2019-04-04 09:00:00,3.0,10.0,413.0,8.9,-3.2,4,printemps,09h-12h,0,2.0,1,0
2019-04-04 12:00:00,2.0,10.0,403.0,6.8,1.3,4,printemps,12h-15h,0,3.0,0,0
2019-04-04 15:00:00,3.0,10.0,498.0,7.0,-3.9,4,printemps,15h-18h,0,2.0,1,0
2019-04-04 18:00:00,2.0,10.0,475.0,5.6,0.3,4,printemps,18h-21h,0,3.0,0,0
2019-04-04 21:00:00,1.0,10.0,481.0,2.8,-1.3,4,printemps,21h-24h,0,2.0,1,0
2019-04-05 00:00:00,3.0,14.0,473.0,2.0,1.5,4,printemps,00h-03h,0,1.0,0,0
2019-04-05 03:00:00,3.0,14.0,491.0,4.3,-1.9,4,printemps,03h-06h,0,3.0,1,0
2019-04-05 06:00:00,3.0,14.0,457.0,3.7,-2.2,4,printemps,06h-09h,0,3.0,1,0
2019-04-05 09:00:00,2.0,14.0,477.0,2.8,0.3,4,printemps,09h-12h,0,3.0,0,0
2019-04-05 12:00:00,3.0,14.0,503.0,3.1,-1.4,4,printemps,12h-15h,0,2.0,1,0
2019-04-05 15:00:00,3.0,14.0,485.0,2.3,-0.5,4,printemps,15h-18h,0,3.0,1,0
2019-04-05 18:00:00,2.0,14.0,506.0,2.5,-2.3,4,printemps,18h-21h,0,3.0,1,0
2019-04-05 21:00:00,3.0,14.0,498.0,2.7,0.2,4,printemps,21h-24h,0,2.0,0,0
2019-04-06 00:00:00,2.0,7.0,521.0,3.8,1.8,4,printemps,00h-03h,0,3.0,0,0
2019-04-06 03:00:00,3.0,7.0,526.0,2.9,-0.5,4,printemps,03h-06h,0,2.0,1,0
2019-04-06 06:00:00,2.0,7.0,482.0,2.2,-0.5,4,printemps,06h-09h,0,3.0,1,0
2019-04-06 09:00:00,2.0,7.0,499.0,2.2,-2.2,4,printemps,09h-12h,0,2.0,1,0
2019-04-06 12:00:00,1.0,7.0,462.0,1.6,0.4,4,printemps,12h-15h,0,2.0,0,0
2019-04-06 15:00:00,1.0,7.0,455.0,1.6,-0.2,4,printemps,15h-18h,0,1.0,1,0
2019-04-06 18:00:00,2.0,7.0,444.0,1.4,-2.0,4,printemps,18h-21h,0,1.0,1,0
2019-04-06 21:00:00,1.0,7.0,415.0,1.2,-0.5,4,printemps,21h-24h,0,2.0,1,0
2019-04-07 00:00:00,1.0,5.0,414.0,1.8,0.4,4,printemps,00h-03h,0,1.0,0,0
2019-04-07 03:00:00,2.0,5.0,423.0,1.8,-1.5,4,printemps,03h-06h,0,1.0,1,0
2019-04-07 06:00:00,1.0,5.0,428.0,2.3,-0.6,4,printemps,06h-09h,0,2.0,1,0
2019-04-07 09:00:00,1.0,5.0,405.0,1.9,-1.2,4,printemps,09h-12h,0,1.0,1,0
2019-04-07 12:00:00,2.0,5.0,399.0,2.3,-2.3,4,printemps,12h-15h,0,1.0,1,0
2019-04-07 15:00:00,1.0,5.0,377.0,2.3,1.4,4,printemps,15h-18h,0,2.0,0,0
2019-04-07 18:00:00,1.0,5.0,382.0,4.7,-2.8,4,printemps,18h-21h,0,1.0,1,0
2019-04-07 21:00:00,2.0,5.0,382.0,5.7,-2.0,4,printemps,21h-24h,0,1.0,1,0
2019-04-08 00:00:00,3.0,13.0,382.0,6.6,-3.1,4,printemps,00h-03h,0,2.0,1,0
2019-04-08 03:00:00,4.0,13.0,386.0,10.1,-2.2,4,printemps,03h-06h,0,3.0,1,0
2019-04-08 06:00:00,3.0,13.0,382.0,8.0,3.4,4,printemps,06h-09h,0,4.0,0,0
2019-04-08 09:00:00,2.0,13.0,437.0,8.9,-0.9,4,printemps,09h-12h,0,3.0,1,0
2019-04-08 12:00:00,3.0,13.0,444.0,5.6,0.5,4,printemps,12h-15h,0,2.0,0,0
2019-04-08 15:00:00,3.0,13.0,453.0,5.4,-1.5,4,printemps,15h-18h,0,3.0,1,0
2019-04-08 18:00:00,2.0,13.0,440.0,5.2,-2.6,4,printemps,18h-21h,0,3.0,1,0
2019-04-08 21:00:00,2.0,13.0,421.0,3.2,-0.7,4,printemps,21h-24h,0,2.0,1,0
2019-04-09 00:00:00,4.0,11.0,404.0,3.6,-3.3,4,printemps,00h-03h,0,2.0,1,0
2019-04-09 03:00:00,2.0,11.0,408.0,4.2,-0.6,4,printemps,03h-06h,0,4.0,1,0
2019-04-09 06:00:00,3.0,11.0,396.0,3.8,-0.3,4,printemps,06h-09h,0,2.0,1,0
2019-04-09 09:00:00,3.0,11.0,411.0,4.0,-1.8,4,printemps,09h-12h,0,3.0,1,0
2019-04-09 12:00:00,2.0,11.0,419.0,5.8,-0.2,4,printemps,12h-15h,0,3.0,1,0
2019-04-09 15:00:00,2.0,11.0,414.0,7.9,-2.2,4,printemps,15h-18h,0,2.0,1,0
2019-04-09 18:00:00,2.0,11.0,409.0,9.7,0.7,4,printemps,18h-21h,0,2.0,0,0
2019-04-09 21:00:00,2.0,11.0,413.0,11.0,-1.6,4,printemps,21h-24h,0,2.0,1,0
2019-04-10 00:00:00,4.0,14.0,443.0,8.6,-4.2,4,printemps,00h-03h,0,2.0,1,0
2019-04-10 03:00:00,4.0,14.0,454.0,7.1,-3.0,4,printemps,03h-06h,0,4.0,1,0
2019-04-10 06:00:00,3.0,14.0,429.0,6.2,0.3,4,printemps,06h-09h,0,4.0,0,0
2019-04-10 09:00:00,1.0,14.0,447.0,5.7,1.9,4,printemps,09h-12h,0,3.0,0,0
2019-04-10 12:00:00,2.0,14.0,459.0,5.4,0.4,4,printemps,12h-15h,0,1.0,0,0
2019-04-10 15:00:00,3.0,14.0,453.0,5.4,2.1,4,printemps,15h-18h,0,2.0,0,0
2019-04-10 18:00:00,3.0,14.0,448.0,4.3,-3.3,4,printemps,18h-21h,0,3.0,1,0
2019-04-10 21:00:00,2.0,14.0,432.0,3.2,0.5,4,printemps,21h-24h,0,3.0,0,0
2019-04-11 00:00:00,2.0,7.0,438.0,3.4,-1.3,4,printemps,00h-03h,0,2.0,1,0
2019-04-11 03:00:00,3.0,7.0,427.0,2.9,-1.7,4,printemps,03h-06h,0,2.0,1,0
2019-04-11 06:00:00,2.0,7.0,422.0,2.5,-1.5,4,printemps,06h-09h,0,3.0,1,0
2019-04-11 09:00:00,2.0,7.0,438.0,4.6,0.6,4,printemps,09h-12h,0,2.0,0,0
2019-04-11 12:00:00,2.0,7.0,416.0,3.8,-0.2,4,printemps,12h-15h,0,2.0,1,0
2019-04-11 15:00:00,2.0,7.0,404.0,2.9,-1.1,4,printemps,15h-18h,0,2.0,1,0
2019-04-11 18:00:00,1.0,7.0,401.0,3.2,0.7,4,printemps,18h-21h,0,2.0,0,0
2019-04-11 21:00:00,1.0,7.0,398.0,3.1,1.6,4,printemps,21h-24h,0,1.0,0,0
2019-04-12 00:00:00,3.0,9.0,431.0,4.9,-2.6,4,printemps,00h-03h,0,1.0,1,0
2019-04-12 03:00:00,2.0,9.0,403.0,2.5,0.3,4,printemps,03h-06h,0,3.0,0,0
2019-04-12 06:00:00,2.0,9.0,416.0,2.9,-0.3,4,printemps,06h-09h,0,2.0,1,0
2019-04-12 09:00:00,1.0,9.0,416.0,3.3,-2.3,4,printemps,09h-12h,0,2.0,1,0
2019-04-12 12:00:00,2.0,9.0,441.0,3.2,-3.3,4,printemps,12h-15h,0,1.0,1,0
2019-04-12 15:00:00,1.0,9.0,445.0,3.9,-2.7,4,printemps,15h-18h,0,2.0,1,0
2019-04-12 18:00:00,2.0,9.0,423.0,4.5,1.5,4,printemps,18h-21h,0,1.0,0,0
2019-04-12 21:00:00,3.0,9.0,420.0,4.8,0.9,4,printemps,21h-24h,0,2.0,0,0
2019-04-13 00:00:00,3.0,8.0,418.0,5.2,-0.6,4,printemps,00h-03h,0,3.0,1,0
2019-04-13 03:00:00,3.0,8.0,455.0,2.9,-2.2,4,printemps,03h-06h,0,3.0,1,0
2019-04-13 06:00:00,2.0,8.0,441.0,4.3,-0.4,4,printemps,06h-09h,0,3.0,1,0
2019-04-13 09:00:00,1.0,8.0,432.0,3.1,-0.2,4,printemps,09h-12h,0,2.0,1,0
2019-04-13 12:00:00,1.0,8.0,409.0,3.6,0.6,4,printemps,12h-15h,0,1.0,0,0
2019-04-13 15:00:00,1.0,8.0,407.0,4.0,0.9,4,printemps,15h-18h,0,1.0,0,0
2019-04-13 18:00:00,2.0,8.0,395.0,5.0,-0.6,4,printemps,18h-21h,0,1.0,1,0
2019-04-13 21:00:00,1.0,8.0,392.0,4.7,-0.7,4,printemps,21h-24h,0,2.0,1,0
2019-04-14 00:00:00,0.0,4.0,384.0,4.5,0.0,4,printemps,00h-03h,0,1.0,0,0
2019-04-14 03:00:00,2.0,4.0,369.0,4.5,0.8,4,printemps,03h-06h,0,0.0,0,0
2019-04-14 06:00:00,2.0,4.0,365.0,4.8,0.6,4,printemps,06h-09h,0,2.0,0,0
2019-04-14 09:00:00,1.0,4.0,368.0,6.0,0.4,4,printemps,09h-12h,0,2.0,0,0
2019-04-14 12:00:00,0.0,4.0,366.0,6.1,0.3,4,printemps,12h-15h,0,1.0,0,0
2019-04-14 15:00:00,1.0,4.0,355.0,6.4,0.6,4,printemps,15h-18h,0,0.0,0,0
2019-04-14 18:00:00,0.0,4.0,339.0,6.7,-0.9,4,printemps,18h-21h,0,1.0,1,0
2019-04-14 21:00:00,1.0,4.0,310.0,7.0,-1.0,4,printemps,21h-24h,0,0.0,1,0
2019-04-15 00:00:00,2.0,8.0,319.0,6.5,-2.9,4,printemps,00h-03h,0,1.0,1,0
2019-04-15 03:00:00,2.0,8.0,322.0,10.3,-2.6,4,printemps,03h-06h,0,2.0,1,0
2019-04-15 06:00:00,3.0,8.0,339.0,13.6,1.7,4,printemps,06h-09h,0,2.0,0,0
2019-04-15 09:00:00,2.0,8.0,358.0,12.2,-0.8,4,printemps,09h-12h,0,3.0,1,0
2019-04-15 12:00:00,2.0,8.0,345.0,14.1,1.9,4,printemps,12h-15h,0,2.0,0,0
2019-04-15 15:00:00,1.0,8.0,341.0,11.2,1.1,4,printemps,15h-18h,0,2.0,0,0
2019-04-15 18:00:00,2.0,8.0,345.0,9.6,-2.6,4,printemps,18h-21h,0,1.0,1,0
2019-04-15 21:00:00,2.0,8.0,345.0,11.4,-3.0,4,printemps,21h-24h,0,2.0,1,0
2019-04-16 00:00:00,2.0,6.0,350.0,10.1,-0.7,4,printemps,00h-03h,0,2.0,1,0
2019-04-16 03:00:00,2.0,6.0,366.0,8.5,0.7,4,printemps,03h-06h,0,2.0,0,0
2019-04-16 06:00:00,3.0,6.0,376.0,9.1,-1.3,4,printemps,06h-09h,0,2.0,1,0
2019-04-16 09:00:00,2.0,6.0,379.0,8.5,-0.6,4,printemps,09h-12h,0,3.0,1,0
2019-04-16 12:00:00,2.0,6.0,384.0,4.2,-2.4,4,printemps,12h-15h,0,2.0,1,0
2019-04-16 15:00:00,1.0,6.0,367.0,3.8,1.7,4,printemps,15h-18h,0,2.0,0,0
2019-04-16 18:00:00,1.0,6.0,364.0,3.4,0.2,4,printemps,18h-21h,0,1.0,0,0
2019-04-16 21:00:00,1.0,6.0,363.0,3.5,0.0,4,printemps,21h-24h,0,1.0,0,0
2019-04-17 00:00:00,1.0,3.0,348.0,3.8,-0.1,4,printemps,00h-03h,0,1.0,1,0
2019-04-17 03:00:00,0.0,3.0,352.0,4.2,-0.6,4,printemps,03h-06h,0,1.0,1,0
2019-04-17 06:00:00,1.0,3.0,352.0,4.4,0.0,4,printemps,06h-09h,0,0.0,0,0
2019-04-17 09:00:00,0.0,3.0,348.0,5.3,-0.1,4,printemps,09h-12h,0,1.0,1,0
2019-04-17 12:00:00,0.0,3.0,338.0,5.2,1.3,4,printemps,12h-15h,0,0.0,0,0
2019-04-17 15:00:00,1.0,3.0,329.0,5.2,-1.7,4,printemps,15h-18h,0,0.0,1,0
2019-04-17 18:00:00,2.0,3.0,327.0,4.9,-1.4,4,printemps,18h-21h,0,1.0,1,0
2019-04-17 21:00:00,1.0,3.0,329.0,8.1,1.0,4,printemps,21h-24h,0,2.0,0,0
2019-04-18 00:00:00,0.0,2.0,330.0,8.7,3.5,4,printemps,00h-03h,0,1.0,0,0
2019-04-18 03:00:00,0.0,2.0,320.0,7.1,3.4,4,printemps,03h-06h,0,0.0,0,0
2019-04-18 06:00:00,0.0,2.0,314.0,4.9,2.7,4,printemps,06h-09h,0,0.0,0,0
2019-04-18 09:00:00,0.0,2.0,305.0,4.1,2.0,4,printemps,09h-12h,0,0.0,0,0
2019-04-18 12:00:00,1.0,2.0,300.0,5.2,1.0,4,printemps,12h-15h,0,0.0,0,0
2019-04-18 15:00:00,0.0,2.0,299.0,,1.2,4,printemps,15h-18h,0,1.0,0,0
2019-04-18 18:00:00,1.0,2.0,280.0,4.2,-0.8,4,printemps,18h-21h,0,0.0,1,0
2019-04-18 21:00:00,0.0,2.0,306.0,8.9,0.8,4,printemps,21h-24h,0,1.0,0,0
2019-04-19 00:00:00,0.0,4.0,309.0,9.6,1.1,4,printemps,00h-03h,0,0.0,0,0
2019-04-19 03:00:00,0.0,4.0,320.0,10.6,0.0,4,printemps,03h-06h,0,0.0,0,0
2019-04-19 06:00:00,1.0,4.0,311.0,10.1,-2.0,4,printemps,06h-09h,0,0.0,1,0
2019-04-19 09:00:00,2.0,4.0,321.0,6.7,4.0,4,printemps,09h-12h,0,1.0,0,0
2019-04-19 12:00:00,1.0,4.0,332.0,8.0,-2.6,4,printemps,12h-15h,0,2.0,1,0
2019-04-19 15:00:00,1.0,4.0,333.0,11.0,0.7,4,printemps,15h-18h,0,1.0,0,0
2019-04-19 18:00:00,2.0,4.0,336.0,9.4,1.7,4,printemps,18h-21h,0,1.0,0,0
2019-04-19 21:00:00,1.0,4.0,328.0,9.4,4.8,4,printemps,21h-24h,0,2.0,0,0
2019-04-20 00:00:00,1.0,4.0,335.0,9.9,-0.9,4,printemps,00h-03h,0,1.0,1,0
2019-04-20 03:00:00,1.0,4.0,327.0,11.7,1.3,4,printemps,03h-06h,0,1.0,0,0
2019-04-20 06:00:00,1.0,4.0,312.0,8.6,0.2,4,printemps,06h-09h,0,1.0,0,0
2019-04-20 09:00:00,1.0,4.0,324.0,6.5,3.7,4,printemps,09h-12h,0,1.0,0,0
2019-04-20 12:00:00,1.0,4.0,331.0,5.9,0.3,4,printemps,12h-15h,0,1.0,0,0
2019-04-20 15:00:00,1.0,4.0,341.0,7.2,-0.2,4,printemps,15h-18h,0,1.0,1,0
2019-04-20 18:00:00,1.0,4.0,335.0,5.3,0.1,4,printemps,18h-21h,0,1.0,0,0
2019-04-20 21:00:00,1.0,4.0,333.0,5.4,-0.6,4,printemps,21h-24h,0,1.0,1,0
2019-04-21 00:00:00,2.0,4.0,331.0,5.1,-0.0,4,printemps,00h-03h,0,1.0,0,0
2019-04-21 03:00:00,1.0,4.0,332.0,5.1,0.8,4,printemps,03h-06h,0,2.0,0,0
2019-04-21 06:00:00,1.0,4.0,335.0,5.1,0.6,4,printemps,06h-09h,0,1.0,0,0
2019-04-21 09:00:00,1.0,4.0,329.0,7.0,-1.9,4,printemps,09h-12h,0,1.0,1,0
2019-04-21 12:00:00,1.0,4.0,332.0,6.6,-0.4,4,printemps,12h-15h,0,1.0,1,0
2019-04-21 15:00:00,0.0,4.0,338.0,7.5,2.4,4,printemps,15h-18h,0,1.0,0,0
2019-04-21 18:00:00,0.0,4.0,337.0,7.5,1.9,4,printemps,18h-21h,0,0.0,0,0
2019-04-21 21:00:00,1.0,4.0,346.0,6.9,0.9,4,printemps,21h-24h,0,0.0,0,0
2019-04-22 00:00:00,1.0,4.0,341.0,6.2,3.2,4,printemps,00h-03h,0,1.0,0,0
2019-04-22 03:00:00,1.0,4.0,347.0,4.6,2.0,4,printemps,03h-06h,0,1.0,0,0
2019-04-22 06:00:00,1.0,4.0,350.0,5.8,-1.6,4,printemps,06h-09h,0,1.0,1,0
2019-04-22 09:00:00,1.0,4.0,353.0,5.2,1.2,4,printemps,09h-12h,0,1.0,0,0
2019-04-22 12:00:00,1.0,4.0,393.0,6.1,0.5,4,printemps,12h-15h,0,1.0,0,0
2019-04-22 15:00:00,1.0,4.0,380.0,5.7,2.1,4,printemps,15h-18h,0,1.0,0,0
2019-04-22 18:00:00,1.0,4.0,377.0,6.0,-0.2,4,printemps,18h-21h,0,1.0,1,0
2019-04-22 21:00:00,1.0,4.0,369.0,5.4,0.5,4,printemps,21h-24h,0,1.0,0,0
2019-04-23 00:00:00,1.0,8.0,361.0,5.5,1.0,4,printemps,00h-03h,0,1.0,0,0
2019-04-23 03:00:00,1.0,8.0,351.0,4.7,2.0,4,printemps,03h-06h,0,1.0,0,0
2019-04-23 06:00:00,0.0,8.0,378.0,6.0,1.1,4,printemps,06h-09h,0,1.0,0,0
2019-04-23 09:00:00,1.0,8.0,361.0,7.0,0.2,4,printemps,09h-12h,0,0.0,0,0
2019-04-23 12:00:00,1.0,8.0,341.0,4.7,-1.3,4,printemps,12h-15h,0,1.0,1,0
2019-04-23 15:00:00,2.0,8.0,356.0,6.5,-0.4,4,printemps,15h-18h,0,1.0,1,0
2019-04-23 18:00:00,3.0,8.0,377.0,16.6,0.3,4,printemps,18h-21h,0,2.0,0,0
2019-04-23 21:00:00,3.0,8.0,371.0,8.1,2.4,4,printemps,21h-24h,0,3.0,0,0
2019-04-24 00:00:00,3.0,7.0,403.0,7.4,-3.1,4,printemps,00h-03h,0,3.0,1,0
2019-04-24 03:00:00,1.0,7.0,425.0,5.5,-3.3,4,printemps,03h-06h,0,3.0,1,0
2019-04-24 06:00:00,0.0,7.0,409.0,4.6,-1.2,4,printemps,06h-09h,0,1.0,1,0
2019-04-24 09:00:00,2.0,7.0,406.0,5.7,-0.8,4,printemps,09h-12h,0,0.0,1,0
2019-04-24 12:00:00,2.0,7.0,404.0,6.0,-2.4,4,printemps,12h-15h,0,2.0,1,0
2019-04-24 15:00:00,2.0,7.0,374.0,5.8,-3.9,4,printemps,15h-18h,0,2.0,1,0
2019-04-24 18:00:00,1.0,7.0,366.0,5.3,-1.6,4,printemps,18h-21h,0,2.0,1,0
2019-04-24 21:00:00,2.0,7.0,361.0,8.2,-2.8,4,printemps,21h-24h,0,1.0,1,0
2019-04-25 00:00:00,1.0,5.0,357.0,13.6,-0.5,4,printemps,00h-03h,0,2.0,1,0
2019-04-25 03:00:00,2.0,5.0,361.0,9.7,1.2,4,printemps,03h-06h,0,1.0,0,0
2019-04-25 06:00:00,2.0,5.0,410.0,6.3,-0.4,4,printemps,06h-09h,0,2.0,1,0
2019-04-25 09:00:00,2.0,5.0,410.0,7.6,-1.4,4,printemps,09h-12h,0,2.0,1,0
2019-04-25 12:00:00,2.0,5.0,416.0,7.1,-1.1,4,printemps,12h-15h,0,2.0,1,0
2019-04-25 15:00:00,0.0,5.0,400.0,4.5,1.6,4,printemps,15h-18h,0,2.0,0,0
2019-04-25 18:00:00,1.0,5.0,418.0,5.6,-0.2,4,printemps,18h-21h,0,0.0,1,0
2019-04-25 21:00:00,0.0,5.0,401.0,6.3,-2.5,4,printemps,21h-24h,0,1.0,1,0
2019-04-26 00:00:00,1.0,4.0,384.0,3.1,0.3,4,printemps,00h-03h,0,0.0,0,0
2019-04-26 03:00:00,0.0,4.0,381.0,2.7,0.8,4,printemps,03h-06h,0,1.0,0,0
2019-04-26 06:00:00,1.0,4.0,395.0,2.9,0.2,4,printemps,06h-09h,0,0.0,0,0
2019-04-26 09:00:00,1.0,4.0,389.0,2.2,-1.2,4,printemps,09h-12h,0,1.0,1,0
2019-04-26 12:00:00,1.0,4.0,386.0,3.5,-1.3,4,printemps,12h-15h,0,1.0,1,0
2019-04-26 15:00:00,1.0,4.0,362.0,5.1,-1.8,4,printemps,15h-18h,0,1.0,1,0
2019-04-26 18:00:00,1.0,4.0,365.0,7.2,-0.8,4,printemps,18h-21h,0,1.0,1,0
2019-04-26 21:00:00,2.0,4.0,355.0,7.4,-3.6,4,printemps,21h-24h,0,1.0,1,0
2019-04-27 00:00:00,1.0,6.0,351.0,10.0,-2.1,4,printemps,00h-03h,0,2.0,1,0
2019-04-27 03:00:00,0.0,6.0,346.0,3.1,1.0,4,printemps,03h-06h,0,1.0,0,0
2019-04-27 06:00:00,2.0,6.0,347.0,3.7,-0.9,4,printemps,06h-09h,0,0.0,1,0
2019-04-27 09:00:00,2.0,6.0,374.0,7.0,-3.5,4,printemps,09h-12h,0,2.0,1,0
2019-04-27 12:00:00,2.0,6.0,368.0,6.7,-0.3,4,printemps,12h-15h,0,2.0,1,0
2019-04-27 15:00:00,1.0,6.0,370.0,6.7,-0.5,4,printemps,15h-18h,0,2.0,1,0
2019-04-27 18:00:00,2.0,6.0,361.0,7.6,-1.9,4,printemps,18h-21h,0,1.0,1,0
2019-04-27 21:00:00,2.0,6.0,365.0,5.1,-2.6,4,printemps,21h-24h,0,2.0,1,0
2019-04-28 00:00:00,1.0,5.0,366.0,7.8,-0.6,4,printemps,00h-03h,0,2.0,1,0
2019-04-28 03:00:00,1.0,5.0,364.0,6.4,-1.9,4,printemps,03h-06h,0,1.0,1,0
2019-04-28 06:00:00,2.0,5.0,348.0,8.7,-1.0,4,printemps,06h-09h,0,1.0,1,0
2019-04-28 09:00:00,1.0,5.0,357.0,9.1,-0.8,4,printemps,09h-12h,0,2.0,1,0
2019-04-28 12:00:00,1.0,5.0,358.0,9.2,0.4,4,printemps,12h-15h,0,1.0,0,0
2019-04-28 15:00:00,1.0,5.0,357.0,11.2,-1.3,4,printemps,15h-18h,0,1.0,1,0
2019-04-28 18:00:00,2.0,5.0,371.0,11.1,-2.7,4,printemps,18h-21h,0,1.0,1,0
2019-04-28 21:00:00,2.0,5.0,371.0,5.6,-2.0,4,printemps,21h-24h,0,2.0,1,0
2019-04-29 00:00:00,2.0,5.0,377.0,6.7,-0.4,4,printemps,00h-03h,0,2.0,1,0
2019-04-29 03:00:00,2.0,5.0,374.0,7.0,-1.1,4,printemps,03h-06h,0,2.0,1,0
2019-04-29 06:00:00,0.0,5.0,364.0,5.3,-0.3,4,printemps,06h-09h,0,2.0,1,0
2019-04-29 09:00:00,1.0,5.0,374.0,5.7,-1.3,4,printemps,09h-12h,0,0.0,1,0
2019-04-29 12:00:00,1.0,5.0,371.0,5.1,-1.6,4,printemps,12h-15h,0,1.0,1,0
2019-04-29 15:00:00,2.0,5.0,365.0,6.0,-2.5,4,printemps,15h-18h,0,1.0,1,0
2019-04-29 18:00:00,1.0,5.0,345.0,4.1,-0.1,4,printemps,18h-21h,0,2.0,1,0
2019-04-29 21:00:00,1.0,5.0,340.0,3.9,-1.5,4,printemps,21h-24h,0,1.0,1,0
2019-04-30 00:00:00,2.0,5.0,323.0,2.7,-3.1,4,printemps,00h-03h,0,1.0,1,0
2019-04-30 03:00:00,1.0,5.0,324.0,4.1,-3.1,4,printemps,03h-06h,0,2.0,1,0
2019-04-30 06:00:00,0.0,5.0,314.0,5.0,-1.4,4,printemps,06h-09h,0,1.0,1,0
2019-04-30 09:00:00,1.0,5.0,305.0,4.9,-0.9,4,printemps,09h-12h,0,0.0,1,0
2019-04-30 12:00:00,2.0,5.0,318.0,7.9,-2.2,4,printemps,12h-15h,0,1.0,1,0
2019-04-30 15:00:00,1.0,5.0,317.0,8.8,-1.6,4,printemps,15h-18h,0,2.0,1,0
2019-04-30 18:00:00,2.0,5.0,321.0,6.7,-2.0,4,printemps,18h-21h,0,1.0,1,0
2019-04-30 21:00:00,1.0,5.0,318.0,8.1,2.4,4,printemps,21h-24h,0,2.0,0,0
2019-05-01 00:00:00,1.0,11.0,311.0,9.4,2.1,5,printemps,00h-03h,0,1.0,0,0
2019-05-01 03:00:00,2.0,11.0,314.0,7.2,-3.5,5,printemps,03h-06h,0,1.0,1,0
2019-05-01 06:00:00,2.0,11.0,323.0,5.3,-1.7,5,printemps,06h-09h,0,2.0,1,0
2019-05-01 09:00:00,2.0,11.0,331.0,8.5,-2.9,5,printemps,09h-12h,0,2.0,1,0
2019-05-01 12:00:00,2.0,11.0,354.0,13.4,1.7,5,printemps,12h-15h,0,2.0,0,0
2019-05-01 15:00:00,2.0,11.0,373.0,8.6,-1.7,5,printemps,15h-18h,0,2.0,1,0
2019-05-01 18:00:00,3.0,11.0,414.0,11.9,-2.6,5,printemps,18h-21h,0,2.0,1,0
2019-05-01 21:00:00,4.0,11.0,472.0,6.2,-0.4,5,printemps,21h-24h,0,3.0,1,0
2019-05-02 00:00:00,4.0,12.0,495.0,6.6,-1.3,5,printemps,00h-03h,0,4.0,1,0
2019-05-02 03:00:00,4.0,12.0,512.0,4.1,-2.6,5,printemps,03h-06h,0,4.0,1,0
2019-05-02 06:00:00,3.0,12.0,550.0,1.6,0.3,5,printemps,06h-09h,0,4.0,0,0
2019-05-02 09:00:00,2.0,12.0,569.0,2.2,-1.4,5,printemps,09h-12h,0,3.0,1,0
2019-05-02 12:00:00,2.0,12.0,539.0,2.2,-0.5,5,printemps,12h-15h,0,2.0,1,0
2019-05-02 15:00:00,2.0,12.0,514.0,1.5,0.8,5,printemps,15h-18h,0,2.0,0,0
2019-05-02 18:00:00,2.0,12.0,498.0,1.5,-0.8,5,printemps,18h-21h,0,2.0,1,0
2019-05-02 21:00:00,2.0,12.0,501.0,2.9,-0.2,5,printemps,21h-24h,0,2.0,1,0
2019-05-03 00:00:00,2.0,7.0,466.0,3.3,-1.8,5,printemps,00h-03h,0,2.0,1,0
2019-05-03 03:00:00,2.0,7.0,441.0,2.5,-2.9,5,printemps,03h-06h,0,2.0,1,0
2019-05-03 06:00:00,2.0,7.0,446.0,2.5,-1.3,5,printemps,06h-09h,0,2.0,1,0
2019-05-03 09:00:00,1.0,7.0,435.0,2.4,-1.6,5,printemps,09h-12h,0,2.0,1,0
2019-05-03 12:00:00,2.0,7.0,403.0,5.5,-0.8,5,printemps,12h-15h,0,1.0,1,0
2019-05-03 15:00:00,1.0,7.0,383.0,8.7,0.1,5,printemps,15h-18h,0,2.0,0,0
2019-05-03 18:00:00,2.0,7.0,383.0,13.8,0.7,5,printemps,18h-21h,0,1.0,0,0
2019-05-03 21:00:00,3.0,7.0,406.0,4.4,-3.6,5,printemps,21h-24h,0,2.0,1,0
2019-05-04 00:00:00,1.0,10.0,392.0,3.8,3.2,5,printemps,00h-03h,0,3.0,0,0
2019-05-04 03:00:00,2.0,10.0,408.0,6.5,-1.1,5,printemps,03h-06h,0,1.0,1,0
2019-05-04 06:00:00,3.0,10.0,424.0,5.9,-2.7,5,printemps,06h-09h,0,2.0,1,0
2019-05-04 09:00:00,3.0,10.0,455.0,4.1,-2.4,5,printemps,09h-12h,0,3.0,1,0
2019-05-04 12:00:00,3.0,10.0,483.0,4.2,0.9,5,printemps,12h-15h,0,3.0,0,0
2019-05-04 15:00:00,2.0,10.0,484.0,4.7,0.4,5,printemps,15h-18h,0,3.0,0,0
2019-05-04 18:00:00,2.0,10.0,502.0,2.7,-2.2,5,printemps,18h-21h,0,2.0,1,0
2019-05-04 21:00:00,2.0,10.0,498.0,0.9,-0.8,5,printemps,21h-24h,0,2.0,1,0
2019-05-05 00:00:00,2.0,4.0,479.0,1.1,-1.4,5,printemps,00h-03h,0,2.0,1,0
2019-05-05 03:00:00,1.0,4.0,456.0,1.4,-0.5,5,printemps,03h-06h,0,2.0,1,0
2019-05-05 06:00:00,0.0,4.0,447.0,1.8,0.7,5,printemps,06h-09h,0,1.0,0,0
2019-05-05 09:00:00,0.0,4.0,422.0,1.6,1.0,5,printemps,09h-12h,0,0.0,0,0
2019-05-05 12:00:00,1.0,4.0,424.0,2.9,0.7,5,printemps,12h-15h,0,0.0,0,0
2019-05-05 15:00:00,1.0,4.0,429.0,3.1,0.8,5,printemps,15h-18h,0,1.0,0,0
2019-05-05 18:00:00,0.0,4.0,405.0,2.4,1.8,5,printemps,18h-21h,0,1.0,0,0
2019-05-05 21:00:00,1.0,4.0,386.0,2.9,-1.5,5,printemps,21h-24h,0,0.0,1,0
2019-05-06 00:00:00,1.0,5.0,351.0,2.3,-0.3,5,printemps,00h-03h,0,1.0,1,0
2019-05-06 03:00:00,1.0,5.0,377.0,3.1,-0.4,5,printemps,03h-06h,0,1.0,1,0
2019-05-06 06:00:00,0.0,5.0,368.0,3.8,1.6,5,printemps,06h-09h,0,1.0,0,0
2019-05-06 09:00:00,2.0,5.0,364.0,4.6,-1.7,5,printemps,09h-12h,0,0.0,1,0
2019-05-06 12:00:00,2.0,5.0,384.0,5.3,-1.4,5,printemps,12h-15h,0,2.0,1,0
2019-05-06 15:00:00,1.0,5.0,375.0,6.9,-1.3,5,printemps,15h-18h,0,2.0,1,0
2019-05-06 18:00:00,2.0,5.0,361.0,5.9,-0.8,5,printemps,18h-21h,0,1.0,1,0
2019-05-06 21:00:00,2.0,5.0,354.0,5.7,-3.3,5,printemps,21h-24h,0,2.0,1,0
2019-05-07 00:00:00,2.0,5.0,361.0,5.1,-1.7,5,printemps,00h-03h,0,2.0,1,0
2019-05-07 03:00:00,2.0,5.0,365.0,6.5,-1.5,5,printemps,03h-06h,0,2.0,1,0
2019-05-07 06:00:00,1.0,5.0,355.0,5.3,2.0,5,printemps,06h-09h,0,2.0,0,0
2019-05-07 09:00:00,1.0,5.0,346.0,4.4,0.9,5,printemps,09h-12h,0,1.0,0,0
2019-05-07 12:00:00,1.0,5.0,355.0,5.0,-0.9,5,printemps,12h-15h,0,1.0,1,0
2019-05-07 15:00:00,1.0,5.0,329.0,4.8,-1.6,5,printemps,15h-18h,0,1.0,1,0
2019-05-07 18:00:00,2.0,5.0,357.0,9.3,-1.1,5,printemps,18h-21h,0,1.0,1,0
2019-05-07 21:00:00,1.0,5.0,349.0,11.6,0.5,5,printemps,21h-24h,0,2.0,0,0
2019-05-08 00:00:00,0.0,3.0,341.0,10.0,-0.6,5,printemps,00h-03h,0,1.0,1,0
2019-05-08 03:00:00,1.0,3.0,337.0,10.2,0.3,5,printemps,03h-06h,0,0.0,0,0
2019-05-08 06:00:00,0.0,3.0,332.0,10.0,0.9,5,printemps,06h-09h,0,1.0,0,0
2019-05-08 09:00:00,0.0,3.0,330.0,9.3,1.8,5,printemps,09h-12h,0,0.0,0,0
2019-05-08 12:00:00,1.0,3.0,326.0,9.8,1.2,5,printemps,12h-15h,0,0.0,0,0
2019-05-08 15:00:00,0.0,3.0,323.0,9.3,1.2,5,printemps,15h-18h,0,1.0,0,0
2019-05-08 18:00:00,0.0,3.0,323.0,11.5,1.4,5,printemps,18h-21h,0,0.0,0,0
2019-05-08 21:00:00,1.0,3.0,315.0,11.9,1.2,5,printemps,21h-24h,0,0.0,0,0
2019-05-09 00:00:00,1.0,7.0,309.0,13.7,-0.7,5,printemps,00h-03h,0,1.0,1,0
2019-05-09 03:00:00,2.0,7.0,313.0,13.4,-0.2,5,printemps,03h-06h,0,1.0,1,0
2019-05-09 06:00:00,3.0,7.0,323.0,14.6,-1.7,5,printemps,06h-09h,0,2.0,1,0
2019-05-09 09:00:00,2.0,7.0,347.0,15.1,-3.1,5,printemps,09h-12h,0,3.0,1,0
2019-05-09 12:00:00,1.0,7.0,359.0,9.9,1.9,5,printemps,12h-15h,0,2.0,0,0
2019-05-09 15:00:00,1.0,7.0,371.0,8.3,-0.6,5,printemps,15h-18h,0,1.0,1,0
2019-05-09 18:00:00,2.0,7.0,373.0,7.6,-0.7,5,printemps,18h-21h,0,1.0,1,0
2019-05-09 21:00:00,2.0,7.0,375.0,6.1,-2.5,5,printemps,21h-24h,0,2.0,1,0
2019-05-10 00:00:00,2.0,7.0,375.0,3.8,-3.1,5,printemps,00h-03h,0,2.0,1,0
2019-05-10 03:00:00,2.0,7.0,359.0,2.5,-1.4,5,printemps,03h-06h,0,2.0,1,0
2019-05-10 06:00:00,1.0,7.0,361.0,3.7,-1.8,5,printemps,06h-09h,0,2.0,1,0
2019-05-10 09:00:00,1.0,7.0,350.0,4.5,-0.6,5,printemps,09h-12h,0,1.0,1,0
2019-05-10 12:00:00,1.0,7.0,350.0,5.7,-0.6,5,printemps,12h-15h,0,1.0,1,0
2019-05-10 15:00:00,2.0,7.0,340.0,7.4,-1.6,5,printemps,15h-18h,0,1.0,1,0
2019-05-10 18:00:00,3.0,7.0,373.0,15.7,-1.8,5,printemps,18h-21h,0,2.0,1,0
2019-05-10 21:00:00,3.0,7.0,344.0,13.5,-1.6,5,printemps,21h-24h,0,3.0,1,0
2019-05-11 00:00:00,5.0,25.0,356.0,17.3,-6.4,5,printemps,00h-03h,0,3.0,1,1
2019-05-11 03:00:00,4.0,25.0,359.0,12.4,-3.9,5,printemps,03h-06h,0,5.0,1,0
2019-05-11 06:00:00,4.0,25.0,354.0,20.1,-0.2,5,printemps,06h-09h,0,4.0,1,0
2019-05-11 09:00:00,4.0,25.0,352.0,2.1,-9.9,5,printemps,09h-12h,0,4.0,1,0
2019-05-11 12:00:00,4.0,25.0,355.0,11.4,-8.5,5,printemps,12h-15h,0,4.0,1,0
2019-05-11 15:00:00,2.0,25.0,348.0,2.2,-7.3,5,printemps,15h-18h,0,4.0,1,0
2019-05-11 18:00:00,3.0,25.0,353.0,3.2,-5.5,5,printemps,18h-21h,0,2.0,1,0
2019-05-11 21:00:00,4.0,25.0,349.0,2.0,-5.9,5,printemps,21h-24h,0,3.0,1,0
2019-05-12 00:00:00,2.0,4.0,347.0,2.6,-5.1,5,printemps,00h-03h,0,4.0,1,0
2019-05-12 03:00:00,1.0,4.0,342.0,2.3,-0.1,5,printemps,03h-06h,0,2.0,1,0
2019-05-12 06:00:00,1.0,4.0,354.0,2.6,0.4,5,printemps,06h-09h,0,1.0,0,0
2019-05-12 09:00:00,0.0,4.0,352.0,2.8,0.2,5,printemps,09h-12h,0,1.0,0,0
2019-05-12 12:00:00,0.0,4.0,340.0,2.4,1.9,5,printemps,12h-15h,0,0.0,0,0
2019-05-12 15:00:00,0.0,4.0,350.0,3.1,1.0,5,printemps,15h-18h,0,0.0,0,0
2019-05-12 18:00:00,1.0,4.0,346.0,3.4,-0.4,5,printemps,18h-21h,0,0.0,1,0
2019-05-12 21:00:00,2.0,4.0,325.0,3.8,0.3,5,printemps,21h-24h,0,1.0,0,0
2019-05-13 00:00:00,1.0,6.0,321.0,3.9,-1.8,5,printemps,00h-03h,0,2.0,1,0
2019-05-13 03:00:00,1.0,6.0,318.0,4.6,-1.1,5,printemps,03h-06h,0,1.0,1,0
2019-05-13 06:00:00,1.0,6.0,318.0,6.7,-0.9,5,printemps,06h-09h,0,1.0,1,0
2019-05-13 09:00:00,2.0,6.0,334.0,7.3,-2.4,5,printemps,09h-12h,0,1.0,1,0
2019-05-13 12:00:00,1.0,6.0,339.0,7.3,0.4,5,printemps,12h-15h,0,2.0,0,0
2019-05-13 15:00:00,2.0,6.0,352.0,8.1,-5.0,5,printemps,15h-18h,0,1.0,1,0
2019-05-13 18:00:00,1.0,6.0,365.0,8.3,1.3,5,printemps,18h-21h,0,2.0,0,0
2019-05-13 21:00:00,2.0,6.0,382.0,7.9,-2.1,5,printemps,21h-24h,0,1.0,1,0
2019-05-14 00:00:00,3.0,36.0,444.0,10.1,-0.9,5,printemps,00h-03h,0,2.0,1,0
2019-05-14 03:00:00,6.0,36.0,490.0,4.3,-0.5,5,printemps,03h-06h,0,3.0,1,1
2019-05-14 06:00:00,7.0,36.0,527.0,6.3,-11.8,5,printemps,06h-09h,0,6.0,1,1
2019-05-14 09:00:00,4.0,36.0,548.0,4.0,0.0,5,printemps,09h-12h,0,7.0,0,0
2019-05-14 12:00:00,2.0,36.0,540.0,3.1,-1.6,5,printemps,12h-15h,0,4.0,1,0
2019-05-14 15:00:00,3.0,36.0,510.0,3.2,-2.2,5,printemps,15h-18h,0,2.0,1,0
2019-05-14 18:00:00,4.0,36.0,514.0,2.4,-1.9,5,printemps,18h-21h,0,3.0,1,0
2019-05-14 21:00:00,2.0,36.0,492.0,2.0,1.8,5,printemps,21h-24h,0,4.0,0,0
2019-05-15 00:00:00,1.0,6.0,476.0,1.2,3.8,5,printemps,00h-03h,0,2.0,0,0
2019-05-15 03:00:00,2.0,6.0,469.0,3.1,4.1,5,printemps,03h-06h,0,1.0,0,0
2019-05-15 06:00:00,2.0,6.0,442.0,10.9,7.0,5,printemps,06h-09h,0,2.0,0,0
2019-05-15 09:00:00,1.0,6.0,433.0,8.1,7.3,5,printemps,09h-12h,0,2.0,0,0
2019-05-15 12:00:00,2.0,6.0,425.0,7.9,6.2,5,printemps,12h-15h,0,1.0,0,0
2019-05-15 15:00:00,2.0,6.0,413.0,10.9,6.4,5,printemps,15h-18h,0,2.0,0,0
2019-05-15 18:00:00,2.0,6.0,436.0,9.7,4.6,5,printemps,18h-21h,0,2.0,0,0
2019-05-15 21:00:00,1.0,6.0,442.0,5.6,6.7,5,printemps,21h-24h,0,2.0,0,0
2019-05-16 00:00:00,2.0,8.0,419.0,6.1,3.7,5,printemps,00h-03h,0,1.0,0,0
2019-05-16 03:00:00,2.0,8.0,447.0,4.6,-0.1,5,printemps,03h-06h,0,2.0,1,0
2019-05-16 06:00:00,2.0,8.0,442.0,3.7,-0.2,5,printemps,06h-09h,0,2.0,1,0
2019-05-16 09:00:00,1.0,8.0,438.0,3.9,-1.8,5,printemps,09h-12h,0,2.0,1,0
2019-05-16 12:00:00,2.0,8.0,428.0,3.6,0.4,5,printemps,12h-15h,0,1.0,0,0
2019-05-16 15:00:00,1.0,8.0,452.0,3.3,2.5,5,printemps,15h-18h,0,2.0,0,0
2019-05-16 18:00:00,3.0,8.0,469.0,5.5,-2.8,5,printemps,18h-21h,0,1.0,1,0
2019-05-16 21:00:00,3.0,8.0,455.0,5.5,0.4,5,printemps,21h-24h,0,3.0,0,0
2019-05-17 00:00:00,3.0,5.0,477.0,5.2,5.3,5,printemps,00h-03h,0,3.0,0,0
2019-05-17 03:00:00,2.0,5.0,473.0,6.7,4.4,5,printemps,03h-06h,0,3.0,0,0
2019-05-17 06:00:00,1.0,5.0,467.0,7.8,3.5,5,printemps,06h-09h,0,2.0,0,0
2019-05-17 09:00:00,1.0,5.0,480.0,3.6,1.1,5,printemps,09h-12h,0,1.0,0,0
2019-05-17 12:00:00,2.0,5.0,457.0,3.2,-0.9,5,printemps,12h-15h,0,1.0,1,0
2019-05-17 15:00:00,1.0,5.0,445.0,4.8,0.0,5,printemps,15h-18h,0,2.0,0,0
2019-05-17 18:00:00,0.0,5.0,427.0,3.8,2.1,5,printemps,18h-21h,0,1.0,0,0
2019-05-17 21:00:00,1.0,5.0,417.0,3.5,2.0,5,printemps,21h-24h,0,0.0,0,0
2019-05-18 00:00:00,1.0,5.0,421.0,4.3,2.7,5,printemps,00h-03h,0,1.0,0,0
2019-05-18 03:00:00,1.0,5.0,409.0,3.2,0.7,5,printemps,03h-06h,0,1.0,0,0
2019-05-18 06:00:00,2.0,5.0,409.0,4.7,-0.9,5,printemps,06h-09h,0,1.0,1,0
2019-05-18 09:00:00,2.0,5.0,410.0,2.5,-0.6,5,printemps,09h-12h,0,2.0,1,0
2019-05-18 12:00:00,1.0,5.0,402.0,3.0,2.4,5,printemps,12h-15h,0,2.0,0,0
2019-05-18 15:00:00,0.0,5.0,415.0,2.4,0.4,5,printemps,15h-18h,0,1.0,0,0
2019-05-18 18:00:00,1.0,5.0,410.0,2.9,2.8,5,printemps,18h-21h,0,0.0,0,0
2019-05-18 21:00:00,0.0,5.0,413.0,2.9,1.8,5,printemps,21h-24h,0,1.0,0,0
2019-05-19 00:00:00,0.0,3.0,399.0,3.1,2.2,5,printemps,00h-03h,0,0.0,0,0
2019-05-19 03:00:00,0.0,3.0,389.0,3.2,1.8,5,printemps,03h-06h,0,0.0,0,0
2019-05-19 06:00:00,1.0,3.0,387.0,3.4,-1.0,5,printemps,06h-09h,0,0.0,1,0
2019-05-19 09:00:00,1.0,3.0,385.0,2.3,0.3,5,printemps,09h-12h,0,1.0,0,0
2019-05-19 12:00:00,1.0,3.0,360.0,2.5,1.6,5,printemps,12h-15h,0,1.0,0,0
2019-05-19 15:00:00,1.0,3.0,360.0,3.1,-1.2,5,printemps,15h-18h,0,1.0,1,0
2019-05-19 18:00:00,0.0,3.0,366.0,5.6,0.6,5,printemps,18h-21h,0,1.0,0,0
2019-05-19 21:00:00,2.0,3.0,379.0,11.5,-0.2,5,printemps,21h-24h,0,0.0,1,0
2019-05-20 00:00:00,3.0,6.0,394.0,14.5,-4.8,5,printemps,00h-03h,0,2.0,1,0
2019-05-20 03:00:00,2.0,6.0,390.0,13.6,1.8,5,printemps,03h-06h,0,3.0,0,0
2019-05-20 06:00:00,1.0,6.0,394.0,6.3,-1.0,5,printemps,06h-09h,0,2.0,1,0
2019-05-20 09:00:00,1.0,6.0,383.0,5.8,2.6,5,printemps,09h-12h,0,1.0,0,0
2019-05-20 12:00:00,1.0,6.0,376.0,6.9,0.8,5,printemps,12h-15h,0,1.0,0,0
2019-05-20 15:00:00,1.0,6.0,372.0,6.4,-0.1,5,printemps,15h-18h,0,1.0,1,0
2019-05-20 18:00:00,1.0,6.0,394.0,4.8,1.6,5,printemps,18h-21h,0,1.0,0,0
2019-05-20 21:00:00,1.0,6.0,373.0,3.0,1.4,5,printemps,21h-24h,0,1.0,0,0
2019-05-21 00:00:00,1.0,4.0,382.0,3.4,1.7,5,printemps,00h-03h,0,1.0,0,0
2019-05-21 03:00:00,2.0,4.0,412.0,3.4,0.6,5,printemps,03h-06h,0,1.0,0,0
2019-05-21 06:00:00,1.0,4.0,409.0,3.1,0.6,5,printemps,06h-09h,0,2.0,0,0
2019-05-21 09:00:00,1.0,4.0,408.0,2.7,0.5,5,printemps,09h-12h,0,1.0,0,0
2019-05-21 12:00:00,2.0,4.0,414.0,3.7,-1.4,5,printemps,12h-15h,0,1.0,1,0
2019-05-21 15:00:00,0.0,4.0,385.0,4.5,0.9,5,printemps,15h-18h,0,2.0,0,0
2019-05-21 18:00:00,0.0,4.0,370.0,3.2,1.0,5,printemps,18h-21h,0,0.0,0,0
2019-05-21 21:00:00,1.0,4.0,352.0,2.6,1.9,5,printemps,21h-24h,0,0.0,0,0
2019-05-22 00:00:00,0.0,4.0,356.0,3.1,1.4,5,printemps,00h-03h,0,1.0,0,0
2019-05-22 03:00:00,1.0,4.0,366.0,5.5,0.5,5,printemps,03h-06h,0,0.0,0,0
2019-05-22 06:00:00,2.0,4.0,385.0,8.3,0.1,5,printemps,06h-09h,0,1.0,0,0
2019-05-22 09:00:00,1.0,4.0,379.0,9.5,-0.1,5,printemps,09h-12h,0,2.0,1,0
2019-05-22 12:00:00,1.0,4.0,368.0,9.9,-0.8,5,printemps,12h-15h,0,1.0,1,0
2019-05-22 15:00:00,1.0,4.0,359.0,10.8,-1.3,5,printemps,15h-18h,0,1.0,1,0
2019-05-22 18:00:00,1.0,4.0,356.0,11.9,-0.6,5,printemps,18h-21h,0,1.0,1,0
2019-05-22 21:00:00,1.0,4.0,348.0,8.0,0.5,5,printemps,21h-24h,0,1.0,0,0
2019-05-23 00:00:00,1.0,5.0,348.0,10.9,-0.1,5,printemps,00h-03h,0,1.0,1,0
2019-05-23 03:00:00,1.0,5.0,344.0,9.2,-0.3,5,printemps,03h-06h,0,1.0,1,0
2019-05-23 06:00:00,1.0,5.0,333.0,9.1,0.6,5,printemps,06h-09h,0,1.0,0,0
2019-05-23 09:00:00,2.0,5.0,346.0,12.1,-1.6,5,printemps,09h-12h,0,1.0,1,0
2019-05-23 12:00:00,1.0,5.0,340.0,15.0,-0.8,5,printemps,12h-15h,0,2.0,1,0
2019-05-23 15:00:00,1.0,5.0,339.0,7.9,-2.6,5,printemps,15h-18h,0,1.0,1,0
2019-05-23 18:00:00,1.0,5.0,337.0,6.1,-2.6,5,printemps,18h-21h,0,1.0,1,0
2019-05-23 21:00:00,2.0,5.0,357.0,5.5,-4.7,5,printemps,21h-24h,0,1.0,1,0
2019-05-24 00:00:00,1.0,5.0,351.0,7.9,-0.2,5,printemps,00h-03h,0,2.0,1,0
2019-05-24 03:00:00,2.0,5.0,346.0,7.3,-2.4,5,printemps,03h-06h,0,1.0,1,0
2019-05-24 06:00:00,1.0,5.0,332.0,4.0,0.9,5,printemps,06h-09h,0,2.0,0,0
2019-05-24 09:00:00,1.0,5.0,331.0,4.8,0.6,5,printemps,09h-12h,0,1.0,0,0
2019-05-24 12:00:00,1.0,5.0,338.0,4.9,-0.3,5,printemps,12h-15h,0,1.0,1,0
2019-05-24 15:00:00,1.0,5.0,344.0,10.0,-0.9,5,printemps,15h-18h,0,1.0,1,0
2019-05-24 18:00:00,2.0,5.0,336.0,6.3,-1.8,5,printemps,18h-21h,0,1.0,1,0
2019-05-24 21:00:00,2.0,5.0,332.0,6.8,0.3,5,printemps,21h-24h,0,2.0,0,0
2019-05-25 00:00:00,1.0,4.0,340.0,13.5,-0.7,5,printemps,00h-03h,0,2.0,1,0
2019-05-25 03:00:00,1.0,4.0,335.0,14.6,-0.2,5,printemps,03h-06h,0,1.0,1,0
2019-05-25 06:00:00,0.0,4.0,308.0,8.4,0.9,5,printemps,06h-09h,0,1.0,0,0
2019-05-25 09:00:00,1.0,4.0,301.0,8.6,-0.1,5,printemps,09h-12h,0,0.0,1,0
2019-05-25 12:00:00,1.0,4.0,304.0,9.9,1.0,5,printemps,12h-15h,0,1.0,0,0
2019-05-25 15:00:00,1.0,4.0,304.0,10.9,0.6,5,printemps,15h-18h,0,1.0,0,0
2019-05-25 18:00:00,2.0,4.0,313.0,6.7,-1.2,5,printemps,18h-21h,0,1.0,1,0
2019-05-25 21:00:00,2.0,4.0,319.0,7.4,-0.4,5,printemps,21h-24h,0,2.0,1,0
2019-05-26 00:00:00,1.0,5.0,331.0,6.1,-1.0,5,printemps,00h-03h,0,2.0,1,0
2019-05-26 03:00:00,1.0,5.0,320.0,7.1,0.5,5,printemps,03h-06h,0,1.0,0,0
2019-05-26 06:00:00,1.0,5.0,314.0,6.2,-0.2,5,printemps,06h-09h,0,1.0,1,0
2019-05-26 09:00:00,0.0,5.0,326.0,6.3,0.9,5,printemps,09h-12h,0,1.0,0,0
2019-05-26 12:00:00,1.0,5.0,332.0,4.8,0.7,5,printemps,12h-15h,0,0.0,0,0
2019-05-26 15:00:00,1.0,5.0,325.0,4.9,-0.4,5,printemps,15h-18h,0,1.0,1,0
2019-05-26 18:00:00,1.0,5.0,307.0,4.5,-0.6,5,printemps,18h-21h,0,1.0,1,0
2019-05-26 21:00:00,3.0,5.0,302.0,4.6,0.5,5,printemps,21h-24h,0,1.0,0,0
2019-05-27 00:00:00,3.0,10.0,355.0,18.6,3.1,5,printemps,00h-03h,0,3.0,0,0
2019-05-27 03:00:00,3.0,10.0,369.0,20.0,1.9,5,printemps,03h-06h,0,3.0,0,0
2019-05-27 06:00:00,3.0,10.0,371.0,17.7,-2.6,5,printemps,06h-09h,0,3.0,1,0
2019-05-27 09:00:00,2.0,10.0,370.0,7.1,-5.2,5,printemps,09h-12h,0,3.0,1,0
2019-05-27 12:00:00,1.0,10.0,350.0,4.0,-0.5,5,printemps,12h-15h,0,2.0,1,0
2019-05-27 15:00:00,3.0,10.0,340.0,4.3,-0.1,5,printemps,15h-18h,0,1.0,1,0
2019-05-27 18:00:00,2.0,10.0,335.0,10.6,0.2,5,printemps,18h-21h,0,3.0,0,0
2019-05-27 21:00:00,1.0,10.0,318.0,3.4,2.4,5,printemps,21h-24h,0,2.0,0,0
2019-05-28 00:00:00,1.0,8.0,320.0,6.1,3.6,5,printemps,00h-03h,0,1.0,0,0
2019-05-28 03:00:00,1.0,8.0,320.0,6.2,3.1,5,printemps,03h-06h,0,1.0,0,0
2019-05-28 06:00:00,2.0,8.0,323.0,6.4,1.2,5,printemps,06h-09h,0,1.0,0,0
2019-05-28 09:00:00,2.0,8.0,319.0,5.5,1.4,5,printemps,09h-12h,0,2.0,0,0
2019-05-28 12:00:00,2.0,8.0,327.0,6.2,-0.1,5,printemps,12h-15h,0,2.0,1,0
2019-05-28 15:00:00,2.0,8.0,359.0,9.1,1.5,5,printemps,15h-18h,0,2.0,0,0
2019-05-28 18:00:00,3.0,8.0,368.0,11.5,-4.8,5,printemps,18h-21h,0,2.0,1,0
2019-05-28 21:00:00,3.0,8.0,389.0,12.4,0.2,5,printemps,21h-24h,0,3.0,0,0
2019-05-29 00:00:00,3.0,14.0,461.0,12.1,0.6,5,printemps,00h-03h,0,3.0,0,0
2019-05-29 03:00:00,4.0,14.0,502.0,6.5,-5.4,5,printemps,03h-06h,0,3.0,1,0
2019-05-29 06:00:00,3.0,14.0,518.0,6.6,1.9,5,printemps,06h-09h,0,4.0,0,0
2019-05-29 09:00:00,3.0,14.0,536.0,4.6,-3.1,5,printemps,09h-12h,0,3.0,1,0
2019-05-29 12:00:00,2.0,14.0,545.0,3.9,-0.6,5,printemps,12h-15h,0,3.0,1,0
2019-05-29 15:00:00,2.0,14.0,528.0,4.7,1.1,5,printemps,15h-18h,0,2.0,0,0
2019-05-29 18:00:00,3.0,14.0,536.0,3.4,-1.6,5,printemps,18h-21h,0,2.0,1,0
2019-05-29 21:00:00,3.0,14.0,559.0,4.1,-0.6,5,printemps,21h-24h,0,3.0,1,0
2019-05-30 00:00:00,3.0,8.0,540.0,3.4,-3.5,5,printemps,00h-03h,0,3.0,1,0
2019-05-30 03:00:00,2.0,8.0,544.0,2.9,-1.8,5,printemps,03h-06h,0,3.0,1,0
2019-05-30 06:00:00,2.0,8.0,540.0,3.1,2.1,5,printemps,06h-09h,0,2.0,0,0
2019-05-30 09:00:00,2.0,8.0,526.0,4.1,0.7,5,printemps,09h-12h,0,2.0,0,0
2019-05-30 12:00:00,2.0,8.0,515.0,4.8,0.1,5,printemps,12h-15h,0,2.0,0,0
2019-05-30 15:00:00,1.0,8.0,510.0,3.7,0.8,5,printemps,15h-18h,0,2.0,0,0
2019-05-30 18:00:00,2.0,8.0,507.0,3.9,-2.0,5,printemps,18h-21h,0,1.0,1,0
2019-05-30 21:00:00,2.0,8.0,467.0,3.1,-0.1,5,printemps,21h-24h,0,2.0,1,0
2019-05-31 00:00:00,2.0,5.0,497.0,3.9,-0.6,5,printemps,00h-03h,0,2.0,1,0
2019-05-31 03:00:00,2.0,5.0,493.0,4.1,0.6,5,printemps,03h-06h,0,2.0,0,0
2019-05-31 06:00:00,2.0,5.0,478.0,2.7,-1.0,5,printemps,06h-09h,0,2.0,1,0
2019-05-31 09:00:00,1.0,5.0,421.0,2.2,-1.4,5,printemps,09h-12h,0,2.0,1,0
2019-05-31 12:00:00,1.0,5.0,419.0,1.5,-1.4,5,printemps,12h-15h,0,1.0,1,0
2019-05-31 15:00:00,1.0,5.0,400.0,1.8,-0.3,5,printemps,15h-18h,0,1.0,1,0
2019-05-31 18:00:00,0.0,5.0,408.0,1.9,0.5,5,printemps,18h-21h,0,1.0,0,0
2019-05-31 21:00:00,1.0,5.0,371.0,1.9,-0.7,5,printemps,21h-24h,0,0.0,1,0
2019-06-01 00:00:00,1.0,3.0,367.0,2.0,-0.6,6,ete,00h-03h,0,1.0,1,0
2019-06-01 03:00:00,0.0,3.0,356.0,1.2,-0.4,6,ete,03h-06h,0,1.0,1,0
2019-06-01 06:00:00,1.0,3.0,359.0,2.3,-0.9,6,ete,06h-09h,0,0.0,1,0
2019-06-01 09:00:00,0.0,3.0,337.0,1.9,1.5,6,ete,09h-12h,0,1.0,0,0
2019-06-01 12:00:00,1.0,3.0,341.0,1.9,0.2,6,ete,12h-15h,0,0.0,0,0
2019-06-01 15:00:00,1.0,3.0,344.0,2.6,-0.9,6,ete,15h-18h,0,1.0,1,0
2019-06-01 18:00:00,1.0,3.0,343.0,3.6,-1.0,6,ete,18h-21h,0,1.0,1,0
2019-06-01 21:00:00,1.0,3.0,349.0,6.8,0.1,6,ete,21h-24h,0,1.0,0,0
2019-06-02 00:00:00,2.0,4.0,340.0,6.5,-1.8,6,ete,00h-03h,0,1.0,1,0
2019-06-02 03:00:00,1.0,4.0,327.0,6.4,0.5,6,ete,03h-06h,0,2.0,0,0
2019-06-02 06:00:00,0.0,4.0,321.0,5.7,0.1,6,ete,06h-09h,0,1.0,0,0
2019-06-02 09:00:00,0.0,4.0,322.0,5.2,-0.4,6,ete,09h-12h,0,0.0,1,0
2019-06-02 12:00:00,1.0,4.0,318.0,4.8,-0.3,6,ete,12h-15h,0,0.0,1,0
2019-06-02 15:00:00,1.0,4.0,295.0,2.9,0.1,6,ete,15h-18h,0,1.0,0,0
2019-06-02 18:00:00,1.0,4.0,318.0,5.8,-1.8,6,ete,18h-21h,0,1.0,1,0
2019-06-02 21:00:00,1.0,4.0,320.0,6.6,-2.0,6,ete,21h-24h,0,1.0,1,0
2019-06-03 00:00:00,1.0,4.0,311.0,7.2,-2.2,6,ete,00h-03h,0,1.0,1,0
2019-06-03 03:00:00,1.0,4.0,305.0,10.6,-1.0,6,ete,03h-06h,0,1.0,1,0
2019-06-03 06:00:00,0.0,4.0,298.0,11.1,-0.5,6,ete,06h-09h,0,1.0,1,0
2019-06-03 09:00:00,2.0,4.0,307.0,,-0.3,6,ete,09h-12h,0,0.0,1,0
2019-06-03 12:00:00,1.0,4.0,308.0,,-1.1,6,ete,12h-15h,0,2.0,1,0
2019-06-03 15:00:00,1.0,4.0,301.0,,-0.4,6,ete,15h-18h,0,1.0,1,0
2019-06-03 18:00:00,1.0,4.0,308.0,,3.2,6,ete,18h-21h,0,1.0,0,0
2019-06-03 21:00:00,1.0,4.0,318.0,,-0.9,6,ete,21h-24h,0,1.0,1,0
2019-06-04 00:00:00,2.0,7.0,329.0,,1.6,6,ete,00h-03h,0,1.0,0,0
2019-06-04 03:00:00,2.0,7.0,338.0,,-1.8,6,ete,03h-06h,0,2.0,1,0
2019-06-04 06:00:00,2.0,7.0,330.0,,-3.5,6,ete,06h-09h,0,2.0,1,0
2019-06-04 09:00:00,2.0,7.0,325.0,8.2,1.3,6,ete,09h-12h,0,2.0,0,0
2019-06-04 12:00:00,2.0,7.0,331.0,8.4,3.0,6,ete,12h-15h,0,2.0,0,0
2019-06-04 15:00:00,2.0,7.0,329.0,10.0,-6.9,6,ete,15h-18h,0,2.0,1,0
2019-06-04 18:00:00,2.0,7.0,327.0,9.5,-3.8,6,ete,18h-21h,0,2.0,1,0
2019-06-04 21:00:00,2.0,7.0,333.0,5.5,-1.9,6,ete,21h-24h,0,2.0,1,0
2019-06-05 00:00:00,2.0,4.0,344.0,7.5,-2.9,6,ete,00h-03h,0,2.0,1,0
2019-06-05 03:00:00,1.0,4.0,336.0,6.2,-0.4,6,ete,03h-06h,0,2.0,1,0
2019-06-05 06:00:00,1.0,4.0,340.0,5.2,-2.4,6,ete,06h-09h,0,1.0,1,0
2019-06-05 09:00:00,0.0,4.0,336.0,6.0,0.3,6,ete,09h-12h,0,1.0,0,0
2019-06-05 12:00:00,1.0,4.0,316.0,4.3,0.6,6,ete,12h-15h,0,0.0,0,0
2019-06-05 15:00:00,1.0,4.0,336.0,5.6,0.7,6,ete,15h-18h,0,1.0,0,0
2019-06-05 18:00:00,1.0,4.0,315.0,6.5,-0.3,6,ete,18h-21h,0,1.0,1,0
2019-06-05 21:00:00,1.0,4.0,312.0,4.9,0.8,6,ete,21h-24h,0,1.0,0,0
2019-06-06 00:00:00,1.0,3.0,326.0,4.8,-0.1,6,ete,00h-03h,0,1.0,1,0
2019-06-06 03:00:00,1.0,3.0,324.0,4.6,-1.2,6,ete,03h-06h,0,1.0,1,0
2019-06-06 06:00:00,1.0,3.0,315.0,6.3,-0.2,6,ete,06h-09h,0,1.0,1,0
2019-06-06 09:00:00,1.0,3.0,321.0,3.9,1.5,6,ete,09h-12h,0,1.0,0,0
2019-06-06 12:00:00,1.0,3.0,319.0,5.1,-0.2,6,ete,12h-15h,0,1.0,1,0
2019-06-06 15:00:00,0.0,3.0,312.0,4.8,-0.5,6,ete,15h-18h,0,1.0,1,0
2019-06-06 18:00:00,1.0,3.0,308.0,4.2,-1.3,6,ete,18h-21h,0,0.0,1,0
2019-06-06 21:00:00,0.0,3.0,313.0,4.9,-0.4,6,ete,21h-24h,0,1.0,1,0
2019-06-07 00:00:00,1.0,4.0,302.0,4.6,-0.9,6,ete,00h-03h,0,0.0,1,0
2019-06-07 03:00:00,1.0,4.0,292.0,5.0,-0.9,6,ete,03h-06h,0,1.0,1,0
2019-06-07 06:00:00,1.0,4.0,291.0,8.7,-1.7,6,ete,06h-09h,0,1.0,1,0
2019-06-07 09:00:00,1.0,4.0,304.0,8.7,-1.9,6,ete,09h-12h,0,1.0,1,0
2019-06-07 12:00:00,2.0,4.0,308.0,12.0,-0.8,6,ete,12h-15h,0,1.0,1,0
2019-06-07 15:00:00,1.0,4.0,306.0,8.3,-0.8,6,ete,15h-18h,0,2.0,1,0
2019-06-07 18:00:00,1.0,4.0,295.0,8.2,-2.0,6,ete,18h-21h,0,1.0,1,0
2019-06-07 21:00:00,1.0,4.0,285.0,7.3,-2.5,6,ete,21h-24h,0,1.0,1,0
2019-06-08 00:00:00,1.0,18.0,286.0,7.9,-1.3,6,ete,00h-03h,0,1.0,1,0
2019-06-08 03:00:00,1.0,18.0,283.0,9.2,0.7,6,ete,03h-06h,0,1.0,0,0
2019-06-08 06:00:00,0.0,18.0,277.0,11.1,-0.2,6,ete,06h-09h,0,1.0,1,0
2019-06-08 09:00:00,2.0,18.0,270.0,14.1,2.2,6,ete,09h-12h,0,0.0,0,0
2019-06-08 12:00:00,3.0,18.0,292.0,29.8,-1.7,6,ete,12h-15h,0,2.0,1,0
2019-06-08 15:00:00,4.0,18.0,324.0,41.7,-0.7,6,ete,15h-18h,0,3.0,1,0
2019-06-08 18:00:00,5.0,18.0,345.0,43.4,-2.2,6,ete,18h-21h,0,4.0,1,1
2019-06-08 21:00:00,4.0,18.0,392.0,9.6,-4.7,6,ete,21h-24h,0,5.0,1,0
2019-06-09 00:00:00,3.0,6.0,401.0,9.4,-1.1,6,ete,00h-03h,0,4.0,1,0
2019-06-09 03:00:00,2.0,6.0,431.0,7.8,-0.4,6,ete,03h-06h,0,3.0,1,0
2019-06-09 06:00:00,2.0,6.0,444.0,4.4,-0.6,6,ete,06h-09h,0,2.0,1,0
2019-06-09 09:00:00,1.0,6.0,439.0,3.4,2.1,6,ete,09h-12h,0,2.0,0,0
2019-06-09 12:00:00,1.0,6.0,409.0,3.5,1.1,6,ete,12h-15h,0,1.0,0,0
2019-06-09 15:00:00,1.0,6.0,389.0,2.9,-0.1,6,ete,15h-18h,0,1.0,1,0
2019-06-09 18:00:00,1.0,6.0,386.0,3.2,0.8,6,ete,18h-21h,0,1.0,0,0
2019-06-09 21:00:00,1.0,6.0,377.0,3.3,-1.9,6,ete,21h-24h,0,1.0,1,0
2019-06-10 00:00:00,1.0,3.0,367.0,4.5,0.7,6,ete,00h-03h,0,1.0,0,0
2019-06-10 03:00:00,1.0,3.0,356.0,4.0,1.1,6,ete,03h-06h,0,1.0,0,0
2019-06-10 06:00:00,0.0,3.0,360.0,3.6,0.7,6,ete,06h-09h,0,1.0,0,0
2019-06-10 09:00:00,1.0,3.0,356.0,3.0,1.1,6,ete,09h-12h,0,0.0,0,0
2019-06-10 12:00:00,1.0,3.0,345.0,3.8,-1.7,6,ete,12h-15h,0,1.0,1,0
2019-06-10 15:00:00,1.0,3.0,346.0,4.0,-1.6,6,ete,15h-18h,0,1.0,1,0
2019-06-10 18:00:00,1.0,3.0,343.0,4.5,-1.8,6,ete,18h-21h,0,1.0,1,0
2019-06-10 21:00:00,1.0,3.0,346.0,4.6,-1.0,6,ete,21h-24h,0,1.0,1,0
2019-06-11 00:00:00,1.0,3.0,338.0,4.5,-1.3,6,ete,00h-03h,0,1.0,1,0
2019-06-11 03:00:00,1.0,3.0,320.0,4.5,0.0,6,ete,03h-06h,0,1.0,0,0
2019-06-11 06:00:00,1.0,3.0,310.0,4.5,-0.2,6,ete,06h-09h,0,1.0,1,0
2019-06-11 09:00:00,1.0,3.0,312.0,5.6,1.7,6,ete,09h-12h,0,1.0,0,0
2019-06-11 12:00:00,1.0,3.0,323.0,5.7,0.1,6,ete,12h-15h,0,1.0,0,0
2019-06-11 15:00:00,0.0,3.0,314.0,6.2,1.0,6,ete,15h-18h,0,1.0,0,0
2019-06-11 18:00:00,1.0,3.0,312.0,6.0,-2.1,6,ete,18h-21h,0,0.0,1,0
2019-06-11 21:00:00,1.0,3.0,309.0,7.3,-0.7,6,ete,21h-24h,0,1.0,1,0
2019-06-13 00:00:00,1.0,10.0,388.0,3.4,1.9,6,ete,00h-03h,0,1.0,0,0
2019-06-13 03:00:00,2.0,10.0,398.0,4.7,0.4,6,ete,03h-06h,0,1.0,0,0
2019-06-13 06:00:00,2.0,10.0,447.0,7.1,-1.0,6,ete,06h-09h,0,2.0,1,0
2019-06-13 09:00:00,2.0,10.0,434.0,7.8,3.5,6,ete,09h-12h,0,2.0,0,0
2019-06-13 12:00:00,3.0,10.0,383.0,6.6,-1.6,6,ete,12h-15h,0,2.0,1,0
2019-06-13 15:00:00,2.0,10.0,382.0,6.1,2.0,6,ete,15h-18h,0,3.0,0,0
2019-06-13 18:00:00,2.0,10.0,418.0,7.0,0.9,6,ete,18h-21h,0,2.0,0,0
2019-06-13 21:00:00,4.0,10.0,472.0,7.2,-1.0,6,ete,21h-24h,0,2.0,1,0
2019-06-14 00:00:00,3.0,8.0,467.0,7.3,4.6,6,ete,00h-03h,0,4.0,0,0
2019-06-14 03:00:00,2.0,8.0,453.0,7.0,1.7,6,ete,03h-06h,0,3.0,0,0
2019-06-14 06:00:00,3.0,8.0,457.0,5.8,-0.8,6,ete,06h-09h,0,2.0,1,0
2019-06-14 09:00:00,2.0,8.0,464.0,4.9,-1.5,6,ete,09h-12h,0,3.0,1,0
2019-06-14 12:00:00,2.0,8.0,468.0,4.5,-1.0,6,ete,12h-15h,0,2.0,1,0
2019-06-14 15:00:00,1.0,8.0,461.0,4.9,0.5,6,ete,15h-18h,0,2.0,0,0
2019-06-14 18:00:00,1.0,8.0,440.0,5.8,0.4,6,ete,18h-21h,0,1.0,0,0
2019-06-14 21:00:00,1.0,8.0,429.0,5.7,0.7,6,ete,21h-24h,0,1.0,0,0
2019-06-15 00:00:00,1.0,4.0,425.0,6.0,1.2,6,ete,00h-03h,0,1.0,0,0
2019-06-15 03:00:00,2.0,4.0,414.0,6.4,-1.2,6,ete,03h-06h,0,1.0,1,0
2019-06-15 06:00:00,2.0,4.0,396.0,7.3,-0.9,6,ete,06h-09h,0,2.0,1,0
2019-06-15 09:00:00,2.0,4.0,396.0,6.5,-1.2,6,ete,09h-12h,0,2.0,1,0
2019-06-15 12:00:00,1.0,4.0,376.0,7.4,-1.2,6,ete,12h-15h,0,2.0,1,0
2019-06-15 15:00:00,1.0,4.0,358.0,7.0,1.5,6,ete,15h-18h,0,1.0,0,0
2019-06-15 18:00:00,0.0,4.0,346.0,2.4,1.3,6,ete,18h-21h,0,1.0,0,0
2019-06-15 21:00:00,1.0,4.0,358.0,3.3,0.6,6,ete,21h-24h,0,0.0,0,0
2019-06-16 00:00:00,1.0,4.0,364.0,3.4,-0.9,6,ete,00h-03h,0,1.0,1,0
2019-06-16 03:00:00,2.0,4.0,369.0,4.9,0.0,6,ete,03h-06h,0,1.0,0,0
2019-06-16 06:00:00,1.0,4.0,351.0,3.9,0.7,6,ete,06h-09h,0,2.0,0,0
2019-06-16 09:00:00,1.0,4.0,347.0,4.1,2.0,6,ete,09h-12h,0,1.0,0,0
2019-06-16 12:00:00,1.0,4.0,337.0,3.4,0.0,6,ete,12h-15h,0,1.0,0,0
2019-06-16 15:00:00,1.0,4.0,358.0,2.0,0.6,6,ete,15h-18h,0,1.0,0,0
2019-06-16 18:00:00,0.0,4.0,345.0,2.6,1.0,6,ete,18h-21h,0,1.0,0,0
2019-06-16 21:00:00,1.0,4.0,339.0,3.2,-0.1,6,ete,21h-24h,0,0.0,1,0
2019-06-17 00:00:00,0.0,3.0,332.0,2.7,-0.5,6,ete,00h-03h,0,1.0,1,0
2019-06-17 03:00:00,1.0,3.0,334.0,3.5,-0.4,6,ete,03h-06h,0,0.0,1,0
2019-06-17 06:00:00,1.0,3.0,342.0,5.0,-1.7,6,ete,06h-09h,0,1.0,1,0
2019-06-17 09:00:00,1.0,3.0,329.0,6.0,-2.0,6,ete,09h-12h,0,1.0,1,0
2019-06-17 12:00:00,1.0,3.0,327.0,5.0,-2.8,6,ete,12h-15h,0,1.0,1,0
2019-06-17 15:00:00,1.0,3.0,333.0,6.8,0.3,6,ete,15h-18h,0,1.0,0,0
2019-06-17 18:00:00,0.0,3.0,341.0,7.2,1.2,6,ete,18h-21h,0,1.0,0,0
2019-06-17 21:00:00,1.0,3.0,329.0,6.9,3.0,6,ete,21h-24h,0,0.0,0,0
2019-06-18 00:00:00,1.0,4.0,333.0,8.4,3.2,6,ete,00h-03h,0,1.0,0,0
2019-06-18 03:00:00,1.0,4.0,326.0,8.3,3.2,6,ete,03h-06h,0,1.0,0,0
2019-06-18 06:00:00,0.0,4.0,303.0,6.9,2.5,6,ete,06h-09h,0,1.0,0,0
2019-06-18 09:00:00,1.0,4.0,306.0,9.4,0.6,6,ete,09h-12h,0,0.0,0,0
2019-06-18 12:00:00,1.0,4.0,308.0,6.5,0.5,6,ete,12h-15h,0,1.0,0,0
2019-06-18 15:00:00,1.0,4.0,297.0,3.5,0.2,6,ete,15h-18h,0,1.0,0,0
2019-06-18 18:00:00,1.0,4.0,316.0,6.7,-2.0,6,ete,18h-21h,0,1.0,1,0
2019-06-18 21:00:00,1.0,4.0,316.0,8.3,0.1,6,ete,21h-24h,0,1.0,0,0
2019-06-19 00:00:00,1.0,4.0,315.0,12.2,3.3,6,ete,00h-03h,0,1.0,0,0
2019-06-19 03:00:00,1.0,4.0,323.0,12.9,3.2,6,ete,03h-06h,0,1.0,0,0
2019-06-19 06:00:00,1.0,4.0,327.0,17.6,-0.9,6,ete,06h-09h,0,1.0,1,0
2019-06-19 09:00:00,1.0,4.0,319.0,15.9,-1.5,6,ete,09h-12h,0,1.0,1,0
2019-06-19 12:00:00,1.0,4.0,324.0,11.3,0.2,6,ete,12h-15h,0,1.0,0,0
2019-06-19 15:00:00,1.0,4.0,331.0,11.9,-0.5,6,ete,15h-18h,0,1.0,1,0
2019-06-19 18:00:00,1.0,4.0,330.0,12.9,0.5,6,ete,18h-21h,0,1.0,0,0
2019-06-19 21:00:00,1.0,4.0,331.0,11.4,1.0,6,ete,21h-24h,0,1.0,0,0
2019-06-20 00:00:00,1.0,7.0,336.0,10.8,1.5,6,ete,00h-03h,0,1.0,0,0
2019-06-20 03:00:00,2.0,7.0,351.0,9.6,0.6,6,ete,03h-06h,0,1.0,0,0
2019-06-20 06:00:00,3.0,7.0,369.0,,-4.6,6,ete,06h-09h,0,2.0,1,0
2019-06-20 09:00:00,2.0,7.0,368.0,,-3.2,6,ete,09h-12h,0,3.0,1,0
2019-06-20 12:00:00,1.0,7.0,371.0,,0.3,6,ete,12h-15h,0,2.0,0,0
2019-06-20 15:00:00,1.0,7.0,344.0,,0.4,6,ete,15h-18h,0,1.0,0,0
2019-06-20 18:00:00,2.0,7.0,359.0,5.7,-1.3,6,ete,18h-21h,0,1.0,1,0
2019-06-20 21:00:00,2.0,7.0,355.0,9.9,-0.4,6,ete,21h-24h,0,2.0,1,0
2019-06-21 00:00:00,1.0,6.0,356.0,11.2,-0.1,6,ete,00h-03h,0,2.0,1,0
2019-06-21 03:00:00,2.0,6.0,357.0,19.8,1.0,6,ete,03h-06h,0,1.0,0,0
2019-06-21 06:00:00,2.0,6.0,361.0,9.5,6.6,6,ete,06h-09h,0,2.0,0,0
2019-06-21 09:00:00,2.0,6.0,367.0,10.8,-1.8,6,ete,09h-12h,0,2.0,1,0
2019-06-21 12:00:00,2.0,6.0,392.0,6.9,-0.5,6,ete,12h-15h,0,2.0,1,0
2019-06-21 15:00:00,1.0,6.0,387.0,6.1,-0.8,6,ete,15h-18h,0,2.0,1,0
2019-06-21 18:00:00,2.0,6.0,383.0,6.9,0.1,6,ete,18h-21h,0,1.0,0,0
2019-06-21 21:00:00,2.0,6.0,389.0,13.2,1.8,6,ete,21h-24h,0,2.0,0,0
2019-06-22 00:00:00,1.0,4.0,394.0,5.0,-2.4,6,ete,00h-03h,0,2.0,1,0
2019-06-22 03:00:00,2.0,4.0,410.0,4.5,-1.5,6,ete,03h-06h,0,1.0,1,0
2019-06-22 06:00:00,2.0,4.0,392.0,4.3,-1.0,6,ete,06h-09h,0,2.0,1,0
2019-06-22 09:00:00,1.0,4.0,381.0,4.8,0.5,6,ete,09h-12h,0,2.0,0,0
2019-06-22 12:00:00,0.0,4.0,383.0,6.9,-0.0,6,ete,12h-15h,0,1.0,0,0
2019-06-22 15:00:00,1.0,4.0,384.0,5.8,-2.2,6,ete,15h-18h,0,0.0,1,0
2019-06-22 18:00:00,1.0,4.0,364.0,5.7,-0.1,6,ete,18h-21h,0,1.0,1,0
2019-06-22 21:00:00,0.0,4.0,358.0,4.7,1.1,6,ete,21h-24h,0,1.0,0,0
2019-06-23 00:00:00,0.0,3.0,352.0,6.9,0.2,6,ete,00h-03h,0,0.0,0,0
2019-06-23 03:00:00,1.0,3.0,348.0,4.6,1.3,6,ete,03h-06h,0,0.0,0,0
2019-06-23 06:00:00,1.0,3.0,338.0,5.4,-0.2,6,ete,06h-09h,0,1.0,1,0
2019-06-23 09:00:00,1.0,3.0,335.0,5.8,-1.2,6,ete,09h-12h,0,1.0,1,0
2019-06-23 12:00:00,1.0,3.0,324.0,5.7,0.1,6,ete,12h-15h,0,1.0,0,0
2019-06-23 15:00:00,1.0,3.0,325.0,4.9,0.3,6,ete,15h-18h,0,1.0,0,0
2019-06-23 18:00:00,1.0,3.0,339.0,7.0,0.7,6,ete,18h-21h,0,1.0,0,0
2019-06-23 21:00:00,1.0,3.0,335.0,6.8,0.3,6,ete,21h-24h,0,1.0,0,0
2019-06-24 00:00:00,2.0,5.0,332.0,14.9,-1.1,6,ete,00h-03h,0,1.0,1,0
2019-06-24 03:00:00,2.0,5.0,334.0,12.9,-0.4,6,ete,03h-06h,0,2.0,1,0
2019-06-24 06:00:00,1.0,5.0,347.0,9.2,1.7,6,ete,06h-09h,0,2.0,0,0
2019-06-24 09:00:00,1.0,5.0,340.0,8.9,-0.1,6,ete,09h-12h,0,1.0,1,0
2019-06-24 12:00:00,2.0,5.0,333.0,6.3,-2.2,6,ete,12h-15h,0,1.0,1,0
2019-06-24 15:00:00,1.0,5.0,325.0,3.8,0.8,6,ete,15h-18h,0,2.0,0,0
2019-06-24 18:00:00,2.0,5.0,340.0,4.2,-1.5,6,ete,18h-21h,0,1.0,1,0
2019-06-24 21:00:00,1.0,5.0,324.0,4.5,-0.9,6,ete,21h-24h,0,2.0,1,0
2019-06-25 00:00:00,1.0,4.0,319.0,4.2,0.3,6,ete,00h-03h,0,1.0,0,0
2019-06-25 03:00:00,0.0,4.0,319.0,6.2,-0.1,6,ete,03h-06h,0,1.0,1,0
2019-06-25 06:00:00,1.0,4.0,339.0,5.1,0.7,6,ete,06h-09h,0,0.0,0,0
2019-06-25 09:00:00,1.0,4.0,347.0,5.0,-0.8,6,ete,09h-12h,0,1.0,1,0
2019-06-25 12:00:00,1.0,4.0,333.0,5.4,-1.5,6,ete,12h-15h,0,1.0,1,0
2019-06-25 15:00:00,0.0,4.0,321.0,4.4,0.2,6,ete,15h-18h,0,1.0,0,0
2019-06-25 18:00:00,1.0,4.0,335.0,5.8,0.6,6,ete,18h-21h,0,0.0,0,0
2019-06-25 21:00:00,1.0,4.0,350.0,15.0,-3.2,6,ete,21h-24h,0,1.0,1,0
2019-06-26 00:00:00,2.0,6.0,347.0,8.3,-0.5,6,ete,00h-03h,0,1.0,1,0
2019-06-26 03:00:00,2.0,6.0,332.0,4.2,-1.2,6,ete,03h-06h,0,2.0,1,0
2019-06-26 06:00:00,2.0,6.0,359.0,6.4,-2.2,6,ete,06h-09h,0,2.0,1,0
2019-06-26 09:00:00,2.0,6.0,388.0,6.8,-1.8,6,ete,09h-12h,0,2.0,1,0
2019-06-26 12:00:00,1.0,6.0,381.0,6.2,0.9,6,ete,12h-15h,0,2.0,0,0
2019-06-26 15:00:00,1.0,6.0,401.0,5.9,-0.8,6,ete,15h-18h,0,1.0,1,0
2019-06-26 18:00:00,0.0,6.0,402.0,3.4,0.9,6,ete,18h-21h,0,1.0,0,0
2019-06-26 21:00:00,1.0,6.0,399.0,4.4,0.3,6,ete,21h-24h,0,0.0,0,0
2019-06-27 00:00:00,1.0,4.0,388.0,6.1,-0.1,6,ete,00h-03h,0,1.0,1,0
2019-06-27 03:00:00,1.0,4.0,390.0,2.4,0.6,6,ete,03h-06h,0,1.0,0,0
2019-06-27 06:00:00,0.0,4.0,371.0,1.5,0.8,6,ete,06h-09h,0,1.0,0,0
2019-06-27 09:00:00,1.0,4.0,361.0,2.9,0.0,6,ete,09h-12h,0,0.0,0,0
2019-06-27 12:00:00,1.0,4.0,371.0,2.7,-2.5,6,ete,12h-15h,0,1.0,1,0
2019-06-27 15:00:00,1.0,4.0,358.0,5.8,1.2,6,ete,15h-18h,0,1.0,0,0
2019-06-27 18:00:00,1.0,4.0,354.0,8.7,-2.1,6,ete,18h-21h,0,1.0,1,0
2019-06-27 21:00:00,1.0,4.0,352.0,11.3,1.5,6,ete,21h-24h,0,1.0,0,0
2019-06-28 00:00:00,2.0,4.0,346.0,8.5,-1.7,6,ete,00h-03h,0,1.0,1,0
2019-06-28 03:00:00,2.0,4.0,347.0,6.0,0.5,6,ete,03h-06h,0,2.0,0,0
2019-06-28 06:00:00,1.0,4.0,337.0,5.4,0.7,6,ete,06h-09h,0,2.0,0,0
2019-06-28 09:00:00,1.0,4.0,331.0,3.8,2.2,6,ete,09h-12h,0,1.0,0,0
2019-06-28 12:00:00,1.0,4.0,341.0,3.6,-0.3,6,ete,12h-15h,0,1.0,1,0
2019-06-28 15:00:00,1.0,4.0,352.0,2.6,-1.9,6,ete,15h-18h,0,1.0,1,0
2019-06-28 18:00:00,1.0,4.0,340.0,2.9,-1.8,6,ete,18h-21h,0,1.0,1,0
2019-06-28 21:00:00,1.0,4.0,341.0,2.8,0.6,6,ete,21h-24h,0,1.0,0,0
2019-06-29 00:00:00,1.0,3.0,340.0,3.6,-0.2,6,ete,00h-03h,0,1.0,1,0
2019-06-29 03:00:00,1.0,3.0,329.0,2.7,0.7,6,ete,03h-06h,0,1.0,0,0
2019-06-29 06:00:00,1.0,3.0,328.0,2.9,-2.1,6,ete,06h-09h,0,1.0,1,0
2019-06-29 09:00:00,0.0,3.0,332.0,4.1,-1.5,6,ete,09h-12h,0,1.0,1,0
2019-06-29 12:00:00,1.0,3.0,313.0,2.7,0.5,6,ete,12h-15h,0,0.0,0,0
2019-06-29 15:00:00,1.0,3.0,319.0,7.5,0.9,6,ete,15h-18h,0,1.0,0,0
2019-06-29 18:00:00,1.0,3.0,320.0,8.0,0.5,6,ete,18h-21h,0,1.0,0,0
2019-06-29 21:00:00,1.0,3.0,311.0,7.0,-0.3,6,ete,21h-24h,0,1.0,1,0
2019-06-30 00:00:00,3.0,4.0,325.0,10.4,-2.4,6,ete,00h-03h,0,1.0,1,0
2019-06-30 03:00:00,1.0,4.0,304.0,5.2,1.9,6,ete,03h-06h,0,3.0,0,0
2019-06-30 06:00:00,0.0,4.0,310.0,7.4,2.4,6,ete,06h-09h,0,1.0,0,0
2019-06-30 09:00:00,1.0,4.0,310.0,7.4,2.1,6,ete,09h-12h,0,0.0,0,0
2019-06-30 12:00:00,1.0,4.0,321.0,7.5,-0.7,6,ete,12h-15h,0,1.0,1,0
2019-06-30 15:00:00,1.0,4.0,307.0,5.1,-1.1,6,ete,15h-18h,0,1.0,1,0
2019-06-30 18:00:00,0.0,4.0,318.0,4.8,-0.1,6,ete,18h-21h,0,1.0,1,0
2019-06-30 21:00:00,1.0,4.0,317.0,4.8,-1.6,6,ete,21h-24h,0,0.0,1,0
2019-07-01 00:00:00,3.0,9.0,333.0,11.2,-4.3,7,ete,00h-03h,0,1.0,1,0
2019-07-01 03:00:00,3.0,9.0,327.0,10.3,-4.6,7,ete,03h-06h,0,3.0,1,0
2019-07-01 06:00:00,3.0,9.0,353.0,15.8,-3.9,7,ete,06h-09h,0,3.0,1,0
2019-07-01 09:00:00,2.0,9.0,358.0,11.0,0.5,7,ete,09h-12h,0,3.0,0,0
2019-07-01 12:00:00,2.0,9.0,353.0,8.8,0.4,7,ete,12h-15h,0,2.0,0,0
2019-07-01 15:00:00,1.0,9.0,347.0,8.3,-3.9,7,ete,15h-18h,0,2.0,1,0
2019-07-01 18:00:00,1.0,9.0,340.0,6.7,0.3,7,ete,18h-21h,0,1.0,0,0
2019-07-01 21:00:00,2.0,9.0,351.0,6.2,-2.3,7,ete,21h-24h,0,1.0,1,0
2019-07-02 00:00:00,2.0,5.0,361.0,5.6,-2.6,7,ete,00h-03h,0,2.0,1,0
2019-07-02 03:00:00,1.0,5.0,351.0,5.5,-2.7,7,ete,03h-06h,0,2.0,1,0
2019-07-02 06:00:00,1.0,5.0,350.0,7.0,-0.7,7,ete,06h-09h,0,1.0,1,0
2019-07-02 09:00:00,1.0,5.0,338.0,8.2,-2.6,7,ete,09h-12h,0,1.0,1,0
2019-07-02 12:00:00,1.0,5.0,327.0,9.9,-3.0,7,ete,12h-15h,0,1.0,1,0
2019-07-02 15:00:00,2.0,5.0,320.0,10.0,-4.2,7,ete,15h-18h,0,1.0,1,0
2019-07-02 18:00:00,2.0,5.0,325.0,10.6,-3.0,7,ete,18h-21h,0,2.0,1,0
2019-07-02 21:00:00,1.0,5.0,315.0,10.9,1.0,7,ete,21h-24h,0,2.0,0,0
2019-07-03 00:00:00,0.0,5.0,322.0,9.5,3.6,7,ete,00h-03h,0,1.0,0,0
2019-07-03 03:00:00,1.0,5.0,314.0,10.7,1.7,7,ete,03h-06h,0,0.0,0,0
2019-07-03 06:00:00,2.0,5.0,313.0,10.1,-3.2,7,ete,06h-09h,0,1.0,1,0
2019-07-03 09:00:00,2.0,5.0,320.0,7.3,-2.8,7,ete,09h-12h,0,2.0,1,0
2019-07-03 12:00:00,1.0,5.0,355.0,9.7,2.5,7,ete,12h-15h,0,2.0,0,0
2019-07-03 15:00:00,2.0,5.0,359.0,7.0,0.2,7,ete,15h-18h,0,1.0,0,0
2019-07-03 18:00:00,1.0,5.0,372.0,3.8,0.4,7,ete,18h-21h,0,2.0,0,0
2019-07-03 21:00:00,1.0,5.0,370.0,3.7,-0.4,7,ete,21h-24h,0,1.0,1,0
2019-07-04 00:00:00,0.0,5.0,360.0,2.4,-0.4,7,ete,00h-03h,0,1.0,1,0
2019-07-04 03:00:00,1.0,5.0,360.0,3.2,0.2,7,ete,03h-06h,0,0.0,0,0
2019-07-04 06:00:00,1.0,5.0,361.0,3.7,1.8,7,ete,06h-09h,0,1.0,0,0
2019-07-04 09:00:00,1.0,5.0,353.0,5.5,2.3,7,ete,09h-12h,0,1.0,0,0
2019-07-04 12:00:00,2.0,5.0,366.0,5.4,-1.7,7,ete,12h-15h,0,1.0,1,0
2019-07-04 15:00:00,2.0,5.0,350.0,7.2,-1.7,7,ete,15h-18h,0,2.0,1,0
2019-07-04 18:00:00,2.0,5.0,336.0,13.6,-0.8,7,ete,18h-21h,0,2.0,1,0
2019-07-04 21:00:00,2.0,5.0,345.0,14.4,0.1,7,ete,21h-24h,0,2.0,0,0
2019-07-05 00:00:00,2.0,5.0,378.0,11.7,1.6,7,ete,00h-03h,0,2.0,0,0
2019-07-05 03:00:00,1.0,5.0,400.0,6.3,3.7,7,ete,03h-06h,0,2.0,0,0
2019-07-05 06:00:00,1.0,5.0,423.0,6.5,1.8,7,ete,06h-09h,0,1.0,0,0
2019-07-05 09:00:00,2.0,5.0,424.0,4.7,-0.8,7,ete,09h-12h,0,1.0,1,0
2019-07-05 12:00:00,2.0,5.0,421.0,4.5,-0.2,7,ete,12h-15h,0,2.0,1,0
2019-07-05 15:00:00,1.0,5.0,441.0,5.2,2.9,7,ete,15h-18h,0,2.0,0,0
2019-07-05 18:00:00,0.0,5.0,418.0,4.0,0.4,7,ete,18h-21h,0,1.0,0,0
2019-07-05 21:00:00,1.0,5.0,411.0,3.7,-0.2,7,ete,21h-24h,0,0.0,1,0
2019-07-06 00:00:00,1.0,3.0,390.0,3.1,-0.8,7,ete,00h-03h,0,1.0,1,0
2019-07-06 03:00:00,2.0,3.0,371.0,4.2,-0.3,7,ete,03h-06h,0,1.0,1,0
2019-07-06 06:00:00,1.0,3.0,359.0,5.4,0.9,7,ete,06h-09h,0,2.0,0,0
2019-07-06 09:00:00,1.0,3.0,357.0,6.2,-2.1,7,ete,09h-12h,0,1.0,1,0
2019-07-06 12:00:00,1.0,3.0,358.0,6.6,-1.5,7,ete,12h-15h,0,1.0,1,0
2019-07-06 15:00:00,1.0,3.0,353.0,6.9,-0.5,7,ete,15h-18h,0,1.0,1,0
2019-07-06 18:00:00,0.0,3.0,344.0,7.1,-0.4,7,ete,18h-21h,0,1.0,1,0
2019-07-06 21:00:00,1.0,3.0,340.0,7.4,0.9,7,ete,21h-24h,0,0.0,0,0
2019-07-07 00:00:00,1.0,5.0,344.0,8.4,-0.5,7,ete,00h-03h,0,1.0,1,0
2019-07-07 03:00:00,1.0,5.0,348.0,10.0,0.5,7,ete,03h-06h,0,1.0,0,0
2019-07-07 06:00:00,2.0,5.0,344.0,8.2,-3.0,7,ete,06h-09h,0,1.0,1,0
2019-07-07 09:00:00,1.0,5.0,345.0,7.6,-1.2,7,ete,09h-12h,0,2.0,1,0
2019-07-07 12:00:00,1.0,5.0,345.0,6.9,-1.3,7,ete,12h-15h,0,1.0,1,0
2019-07-07 15:00:00,1.0,5.0,350.0,7.1,-1.2,7,ete,15h-18h,0,1.0,1,0
2019-07-07 18:00:00,1.0,5.0,345.0,6.7,-1.0,7,ete,18h-21h,0,1.0,1,0
2019-07-07 21:00:00,2.0,5.0,331.0,7.2,-3.2,7,ete,21h-24h,0,1.0,1,0
2019-07-08 00:00:00,3.0,9.0,334.0,5.7,-4.0,7,ete,00h-03h,0,2.0,1,0
2019-07-08 03:00:00,2.0,9.0,326.0,6.9,-1.9,7,ete,03h-06h,0,3.0,1,0
2019-07-08 06:00:00,1.0,9.0,320.0,5.3,-1.9,7,ete,06h-09h,0,2.0,1,0
2019-07-08 09:00:00,1.0,9.0,316.0,4.4,0.2,7,ete,09h-12h,0,1.0,0,0
2019-07-08 12:00:00,1.0,9.0,315.0,4.8,0.1,7,ete,12h-15h,0,1.0,0,0
2019-07-08 15:00:00,0.0,9.0,310.0,5.7,0.5,7,ete,15h-18h,0,1.0,0,0
2019-07-08 18:00:00,4.0,9.0,301.0,6.1,-0.2,7,ete,18h-21h,0,0.0,1,0
2019-07-08 21:00:00,3.0,9.0,385.0,50.9,4.3,7,ete,21h-24h,0,4.0,0,0
2019-07-09 00:00:00,3.0,17.0,391.0,17.3,6.0,7,ete,00h-03h,0,3.0,0,0
2019-07-09 03:00:00,2.0,17.0,394.0,12.4,-5.5,7,ete,03h-06h,0,3.0,1,0
2019-07-09 06:00:00,2.0,17.0,396.0,7.9,-0.1,7,ete,06h-09h,0,2.0,1,0
2019-07-09 09:00:00,2.0,17.0,399.0,7.8,-3.2,7,ete,09h-12h,0,2.0,1,0
2019-07-09 12:00:00,2.0,17.0,441.0,12.3,-1.6,7,ete,12h-15h,0,2.0,1,0
2019-07-09 15:00:00,3.0,17.0,481.0,8.1,-3.0,7,ete,15h-18h,0,2.0,1,0
2019-07-09 18:00:00,5.0,17.0,482.0,9.3,0.2,7,ete,18h-21h,0,3.0,0,1
2019-07-09 21:00:00,4.0,17.0,586.0,6.1,0.2,7,ete,21h-24h,0,5.0,0,0
2019-07-10 00:00:00,2.0,15.0,611.0,5.3,1.1,7,ete,00h-03h,0,4.0,0,0
2019-07-10 03:00:00,4.0,15.0,585.0,5.9,-4.6,7,ete,03h-06h,0,2.0,1,0
2019-07-10 06:00:00,5.0,15.0,556.0,5.6,-1.4,7,ete,06h-09h,0,4.0,1,1
2019-07-10 09:00:00,3.0,15.0,646.0,2.7,-2.8,7,ete,09h-12h,0,5.0,1,0
2019-07-10 12:00:00,2.0,15.0,644.0,2.8,-2.5,7,ete,12h-15h,0,3.0,1,0
2019-07-10 15:00:00,2.0,15.0,588.0,2.8,1.1,7,ete,15h-18h,0,2.0,0,0
2019-07-10 18:00:00,1.0,15.0,590.0,4.3,1.0,7,ete,18h-21h,0,2.0,0,0
2019-07-10 21:00:00,2.0,15.0,580.0,3.5,-0.9,7,ete,21h-24h,0,1.0,1,0
2019-07-11 00:00:00,3.0,8.0,589.0,3.0,-1.4,7,ete,00h-03h,0,2.0,1,0
2019-07-11 03:00:00,2.0,8.0,584.0,3.4,1.8,7,ete,03h-06h,0,3.0,0,0
2019-07-11 06:00:00,3.0,8.0,577.0,3.7,-0.1,7,ete,06h-09h,0,2.0,1,0
2019-07-11 09:00:00,2.0,8.0,571.0,2.8,2.1,7,ete,09h-12h,0,3.0,0,0
2019-07-11 12:00:00,1.0,8.0,529.0,2.1,-0.9,7,ete,12h-15h,0,2.0,1,0
2019-07-11 15:00:00,1.0,8.0,511.0,1.8,-0.2,7,ete,15h-18h,0,1.0,1,0
2019-07-11 18:00:00,1.0,8.0,502.0,2.3,0.7,7,ete,18h-21h,0,1.0,0,0
2019-07-11 21:00:00,1.0,8.0,495.0,1.7,0.3,7,ete,21h-24h,0,1.0,0,0
2019-07-12 00:00:00,1.0,5.0,471.0,1.7,-0.1,7,ete,00h-03h,0,1.0,1,0
2019-07-12 03:00:00,2.0,5.0,472.0,1.6,-0.8,7,ete,03h-06h,0,1.0,1,0
2019-07-12 06:00:00,2.0,5.0,500.0,1.6,-3.2,7,ete,06h-09h,0,2.0,1,0
2019-07-12 09:00:00,2.0,5.0,489.0,2.2,-2.4,7,ete,09h-12h,0,2.0,1,0
2019-07-12 12:00:00,1.0,5.0,462.0,2.4,1.1,7,ete,12h-15h,0,2.0,0,0
2019-07-12 15:00:00,1.0,5.0,451.0,2.0,1.4,7,ete,15h-18h,0,1.0,0,0
2019-07-12 18:00:00,1.0,5.0,451.0,2.3,0.6,7,ete,18h-21h,0,1.0,0,0
2019-07-12 21:00:00,1.0,5.0,453.0,3.3,0.3,7,ete,21h-24h,0,1.0,0,0
2019-07-13 00:00:00,0.0,6.0,427.0,3.5,1.9,7,ete,00h-03h,0,1.0,0,0
2019-07-13 03:00:00,1.0,6.0,438.0,4.5,2.2,7,ete,03h-06h,0,0.0,0,0
2019-07-13 06:00:00,1.0,6.0,457.0,6.2,-0.7,7,ete,06h-09h,0,1.0,1,0
2019-07-13 09:00:00,2.0,6.0,450.0,5.6,0.9,7,ete,09h-12h,0,1.0,0,0
2019-07-13 12:00:00,2.0,6.0,449.0,5.0,-3.6,7,ete,12h-15h,0,2.0,1,0
2019-07-13 15:00:00,2.0,6.0,435.0,4.7,1.2,7,ete,15h-18h,0,2.0,0,0
2019-07-13 18:00:00,2.0,6.0,437.0,4.8,-0.6,7,ete,18h-21h,0,2.0,1,0
2019-07-13 21:00:00,2.0,6.0,450.0,5.8,0.9,7,ete,21h-24h,0,2.0,0,0
2019-07-14 00:00:00,2.0,5.0,432.0,5.9,0.1,7,ete,00h-03h,0,2.0,0,0
2019-07-14 03:00:00,1.0,5.0,439.0,3.4,0.3,7,ete,03h-06h,0,2.0,0,0
2019-07-14 06:00:00,1.0,5.0,452.0,4.1,0.1,7,ete,06h-09h,0,1.0,0,0
2019-07-14 09:00:00,1.0,5.0,429.0,4.0,1.4,7,ete,09h-12h,0,1.0,0,0
2019-07-14 12:00:00,1.0,5.0,434.0,4.4,0.8,7,ete,12h-15h,0,1.0,0,0
2019-07-14 15:00:00,1.0,5.0,456.0,4.4,-0.1,7,ete,15h-18h,0,1.0,1,0
2019-07-14 18:00:00,1.0,5.0,438.0,4.7,-1.4,7,ete,18h-21h,0,1.0,1,0
2019-07-14 21:00:00,2.0,5.0,448.0,6.8,-1.3,7,ete,21h-24h,0,1.0,1,0
2019-07-15 00:00:00,3.0,7.0,434.0,5.9,1.4,7,ete,00h-03h,0,2.0,0,0
2019-07-15 03:00:00,2.0,7.0,432.0,6.5,1.4,7,ete,03h-06h,0,3.0,0,0
2019-07-15 06:00:00,1.0,7.0,435.0,6.7,1.4,7,ete,06h-09h,0,2.0,0,0
2019-07-15 09:00:00,3.0,7.0,460.0,5.7,-3.0,7,ete,09h-12h,0,1.0,1,0
2019-07-15 12:00:00,2.0,7.0,460.0,,2.0,7,ete,12h-15h,0,3.0,0,0
2019-07-15 15:00:00,1.0,7.0,460.0,6.2,-1.3,7,ete,15h-18h,0,2.0,1,0
2019-07-15 18:00:00,2.0,7.0,440.0,5.0,0.5,7,ete,18h-21h,0,1.0,0,0
2019-07-15 21:00:00,0.0,7.0,416.0,5.3,0.2,7,ete,21h-24h,0,2.0,0,0
2019-07-16 00:00:00,0.0,4.0,414.0,5.5,-1.7,7,ete,00h-03h,0,0.0,1,0
2019-07-16 03:00:00,1.0,4.0,425.0,3.3,0.4,7,ete,03h-06h,0,0.0,0,0
2019-07-16 06:00:00,1.0,4.0,404.0,4.3,-1.4,7,ete,06h-09h,0,1.0,1,0
2019-07-16 09:00:00,1.0,4.0,388.0,5.1,-1.8,7,ete,09h-12h,0,1.0,1,0
2019-07-16 12:00:00,1.0,4.0,382.0,5.5,-2.9,7,ete,12h-15h,0,1.0,1,0
2019-07-16 15:00:00,1.0,4.0,370.0,,-1.5,7,ete,15h-18h,0,1.0,1,0
2019-07-16 18:00:00,1.0,4.0,374.0,,-0.7,7,ete,18h-21h,0,1.0,1,0
2019-07-16 21:00:00,1.0,4.0,370.0,,-0.5,7,ete,21h-24h,0,1.0,1,0
2019-07-17 00:00:00,1.0,6.0,373.0,,0.1,7,ete,00h-03h,0,1.0,0,0
2019-07-17 03:00:00,2.0,6.0,413.0,3.2,-1.5,7,ete,03h-06h,0,1.0,1,0
2019-07-17 06:00:00,2.0,6.0,432.0,4.4,-0.2,7,ete,06h-09h,0,2.0,1,0
2019-07-17 09:00:00,2.0,6.0,456.0,3.0,0.9,7,ete,09h-12h,0,2.0,0,0
2019-07-17 12:00:00,2.0,6.0,448.0,1.9,-1.0,7,ete,12h-15h,0,2.0,1,0
2019-07-17 15:00:00,1.0,6.0,438.0,1.9,1.8,7,ete,15h-18h,0,2.0,0,0
2019-07-17 18:00:00,1.0,6.0,427.0,2.8,-0.1,7,ete,18h-21h,0,1.0,1,0
2019-07-17 21:00:00,2.0,6.0,418.0,3.7,-0.4,7,ete,21h-24h,0,1.0,1,0
2019-07-18 00:00:00,0.0,3.0,417.0,4.9,-0.2,7,ete,00h-03h,0,2.0,1,0
2019-07-18 03:00:00,1.0,3.0,395.0,2.7,-0.1,7,ete,03h-06h,0,0.0,1,0
2019-07-18 06:00:00,1.0,3.0,383.0,5.7,0.4,7,ete,06h-09h,0,1.0,0,0
2019-07-18 09:00:00,1.0,3.0,370.0,7.1,-1.1,7,ete,09h-12h,0,1.0,1,0
2019-07-18 12:00:00,1.0,3.0,381.0,5.1,0.7,7,ete,12h-15h,0,1.0,0,0
2019-07-18 15:00:00,1.0,3.0,372.0,7.8,0.4,7,ete,15h-18h,0,1.0,0,0
2019-07-18 18:00:00,0.0,3.0,366.0,4.6,2.1,7,ete,18h-21h,0,1.0,0,0
2019-07-18 21:00:00,1.0,3.0,379.0,3.8,-0.1,7,ete,21h-24h,0,0.0,1,0
2019-07-19 00:00:00,1.0,4.0,360.0,3.7,0.6,7,ete,00h-03h,0,1.0,0,0
2019-07-19 03:00:00,1.0,4.0,362.0,3.5,0.8,7,ete,03h-06h,0,1.0,0,0
2019-07-19 06:00:00,0.0,4.0,342.0,2.7,-1.5,7,ete,06h-09h,0,1.0,1,0
2019-07-19 09:00:00,2.0,4.0,358.0,3.0,-1.9,7,ete,09h-12h,0,0.0,1,0
2019-07-19 12:00:00,1.0,4.0,349.0,4.5,-0.4,7,ete,12h-15h,0,2.0,1,0
2019-07-19 15:00:00,1.0,4.0,345.0,5.0,0.6,7,ete,15h-18h,0,1.0,0,0
2019-07-19 18:00:00,1.0,4.0,344.0,4.4,-0.1,7,ete,18h-21h,0,1.0,1,0
2019-07-19 21:00:00,1.0,4.0,337.0,4.5,-1.1,7,ete,21h-24h,0,1.0,1,0
2019-07-20 00:00:00,0.0,3.0,334.0,5.3,-0.7,7,ete,00h-03h,0,1.0,1,0
2019-07-20 03:00:00,0.0,3.0,327.0,5.5,0.1,7,ete,03h-06h,0,0.0,0,0
2019-07-20 06:00:00,1.0,3.0,328.0,5.4,0.1,7,ete,06h-09h,0,0.0,0,0
2019-07-20 09:00:00,1.0,3.0,330.0,5.8,-0.3,7,ete,09h-12h,0,1.0,1,0
2019-07-20 12:00:00,1.0,3.0,334.0,5.7,0.0,7,ete,12h-15h,0,1.0,0,0
2019-07-20 15:00:00,1.0,3.0,328.0,8.8,2.1,7,ete,15h-18h,0,1.0,0,0
2019-07-20 18:00:00,1.0,3.0,322.0,8.6,2.4,7,ete,18h-21h,0,1.0,0,0
2019-07-20 21:00:00,1.0,3.0,341.0,5.2,1.7,7,ete,21h-24h,0,1.0,0,0
2019-07-21 00:00:00,1.0,8.0,324.0,6.7,0.3,7,ete,00h-03h,0,1.0,0,0
2019-07-21 03:00:00,1.0,8.0,338.0,5.2,1.5,7,ete,03h-06h,0,1.0,0,0
2019-07-21 06:00:00,1.0,8.0,328.0,5.5,0.7,7,ete,06h-09h,0,1.0,0,0
2019-07-21 09:00:00,2.0,8.0,349.0,8.7,-1.2,7,ete,09h-12h,0,1.0,1,0
2019-07-21 12:00:00,1.0,8.0,315.0,8.0,-2.3,7,ete,12h-15h,0,2.0,1,0
2019-07-21 15:00:00,2.0,8.0,320.0,10.2,-0.1,7,ete,15h-18h,0,1.0,1,0
2019-07-21 18:00:00,3.0,8.0,325.0,14.0,-1.9,7,ete,18h-21h,0,2.0,1,0
2019-07-21 21:00:00,3.0,8.0,337.0,15.3,-2.3,7,ete,21h-24h,0,3.0,1,0
2019-07-22 00:00:00,2.0,8.0,360.0,40.0,1.2,7,ete,00h-03h,0,3.0,0,0
2019-07-22 03:00:00,2.0,8.0,349.0,25.5,7.5,7,ete,03h-06h,0,2.0,0,0
2019-07-22 06:00:00,3.0,8.0,337.0,19.7,-3.1,7,ete,06h-09h,0,2.0,1,0
2019-07-22 09:00:00,3.0,8.0,365.0,11.4,-1.1,7,ete,09h-12h,0,3.0,1,0
2019-07-22 12:00:00,2.0,8.0,384.0,8.5,0.4,7,ete,12h-15h,0,3.0,0,0
2019-07-22 15:00:00,2.0,8.0,423.0,12.0,-0.0,7,ete,15h-18h,0,2.0,0,0
2019-07-22 18:00:00,2.0,8.0,397.0,5.4,0.8,7,ete,18h-21h,0,2.0,0,0
2019-07-22 21:00:00,1.0,8.0,370.0,3.1,-0.3,7,ete,21h-24h,0,2.0,1,0
2019-07-23 00:00:00,1.0,6.0,359.0,2.5,-0.6,7,ete,00h-03h,0,1.0,1,0
2019-07-23 03:00:00,2.0,6.0,389.0,5.3,-0.4,7,ete,03h-06h,0,1.0,1,0
2019-07-23 06:00:00,2.0,6.0,378.0,5.6,-2.5,7,ete,06h-09h,0,2.0,1,0
2019-07-23 09:00:00,2.0,6.0,378.0,5.5,-0.9,7,ete,09h-12h,0,2.0,1,0
2019-07-23 12:00:00,2.0,6.0,373.0,6.0,2.3,7,ete,12h-15h,0,2.0,0,0
2019-07-23 15:00:00,1.0,6.0,417.0,4.9,1.1,7,ete,15h-18h,0,2.0,0,0
2019-07-23 18:00:00,1.0,6.0,400.0,4.4,0.5,7,ete,18h-21h,0,1.0,0,0
2019-07-23 21:00:00,2.0,6.0,414.0,5.2,-0.8,7,ete,21h-24h,0,1.0,1,0
2019-07-24 00:00:00,2.0,5.0,411.0,4.3,-0.0,7,ete,00h-03h,0,2.0,0,0
2019-07-24 03:00:00,1.0,5.0,394.0,4.5,1.5,7,ete,03h-06h,0,2.0,0,0
2019-07-24 06:00:00,0.0,5.0,376.0,5.2,1.1,7,ete,06h-09h,0,1.0,0,0
2019-07-24 09:00:00,1.0,5.0,377.0,4.5,0.1,7,ete,09h-12h,0,0.0,0,0
2019-07-24 12:00:00,2.0,5.0,394.0,7.1,-0.4,7,ete,12h-15h,0,1.0,1,0
2019-07-24 15:00:00,1.0,5.0,397.0,8.7,-2.7,7,ete,15h-18h,0,2.0,1,0
2019-07-24 18:00:00,1.0,5.0,387.0,8.1,-3.1,7,ete,18h-21h,0,1.0,1,0
2019-07-24 21:00:00,2.0,5.0,368.0,5.3,1.2,7,ete,21h-24h,0,1.0,0,0
2019-07-25 00:00:00,1.0,3.0,356.0,2.5,1.7,7,ete,00h-03h,0,2.0,0,0
2019-07-25 03:00:00,0.0,3.0,368.0,4.9,1.5,7,ete,03h-06h,0,1.0,0,0
2019-07-25 06:00:00,0.0,3.0,360.0,5.6,-0.7,7,ete,06h-09h,0,0.0,1,0
2019-07-25 09:00:00,1.0,3.0,367.0,4.9,1.4,7,ete,09h-12h,0,0.0,0,0
2019-07-25 12:00:00,1.0,3.0,355.0,5.6,-0.4,7,ete,12h-15h,0,1.0,1,0
2019-07-25 15:00:00,1.0,3.0,344.0,4.8,0.0,7,ete,15h-18h,0,1.0,0,0
2019-07-25 18:00:00,0.0,3.0,344.0,5.2,0.5,7,ete,18h-21h,0,1.0,0,0
2019-07-25 21:00:00,1.0,3.0,352.0,3.6,0.3,7,ete,21h-24h,0,0.0,0,0
2019-07-26 00:00:00,0.0,3.0,351.0,4.1,1.8,7,ete,00h-03h,0,1.0,0,0
2019-07-26 03:00:00,0.0,3.0,340.0,3.7,1.6,7,ete,03h-06h,0,0.0,0,0
2019-07-26 06:00:00,1.0,3.0,345.0,4.1,1.1,7,ete,06h-09h,0,0.0,0,0
2019-07-26 09:00:00,1.0,3.0,333.0,4.6,-0.3,7,ete,09h-12h,0,1.0,1,0
2019-07-26 12:00:00,1.0,3.0,335.0,5.9,0.8,7,ete,12h-15h,0,1.0,0,0
2019-07-26 15:00:00,1.0,3.0,340.0,6.6,1.7,7,ete,15h-18h,0,1.0,0,0
2019-07-26 18:00:00,1.0,3.0,332.0,7.4,0.4,7,ete,18h-21h,0,1.0,0,0
2019-07-26 21:00:00,1.0,3.0,315.0,6.1,-0.3,7,ete,21h-24h,0,1.0,1,0
2019-07-27 00:00:00,1.0,4.0,320.0,6.3,-0.9,7,ete,00h-03h,0,1.0,1,0
2019-07-27 03:00:00,1.0,4.0,309.0,6.5,0.1,7,ete,03h-06h,0,1.0,0,0
2019-07-27 06:00:00,0.0,4.0,305.0,6.8,0.5,7,ete,06h-09h,0,1.0,0,0
2019-07-27 09:00:00,2.0,4.0,307.0,10.3,-1.0,7,ete,09h-12h,0,0.0,1,0
2019-07-27 12:00:00,1.0,4.0,316.0,16.8,-1.3,7,ete,12h-15h,0,2.0,1,0
2019-07-27 15:00:00,1.0,4.0,309.0,16.1,-0.4,7,ete,15h-18h,0,1.0,1,0
2019-07-27 18:00:00,2.0,4.0,322.0,9.0,-3.7,7,ete,18h-21h,0,1.0,1,0
2019-07-27 21:00:00,1.0,4.0,324.0,5.5,-2.8,7,ete,21h-24h,0,2.0,1,0
2019-07-28 00:00:00,1.0,4.0,337.0,10.3,-2.1,7,ete,00h-03h,0,1.0,1,0
2019-07-28 03:00:00,2.0,4.0,344.0,12.3,-1.5,7,ete,03h-06h,0,1.0,1,0
2019-07-28 06:00:00,1.0,4.0,347.0,14.5,1.7,7,ete,06h-09h,0,2.0,0,0
2019-07-28 09:00:00,1.0,4.0,348.0,10.0,-0.1,7,ete,09h-12h,0,1.0,1,0
2019-07-28 12:00:00,1.0,4.0,342.0,11.1,0.7,7,ete,12h-15h,0,1.0,0,0
2019-07-28 15:00:00,1.0,4.0,347.0,15.6,1.5,7,ete,15h-18h,0,1.0,0,0
2019-07-28 18:00:00,1.0,4.0,336.0,11.0,0.4,7,ete,18h-21h,0,1.0,0,0
2019-07-28 21:00:00,0.0,4.0,349.0,6.0,1.8,7,ete,21h-24h,0,1.0,0,0
2019-07-29 00:00:00,2.0,5.0,347.0,7.4,-1.1,7,ete,00h-03h,0,0.0,1,0
2019-07-29 03:00:00,2.0,5.0,347.0,7.7,-1.5,7,ete,03h-06h,0,2.0,1,0
2019-07-29 06:00:00,2.0,5.0,362.0,9.4,-0.8,7,ete,06h-09h,0,2.0,1,0
2019-07-29 09:00:00,1.0,5.0,374.0,7.9,2.5,7,ete,09h-12h,0,2.0,0,0
2019-07-29 12:00:00,1.0,5.0,372.0,7.4,-1.4,7,ete,12h-15h,0,1.0,1,0
2019-07-29 15:00:00,1.0,5.0,364.0,6.6,-2.4,7,ete,15h-18h,0,1.0,1,0
2019-07-29 18:00:00,0.0,5.0,361.0,5.6,0.7,7,ete,18h-21h,0,1.0,0,0
2019-07-29 21:00:00,1.0,5.0,357.0,4.1,1.8,7,ete,21h-24h,0,0.0,0,0
2019-07-30 00:00:00,1.0,8.0,351.0,3.7,-0.9,7,ete,00h-03h,0,1.0,1,0
2019-07-30 03:00:00,0.0,8.0,335.0,3.8,-1.0,7,ete,03h-06h,0,1.0,1,0
2019-07-30 06:00:00,1.0,8.0,328.0,4.1,0.3,7,ete,06h-09h,0,0.0,0,0
2019-07-30 09:00:00,0.0,8.0,353.0,7.9,-1.1,7,ete,09h-12h,0,1.0,1,0
2019-07-30 12:00:00,3.0,8.0,350.0,12.9,-1.9,7,ete,12h-15h,0,0.0,1,0
2019-07-30 15:00:00,3.0,8.0,360.0,16.1,-3.1,7,ete,15h-18h,0,3.0,1,0
2019-07-30 18:00:00,2.0,8.0,379.0,7.2,-1.2,7,ete,18h-21h,0,3.0,1,0
2019-07-30 21:00:00,3.0,8.0,402.0,12.4,5.5,7,ete,21h-24h,0,2.0,0,0
2019-07-31 00:00:00,3.0,8.0,453.0,6.1,6.4,7,ete,00h-03h,0,3.0,0,0
2019-07-31 03:00:00,2.0,8.0,464.0,5.9,0.6,7,ete,03h-06h,0,3.0,0,0
2019-07-31 06:00:00,3.0,8.0,458.0,6.3,1.3,7,ete,06h-09h,0,2.0,0,0
2019-07-31 09:00:00,2.0,8.0,461.0,5.5,0.6,7,ete,09h-12h,0,3.0,0,0
2019-07-31 12:00:00,2.0,8.0,464.0,6.2,1.6,7,ete,12h-15h,0,2.0,0,0
2019-07-31 15:00:00,1.0,8.0,460.0,6.3,3.9,7,ete,15h-18h,0,2.0,0,0
2019-07-31 18:00:00,1.0,8.0,482.0,7.3,1.7,7,ete,18h-21h,0,1.0,0,0
2019-07-31 21:00:00,2.0,8.0,491.0,6.5,3.3,7,ete,21h-24h,0,1.0,0,0
2019-08-01 00:00:00,3.0,8.0,476.0,5.8,-1.3,8,ete,00h-03h,0,2.0,1,0
2019-08-01 03:00:00,2.0,8.0,526.0,2.2,0.0,8,ete,03h-06h,0,3.0,0,0
2019-08-01 06:00:00,2.0,8.0,553.0,2.4,1.3,8,ete,06h-09h,0,2.0,0,0
2019-08-01 09:00:00,1.0,8.0,542.0,2.3,0.9,8,ete,09h-12h,0,2.0,0,0
2019-08-01 12:00:00,1.0,8.0,523.0,2.5,0.7,8,ete,12h-15h,0,1.0,0,0
2019-08-01 15:00:00,1.0,8.0,511.0,3.4,0.9,8,ete,15h-18h,0,1.0,0,0
2019-08-01 18:00:00,2.0,8.0,494.0,3.5,1.4,8,ete,18h-21h,0,1.0,0,0
2019-08-01 21:00:00,3.0,8.0,495.0,3.2,-2.6,8,ete,21h-24h,0,2.0,1,0
2019-08-02 00:00:00,1.0,4.0,493.0,2.8,0.4,8,ete,00h-03h,0,3.0,0,0
2019-08-02 03:00:00,2.0,4.0,470.0,1.9,-0.4,8,ete,03h-06h,0,1.0,1,0
2019-08-02 06:00:00,1.0,4.0,478.0,1.9,-0.5,8,ete,06h-09h,0,2.0,1,0
2019-08-02 09:00:00,1.0,4.0,456.0,2.1,-0.1,8,ete,09h-12h,0,1.0,1,0
2019-08-02 12:00:00,1.0,4.0,443.0,2.4,0.6,8,ete,12h-15h,0,1.0,0,0
2019-08-02 15:00:00,1.0,4.0,424.0,5.5,0.5,8,ete,15h-18h,0,1.0,0,0
2019-08-02 18:00:00,1.0,4.0,411.0,6.0,0.3,8,ete,18h-21h,0,1.0,0,0
2019-08-02 21:00:00,1.0,4.0,406.0,6.5,1.7,8,ete,21h-24h,0,1.0,0,0
2019-08-04 00:00:00,1.0,4.0,343.0,6.5,-0.1,8,ete,00h-03h,0,1.0,1,0
2019-08-04 03:00:00,1.0,4.0,349.0,8.1,0.4,8,ete,03h-06h,0,1.0,0,0
2019-08-04 06:00:00,2.0,4.0,342.0,6.6,-0.4,8,ete,06h-09h,0,1.0,1,0
2019-08-04 09:00:00,1.0,4.0,368.0,12.0,-0.5,8,ete,09h-12h,0,2.0,1,0
2019-08-04 12:00:00,1.0,4.0,345.0,6.7,-1.1,8,ete,12h-15h,0,1.0,1,0
2019-08-04 15:00:00,1.0,4.0,343.0,8.8,-2.6,8,ete,15h-18h,0,1.0,1,0
2019-08-04 18:00:00,0.0,4.0,334.0,12.8,-0.3,8,ete,18h-21h,0,1.0,1,0
2019-08-04 21:00:00,2.0,4.0,329.0,13.0,0.8,8,ete,21h-24h,0,0.0,0,0
2019-08-05 00:00:00,1.0,35.0,324.0,21.7,0.6,8,ete,00h-03h,0,2.0,0,0
2019-08-05 03:00:00,3.0,35.0,387.0,23.6,-2.1,8,ete,03h-06h,0,1.0,1,0
2019-08-05 06:00:00,5.0,35.0,486.0,19.9,-5.1,8,ete,06h-09h,0,3.0,1,1
2019-08-05 09:00:00,5.0,35.0,539.0,14.0,-4.9,8,ete,09h-12h,0,5.0,1,1
2019-08-05 12:00:00,5.0,35.0,633.0,7.2,-2.0,8,ete,12h-15h,0,5.0,1,1
2019-08-05 15:00:00,5.0,35.0,667.0,5.2,-3.8,8,ete,15h-18h,0,5.0,1,1
2019-08-05 18:00:00,4.0,35.0,687.0,3.5,1.5,8,ete,18h-21h,0,5.0,0,0
2019-08-05 21:00:00,4.0,35.0,706.0,2.4,-0.9,8,ete,21h-24h,0,4.0,1,0
2019-08-06 00:00:00,3.0,12.0,705.0,2.2,-1.6,8,ete,00h-03h,0,4.0,1,0
2019-08-06 03:00:00,3.0,12.0,712.0,2.0,1.8,8,ete,03h-06h,0,3.0,0,0
2019-08-06 06:00:00,2.0,12.0,705.0,1.8,1.6,8,ete,06h-09h,0,3.0,0,0
2019-08-06 09:00:00,3.0,12.0,682.0,2.2,-1.9,8,ete,09h-12h,0,2.0,1,0
2019-08-06 12:00:00,2.0,12.0,641.0,2.1,-0.8,8,ete,12h-15h,0,3.0,1,0
2019-08-06 15:00:00,2.0,12.0,615.0,1.8,-1.1,8,ete,15h-18h,0,2.0,1,0
2019-08-06 18:00:00,1.0,12.0,599.0,2.8,0.1,8,ete,18h-21h,0,2.0,0,0
2019-08-06 21:00:00,3.0,12.0,637.0,2.3,-0.5,8,ete,21h-24h,0,1.0,1,0
2019-08-07 00:00:00,2.0,6.0,601.0,2.4,-1.1,8,ete,00h-03h,0,3.0,1,0
2019-08-07 03:00:00,2.0,6.0,572.0,2.1,-0.4,8,ete,03h-06h,0,2.0,1,0
2019-08-07 06:00:00,1.0,6.0,551.0,1.9,-0.4,8,ete,06h-09h,0,2.0,1,0
2019-08-07 09:00:00,1.0,6.0,518.0,1.9,-0.0,8,ete,09h-12h,0,1.0,0,0
2019-08-07 12:00:00,1.0,6.0,507.0,2.6,-0.5,8,ete,12h-15h,0,1.0,1,0
2019-08-07 15:00:00,1.0,6.0,478.0,2.3,-0.5,8,ete,15h-18h,0,1.0,1,0
2019-08-07 18:00:00,1.0,6.0,488.0,2.6,0.1,8,ete,18h-21h,0,1.0,0,0
2019-08-07 21:00:00,2.0,6.0,482.0,2.6,-1.4,8,ete,21h-24h,0,1.0,1,0
2019-08-08 00:00:00,2.0,7.0,447.0,2.3,-1.5,8,ete,00h-03h,0,2.0,1,0
2019-08-08 03:00:00,2.0,7.0,449.0,3.4,1.3,8,ete,03h-06h,0,2.0,0,0
2019-08-08 06:00:00,2.0,7.0,438.0,2.6,-0.7,8,ete,06h-09h,0,2.0,1,0
2019-08-08 09:00:00,1.0,7.0,440.0,2.5,2.9,8,ete,09h-12h,0,2.0,0,0
2019-08-08 12:00:00,3.0,7.0,506.0,2.4,-0.0,8,ete,12h-15h,0,1.0,0,0
2019-08-08 15:00:00,2.0,7.0,542.0,2.3,0.6,8,ete,15h-18h,0,3.0,0,0
2019-08-08 18:00:00,1.0,7.0,524.0,1.9,1.7,8,ete,18h-21h,0,2.0,0,0
2019-08-08 21:00:00,1.0,7.0,527.0,1.9,0.2,8,ete,21h-24h,0,1.0,0,0
2019-08-09 00:00:00,1.0,6.0,519.0,1.5,2.2,8,ete,00h-03h,0,1.0,0,0
2019-08-09 03:00:00,1.0,6.0,501.0,2.1,3.6,8,ete,03h-06h,0,1.0,0,0
2019-08-09 06:00:00,2.0,6.0,499.0,2.9,2.9,8,ete,06h-09h,0,1.0,0,0
2019-08-09 09:00:00,2.0,6.0,483.0,2.8,1.4,8,ete,09h-12h,0,2.0,0,0
2019-08-09 12:00:00,2.0,6.0,476.0,2.4,-0.3,8,ete,12h-15h,0,2.0,1,0
2019-08-09 15:00:00,2.0,6.0,492.0,2.2,-1.2,8,ete,15h-18h,0,2.0,1,0
2019-08-09 18:00:00,2.0,6.0,546.0,3.2,0.4,8,ete,18h-21h,0,2.0,0,0
2019-08-09 21:00:00,3.0,6.0,608.0,4.2,-0.5,8,ete,21h-24h,0,2.0,1,0
2019-08-10 00:00:00,3.0,8.0,630.0,3.1,-2.0,8,ete,00h-03h,0,3.0,1,0
2019-08-10 03:00:00,2.0,8.0,603.0,1.6,-1.1,8,ete,03h-06h,0,3.0,1,0
2019-08-10 06:00:00,2.0,8.0,563.0,1.5,-1.3,8,ete,06h-09h,0,2.0,1,0
2019-08-10 09:00:00,2.0,8.0,523.0,1.5,-0.9,8,ete,09h-12h,0,2.0,1,0
2019-08-10 12:00:00,1.0,8.0,512.0,1.3,-0.1,8,ete,12h-15h,0,2.0,1,0
2019-08-10 15:00:00,1.0,8.0,479.0,1.9,-1.2,8,ete,15h-18h,0,1.0,1,0
2019-08-10 18:00:00,2.0,8.0,486.0,2.8,0.7,8,ete,18h-21h,0,1.0,0,0
2019-08-10 21:00:00,2.0,8.0,491.0,3.2,-1.0,8,ete,21h-24h,0,2.0,1,0
2019-08-11 00:00:00,1.0,6.0,478.0,2.2,0.2,8,ete,00h-03h,0,2.0,0,0
2019-08-11 03:00:00,1.0,6.0,446.0,2.7,-0.4,8,ete,03h-06h,0,1.0,1,0
2019-08-11 06:00:00,2.0,6.0,434.0,3.2,-1.2,8,ete,06h-09h,0,1.0,1,0
2019-08-11 09:00:00,2.0,6.0,450.0,3.8,-0.7,8,ete,09h-12h,0,2.0,1,0
2019-08-11 12:00:00,3.0,6.0,455.0,6.4,-2.8,8,ete,12h-15h,0,2.0,1,0
2019-08-11 15:00:00,1.0,6.0,462.0,4.7,3.1,8,ete,15h-18h,0,3.0,0,0
2019-08-11 18:00:00,1.0,6.0,441.0,3.3,1.0,8,ete,18h-21h,0,1.0,0,0
2019-08-11 21:00:00,2.0,6.0,422.0,6.4,0.5,8,ete,21h-24h,0,1.0,0,0
2019-08-12 00:00:00,1.0,5.0,393.0,5.9,0.2,8,ete,00h-03h,0,2.0,0,0
2019-08-12 03:00:00,1.0,5.0,388.0,12.8,-2.1,8,ete,03h-06h,0,1.0,1,0
2019-08-12 06:00:00,1.0,5.0,379.0,13.7,0.7,8,ete,06h-09h,0,1.0,0,0
2019-08-12 09:00:00,2.0,5.0,399.0,8.1,1.4,8,ete,09h-12h,0,1.0,0,0
2019-08-12 12:00:00,2.0,5.0,448.0,5.8,1.0,8,ete,12h-15h,0,2.0,0,0
2019-08-12 15:00:00,1.0,5.0,467.0,4.5,-0.8,8,ete,15h-18h,0,2.0,1,0
2019-08-12 18:00:00,1.0,5.0,469.0,5.8,0.9,8,ete,18h-21h,0,1.0,0,0
2019-08-12 21:00:00,2.0,5.0,458.0,6.4,-0.5,8,ete,21h-24h,0,1.0,1,0
2019-08-13 00:00:00,2.0,7.0,457.0,10.1,0.2,8,ete,00h-03h,0,2.0,0,0
2019-08-13 03:00:00,2.0,7.0,430.0,5.2,-1.1,8,ete,03h-06h,0,2.0,1,0
2019-08-13 06:00:00,1.0,7.0,422.0,4.4,1.0,8,ete,06h-09h,0,2.0,0,0
2019-08-13 09:00:00,2.0,7.0,450.0,5.2,-2.6,8,ete,09h-12h,0,1.0,1,0
2019-08-13 12:00:00,2.0,7.0,455.0,4.3,-0.9,8,ete,12h-15h,0,2.0,1,0
2019-08-13 15:00:00,2.0,7.0,480.0,4.0,-2.2,8,ete,15h-18h,0,2.0,1,0
2019-08-13 18:00:00,1.0,7.0,491.0,3.3,-1.3,8,ete,18h-21h,0,2.0,1,0
2019-08-13 21:00:00,2.0,7.0,481.0,3.1,-0.1,8,ete,21h-24h,0,1.0,1,0
2019-08-14 00:00:00,2.0,5.0,461.0,3.5,0.5,8,ete,00h-03h,0,2.0,0,0
2019-08-14 03:00:00,1.0,5.0,484.0,1.7,-0.9,8,ete,03h-06h,0,2.0,1,0
2019-08-14 06:00:00,1.0,5.0,456.0,1.8,-0.8,8,ete,06h-09h,0,1.0,1,0
2019-08-14 09:00:00,2.0,5.0,464.0,3.2,-0.8,8,ete,09h-12h,0,1.0,1,0
2019-08-14 12:00:00,1.0,5.0,446.0,2.7,-0.3,8,ete,12h-15h,0,2.0,1,0
2019-08-14 15:00:00,1.0,5.0,447.0,2.7,-0.0,8,ete,15h-18h,0,1.0,0,0
2019-08-14 18:00:00,1.0,5.0,442.0,3.0,0.8,8,ete,18h-21h,0,1.0,0,0
2019-08-14 21:00:00,1.0,5.0,463.0,2.3,1.5,8,ete,21h-24h,0,1.0,0,0
2019-08-15 00:00:00,0.0,4.0,467.0,2.8,1.4,8,ete,00h-03h,0,1.0,0,0
2019-08-15 03:00:00,1.0,4.0,455.0,2.3,-0.0,8,ete,03h-06h,0,0.0,0,0
2019-08-15 06:00:00,1.0,4.0,440.0,2.6,0.1,8,ete,06h-09h,0,1.0,0,0
2019-08-15 09:00:00,1.0,4.0,429.0,3.3,-1.3,8,ete,09h-12h,0,1.0,1,0
2019-08-15 12:00:00,1.0,4.0,416.0,3.3,-0.4,8,ete,12h-15h,0,1.0,1,0
2019-08-15 15:00:00,1.0,4.0,423.0,3.7,1.2,8,ete,15h-18h,0,1.0,0,0
2019-08-15 18:00:00,1.0,4.0,427.0,4.3,1.2,8,ete,18h-21h,0,1.0,0,0
2019-08-15 21:00:00,2.0,4.0,426.0,5.9,2.5,8,ete,21h-24h,0,1.0,0,0
2019-08-16 00:00:00,1.0,5.0,425.0,5.2,-0.9,8,ete,00h-03h,0,2.0,1,0
2019-08-16 03:00:00,1.0,5.0,408.0,4.9,1.1,8,ete,03h-06h,0,1.0,0,0
2019-08-16 06:00:00,2.0,5.0,418.0,4.5,0.1,8,ete,06h-09h,0,1.0,0,0
2019-08-16 09:00:00,3.0,5.0,424.0,4.3,-2.1,8,ete,09h-12h,0,2.0,1,0
2019-08-16 12:00:00,1.0,5.0,401.0,4.3,-0.9,8,ete,12h-15h,0,3.0,1,0
2019-08-16 15:00:00,1.0,5.0,392.0,3.6,-1.8,8,ete,15h-18h,0,1.0,1,0
2019-08-16 18:00:00,1.0,5.0,381.0,3.2,-0.6,8,ete,18h-21h,0,1.0,1,0
2019-08-16 21:00:00,1.0,5.0,368.0,3.4,-1.0,8,ete,21h-24h,0,1.0,1,0
2019-08-17 00:00:00,1.0,4.0,366.0,4.2,0.4,8,ete,00h-03h,0,1.0,0,0
2019-08-17 03:00:00,2.0,4.0,365.0,6.1,-3.4,8,ete,03h-06h,0,1.0,1,0
2019-08-17 06:00:00,1.0,4.0,361.0,8.7,0.6,8,ete,06h-09h,0,2.0,0,0
2019-08-17 09:00:00,1.0,4.0,363.0,7.2,-0.5,8,ete,09h-12h,0,1.0,1,0
2019-08-17 12:00:00,1.0,4.0,350.0,7.5,-0.4,8,ete,12h-15h,0,1.0,1,0
2019-08-17 15:00:00,1.0,4.0,346.0,7.1,-0.9,8,ete,15h-18h,0,1.0,1,0
2019-08-17 18:00:00,0.0,4.0,335.0,9.6,0.8,8,ete,18h-21h,0,1.0,0,0
2019-08-17 21:00:00,1.0,4.0,356.0,7.5,2.3,8,ete,21h-24h,0,0.0,0,0
2019-08-18 00:00:00,3.0,6.0,358.0,11.0,-2.5,8,ete,00h-03h,0,1.0,1,0
2019-08-18 03:00:00,2.0,6.0,344.0,14.4,0.3,8,ete,03h-06h,0,3.0,0,0
2019-08-18 06:00:00,2.0,6.0,354.0,11.2,2.0,8,ete,06h-09h,0,2.0,0,0
2019-08-18 09:00:00,1.0,6.0,339.0,5.6,0.5,8,ete,09h-12h,0,2.0,0,0
2019-08-18 12:00:00,1.0,6.0,367.0,5.1,0.6,8,ete,12h-15h,0,1.0,0,0
2019-08-18 15:00:00,1.0,6.0,361.0,5.6,0.2,8,ete,15h-18h,0,1.0,0,0
2019-08-18 18:00:00,1.0,6.0,360.0,5.4,-1.7,8,ete,18h-21h,0,1.0,1,0
2019-08-18 21:00:00,1.0,6.0,361.0,5.1,-2.9,8,ete,21h-24h,0,1.0,1,0
2019-08-19 00:00:00,1.0,4.0,361.0,7.0,-2.0,8,ete,00h-03h,0,1.0,1,0
2019-08-19 03:00:00,2.0,4.0,369.0,6.5,-1.3,8,ete,03h-06h,0,1.0,1,0
2019-08-19 06:00:00,1.0,4.0,371.0,9.2,1.1,8,ete,06h-09h,0,2.0,0,0
2019-08-19 09:00:00,1.0,4.0,363.0,10.1,-1.1,8,ete,09h-12h,0,1.0,1,0
2019-08-19 12:00:00,1.0,4.0,358.0,10.0,1.1,8,ete,12h-15h,0,1.0,0,0
2019-08-19 15:00:00,1.0,4.0,361.0,9.8,0.5,8,ete,15h-18h,0,1.0,0,0
2019-08-19 18:00:00,0.0,4.0,343.0,5.2,1.2,8,ete,18h-21h,0,1.0,0,0
2019-08-19 21:00:00,1.0,4.0,341.0,7.0,3.1,8,ete,21h-24h,0,0.0,0,0
2019-08-20 00:00:00,2.0,4.0,328.0,5.4,0.2,8,ete,00h-03h,0,1.0,0,0
2019-08-20 03:00:00,2.0,4.0,365.0,12.1,-1.1,8,ete,03h-06h,0,2.0,1,0
2019-08-20 06:00:00,1.0,4.0,365.0,10.2,3.7,8,ete,06h-09h,0,2.0,0,0
2019-08-20 09:00:00,1.0,4.0,388.0,4.9,4.7,8,ete,09h-12h,0,1.0,0,0
2019-08-20 12:00:00,2.0,4.0,404.0,5.2,1.2,8,ete,12h-15h,0,1.0,0,0
2019-08-20 15:00:00,1.0,4.0,406.0,3.3,1.1,8,ete,15h-18h,0,2.0,0,0
2019-08-20 18:00:00,0.0,4.0,409.0,4.3,-0.7,8,ete,18h-21h,0,1.0,1,0
2019-08-20 21:00:00,1.0,4.0,408.0,4.3,0.1,8,ete,21h-24h,0,0.0,0,0
2019-08-21 00:00:00,1.0,4.0,404.0,5.2,0.1,8,ete,00h-03h,0,1.0,0,0
2019-08-21 03:00:00,2.0,4.0,391.0,7.0,-1.1,8,ete,03h-06h,0,1.0,1,0
2019-08-21 06:00:00,1.0,4.0,387.0,7.5,1.0,8,ete,06h-09h,0,2.0,0,0
2019-08-21 09:00:00,1.0,4.0,375.0,9.3,0.0,8,ete,09h-12h,0,1.0,0,0
2019-08-21 12:00:00,1.0,4.0,362.0,8.9,0.4,8,ete,12h-15h,0,1.0,0,0
2019-08-21 15:00:00,1.0,4.0,360.0,8.7,0.3,8,ete,15h-18h,0,1.0,0,0
2019-08-21 18:00:00,1.0,4.0,358.0,11.0,0.3,8,ete,18h-21h,0,1.0,0,0
2019-08-21 21:00:00,0.0,4.0,347.0,8.4,0.5,8,ete,21h-24h,0,1.0,0,0
2019-08-22 00:00:00,2.0,6.0,352.0,10.9,-0.1,8,ete,00h-03h,0,0.0,1,0
2019-08-22 03:00:00,1.0,6.0,346.0,11.4,1.5,8,ete,03h-06h,0,2.0,0,0
2019-08-22 06:00:00,2.0,6.0,347.0,8.7,-1.0,8,ete,06h-09h,0,1.0,1,0
2019-08-22 09:00:00,2.0,6.0,349.0,14.2,-0.5,8,ete,09h-12h,0,2.0,1,0
2019-08-22 12:00:00,1.0,6.0,359.0,10.0,-0.2,8,ete,12h-15h,0,2.0,1,0
2019-08-22 15:00:00,1.0,6.0,355.0,8.5,0.1,8,ete,15h-18h,0,1.0,0,0
2019-08-22 18:00:00,2.0,6.0,349.0,10.7,-1.6,8,ete,18h-21h,0,1.0,1,0
2019-08-22 21:00:00,2.0,6.0,359.0,12.6,0.8,8,ete,21h-24h,0,2.0,0,0
2019-08-23 00:00:00,1.0,4.0,362.0,12.9,2.7,8,ete,00h-03h,0,2.0,0,0
2019-08-23 03:00:00,2.0,4.0,375.0,11.7,-3.9,8,ete,03h-06h,0,1.0,1,0
2019-08-23 06:00:00,2.0,4.0,370.0,7.0,1.1,8,ete,06h-09h,0,2.0,0,0
2019-08-23 09:00:00,1.0,4.0,368.0,4.0,-0.2,8,ete,09h-12h,0,2.0,1,0
2019-08-23 12:00:00,0.0,4.0,370.0,2.8,0.0,8,ete,12h-15h,0,1.0,0,0
2019-08-23 15:00:00,0.0,4.0,379.0,3.7,-0.9,8,ete,15h-18h,0,0.0,1,0
2019-08-23 18:00:00,1.0,4.0,361.0,6.0,0.0,8,ete,18h-21h,0,0.0,0,0
2019-08-23 21:00:00,1.0,4.0,356.0,6.6,-0.7,8,ete,21h-24h,0,1.0,1,0
2019-08-24 00:00:00,2.0,5.0,359.0,7.6,0.1,8,ete,00h-03h,0,1.0,0,0
2019-08-24 03:00:00,2.0,5.0,354.0,6.0,-1.0,8,ete,03h-06h,0,2.0,1,0
2019-08-24 06:00:00,1.0,5.0,351.0,7.0,-0.3,8,ete,06h-09h,0,2.0,1,0
2019-08-24 09:00:00,2.0,5.0,345.0,6.6,-2.3,8,ete,09h-12h,0,1.0,1,0
2019-08-24 12:00:00,1.0,5.0,341.0,5.7,1.1,8,ete,12h-15h,0,2.0,0,0
2019-08-24 15:00:00,1.0,5.0,335.0,6.2,-1.0,8,ete,15h-18h,0,1.0,1,0
2019-08-24 18:00:00,1.0,5.0,330.0,6.7,-0.4,8,ete,18h-21h,0,1.0,1,0
2019-08-24 21:00:00,0.0,5.0,334.0,5.4,0.1,8,ete,21h-24h,0,1.0,0,0
2019-08-25 00:00:00,1.0,4.0,333.0,6.7,-0.7,8,ete,00h-03h,0,0.0,1,0
2019-08-25 03:00:00,1.0,4.0,334.0,6.8,-1.3,8,ete,03h-06h,0,1.0,1,0
2019-08-25 06:00:00,2.0,4.0,329.0,7.3,-2.3,8,ete,06h-09h,0,1.0,1,0
2019-08-25 09:00:00,1.0,4.0,328.0,6.8,-1.0,8,ete,09h-12h,0,2.0,1,0
2019-08-25 12:00:00,1.0,4.0,324.0,7.1,0.1,8,ete,12h-15h,0,1.0,0,0
2019-08-25 15:00:00,1.0,4.0,313.0,7.7,1.0,8,ete,15h-18h,0,1.0,0,0
2019-08-25 18:00:00,0.0,4.0,315.0,8.3,-0.4,8,ete,18h-21h,0,1.0,1,0
2019-08-25 21:00:00,2.0,4.0,319.0,9.4,0.6,8,ete,21h-24h,0,0.0,0,0
2019-08-26 00:00:00,2.0,6.0,325.0,11.8,-0.6,8,ete,00h-03h,0,2.0,1,0
2019-08-26 03:00:00,1.0,6.0,323.0,13.3,2.5,8,ete,03h-06h,0,2.0,0,0
2019-08-26 06:00:00,1.0,6.0,316.0,13.9,-1.4,8,ete,06h-09h,0,1.0,1,0
2019-08-26 09:00:00,2.0,6.0,331.0,6.9,-0.9,8,ete,09h-12h,0,1.0,1,0
2019-08-26 12:00:00,1.0,6.0,325.0,8.0,-3.2,8,ete,12h-15h,0,2.0,1,0
2019-08-26 15:00:00,1.0,6.0,314.0,8.2,1.1,8,ete,15h-18h,0,1.0,0,0
2019-08-26 18:00:00,1.0,6.0,334.0,17.5,1.8,8,ete,18h-21h,0,1.0,0,0
2019-08-26 21:00:00,2.0,6.0,340.0,15.4,-1.5,8,ete,21h-24h,0,1.0,1,0
2019-08-27 00:00:00,3.0,10.0,345.0,25.0,-2.4,8,ete,00h-03h,0,2.0,1,0
2019-08-27 03:00:00,3.0,10.0,358.0,48.5,6.7,8,ete,03h-06h,0,3.0,0,0
2019-08-27 06:00:00,2.0,10.0,455.0,8.6,2.9,8,ete,06h-09h,0,3.0,0,0
2019-08-27 09:00:00,3.0,10.0,502.0,3.0,-0.8,8,ete,09h-12h,0,2.0,1,0
2019-08-27 12:00:00,2.0,10.0,480.0,5.7,-0.8,8,ete,12h-15h,0,3.0,1,0
2019-08-27 15:00:00,2.0,10.0,444.0,10.8,1.9,8,ete,15h-18h,0,2.0,0,0
2019-08-27 18:00:00,2.0,10.0,442.0,8.3,-1.0,8,ete,18h-21h,0,2.0,1,0
2019-08-27 21:00:00,2.0,10.0,449.0,6.0,0.0,8,ete,21h-24h,0,2.0,0,0
2019-08-28 00:00:00,2.0,5.0,443.0,4.7,0.1,8,ete,00h-03h,0,2.0,0,0
2019-08-28 03:00:00,2.0,5.0,469.0,3.2,2.1,8,ete,03h-06h,0,2.0,0,0
2019-08-28 06:00:00,2.0,5.0,496.0,3.5,2.0,8,ete,06h-09h,0,2.0,0,0
2019-08-28 09:00:00,1.0,5.0,489.0,2.8,2.2,8,ete,09h-12h,0,2.0,0,0
2019-08-28 12:00:00,1.0,5.0,485.0,2.0,1.5,8,ete,12h-15h,0,1.0,0,0
2019-08-28 15:00:00,1.0,5.0,449.0,1.9,1.2,8,ete,15h-18h,0,1.0,0,0
2019-08-28 18:00:00,0.0,5.0,454.0,1.9,0.2,8,ete,18h-21h,0,1.0,0,0
2019-08-28 21:00:00,1.0,5.0,440.0,1.9,0.4,8,ete,21h-24h,0,0.0,0,0
2019-08-29 00:00:00,1.0,3.0,420.0,1.5,0.0,8,ete,00h-03h,0,1.0,0,0
2019-08-29 03:00:00,0.0,3.0,395.0,2.2,-0.4,8,ete,03h-06h,0,1.0,1,0
2019-08-29 06:00:00,0.0,3.0,371.0,3.4,0.1,8,ete,06h-09h,0,0.0,0,0
2019-08-29 09:00:00,1.0,3.0,352.0,5.6,-0.4,8,ete,09h-12h,0,0.0,1,0
2019-08-29 12:00:00,1.0,3.0,358.0,9.0,-1.9,8,ete,12h-15h,0,1.0,1,0
2019-08-29 15:00:00,1.0,3.0,359.0,12.7,2.1,8,ete,15h-18h,0,1.0,0,0
2019-08-29 18:00:00,1.0,3.0,376.0,7.1,2.2,8,ete,18h-21h,0,1.0,0,0
2019-08-29 21:00:00,1.0,3.0,381.0,7.2,1.6,8,ete,21h-24h,0,1.0,0,0
2019-08-30 00:00:00,2.0,10.0,383.0,6.5,1.7,8,ete,00h-03h,0,1.0,0,0
2019-08-30 03:00:00,1.0,10.0,388.0,6.1,-0.1,8,ete,03h-06h,0,2.0,1,0
2019-08-30 06:00:00,1.0,10.0,386.0,5.6,-0.8,8,ete,06h-09h,0,1.0,1,0
2019-08-30 09:00:00,1.0,10.0,379.0,6.3,0.0,8,ete,09h-12h,0,1.0,0,0
2019-08-30 12:00:00,3.0,10.0,394.0,13.0,-0.0,8,ete,12h-15h,0,1.0,0,0
2019-08-30 15:00:00,3.0,10.0,426.0,10.2,0.4,8,ete,15h-18h,0,3.0,0,0
2019-08-30 18:00:00,3.0,10.0,465.0,8.1,-0.2,8,ete,18h-21h,0,3.0,1,0
2019-08-30 21:00:00,3.0,10.0,489.0,9.0,-1.0,8,ete,21h-24h,0,3.0,1,0
2019-08-31 00:00:00,4.0,38.0,555.0,9.0,-1.4,8,ete,00h-03h,0,3.0,1,0
2019-08-31 03:00:00,5.0,38.0,581.0,8.1,1.7,8,ete,03h-06h,0,4.0,0,1
2019-08-31 06:00:00,4.0,38.0,657.0,4.6,-2.1,8,ete,06h-09h,0,5.0,1,0
2019-08-31 09:00:00,5.0,38.0,640.0,6.6,-2.9,8,ete,09h-12h,0,4.0,1,1
2019-08-31 12:00:00,6.0,38.0,661.0,4.9,-2.4,8,ete,12h-15h,0,5.0,1,1
2019-08-31 15:00:00,4.0,38.0,715.0,3.6,1.2,8,ete,15h-18h,0,6.0,0,0
2019-08-31 18:00:00,4.0,38.0,710.0,2.8,-1.6,8,ete,18h-21h,0,4.0,1,0
2019-08-31 21:00:00,4.0,38.0,692.0,2.4,-1.7,8,ete,21h-24h,0,4.0,1,0
2019-09-01 00:00:00,5.0,45.0,681.0,2.8,-2.3,9,automne,00h-03h,0,4.0,1,1
2019-09-01 03:00:00,5.0,45.0,739.0,3.1,-3.3,9,automne,03h-06h,0,5.0,1,1
2019-09-01 06:00:00,5.0,45.0,743.0,2.7,-2.3,9,automne,06h-09h,0,5.0,1,1
2019-09-01 09:00:00,5.0,45.0,726.0,3.4,-5.1,9,automne,09h-12h,0,5.0,1,1
2019-09-01 12:00:00,6.0,45.0,666.0,4.1,-3.0,9,automne,12h-15h,0,5.0,1,1
2019-09-01 15:00:00,4.0,45.0,637.0,4.6,0.6,9,automne,15h-18h,0,6.0,0,0
2019-09-01 18:00:00,5.0,45.0,692.0,3.4,-3.9,9,automne,18h-21h,0,4.0,1,1
2019-09-01 21:00:00,5.0,45.0,670.0,3.6,2.5,9,automne,21h-24h,0,5.0,0,1
2019-09-02 00:00:00,5.0,21.0,716.0,2.9,-3.4,9,automne,00h-03h,0,5.0,1,1
2019-09-02 03:00:00,4.0,21.0,681.0,3.2,1.0,9,automne,03h-06h,0,5.0,0,0
2019-09-02 06:00:00,4.0,21.0,702.0,2.5,1.0,9,automne,06h-09h,0,4.0,0,0
2019-09-02 09:00:00,3.0,21.0,695.0,1.8,0.3,9,automne,09h-12h,0,4.0,0,0
2019-09-02 12:00:00,2.0,21.0,672.0,2.2,-1.0,9,automne,12h-15h,0,3.0,1,0
2019-09-02 15:00:00,3.0,21.0,673.0,2.1,0.2,9,automne,15h-18h,0,2.0,0,0
2019-09-02 18:00:00,4.0,21.0,667.0,2.2,-2.5,9,automne,18h-21h,0,3.0,1,0
2019-09-02 21:00:00,3.0,21.0,664.0,2.8,1.8,9,automne,21h-24h,0,4.0,0,0
2019-09-03 00:00:00,3.0,10.0,659.0,2.3,0.4,9,automne,00h-03h,0,3.0,0,0
2019-09-03 03:00:00,3.0,10.0,664.0,2.0,-0.4,9,automne,03h-06h,0,3.0,1,0
2019-09-03 06:00:00,3.0,10.0,637.0,1.9,-0.8,9,automne,06h-09h,0,3.0,1,0
2019-09-03 09:00:00,3.0,10.0,609.0,1.9,0.8,9,automne,09h-12h,0,3.0,0,0
2019-09-03 12:00:00,2.0,10.0,612.0,2.1,0.6,9,automne,12h-15h,0,3.0,0,0
2019-09-03 15:00:00,1.0,10.0,612.0,2.1,0.0,9,automne,15h-18h,0,2.0,0,0
2019-09-03 18:00:00,1.0,10.0,600.0,2.2,-0.9,9,automne,18h-21h,0,1.0,1,0
2019-09-03 21:00:00,2.0,10.0,582.0,2.6,0.5,9,automne,21h-24h,0,1.0,0,0
2019-09-04 00:00:00,3.0,12.0,585.0,2.6,-0.5,9,automne,00h-03h,0,2.0,1,0
2019-09-04 03:00:00,3.0,12.0,538.0,2.5,-0.8,9,automne,03h-06h,0,3.0,1,0
2019-09-04 06:00:00,3.0,12.0,550.0,2.8,-1.9,9,automne,06h-09h,0,3.0,1,0
2019-09-04 09:00:00,2.0,12.0,501.0,1.8,-0.4,9,automne,09h-12h,0,3.0,1,0
2019-09-04 12:00:00,2.0,12.0,462.0,2.2,-1.3,9,automne,12h-15h,0,2.0,1,0
2019-09-04 15:00:00,2.0,12.0,474.0,3.6,-0.6,9,automne,15h-18h,0,2.0,1,0
2019-09-04 18:00:00,3.0,12.0,519.0,3.5,-2.1,9,automne,18h-21h,0,2.0,1,0
2019-09-04 21:00:00,2.0,12.0,555.0,4.2,-0.3,9,automne,21h-24h,0,3.0,1,0
2019-09-05 00:00:00,4.0,14.0,548.0,4.3,0.8,9,automne,00h-03h,0,2.0,0,0
2019-09-05 03:00:00,4.0,14.0,539.0,3.6,-3.0,9,automne,03h-06h,0,4.0,1,0
2019-09-05 06:00:00,3.0,14.0,526.0,2.2,-3.2,9,automne,06h-09h,0,4.0,1,0
2019-09-05 09:00:00,3.0,14.0,520.0,1.6,-1.0,9,automne,09h-12h,0,3.0,1,0
2019-09-05 12:00:00,2.0,14.0,527.0,2.5,-2.8,9,automne,12h-15h,0,3.0,1,0
2019-09-05 15:00:00,1.0,14.0,489.0,1.5,1.4,9,automne,15h-18h,0,2.0,0,0
2019-09-05 18:00:00,2.0,14.0,494.0,5.2,-0.4,9,automne,18h-21h,0,1.0,1,0
2019-09-05 21:00:00,2.0,14.0,522.0,4.1,-0.3,9,automne,21h-24h,0,2.0,1,0
2019-09-06 00:00:00,2.0,8.0,472.0,3.4,1.6,9,automne,00h-03h,0,2.0,0,0
2019-09-06 03:00:00,4.0,8.0,514.0,3.3,-1.3,9,automne,03h-06h,0,2.0,1,0
2019-09-06 06:00:00,2.0,8.0,524.0,3.7,-4.1,9,automne,06h-09h,0,4.0,1,0
2019-09-06 09:00:00,3.0,8.0,497.0,3.5,-0.7,9,automne,09h-12h,0,2.0,1,0
2019-09-06 12:00:00,1.0,8.0,503.0,2.1,0.1,9,automne,12h-15h,0,3.0,0,0
2019-09-06 15:00:00,1.0,8.0,481.0,1.5,-0.1,9,automne,15h-18h,0,1.0,1,0
2019-09-06 18:00:00,1.0,8.0,479.0,1.7,0.6,9,automne,18h-21h,0,1.0,0,0
2019-09-06 21:00:00,1.0,8.0,469.0,2.3,-0.4,9,automne,21h-24h,0,1.0,1,0
2019-09-07 00:00:00,1.0,7.0,487.0,2.2,-0.7,9,automne,00h-03h,0,1.0,1,0
2019-09-07 03:00:00,1.0,7.0,475.0,2.0,-0.7,9,automne,03h-06h,0,1.0,1,0
2019-09-07 06:00:00,3.0,7.0,476.0,3.2,-2.4,9,automne,06h-09h,0,1.0,1,0
2019-09-07 09:00:00,2.0,7.0,477.0,2.9,-1.8,9,automne,09h-12h,0,3.0,1,0
2019-09-07 12:00:00,2.0,7.0,475.0,3.2,-1.0,9,automne,12h-15h,0,2.0,1,0
2019-09-07 15:00:00,2.0,7.0,472.0,3.3,1.7,9,automne,15h-18h,0,2.0,0,0
2019-09-07 18:00:00,2.0,7.0,446.0,3.8,-0.4,9,automne,18h-21h,0,2.0,1,0
2019-09-07 21:00:00,2.0,7.0,442.0,4.2,-1.1,9,automne,21h-24h,0,2.0,1,0
2019-09-08 00:00:00,2.0,10.0,421.0,5.2,-2.8,9,automne,00h-03h,0,2.0,1,0
2019-09-08 03:00:00,3.0,10.0,425.0,6.2,1.1,9,automne,03h-06h,0,2.0,0,0
2019-09-08 06:00:00,3.0,10.0,428.0,6.6,-2.8,9,automne,06h-09h,0,3.0,1,0
2019-09-08 09:00:00,2.0,10.0,410.0,4.8,-0.9,9,automne,09h-12h,0,3.0,1,0
2019-09-08 12:00:00,2.0,10.0,443.0,4.1,-1.7,9,automne,12h-15h,0,2.0,1,0
2019-09-08 15:00:00,2.0,10.0,454.0,3.2,-1.9,9,automne,15h-18h,0,2.0,1,0
2019-09-08 18:00:00,2.0,10.0,426.0,3.3,-0.4,9,automne,18h-21h,0,2.0,1,0
2019-09-08 21:00:00,3.0,10.0,407.0,4.2,-0.4,9,automne,21h-24h,0,2.0,1,0
2019-09-09 00:00:00,3.0,14.0,405.0,4.4,-2.1,9,automne,00h-03h,0,3.0,1,0
2019-09-09 03:00:00,2.0,14.0,401.0,3.8,-0.8,9,automne,03h-06h,0,3.0,1,0
2019-09-09 06:00:00,3.0,14.0,446.0,6.7,-3.3,9,automne,06h-09h,0,2.0,1,0
2019-09-09 09:00:00,4.0,14.0,515.0,5.5,-1.2,9,automne,09h-12h,0,3.0,1,0
2019-09-09 12:00:00,3.0,14.0,508.0,4.7,-2.9,9,automne,12h-15h,0,4.0,1,0
2019-09-09 15:00:00,3.0,14.0,503.0,4.2,-1.7,9,automne,15h-18h,0,3.0,1,0
2019-09-09 18:00:00,0.0,14.0,491.0,3.8,-0.2,9,automne,18h-21h,0,3.0,1,0
2019-09-09 21:00:00,3.0,14.0,486.0,3.4,-1.8,9,automne,21h-24h,0,0.0,1,0
2019-09-10 00:00:00,2.0,4.0,456.0,2.3,-0.1,9,automne,00h-03h,0,3.0,1,0
2019-09-10 03:00:00,2.0,4.0,489.0,2.1,-0.3,9,automne,03h-06h,0,2.0,1,0
2019-09-10 06:00:00,1.0,4.0,501.0,2.7,3.3,9,automne,06h-09h,0,2.0,0,0
2019-09-10 09:00:00,2.0,4.0,491.0,2.9,-0.0,9,automne,09h-12h,0,1.0,0,0
2019-09-10 12:00:00,2.0,4.0,509.0,2.8,-3.0,9,automne,12h-15h,0,2.0,1,0
2019-09-10 15:00:00,0.0,4.0,485.0,1.5,0.9,9,automne,15h-18h,0,2.0,0,0
2019-09-10 18:00:00,0.0,4.0,476.0,1.7,0.3,9,automne,18h-21h,0,0.0,0,0
2019-09-10 21:00:00,0.0,4.0,464.0,1.3,0.5,9,automne,21h-24h,0,0.0,0,0
2019-09-11 00:00:00,1.0,5.0,449.0,1.2,0.6,9,automne,00h-03h,0,0.0,0,0
2019-09-11 03:00:00,1.0,5.0,452.0,2.1,0.1,9,automne,03h-06h,0,1.0,0,0
2019-09-11 06:00:00,2.0,5.0,441.0,2.4,-2.5,9,automne,06h-09h,0,1.0,1,0
2019-09-11 09:00:00,2.0,5.0,444.0,2.4,-1.3,9,automne,09h-12h,0,2.0,1,0
2019-09-11 12:00:00,1.0,5.0,450.0,2.6,-1.5,9,automne,12h-15h,0,2.0,1,0
2019-09-11 15:00:00,1.0,5.0,437.0,2.2,-1.1,9,automne,15h-18h,0,1.0,1,0
2019-09-11 18:00:00,1.0,5.0,419.0,2.1,-0.2,9,automne,18h-21h,0,1.0,1,0
2019-09-11 21:00:00,1.0,5.0,393.0,2.1,0.7,9,automne,21h-24h,0,1.0,0,0
2019-09-12 00:00:00,1.0,7.0,398.0,2.6,-1.1,9,automne,00h-03h,0,1.0,1,0
2019-09-12 03:00:00,1.0,7.0,404.0,3.4,-0.5,9,automne,03h-06h,0,1.0,1,0
2019-09-12 06:00:00,2.0,7.0,394.0,4.1,-0.9,9,automne,06h-09h,0,1.0,1,0
2019-09-12 09:00:00,3.0,7.0,410.0,4.5,-3.7,9,automne,09h-12h,0,2.0,1,0
2019-09-12 12:00:00,2.0,7.0,416.0,5.4,0.0,9,automne,12h-15h,0,3.0,0,0
2019-09-12 15:00:00,2.0,7.0,410.0,6.5,-1.8,9,automne,15h-18h,0,2.0,1,0
2019-09-12 18:00:00,2.0,7.0,404.0,10.3,-1.1,9,automne,18h-21h,0,2.0,1,0
2019-09-12 21:00:00,1.0,7.0,419.0,6.7,3.7,9,automne,21h-24h,0,2.0,0,0
2019-09-13 00:00:00,2.0,8.0,453.0,7.5,4.3,9,automne,00h-03h,0,1.0,0,0
2019-09-13 03:00:00,3.0,8.0,464.0,6.9,-0.5,9,automne,03h-06h,0,2.0,1,0
2019-09-13 06:00:00,3.0,8.0,467.0,7.5,0.3,9,automne,06h-09h,0,3.0,0,0
2019-09-13 09:00:00,1.0,8.0,481.0,6.2,3.3,9,automne,09h-12h,0,3.0,0,0
2019-09-13 12:00:00,2.0,8.0,479.0,5.1,1.2,9,automne,12h-15h,0,1.0,0,0
2019-09-13 15:00:00,1.0,8.0,470.0,4.1,3.3,9,automne,15h-18h,0,2.0,0,0
2019-09-13 18:00:00,2.0,8.0,481.0,1.3,-0.4,9,automne,18h-21h,0,1.0,1,0
2019-09-13 21:00:00,1.0,8.0,541.0,1.7,2.3,9,automne,21h-24h,0,2.0,0,0
2019-09-14 00:00:00,1.0,6.0,506.0,1.4,1.6,9,automne,00h-03h,0,1.0,0,0
2019-09-14 03:00:00,2.0,6.0,478.0,1.2,-1.1,9,automne,03h-06h,0,1.0,1,0
2019-09-14 06:00:00,2.0,6.0,479.0,1.6,-1.6,9,automne,06h-09h,0,2.0,1,0
2019-09-14 09:00:00,2.0,6.0,465.0,2.2,-0.4,9,automne,09h-12h,0,2.0,1,0
2019-09-14 12:00:00,1.0,6.0,461.0,3.3,-0.4,9,automne,12h-15h,0,2.0,1,0
2019-09-14 15:00:00,1.0,6.0,452.0,3.9,1.6,9,automne,15h-18h,0,1.0,0,0
2019-09-14 18:00:00,2.0,6.0,454.0,2.9,-1.3,9,automne,18h-21h,0,1.0,1,0
2019-09-14 21:00:00,3.0,6.0,429.0,3.7,-1.8,9,automne,21h-24h,0,2.0,1,0
2019-09-15 00:00:00,2.0,8.0,421.0,3.9,-0.8,9,automne,00h-03h,0,3.0,1,0
2019-09-15 03:00:00,3.0,8.0,423.0,5.1,-1.1,9,automne,03h-06h,0,2.0,1,0
2019-09-15 06:00:00,2.0,8.0,425.0,6.9,-0.6,9,automne,06h-09h,0,3.0,1,0
2019-09-15 09:00:00,2.0,8.0,445.0,4.6,-0.3,9,automne,09h-12h,0,2.0,1,0
2019-09-15 12:00:00,1.0,8.0,438.0,5.6,0.4,9,automne,12h-15h,0,2.0,0,0
2019-09-15 15:00:00,2.0,8.0,470.0,7.1,0.2,9,automne,15h-18h,0,1.0,0,0
2019-09-15 18:00:00,2.0,8.0,455.0,5.8,-3.4,9,automne,18h-21h,0,2.0,1,0
2019-09-15 21:00:00,3.0,8.0,466.0,7.1,0.4,9,automne,21h-24h,0,2.0,0,0
2019-09-16 00:00:00,4.0,11.0,462.0,6.1,-0.2,9,automne,00h-03h,0,3.0,1,0
2019-09-16 03:00:00,4.0,11.0,455.0,5.8,-0.6,9,automne,03h-06h,0,4.0,1,0
2019-09-16 06:00:00,1.0,11.0,434.0,6.2,2.5,9,automne,06h-09h,0,4.0,0,0
2019-09-16 09:00:00,1.0,11.0,449.0,6.2,0.3,9,automne,09h-12h,0,1.0,0,0
2019-09-16 12:00:00,1.0,11.0,447.0,5.9,2.0,9,automne,12h-15h,0,1.0,0,0
2019-09-16 15:00:00,2.0,11.0,454.0,5.3,-0.8,9,automne,15h-18h,0,1.0,1,0
2019-09-16 18:00:00,2.0,11.0,447.0,5.5,-0.9,9,automne,18h-21h,0,2.0,1,0
2019-09-16 21:00:00,2.0,11.0,437.0,6.8,1.2,9,automne,21h-24h,0,2.0,0,0
2019-09-17 00:00:00,4.0,9.0,423.0,8.3,-2.1,9,automne,00h-03h,0,2.0,1,0
2019-09-17 03:00:00,1.0,9.0,407.0,15.3,0.3,9,automne,03h-06h,0,4.0,0,0
2019-09-17 06:00:00,1.0,9.0,386.0,11.7,0.7,9,automne,06h-09h,0,1.0,0,0
2019-09-17 09:00:00,1.0,9.0,384.0,8.5,3.9,9,automne,09h-12h,0,1.0,0,0
2019-09-17 12:00:00,1.0,9.0,379.0,7.3,2.8,9,automne,12h-15h,0,1.0,0,0
2019-09-17 15:00:00,1.0,9.0,359.0,5.0,2.1,9,automne,15h-18h,0,1.0,0,0
2019-09-17 18:00:00,2.0,9.0,392.0,6.3,-1.1,9,automne,18h-21h,0,1.0,1,0
2019-09-17 21:00:00,4.0,9.0,409.0,3.3,-4.4,9,automne,21h-24h,0,2.0,1,0
2019-09-18 00:00:00,3.0,9.0,436.0,4.9,-2.3,9,automne,00h-03h,0,4.0,1,0
2019-09-18 03:00:00,2.0,9.0,420.0,5.4,-0.1,9,automne,03h-06h,0,3.0,1,0
2019-09-18 06:00:00,2.0,9.0,398.0,11.8,-1.7,9,automne,06h-09h,0,2.0,1,0
2019-09-18 09:00:00,2.0,9.0,414.0,6.3,3.5,9,automne,09h-12h,0,2.0,0,0
2019-09-18 12:00:00,3.0,9.0,412.0,4.9,-2.0,9,automne,12h-15h,0,2.0,1,0
2019-09-18 15:00:00,1.0,9.0,412.0,4.4,-0.8,9,automne,15h-18h,0,3.0,1,0
2019-09-18 18:00:00,1.0,9.0,394.0,3.6,0.1,9,automne,18h-21h,0,1.0,0,0
2019-09-18 21:00:00,2.0,9.0,388.0,3.7,-1.3,9,automne,21h-24h,0,1.0,1,0
2019-09-19 00:00:00,1.0,4.0,388.0,3.2,1.7,9,automne,00h-03h,0,2.0,0,0
2019-09-19 03:00:00,1.0,4.0,376.0,2.7,-0.2,9,automne,03h-06h,0,1.0,1,0
2019-09-19 06:00:00,1.0,4.0,372.0,3.3,-0.4,9,automne,06h-09h,0,1.0,1,0
2019-09-19 09:00:00,1.0,4.0,379.0,4.0,0.3,9,automne,09h-12h,0,1.0,0,0
2019-09-19 12:00:00,1.0,4.0,377.0,4.6,0.3,9,automne,12h-15h,0,1.0,0,0
2019-09-19 15:00:00,1.0,4.0,364.0,5.5,-0.9,9,automne,15h-18h,0,1.0,1,0
2019-09-19 18:00:00,1.0,4.0,352.0,4.9,-0.0,9,automne,18h-21h,0,1.0,0,0
2019-09-19 21:00:00,1.0,4.0,349.0,4.6,0.5,9,automne,21h-24h,0,1.0,0,0
2019-09-20 00:00:00,2.0,3.0,359.0,4.8,-2.0,9,automne,00h-03h,0,1.0,1,0
2019-09-20 03:00:00,1.0,3.0,343.0,4.3,-1.2,9,automne,03h-06h,0,2.0,1,0
2019-09-20 06:00:00,1.0,3.0,341.0,5.2,-1.6,9,automne,06h-09h,0,1.0,1,0
2019-09-20 09:00:00,1.0,3.0,329.0,5.6,-0.9,9,automne,09h-12h,0,1.0,1,0
2019-09-20 12:00:00,1.0,3.0,315.0,7.3,-0.1,9,automne,12h-15h,0,1.0,1,0
2019-09-20 15:00:00,1.0,3.0,310.0,7.0,0.2,9,automne,15h-18h,0,1.0,0,0
2019-09-20 18:00:00,1.0,3.0,306.0,10.5,-0.3,9,automne,18h-21h,0,1.0,1,0
2019-09-20 21:00:00,1.0,3.0,304.0,11.5,-1.5,9,automne,21h-24h,0,1.0,1,0
2019-09-21 00:00:00,2.0,7.0,295.0,10.9,-0.8,9,automne,00h-03h,0,1.0,1,0
2019-09-21 03:00:00,2.0,7.0,300.0,13.7,-2.7,9,automne,03h-06h,0,2.0,1,0
2019-09-21 06:00:00,3.0,7.0,318.0,20.0,0.6,9,automne,06h-09h,0,2.0,0,0
2019-09-21 09:00:00,2.0,7.0,347.0,8.9,-4.5,9,automne,09h-12h,0,3.0,1,0
2019-09-21 12:00:00,2.0,7.0,337.0,8.0,-0.6,9,automne,12h-15h,0,2.0,1,0
2019-09-21 15:00:00,1.0,7.0,332.0,7.3,-2.5,9,automne,15h-18h,0,2.0,1,0
2019-09-21 18:00:00,1.0,7.0,345.0,6.3,-2.0,9,automne,18h-21h,0,1.0,1,0
2019-09-21 21:00:00,1.0,7.0,341.0,5.5,-2.5,9,automne,21h-24h,0,1.0,1,0
2019-09-22 00:00:00,2.0,4.0,339.0,4.7,-1.7,9,automne,00h-03h,0,1.0,1,0
2019-09-22 03:00:00,2.0,4.0,338.0,4.9,-1.3,9,automne,03h-06h,0,2.0,1,0
2019-09-22 06:00:00,0.0,4.0,343.0,4.6,1.0,9,automne,06h-09h,0,2.0,0,0
2019-09-22 09:00:00,0.0,4.0,342.0,5.6,2.6,9,automne,09h-12h,0,0.0,0,0
2019-09-22 12:00:00,0.0,4.0,344.0,8.4,2.5,9,automne,12h-15h,0,0.0,0,0
2019-09-22 15:00:00,1.0,4.0,347.0,10.7,3.1,9,automne,15h-18h,0,0.0,0,0
2019-09-22 18:00:00,1.0,4.0,343.0,10.0,2.8,9,automne,18h-21h,0,1.0,0,0
2019-09-22 21:00:00,1.0,4.0,328.0,9.1,0.5,9,automne,21h-24h,0,1.0,0,0
2019-09-23 00:00:00,0.0,3.0,324.0,6.6,1.0,9,automne,00h-03h,0,1.0,0,0
2019-09-23 03:00:00,0.0,3.0,320.0,5.2,0.6,9,automne,03h-06h,0,0.0,0,0
2019-09-23 06:00:00,0.0,3.0,303.0,,-0.6,9,automne,06h-09h,0,0.0,1,0
2019-09-23 09:00:00,1.0,3.0,312.0,5.4,1.2,9,automne,09h-12h,0,0.0,0,0
2019-09-23 12:00:00,1.0,3.0,309.0,7.8,2.8,9,automne,12h-15h,0,1.0,0,0
2019-09-23 15:00:00,1.0,3.0,309.0,6.4,-2.5,9,automne,15h-18h,0,1.0,1,0
2019-09-23 18:00:00,1.0,3.0,314.0,7.6,0.2,9,automne,18h-21h,0,1.0,0,0
2019-09-23 21:00:00,1.0,3.0,314.0,8.9,1.8,9,automne,21h-24h,0,1.0,0,0
2019-09-24 00:00:00,3.0,13.0,322.0,12.3,-4.0,9,automne,00h-03h,0,1.0,1,0
2019-09-24 03:00:00,3.0,13.0,319.0,10.2,-5.6,9,automne,03h-06h,0,3.0,1,0
2019-09-24 06:00:00,2.0,13.0,312.0,7.3,-5.1,9,automne,06h-09h,0,3.0,1,0
2019-09-24 09:00:00,1.0,13.0,310.0,9.0,-0.1,9,automne,09h-12h,0,2.0,1,0
2019-09-24 12:00:00,3.0,13.0,298.0,7.8,-0.4,9,automne,12h-15h,0,1.0,1,0
2019-09-24 15:00:00,4.0,13.0,369.0,21.0,2.0,9,automne,15h-18h,0,3.0,0,0
2019-09-24 18:00:00,3.0,13.0,444.0,9.9,7.7,9,automne,18h-21h,0,4.0,0,0
2019-09-24 21:00:00,1.0,13.0,448.0,11.0,4.9,9,automne,21h-24h,0,3.0,0,0
2019-09-25 00:00:00,1.0,4.0,497.0,4.1,3.4,9,automne,00h-03h,0,1.0,0,0
2019-09-25 03:00:00,1.0,4.0,481.0,3.9,3.0,9,automne,03h-06h,0,1.0,0,0
2019-09-25 06:00:00,2.0,4.0,475.0,4.2,0.6,9,automne,06h-09h,0,1.0,0,0
2019-09-25 09:00:00,2.0,4.0,463.0,3.7,-1.8,9,automne,09h-12h,0,2.0,1,0
2019-09-25 12:00:00,1.0,4.0,428.0,3.6,1.3,9,automne,12h-15h,0,2.0,0,0
2019-09-25 15:00:00,1.0,4.0,415.0,5.8,1.6,9,automne,15h-18h,0,1.0,0,0
2019-09-25 18:00:00,1.0,4.0,395.0,6.3,0.4,9,automne,18h-21h,0,1.0,0,0
2019-09-25 21:00:00,1.0,4.0,384.0,6.2,0.0,9,automne,21h-24h,0,1.0,0,0
2019-09-26 00:00:00,3.0,4.0,387.0,5.7,-1.9,9,automne,00h-03h,0,1.0,1,0
2019-09-26 03:00:00,1.0,4.0,386.0,5.6,0.6,9,automne,03h-06h,0,3.0,0,0
2019-09-26 06:00:00,1.0,4.0,395.0,5.3,2.0,9,automne,06h-09h,0,1.0,0,0
2019-09-26 09:00:00,0.0,4.0,386.0,3.5,1.5,9,automne,09h-12h,0,1.0,0,0
2019-09-26 12:00:00,1.0,4.0,387.0,3.7,1.4,9,automne,12h-15h,0,0.0,0,0
2019-09-26 15:00:00,0.0,4.0,384.0,3.6,1.3,9,automne,15h-18h,0,1.0,0,0
2019-09-26 18:00:00,0.0,4.0,369.0,3.9,0.7,9,automne,18h-21h,0,0.0,0,0
2019-09-26 21:00:00,1.0,4.0,355.0,5.0,0.9,9,automne,21h-24h,0,0.0,0,0
2019-09-27 00:00:00,1.0,21.0,348.0,5.6,0.4,9,automne,00h-03h,0,1.0,0,0
2019-09-27 03:00:00,2.0,21.0,342.0,5.4,-0.9,9,automne,03h-06h,0,1.0,1,0
2019-09-27 06:00:00,2.0,21.0,357.0,10.9,-1.1,9,automne,06h-09h,0,2.0,1,0
2019-09-27 09:00:00,1.0,21.0,362.0,20.0,1.7,9,automne,09h-12h,0,2.0,0,0
2019-09-27 12:00:00,3.0,21.0,414.0,14.3,1.5,9,automne,12h-15h,0,1.0,0,0
2019-09-27 15:00:00,4.0,21.0,587.0,8.8,-3.1,9,automne,15h-18h,0,3.0,1,0
2019-09-27 18:00:00,5.0,21.0,594.0,6.9,-5.2,9,automne,18h-21h,0,4.0,1,1
2019-09-27 21:00:00,5.0,21.0,666.0,4.5,-3.9,9,automne,21h-24h,0,5.0,1,1
2019-09-28 00:00:00,3.0,27.0,695.0,3.1,-0.1,9,automne,00h-03h,0,5.0,1,0
2019-09-28 03:00:00,5.0,27.0,662.0,3.0,-0.5,9,automne,03h-06h,0,3.0,1,1
2019-09-28 06:00:00,5.0,27.0,661.0,3.0,-2.8,9,automne,06h-09h,0,5.0,1,1
2019-09-28 09:00:00,5.0,27.0,662.0,3.3,-2.1,9,automne,09h-12h,0,5.0,1,1
2019-09-28 12:00:00,4.0,27.0,624.0,2.6,-1.7,9,automne,12h-15h,0,5.0,1,0
2019-09-28 15:00:00,3.0,27.0,653.0,2.5,1.3,9,automne,15h-18h,0,4.0,0,0
2019-09-28 18:00:00,4.0,27.0,651.0,2.4,0.3,9,automne,18h-21h,0,3.0,0,0
2019-09-28 21:00:00,4.0,27.0,642.0,2.1,0.8,9,automne,21h-24h,0,4.0,0,0
2019-09-29 00:00:00,2.0,13.0,584.0,2.5,-1.0,9,automne,00h-03h,0,4.0,1,0
2019-09-29 03:00:00,3.0,13.0,567.0,2.7,-1.6,9,automne,03h-06h,0,2.0,1,0
2019-09-29 06:00:00,2.0,13.0,539.0,2.4,-1.3,9,automne,06h-09h,0,3.0,1,0
2019-09-29 09:00:00,2.0,13.0,519.0,2.1,-0.5,9,automne,09h-12h,0,2.0,1,0
2019-09-29 12:00:00,1.0,13.0,526.0,2.5,-1.3,9,automne,12h-15h,0,2.0,1,0
2019-09-29 15:00:00,3.0,13.0,508.0,2.7,-1.0,9,automne,15h-18h,0,1.0,1,0
2019-09-29 18:00:00,3.0,13.0,519.0,3.8,-3.5,9,automne,18h-21h,0,3.0,1,0
2019-09-29 21:00:00,4.0,13.0,492.0,3.1,-1.7,9,automne,21h-24h,0,3.0,1,0
2019-09-30 00:00:00,3.0,5.0,473.0,2.9,-1.5,9,automne,00h-03h,0,4.0,1,0
2019-09-30 03:00:00,4.0,5.0,456.0,2.7,-2.5,9,automne,03h-06h,0,3.0,1,0
2019-09-30 06:00:00,4.0,5.0,472.0,3.3,-2.0,9,automne,06h-09h,0,4.0,1,0
2019-09-30 09:00:00,3.0,5.0,453.0,2.6,-2.3,9,automne,09h-12h,0,4.0,1,0
2019-09-30 12:00:00,2.0,5.0,449.0,3.1,-3.5,9,automne,12h-15h,0,3.0,1,0
2019-09-30 15:00:00,3.0,5.0,436.0,3.3,-1.1,9,automne,15h-18h,0,2.0,1,0
2019-09-30 18:00:00,2.0,5.0,459.0,7.0,1.6,9,automne,18h-21h,0,3.0,0,0
2019-09-30 21:00:00,2.0,5.0,442.0,7.1,-0.3,9,automne,21h-24h,0,2.0,1,0
2019-10-01 00:00:00,4.0,13.0,470.0,5.5,4.0,10,automne,00h-03h,0,2.0,0,0
2019-10-01 03:00:00,4.0,13.0,461.0,3.5,-4.6,10,automne,03h-06h,0,4.0,1,0
2019-10-01 06:00:00,3.0,13.0,482.0,3.6,-3.0,10,automne,06h-09h,0,4.0,1,0
2019-10-01 09:00:00,3.0,13.0,480.0,2.2,0.5,10,automne,09h-12h,0,3.0,0,0
2019-10-01 12:00:00,1.0,13.0,470.0,1.8,0.5,10,automne,12h-15h,0,3.0,0,0
2019-10-01 15:00:00,0.0,13.0,497.0,1.5,-0.8,10,automne,15h-18h,0,1.0,1,0
2019-10-01 18:00:00,1.0,13.0,488.0,1.8,-1.0,10,automne,18h-21h,0,0.0,1,0
2019-10-01 21:00:00,1.0,13.0,473.0,2.1,-1.9,10,automne,21h-24h,0,1.0,1,0
2019-10-02 00:00:00,3.0,8.0,485.0,3.2,-2.5,10,automne,00h-03h,0,1.0,1,0
2019-10-02 03:00:00,0.0,8.0,467.0,1.6,0.4,10,automne,03h-06h,0,3.0,0,0
2019-10-02 06:00:00,0.0,8.0,459.0,1.6,0.7,10,automne,06h-09h,0,0.0,0,0
2019-10-02 09:00:00,2.0,8.0,456.0,1.7,0.6,10,automne,09h-12h,0,0.0,0,0
2019-10-02 12:00:00,3.0,8.0,501.0,4.0,-1.9,10,automne,12h-15h,0,2.0,1,0
2019-10-02 15:00:00,1.0,8.0,490.0,3.2,-0.3,10,automne,15h-18h,0,3.0,1,0
2019-10-02 18:00:00,1.0,8.0,475.0,2.6,0.9,10,automne,18h-21h,0,1.0,0,0
2019-10-02 21:00:00,2.0,8.0,471.0,3.1,-0.2,10,automne,21h-24h,0,1.0,1,0
2019-10-03 00:00:00,2.0,5.0,460.0,3.9,0.9,10,automne,00h-03h,0,2.0,0,0
2019-10-03 03:00:00,1.0,5.0,461.0,3.1,0.7,10,automne,03h-06h,0,2.0,0,0
2019-10-03 06:00:00,2.0,5.0,450.0,2.5,-1.1,10,automne,06h-09h,0,1.0,1,0
2019-10-03 09:00:00,1.0,5.0,417.0,2.8,0.0,10,automne,09h-12h,0,2.0,0,0
2019-10-03 12:00:00,1.0,5.0,401.0,3.2,-0.1,10,automne,12h-15h,0,1.0,1,0
2019-10-03 15:00:00,1.0,5.0,407.0,4.0,1.3,10,automne,15h-18h,0,1.0,0,0
2019-10-03 18:00:00,2.0,5.0,403.0,4.8,0.3,10,automne,18h-21h,0,1.0,0,0
2019-10-03 21:00:00,1.0,5.0,421.0,10.8,0.3,10,automne,21h-24h,0,2.0,0,0
2019-10-04 00:00:00,2.0,7.0,408.0,9.7,-0.7,10,automne,00h-03h,0,1.0,1,0
2019-10-04 03:00:00,2.0,7.0,399.0,13.6,-0.3,10,automne,03h-06h,0,2.0,1,0
2019-10-04 06:00:00,3.0,7.0,394.0,26.8,-1.9,10,automne,06h-09h,0,2.0,1,0
2019-10-04 09:00:00,2.0,7.0,390.0,13.3,6.1,10,automne,09h-12h,0,3.0,0,0
2019-10-04 12:00:00,2.0,7.0,383.0,23.8,1.9,10,automne,12h-15h,0,2.0,0,0
2019-10-04 15:00:00,2.0,7.0,404.0,7.7,-1.5,10,automne,15h-18h,0,2.0,1,0
2019-10-04 18:00:00,2.0,7.0,422.0,6.1,0.3,10,automne,18h-21h,0,2.0,0,0
2019-10-04 21:00:00,1.0,7.0,414.0,3.9,0.7,10,automne,21h-24h,0,2.0,0,0
2019-10-05 00:00:00,1.0,7.0,403.0,3.8,0.1,10,automne,00h-03h,0,1.0,0,0
2019-10-05 03:00:00,2.0,7.0,397.0,3.8,-1.6,10,automne,03h-06h,0,1.0,1,0
2019-10-05 06:00:00,2.0,7.0,372.0,4.8,-0.9,10,automne,06h-09h,0,2.0,1,0
2019-10-05 09:00:00,2.0,7.0,391.0,8.2,-0.6,10,automne,09h-12h,0,2.0,1,0
2019-10-05 12:00:00,2.0,7.0,377.0,9.4,-1.6,10,automne,12h-15h,0,2.0,1,0
2019-10-05 15:00:00,2.0,7.0,377.0,9.2,0.6,10,automne,15h-18h,0,2.0,0,0
2019-10-05 18:00:00,2.0,7.0,390.0,8.0,3.0,10,automne,18h-21h,0,2.0,0,0
2019-10-05 21:00:00,3.0,7.0,385.0,11.0,1.6,10,automne,21h-24h,0,2.0,0,0
2019-10-06 00:00:00,2.0,5.0,399.0,7.7,0.7,10,automne,00h-03h,0,3.0,0,0
2019-10-06 03:00:00,2.0,5.0,437.0,3.9,1.7,10,automne,03h-06h,0,2.0,0,0
2019-10-06 06:00:00,2.0,5.0,429.0,3.3,-1.2,10,automne,06h-09h,0,2.0,1,0
2019-10-06 09:00:00,2.0,5.0,391.0,6.0,-2.0,10,automne,09h-12h,0,2.0,1,0
2019-10-06 12:00:00,1.0,5.0,394.0,2.9,-2.2,10,automne,12h-15h,0,2.0,1,0
2019-10-06 15:00:00,1.0,5.0,383.0,2.7,-1.0,10,automne,15h-18h,0,1.0,1,0
2019-10-06 18:00:00,0.0,5.0,370.0,2.1,-0.7,10,automne,18h-21h,0,1.0,1,0
2019-10-06 21:00:00,0.0,5.0,373.0,2.5,-0.6,10,automne,21h-24h,0,0.0,1,0
2019-10-07 00:00:00,1.0,6.0,359.0,2.7,0.1,10,automne,00h-03h,0,0.0,0,0
2019-10-07 03:00:00,1.0,6.0,354.0,3.9,-1.2,10,automne,03h-06h,0,1.0,1,0
2019-10-07 06:00:00,1.0,6.0,355.0,4.4,1.2,10,automne,06h-09h,0,1.0,0,0
2019-10-07 09:00:00,1.0,6.0,357.0,6.3,-1.7,10,automne,09h-12h,0,1.0,1,0
2019-10-07 12:00:00,2.0,6.0,353.0,7.4,-3.4,10,automne,12h-15h,0,1.0,1,0
2019-10-07 15:00:00,2.0,6.0,360.0,7.1,-3.6,10,automne,15h-18h,0,2.0,1,0
2019-10-07 18:00:00,2.0,6.0,368.0,9.3,-1.0,10,automne,18h-21h,0,2.0,1,0
2019-10-07 21:00:00,2.0,6.0,380.0,6.9,1.2,10,automne,21h-24h,0,2.0,0,0
2019-10-08 00:00:00,2.0,5.0,382.0,5.7,0.3,10,automne,00h-03h,0,2.0,0,0
2019-10-08 03:00:00,2.0,5.0,406.0,6.2,0.7,10,automne,03h-06h,0,2.0,0,0
2019-10-08 06:00:00,2.0,5.0,379.0,6.9,-1.2,10,automne,06h-09h,0,2.0,1,0
2019-10-08 09:00:00,1.0,5.0,392.0,6.2,-2.4,10,automne,09h-12h,0,2.0,1,0
2019-10-08 12:00:00,1.0,5.0,388.0,4.6,0.2,10,automne,12h-15h,0,1.0,0,0
2019-10-08 15:00:00,1.0,5.0,390.0,4.2,-0.6,10,automne,15h-18h,0,1.0,1,0
2019-10-08 18:00:00,2.0,5.0,387.0,3.9,-1.1,10,automne,18h-21h,0,1.0,1,0
2019-10-08 21:00:00,1.0,5.0,381.0,4.0,-1.1,10,automne,21h-24h,0,2.0,1,0
2019-10-09 00:00:00,2.0,9.0,379.0,4.2,-0.7,10,automne,00h-03h,0,1.0,1,0
2019-10-09 03:00:00,3.0,9.0,377.0,5.4,-1.0,10,automne,03h-06h,0,2.0,1,0
2019-10-09 06:00:00,2.0,9.0,389.0,8.4,-3.3,10,automne,06h-09h,0,3.0,1,0
2019-10-09 09:00:00,4.0,9.0,403.0,7.9,-6.0,10,automne,09h-12h,0,2.0,1,0
2019-10-09 12:00:00,2.0,9.0,407.0,8.9,2.0,10,automne,12h-15h,0,4.0,0,0
2019-10-09 15:00:00,1.0,9.0,392.0,12.1,4.3,10,automne,15h-18h,0,2.0,0,0
2019-10-09 18:00:00,1.0,9.0,384.0,15.7,5.3,10,automne,18h-21h,0,1.0,0,0
2019-10-09 21:00:00,2.0,9.0,363.0,6.5,4.4,10,automne,21h-24h,0,1.0,0,0
2019-10-10 00:00:00,2.0,13.0,389.0,11.7,6.1,10,automne,00h-03h,0,2.0,0,0
2019-10-10 03:00:00,4.0,13.0,433.0,7.3,3.2,10,automne,03h-06h,0,2.0,0,0
2019-10-10 06:00:00,4.0,13.0,464.0,6.5,-4.6,10,automne,06h-09h,0,4.0,1,0
2019-10-10 09:00:00,2.0,13.0,461.0,3.5,-0.2,10,automne,09h-12h,0,4.0,1,0
2019-10-10 12:00:00,2.0,13.0,465.0,2.7,0.2,10,automne,12h-15h,0,2.0,0,0
2019-10-10 15:00:00,3.0,13.0,477.0,3.1,-3.4,10,automne,15h-18h,0,2.0,1,0
2019-10-10 18:00:00,2.0,13.0,482.0,3.4,1.1,10,automne,18h-21h,0,3.0,0,0
2019-10-10 21:00:00,2.0,13.0,516.0,3.4,-2.1,10,automne,21h-24h,0,2.0,1,0
2019-10-11 00:00:00,1.0,8.0,477.0,3.3,0.1,10,automne,00h-03h,0,2.0,0,0
2019-10-11 03:00:00,1.0,8.0,468.0,3.1,0.8,10,automne,03h-06h,0,1.0,0,0
2019-10-11 06:00:00,2.0,8.0,467.0,3.9,-2.0,10,automne,06h-09h,0,1.0,1,0
2019-10-11 09:00:00,2.0,8.0,455.0,3.1,-2.0,10,automne,09h-12h,0,2.0,1,0
2019-10-11 12:00:00,2.0,8.0,475.0,3.2,0.0,10,automne,12h-15h,0,2.0,0,0
2019-10-11 15:00:00,3.0,8.0,479.0,3.3,-1.1,10,automne,15h-18h,0,2.0,1,0
2019-10-11 18:00:00,2.0,8.0,458.0,2.8,0.0,10,automne,18h-21h,0,3.0,0,0
2019-10-11 21:00:00,2.0,8.0,447.0,2.5,-0.7,10,automne,21h-24h,0,2.0,1,0
2019-10-12 00:00:00,2.0,5.0,435.0,2.8,-0.3,10,automne,00h-03h,0,2.0,1,0
2019-10-12 03:00:00,2.0,5.0,418.0,3.0,-1.0,10,automne,03h-06h,0,2.0,1,0
2019-10-12 06:00:00,1.0,5.0,405.0,3.1,-1.0,10,automne,06h-09h,0,2.0,1,0
2019-10-12 09:00:00,2.0,5.0,395.0,3.2,-0.8,10,automne,09h-12h,0,1.0,1,0
2019-10-12 12:00:00,2.0,5.0,404.0,4.1,-1.5,10,automne,12h-15h,0,2.0,1,0
2019-10-12 15:00:00,0.0,5.0,384.0,3.3,0.9,10,automne,15h-18h,0,2.0,0,0
2019-10-12 18:00:00,1.0,5.0,382.0,3.7,-0.6,10,automne,18h-21h,0,0.0,1,0
2019-10-12 21:00:00,1.0,5.0,375.0,4.3,-0.5,10,automne,21h-24h,0,1.0,1,0
2019-10-13 00:00:00,1.0,2.0,377.0,5.0,-0.1,10,automne,00h-03h,0,1.0,1,0
2019-10-13 03:00:00,0.0,2.0,367.0,5.8,-0.2,10,automne,03h-06h,0,1.0,1,0
2019-10-13 06:00:00,0.0,2.0,343.0,5.1,1.9,10,automne,06h-09h,0,0.0,0,0
2019-10-13 09:00:00,0.0,2.0,336.0,3.6,2.0,10,automne,09h-12h,0,0.0,0,0
2019-10-13 12:00:00,0.0,2.0,349.0,6.9,1.4,10,automne,12h-15h,0,0.0,0,0
2019-10-13 15:00:00,0.0,2.0,349.0,6.7,0.5,10,automne,15h-18h,0,0.0,0,0
2019-10-13 18:00:00,1.0,2.0,340.0,6.8,0.2,10,automne,18h-21h,0,0.0,0,0
2019-10-13 21:00:00,0.0,2.0,330.0,6.0,0.1,10,automne,21h-24h,0,1.0,0,0
2019-10-14 00:00:00,1.0,6.0,323.0,6.0,-1.7,10,automne,00h-03h,0,0.0,1,0
2019-10-14 03:00:00,2.0,6.0,326.0,8.8,-0.9,10,automne,03h-06h,0,1.0,1,0
2019-10-14 06:00:00,1.0,6.0,326.0,6.0,-0.1,10,automne,06h-09h,0,2.0,1,0
2019-10-14 09:00:00,1.0,6.0,328.0,8.5,1.4,10,automne,09h-12h,0,1.0,0,0
2019-10-14 12:00:00,1.0,6.0,326.0,10.5,4.3,10,automne,12h-15h,0,1.0,0,0
2019-10-14 15:00:00,2.0,6.0,344.0,6.8,-2.3,10,automne,15h-18h,0,1.0,1,0
2019-10-14 18:00:00,2.0,6.0,359.0,11.2,-1.0,10,automne,18h-21h,0,2.0,1,0
2019-10-14 21:00:00,1.0,6.0,340.0,7.8,-1.1,10,automne,21h-24h,0,2.0,1,0
2019-10-15 00:00:00,3.0,5.0,335.0,11.3,6.1,10,automne,00h-03h,0,1.0,0,0
2019-10-15 03:00:00,1.0,5.0,335.0,11.6,2.5,10,automne,03h-06h,0,3.0,0,0
2019-10-15 06:00:00,1.0,5.0,331.0,6.8,5.0,10,automne,06h-09h,0,1.0,0,0
2019-10-15 09:00:00,1.0,5.0,360.0,7.7,4.6,10,automne,09h-12h,0,1.0,0,0
2019-10-15 12:00:00,0.0,5.0,360.0,9.2,4.3,10,automne,12h-15h,0,1.0,0,0
2019-10-15 15:00:00,1.0,5.0,349.0,8.0,4.5,10,automne,15h-18h,0,0.0,0,0
2019-10-15 18:00:00,2.0,5.0,352.0,10.6,0.8,10,automne,18h-21h,0,1.0,0,0
2019-10-15 21:00:00,2.0,5.0,361.0,18.0,3.6,10,automne,21h-24h,0,2.0,0,0
2019-10-16 00:00:00,2.0,6.0,360.0,26.7,2.5,10,automne,00h-03h,0,2.0,0,0
2019-10-16 03:00:00,2.0,6.0,355.0,9.1,0.3,10,automne,03h-06h,0,2.0,0,0
2019-10-16 06:00:00,3.0,6.0,353.0,9.7,-0.8,10,automne,06h-09h,0,2.0,1,0
2019-10-16 09:00:00,2.0,6.0,356.0,9.5,1.3,10,automne,09h-12h,0,3.0,0,0
2019-10-16 12:00:00,1.0,6.0,395.0,10.8,1.6,10,automne,12h-15h,0,2.0,0,0
2019-10-16 15:00:00,1.0,6.0,393.0,4.6,1.7,10,automne,15h-18h,0,1.0,0,0
2019-10-16 18:00:00,2.0,6.0,411.0,2.5,0.1,10,automne,18h-21h,0,1.0,0,0
2019-10-16 21:00:00,2.0,6.0,425.0,3.9,0.4,10,automne,21h-24h,0,2.0,0,0
2019-10-17 00:00:00,2.0,6.0,398.0,4.5,-1.1,10,automne,00h-03h,0,2.0,1,0
2019-10-17 03:00:00,2.0,6.0,421.0,3.9,-2.0,10,automne,03h-06h,0,2.0,1,0
2019-10-17 06:00:00,2.0,6.0,412.0,4.5,2.0,10,automne,06h-09h,0,2.0,0,0
2019-10-17 09:00:00,2.0,6.0,420.0,4.4,1.4,10,automne,09h-12h,0,2.0,0,0
2019-10-17 12:00:00,1.0,6.0,404.0,5.7,-2.0,10,automne,12h-15h,0,2.0,1,0
2019-10-17 15:00:00,1.0,6.0,386.0,5.3,-0.7,10,automne,15h-18h,0,1.0,1,0
2019-10-17 18:00:00,1.0,6.0,375.0,4.7,0.3,10,automne,18h-21h,0,1.0,0,0
2019-10-17 21:00:00,1.0,6.0,382.0,4.5,-0.9,10,automne,21h-24h,0,1.0,1,0
2019-10-18 00:00:00,1.0,6.0,362.0,4.5,-0.1,10,automne,00h-03h,0,1.0,1,0
2019-10-18 03:00:00,2.0,6.0,380.0,7.0,-3.5,10,automne,03h-06h,0,1.0,1,0
2019-10-18 06:00:00,2.0,6.0,376.0,6.7,-1.1,10,automne,06h-09h,0,2.0,1,0
2019-10-18 09:00:00,2.0,6.0,353.0,7.4,-0.4,10,automne,09h-12h,0,2.0,1,0
2019-10-18 12:00:00,2.0,6.0,343.0,7.1,-1.1,10,automne,12h-15h,0,2.0,1,0
2019-10-18 15:00:00,1.0,6.0,347.0,10.3,-0.2,10,automne,15h-18h,0,2.0,1,0
2019-10-18 18:00:00,1.0,6.0,351.0,7.8,0.2,10,automne,18h-21h,0,1.0,0,0
2019-10-18 21:00:00,2.0,6.0,342.0,8.3,-1.5,10,automne,21h-24h,0,1.0,1,0
2019-10-19 00:00:00,1.0,5.0,327.0,7.7,-0.2,10,automne,00h-03h,0,2.0,1,0
2019-10-19 03:00:00,1.0,5.0,331.0,6.0,1.7,10,automne,03h-06h,0,1.0,0,0
2019-10-19 06:00:00,1.0,5.0,364.0,8.6,1.1,10,automne,06h-09h,0,1.0,0,0
2019-10-19 09:00:00,2.0,5.0,365.0,7.0,-3.0,10,automne,09h-12h,0,1.0,1,0
2019-10-19 12:00:00,2.0,5.0,361.0,8.1,-2.8,10,automne,12h-15h,0,2.0,1,0
2019-10-19 15:00:00,2.0,5.0,363.0,8.9,-2.4,10,automne,15h-18h,0,2.0,1,0
2019-10-19 18:00:00,2.0,5.0,361.0,7.6,-1.6,10,automne,18h-21h,0,2.0,1,0
2019-10-19 21:00:00,1.0,5.0,351.0,6.5,-0.7,10,automne,21h-24h,0,2.0,1,0
2019-10-20 00:00:00,2.0,6.0,334.0,5.7,-1.2,10,automne,00h-03h,0,1.0,1,0
2019-10-20 03:00:00,2.0,6.0,343.0,6.5,0.6,10,automne,03h-06h,0,2.0,0,0
2019-10-20 06:00:00,2.0,6.0,346.0,8.8,-2.5,10,automne,06h-09h,0,2.0,1,0
2019-10-20 09:00:00,1.0,6.0,343.0,7.9,-0.6,10,automne,09h-12h,0,2.0,1,0
2019-10-20 12:00:00,1.0,6.0,337.0,7.8,-2.5,10,automne,12h-15h,0,1.0,1,0
2019-10-20 15:00:00,1.0,6.0,336.0,9.8,-0.7,10,automne,15h-18h,0,1.0,1,0
2019-10-20 18:00:00,1.0,6.0,347.0,18.0,-1.1,10,automne,18h-21h,0,1.0,1,0
2019-10-20 21:00:00,3.0,6.0,348.0,14.6,-3.5,10,automne,21h-24h,0,1.0,1,0
2019-10-21 00:00:00,3.0,5.0,339.0,7.9,-1.1,10,automne,00h-03h,0,3.0,1,0
2019-10-21 03:00:00,1.0,5.0,342.0,19.3,0.5,10,automne,03h-06h,0,3.0,0,0
2019-10-21 06:00:00,1.0,5.0,341.0,8.3,2.5,10,automne,06h-09h,0,1.0,0,0
2019-10-21 09:00:00,2.0,5.0,341.0,10.2,-1.2,10,automne,09h-12h,0,1.0,1,0
2019-10-21 12:00:00,1.0,5.0,349.0,15.7,2.1,10,automne,12h-15h,0,2.0,0,0
2019-10-21 15:00:00,0.0,5.0,345.0,7.8,0.7,10,automne,15h-18h,0,1.0,0,0
2019-10-21 18:00:00,1.0,5.0,338.0,6.8,-0.2,10,automne,18h-21h,0,0.0,1,0
2019-10-21 21:00:00,1.0,5.0,339.0,7.3,0.1,10,automne,21h-24h,0,1.0,0,0
2019-10-22 00:00:00,0.0,3.0,342.0,9.1,-0.6,10,automne,00h-03h,0,1.0,1,0
2019-10-22 03:00:00,0.0,3.0,352.0,10.6,1.1,10,automne,03h-06h,0,0.0,0,0
2019-10-22 06:00:00,1.0,3.0,357.0,10.2,1.3,10,automne,06h-09h,0,0.0,0,0
2019-10-22 09:00:00,0.0,3.0,354.0,10.7,-0.6,10,automne,09h-12h,0,1.0,1,0
2019-10-22 12:00:00,1.0,3.0,359.0,9.0,3.0,10,automne,12h-15h,0,0.0,0,0
2019-10-22 15:00:00,1.0,3.0,354.0,9.1,-1.3,10,automne,15h-18h,0,1.0,1,0
2019-10-22 18:00:00,1.0,3.0,352.0,7.4,-1.7,10,automne,18h-21h,0,1.0,1,0
2019-10-22 21:00:00,0.0,3.0,352.0,6.2,2.0,10,automne,21h-24h,0,1.0,0,0
2019-10-23 00:00:00,1.0,2.0,343.0,7.0,1.6,10,automne,00h-03h,0,0.0,0,0
2019-10-23 03:00:00,0.0,2.0,358.0,5.5,0.8,10,automne,03h-06h,0,1.0,0,0
2019-10-23 06:00:00,0.0,2.0,362.0,4.2,0.8,10,automne,06h-09h,0,0.0,0,0
2019-10-23 09:00:00,0.0,2.0,351.0,3.5,1.2,10,automne,09h-12h,0,0.0,0,0
2019-10-23 12:00:00,0.0,2.0,339.0,5.7,0.4,10,automne,12h-15h,0,0.0,0,0
2019-10-23 15:00:00,1.0,2.0,332.0,6.5,0.2,10,automne,15h-18h,0,0.0,0,0
2019-10-23 18:00:00,1.0,2.0,326.0,7.7,-0.1,10,automne,18h-21h,0,1.0,1,0
2019-10-23 21:00:00,0.0,2.0,333.0,8.2,0.5,10,automne,21h-24h,0,1.0,0,0
2019-10-24 00:00:00,0.0,18.0,332.0,7.2,-1.0,10,automne,00h-03h,0,0.0,1,0
2019-10-24 03:00:00,2.0,18.0,343.0,11.5,0.1,10,automne,03h-06h,0,0.0,0,0
2019-10-24 06:00:00,1.0,18.0,355.0,20.9,2.0,10,automne,06h-09h,0,2.0,0,0
2019-10-24 09:00:00,4.0,18.0,367.0,32.4,-3.0,10,automne,09h-12h,0,1.0,1,0
2019-10-24 12:00:00,3.0,18.0,463.0,9.7,-6.7,10,automne,12h-15h,0,4.0,1,0
2019-10-24 15:00:00,4.0,18.0,470.0,10.4,-5.4,10,automne,15h-18h,0,3.0,1,0
2019-10-24 18:00:00,4.0,18.0,507.0,9.9,-0.4,10,automne,18h-21h,0,4.0,1,0
2019-10-24 21:00:00,4.0,18.0,570.0,6.9,-0.9,10,automne,21h-24h,0,4.0,1,0
2019-10-25 00:00:00,5.0,29.0,580.0,7.1,1.5,10,automne,00h-03h,0,4.0,0,1
2019-10-25 03:00:00,4.0,29.0,580.0,5.7,-3.1,10,automne,03h-06h,0,5.0,1,0
2019-10-25 06:00:00,6.0,29.0,605.0,5.1,2.1,10,automne,06h-09h,0,4.0,0,1
2019-10-25 09:00:00,5.0,29.0,589.0,4.2,-2.8,10,automne,09h-12h,0,6.0,1,1
2019-10-25 12:00:00,3.0,29.0,612.0,5.0,-2.1,10,automne,12h-15h,0,5.0,1,0
2019-10-25 15:00:00,3.0,29.0,643.0,3.6,-0.9,10,automne,15h-18h,0,3.0,1,0
2019-10-25 18:00:00,3.0,29.0,630.0,3.0,-0.1,10,automne,18h-21h,0,3.0,1,0
2019-10-25 21:00:00,3.0,29.0,633.0,2.8,0.5,10,automne,21h-24h,0,3.0,0,0
2019-10-26 00:00:00,3.0,25.0,577.0,2.8,1.1,10,automne,00h-03h,0,3.0,0,0
2019-10-26 03:00:00,3.0,25.0,596.0,4.4,-1.1,10,automne,03h-06h,0,3.0,1,0
2019-10-26 06:00:00,4.0,25.0,596.0,6.6,-0.1,10,automne,06h-09h,0,3.0,1,0
2019-10-26 09:00:00,5.0,25.0,588.0,6.5,-3.5,10,automne,09h-12h,0,4.0,1,1
2019-10-26 12:00:00,4.0,25.0,594.0,5.1,-4.6,10,automne,12h-15h,0,5.0,1,0
2019-10-26 15:00:00,4.0,25.0,625.0,3.7,1.5,10,automne,15h-18h,0,4.0,0,0
2019-10-26 18:00:00,4.0,25.0,641.0,3.4,-2.3,10,automne,18h-21h,0,4.0,1,0
2019-10-26 21:00:00,4.0,25.0,631.0,3.5,-0.4,10,automne,21h-24h,0,4.0,1,0
2019-10-27 00:00:00,4.0,15.0,624.0,2.8,-1.4,10,automne,00h-03h,0,4.0,1,0
2019-10-27 03:00:00,3.0,15.0,620.0,2.4,-1.2,10,automne,03h-06h,0,4.0,1,0
2019-10-27 06:00:00,3.0,15.0,614.0,2.2,-0.9,10,automne,06h-09h,0,3.0,1,0
2019-10-27 09:00:00,2.0,15.0,599.0,2.1,0.4,10,automne,09h-12h,0,3.0,0,0
2019-10-27 12:00:00,2.0,15.0,566.0,2.3,0.7,10,automne,12h-15h,0,2.0,0,0
2019-10-27 15:00:00,3.0,15.0,559.0,1.9,1.9,10,automne,15h-18h,0,2.0,0,0
2019-10-27 18:00:00,3.0,15.0,593.0,2.6,-1.9,10,automne,18h-21h,0,3.0,1,0
2019-10-27 21:00:00,3.0,15.0,599.0,2.6,-1.3,10,automne,21h-24h,0,3.0,1,0
2019-10-28 00:00:00,3.0,11.0,579.0,2.4,1.3,10,automne,00h-03h,0,3.0,0,0
2019-10-28 03:00:00,3.0,11.0,558.0,3.1,-0.1,10,automne,03h-06h,0,3.0,1,0
2019-10-28 06:00:00,3.0,11.0,558.0,3.0,-2.2,10,automne,06h-09h,0,3.0,1,0
2019-10-28 09:00:00,2.0,11.0,530.0,2.5,-1.2,10,automne,09h-12h,0,3.0,1,0
2019-10-28 12:00:00,2.0,11.0,495.0,3.0,-2.7,10,automne,12h-15h,0,2.0,1,0
2019-10-28 15:00:00,2.0,11.0,487.0,3.4,-2.9,10,automne,15h-18h,0,2.0,1,0
2019-10-28 18:00:00,3.0,11.0,476.0,3.7,-2.2,10,automne,18h-21h,0,2.0,1,0
2019-10-28 21:00:00,2.0,11.0,456.0,4.6,0.1,10,automne,21h-24h,0,3.0,0,0
2019-11-05 00:00:00,2.0,5.0,381.0,7.0,-0.3,11,automne,00h-03h,0,2.0,1,0
2019-11-05 03:00:00,1.0,5.0,356.0,6.8,-0.2,11,automne,03h-06h,0,2.0,1,0
2019-11-05 06:00:00,1.0,5.0,374.0,5.6,1.3,11,automne,06h-09h,0,1.0,0,0
2019-11-05 09:00:00,1.0,5.0,395.0,3.6,0.8,11,automne,09h-12h,0,1.0,0,0
2019-11-05 12:00:00,1.0,5.0,416.0,6.6,-1.7,11,automne,12h-15h,0,1.0,1,0
2019-11-05 15:00:00,2.0,5.0,411.0,6.2,-1.7,11,automne,15h-18h,0,1.0,1,0
2019-11-05 18:00:00,2.0,5.0,403.0,5.1,-1.7,11,automne,18h-21h,0,2.0,1,0
2019-11-05 21:00:00,2.0,5.0,414.0,5.6,-0.8,11,automne,21h-24h,0,2.0,1,0
2019-11-09 00:00:00,2.0,4.0,326.0,8.4,-1.1,11,automne,00h-03h,0,2.0,1,0
2019-11-09 03:00:00,2.0,4.0,316.0,12.5,0.6,11,automne,03h-06h,0,2.0,0,0
2019-11-09 06:00:00,0.0,4.0,317.0,6.8,2.1,11,automne,06h-09h,0,2.0,0,0
2019-11-09 09:00:00,0.0,4.0,322.0,6.7,-1.2,11,automne,09h-12h,0,0.0,1,0
2019-11-09 12:00:00,1.0,4.0,330.0,6.0,-1.6,11,automne,12h-15h,0,0.0,1,0
2019-11-09 15:00:00,1.0,4.0,343.0,7.6,-1.4,11,automne,15h-18h,0,1.0,1,0
2019-11-09 18:00:00,1.0,4.0,330.0,7.3,0.5,11,automne,18h-21h,0,1.0,0,0
2019-11-09 21:00:00,2.0,4.0,341.0,6.2,-1.6,11,automne,21h-24h,0,1.0,1,0
2019-11-13 00:00:00,0.0,2.0,294.0,4.0,3.9,11,automne,00h-03h,0,2.0,0,0
2019-11-13 03:00:00,0.0,2.0,320.0,3.2,3.3,11,automne,03h-06h,0,0.0,0,0
2019-11-13 06:00:00,0.0,2.0,340.0,4.9,5.2,11,automne,06h-09h,0,0.0,0,0
2019-11-13 09:00:00,0.0,2.0,339.0,3.6,4.2,11,automne,09h-12h,0,0.0,0,0
2019-11-13 12:00:00,0.0,2.0,324.0,3.7,1.7,11,automne,12h-15h,0,0.0,0,0
2019-11-13 15:00:00,0.0,2.0,322.0,3.0,0.7,11,automne,15h-18h,0,0.0,0,0
2019-11-13 18:00:00,1.0,2.0,335.0,4.9,0.7,11,automne,18h-21h,0,0.0,0,0
2019-11-13 21:00:00,1.0,2.0,342.0,6.2,-1.6,11,automne,21h-24h,0,1.0,1,0
2019-11-14 00:00:00,2.0,4.0,340.0,5.7,-1.7,11,automne,00h-03h,0,1.0,1,0
2019-11-14 03:00:00,1.0,4.0,347.0,13.2,1.7,11,automne,03h-06h,0,2.0,0,0
2019-11-14 06:00:00,1.0,4.0,337.0,7.7,2.5,11,automne,06h-09h,0,1.0,0,0
2019-11-14 09:00:00,1.0,4.0,340.0,12.1,0.9,11,automne,09h-12h,0,1.0,0,0
2019-11-14 12:00:00,1.0,4.0,345.0,9.5,-0.8,11,automne,12h-15h,0,1.0,1,0
2019-11-14 15:00:00,0.0,4.0,341.0,7.4,0.6,11,automne,15h-18h,0,1.0,0,0
2019-11-14 18:00:00,1.0,4.0,337.0,7.8,0.3,11,automne,18h-21h,0,0.0,0,0
2019-11-14 21:00:00,0.0,4.0,344.0,8.6,0.8,11,automne,21h-24h,0,1.0,0,0
2019-11-15 00:00:00,0.0,4.0,339.0,9.7,0.8,11,automne,00h-03h,0,0.0,0,0
2019-11-15 03:00:00,1.0,4.0,332.0,8.6,1.6,11,automne,03h-06h,0,0.0,0,0
2019-11-15 06:00:00,0.0,4.0,329.0,8.2,1.6,11,automne,06h-09h,0,1.0,0,0
2019-11-15 09:00:00,1.0,4.0,336.0,8.9,0.2,11,automne,09h-12h,0,0.0,0,0
2019-11-15 12:00:00,0.0,4.0,335.0,9.1,-0.6,11,automne,12h-15h,0,1.0,1,0
2019-11-15 15:00:00,1.0,4.0,349.0,17.2,0.8,11,automne,15h-18h,0,0.0,0,0
2019-11-15 18:00:00,2.0,4.0,366.0,12.0,-0.9,11,automne,18h-21h,0,1.0,1,0
2019-11-15 21:00:00,1.0,4.0,366.0,6.6,4.1,11,automne,21h-24h,0,2.0,0,0
2019-11-16 00:00:00,2.0,6.0,366.0,5.6,-1.7,11,automne,00h-03h,0,1.0,1,0
2019-11-16 03:00:00,2.0,6.0,370.0,4.5,-1.6,11,automne,03h-06h,0,2.0,1,0
2019-11-16 06:00:00,1.0,6.0,350.0,3.3,-0.5,11,automne,06h-09h,0,2.0,1,0
2019-11-16 09:00:00,1.0,6.0,349.0,4.1,-1.4,11,automne,09h-12h,0,1.0,1,0
2019-11-16 12:00:00,1.0,6.0,350.0,6.3,-1.7,11,automne,12h-15h,0,1.0,1,0
2019-11-16 15:00:00,2.0,6.0,384.0,17.4,-1.5,11,automne,15h-18h,0,1.0,1,0
2019-11-16 18:00:00,2.0,6.0,374.0,10.5,-2.2,11,automne,18h-21h,0,2.0,1,0
2019-11-16 21:00:00,2.0,6.0,382.0,11.0,2.9,11,automne,21h-24h,0,2.0,0,0
2019-11-17 00:00:00,2.0,5.0,413.0,8.5,0.5,11,automne,00h-03h,0,2.0,0,0
2019-11-17 03:00:00,1.0,5.0,442.0,4.4,0.1,11,automne,03h-06h,0,2.0,0,0
2019-11-17 06:00:00,1.0,5.0,445.0,4.3,-0.7,11,automne,06h-09h,0,1.0,1,0
2019-11-17 09:00:00,0.0,5.0,442.0,3.2,2.4,11,automne,09h-12h,0,1.0,0,0
2019-11-17 12:00:00,0.0,5.0,435.0,3.1,1.1,11,automne,12h-15h,0,0.0,0,0
2019-11-17 15:00:00,1.0,5.0,416.0,2.7,0.1,11,automne,15h-18h,0,0.0,0,0
2019-11-17 18:00:00,1.0,5.0,383.0,5.5,0.1,11,automne,18h-21h,0,1.0,0,0
2019-11-17 21:00:00,3.0,5.0,380.0,6.4,-2.1,11,automne,21h-24h,0,1.0,1,0
2019-11-18 00:00:00,0.0,2.0,355.0,6.1,1.2,11,automne,00h-03h,0,3.0,0,0
2019-11-18 03:00:00,0.0,2.0,358.0,6.4,-0.2,11,automne,03h-06h,0,0.0,1,0
2019-11-18 06:00:00,0.0,2.0,367.0,6.6,0.1,11,automne,06h-09h,0,0.0,0,0
2019-11-18 09:00:00,0.0,2.0,367.0,6.7,0.6,11,automne,09h-12h,0,0.0,0,0
2019-11-18 12:00:00,0.0,2.0,365.0,6.9,1.4,11,automne,12h-15h,0,0.0,0,0
2019-11-18 15:00:00,0.0,2.0,366.0,7.7,1.6,11,automne,15h-18h,0,0.0,0,0
2019-11-18 18:00:00,1.0,2.0,362.0,7.0,1.2,11,automne,18h-21h,0,0.0,0,0
2019-11-18 21:00:00,0.0,2.0,359.0,6.4,-0.0,11,automne,21h-24h,0,1.0,0,0
2019-11-19 00:00:00,0.0,2.0,356.0,6.1,0.8,11,automne,00h-03h,0,0.0,0,0
2019-11-19 03:00:00,1.0,2.0,345.0,6.1,-0.3,11,automne,03h-06h,0,0.0,1,0
2019-11-19 06:00:00,0.0,2.0,339.0,5.0,1.1,11,automne,06h-09h,0,1.0,0,0
2019-11-19 09:00:00,0.0,2.0,332.0,5.7,1.1,11,automne,09h-12h,0,0.0,0,0
2019-11-19 12:00:00,0.0,2.0,341.0,6.0,2.1,11,automne,12h-15h,0,0.0,0,0
2019-11-19 15:00:00,1.0,2.0,352.0,7.6,0.6,11,automne,15h-18h,0,0.0,0,0
2019-11-19 18:00:00,1.0,2.0,347.0,8.6,-0.2,11,automne,18h-21h,0,1.0,1,0
2019-11-19 21:00:00,0.0,2.0,333.0,7.2,0.9,11,automne,21h-24h,0,1.0,0,0
2019-11-20 00:00:00,0.0,2.0,336.0,6.6,0.3,11,automne,00h-03h,0,0.0,0,0
2019-11-20 03:00:00,1.0,2.0,335.0,10.0,-0.7,11,automne,03h-06h,0,0.0,1,0
2019-11-20 06:00:00,0.0,2.0,331.0,8.1,0.2,11,automne,06h-09h,0,1.0,0,0
2019-11-20 09:00:00,0.0,2.0,325.0,8.1,0.2,11,automne,09h-12h,0,0.0,0,0
2019-11-20 12:00:00,0.0,2.0,316.0,5.8,1.3,11,automne,12h-15h,0,0.0,0,0
2019-11-20 15:00:00,0.0,2.0,331.0,9.9,1.8,11,automne,15h-18h,0,0.0,0,0
2019-11-20 18:00:00,0.0,2.0,341.0,19.4,2.5,11,automne,18h-21h,0,0.0,0,0
2019-11-20 21:00:00,1.0,2.0,331.0,21.4,-0.1,11,automne,21h-24h,0,0.0,1,0
2019-11-21 00:00:00,2.0,12.0,369.0,8.2,5.5,11,automne,00h-03h,0,1.0,0,0
2019-11-21 03:00:00,2.0,12.0,459.0,6.2,-0.4,11,automne,03h-06h,0,2.0,1,0
2019-11-21 06:00:00,2.0,12.0,476.0,9.1,0.7,11,automne,06h-09h,0,2.0,0,0
2019-11-21 09:00:00,2.0,12.0,483.0,8.3,-0.9,11,automne,09h-12h,0,2.0,1,0
2019-11-21 12:00:00,2.0,12.0,432.0,6.5,-2.1,11,automne,12h-15h,0,2.0,1,0
2019-11-21 15:00:00,3.0,12.0,447.0,7.6,-1.4,11,automne,15h-18h,0,2.0,1,0
2019-11-21 18:00:00,3.0,12.0,532.0,4.9,-2.7,11,automne,18h-21h,0,3.0,1,0
2019-11-21 21:00:00,4.0,12.0,594.0,5.2,-0.9,11,automne,21h-24h,0,3.0,1,0
2019-11-22 00:00:00,4.0,13.0,569.0,6.1,-0.6,11,automne,00h-03h,0,4.0,1,0
2019-11-22 03:00:00,2.0,13.0,570.0,3.1,-0.1,11,automne,03h-06h,0,4.0,1,0
2019-11-22 06:00:00,2.0,13.0,510.0,2.0,-0.3,11,automne,06h-09h,0,2.0,1,0
2019-11-22 09:00:00,2.0,13.0,534.0,2.4,-1.9,11,automne,09h-12h,0,2.0,1,0
2019-11-22 12:00:00,3.0,13.0,587.0,3.2,-0.4,11,automne,12h-15h,0,2.0,1,0
2019-11-22 15:00:00,3.0,13.0,555.0,3.5,-2.3,11,automne,15h-18h,0,3.0,1,0
2019-11-22 18:00:00,3.0,13.0,554.0,3.5,-1.5,11,automne,18h-21h,0,3.0,1,0
2019-11-22 21:00:00,2.0,13.0,537.0,3.3,-1.9,11,automne,21h-24h,0,3.0,1,0
2019-11-24 00:00:00,3.0,11.0,524.0,3.7,-0.1,11,automne,00h-03h,0,2.0,1,0
2019-11-24 03:00:00,3.0,11.0,524.0,3.7,-1.9,11,automne,03h-06h,0,3.0,1,0
2019-11-24 06:00:00,3.0,11.0,456.0,3.0,-1.5,11,automne,06h-09h,0,3.0,1,0
2019-11-24 09:00:00,2.0,11.0,466.0,3.1,-0.7,11,automne,09h-12h,0,3.0,1,0
2019-11-24 12:00:00,2.0,11.0,478.0,3.5,-1.8,11,automne,12h-15h,0,2.0,1,0
2019-11-24 15:00:00,3.0,11.0,487.0,3.6,-1.2,11,automne,15h-18h,0,2.0,1,0
2019-11-24 18:00:00,1.0,11.0,473.0,3.4,-1.4,11,automne,18h-21h,0,3.0,1,0
2019-11-24 21:00:00,3.0,11.0,445.0,3.5,-0.5,11,automne,21h-24h,0,1.0,1,0
2019-11-25 00:00:00,2.0,5.0,430.0,3.1,-0.0,11,automne,00h-03h,0,3.0,0,0
2019-11-25 03:00:00,1.0,5.0,426.0,4.0,-0.4,11,automne,03h-06h,0,2.0,1,0
2019-11-25 06:00:00,2.0,5.0,413.0,3.6,-1.0,11,automne,06h-09h,0,1.0,1,0
2019-11-25 09:00:00,2.0,5.0,411.0,3.7,-2.0,11,automne,09h-12h,0,2.0,1,0
2019-11-25 12:00:00,1.0,5.0,409.0,3.4,-0.2,11,automne,12h-15h,0,2.0,1,0
2019-11-25 15:00:00,1.0,5.0,411.0,3.8,-0.0,11,automne,15h-18h,0,1.0,0,0
2019-11-25 18:00:00,1.0,5.0,407.0,2.3,1.0,11,automne,18h-21h,0,1.0,0,0
2019-11-25 21:00:00,2.0,5.0,449.0,3.3,0.6,11,automne,21h-24h,0,1.0,0,0
2019-11-26 00:00:00,2.0,3.0,446.0,3.4,0.6,11,automne,00h-03h,0,2.0,0,0
2019-11-26 03:00:00,2.0,3.0,398.0,2.3,-0.4,11,automne,03h-06h,0,2.0,1,0
2019-11-26 06:00:00,0.0,3.0,405.0,3.2,2.1,11,automne,06h-09h,0,2.0,0,0
2019-11-26 09:00:00,0.0,3.0,378.0,2.5,0.0,11,automne,09h-12h,0,0.0,0,0
2019-11-26 12:00:00,0.0,3.0,376.0,2.8,1.3,11,automne,12h-15h,0,0.0,0,0
2019-11-26 15:00:00,1.0,3.0,397.0,5.5,-1.1,11,automne,15h-18h,0,0.0,1,0
2019-11-26 18:00:00,1.0,3.0,401.0,5.2,2.0,11,automne,18h-21h,0,1.0,0,0
2019-11-26 21:00:00,1.0,3.0,392.0,5.1,3.1,11,automne,21h-24h,0,1.0,0,0
2019-11-27 00:00:00,1.0,4.0,410.0,4.9,-0.3,11,automne,00h-03h,0,1.0,1,0
2019-11-27 03:00:00,1.0,4.0,395.0,5.3,-0.8,11,automne,03h-06h,0,1.0,1,0
2019-11-27 06:00:00,1.0,4.0,395.0,5.0,0.3,11,automne,06h-09h,0,1.0,0,0
2019-11-27 09:00:00,1.0,4.0,394.0,4.6,-1.2,11,automne,09h-12h,0,1.0,1,0
2019-11-27 12:00:00,1.0,4.0,385.0,5.5,0.5,11,automne,12h-15h,0,1.0,0,0
2019-11-27 15:00:00,2.0,4.0,391.0,5.6,1.3,11,automne,15h-18h,0,1.0,0,0
2019-11-27 18:00:00,2.0,4.0,402.0,5.3,-3.0,11,automne,18h-21h,0,2.0,1,0
2019-11-27 21:00:00,1.0,4.0,395.0,6.1,-0.2,11,automne,21h-24h,0,2.0,1,0
2019-11-28 00:00:00,2.0,4.0,376.0,7.8,-1.2,11,automne,00h-03h,0,1.0,1,0
2019-11-28 03:00:00,0.0,4.0,353.0,9.5,0.6,11,automne,03h-06h,0,2.0,0,0
2019-11-28 06:00:00,1.0,4.0,345.0,10.2,1.0,11,automne,06h-09h,0,0.0,0,0
2019-11-28 09:00:00,0.0,4.0,332.0,9.4,2.8,11,automne,09h-12h,0,1.0,0,0
2019-11-28 12:00:00,1.0,4.0,330.0,10.0,0.4,11,automne,12h-15h,0,0.0,0,0
2019-11-28 15:00:00,1.0,4.0,330.0,9.8,2.1,11,automne,15h-18h,0,1.0,0,0
2019-11-28 18:00:00,2.0,4.0,327.0,9.0,-2.0,11,automne,18h-21h,0,1.0,1,0
2019-11-28 21:00:00,1.0,4.0,329.0,15.8,2.1,11,automne,21h-24h,0,2.0,0,0
2019-11-29 00:00:00,1.0,5.0,342.0,15.4,1.7,11,automne,00h-03h,0,1.0,0,0
2019-11-29 03:00:00,1.0,5.0,353.0,8.8,3.2,11,automne,03h-06h,0,1.0,0,0
2019-11-29 06:00:00,0.0,5.0,347.0,7.4,1.3,11,automne,06h-09h,0,1.0,0,0
2019-11-29 09:00:00,1.0,5.0,352.0,5.5,-0.8,11,automne,09h-12h,0,0.0,1,0
2019-11-29 12:00:00,1.0,5.0,343.0,5.0,-1.4,11,automne,12h-15h,0,1.0,1,0
2019-11-29 15:00:00,1.0,5.0,346.0,3.6,-0.2,11,automne,15h-18h,0,1.0,1,0
2019-11-29 18:00:00,2.0,5.0,372.0,6.9,-2.7,11,automne,18h-21h,0,1.0,1,0
2019-11-29 21:00:00,3.0,5.0,372.0,8.0,-4.0,11,automne,21h-24h,0,2.0,1,0
2019-11-30 00:00:00,2.0,4.0,359.0,8.0,-0.5,11,automne,00h-03h,0,3.0,1,0
2019-11-30 03:00:00,1.0,4.0,350.0,10.1,0.2,11,automne,03h-06h,0,2.0,0,0
2019-11-30 06:00:00,1.0,4.0,360.0,8.2,1.7,11,automne,06h-09h,0,1.0,0,0
2019-11-30 09:00:00,0.0,4.0,373.0,4.3,3.9,11,automne,09h-12h,0,1.0,0,0
2019-11-30 12:00:00,1.0,4.0,394.0,11.9,1.7,11,automne,12h-15h,0,0.0,0,0
2019-11-30 15:00:00,1.0,4.0,393.0,12.3,1.1,11,automne,15h-18h,0,1.0,0,0
2019-11-30 18:00:00,2.0,4.0,401.0,14.1,1.0,11,automne,18h-21h,0,1.0,0,0
2019-11-30 21:00:00,2.0,4.0,397.0,13.5,-0.8,11,automne,21h-24h,0,2.0,1,0
2019-12-01 00:00:00,1.0,4.0,385.0,11.9,0.2,12,hiver,00h-03h,0,2.0,0,0
2019-12-01 03:00:00,1.0,4.0,375.0,15.6,1.3,12,hiver,03h-06h,0,1.0,0,0
2019-12-01 06:00:00,0.0,4.0,365.0,9.5,2.3,12,hiver,06h-09h,0,1.0,0,0
2019-12-01 09:00:00,0.0,4.0,361.0,9.0,0.8,12,hiver,09h-12h,0,0.0,0,0
2019-12-01 12:00:00,1.0,4.0,356.0,7.6,-0.2,12,hiver,12h-15h,0,0.0,1,0
2019-12-01 15:00:00,1.0,4.0,347.0,6.3,-0.5,12,hiver,15h-18h,0,1.0,1,0
2019-12-01 18:00:00,2.0,4.0,353.0,7.9,0.3,12,hiver,18h-21h,0,1.0,0,0
2019-12-01 21:00:00,2.0,4.0,354.0,9.0,-0.7,12,hiver,21h-24h,0,2.0,1,0
2019-12-02 00:00:00,0.0,2.0,349.0,13.4,1.4,12,hiver,00h-03h,0,2.0,0,0
2019-12-02 03:00:00,1.0,2.0,346.0,13.2,-0.1,12,hiver,03h-06h,0,0.0,1,0
2019-12-02 06:00:00,1.0,2.0,337.0,8.8,1.3,12,hiver,06h-09h,0,1.0,0,0
2019-12-02 09:00:00,0.0,2.0,333.0,7.9,1.0,12,hiver,09h-12h,0,1.0,0,0
2019-12-02 12:00:00,0.0,2.0,332.0,8.7,0.9,12,hiver,12h-15h,0,0.0,0,0
2019-12-02 15:00:00,0.0,2.0,330.0,8.1,0.9,12,hiver,15h-18h,0,0.0,0,0
2019-12-02 18:00:00,0.0,2.0,334.0,7.1,0.0,12,hiver,18h-21h,0,0.0,0,0
2019-12-02 21:00:00,0.0,2.0,322.0,4.8,1.8,12,hiver,21h-24h,0,0.0,0,0
2019-12-03 00:00:00,0.0,2.0,323.0,7.4,0.5,12,hiver,00h-03h,0,0.0,0,0
2019-12-03 03:00:00,0.0,2.0,327.0,12.4,-0.3,12,hiver,03h-06h,0,0.0,1,0
2019-12-03 06:00:00,0.0,2.0,320.0,11.4,-1.8,12,hiver,06h-09h,0,0.0,1,0
2019-12-03 09:00:00,0.0,2.0,309.0,8.6,-0.8,12,hiver,09h-12h,0,0.0,1,0
2019-12-03 12:00:00,0.0,2.0,307.0,8.0,0.1,12,hiver,12h-15h,0,0.0,0,0
2019-12-03 15:00:00,0.0,2.0,308.0,8.4,-1.5,12,hiver,15h-18h,0,0.0,1,0
2019-12-03 18:00:00,0.0,2.0,305.0,8.1,-1.2,12,hiver,18h-21h,0,0.0,1,0
2019-12-03 21:00:00,1.0,2.0,300.0,9.5,-0.5,12,hiver,21h-24h,0,0.0,1,0
2019-12-04 00:00:00,1.0,3.0,315.0,21.0,1.4,12,hiver,00h-03h,0,1.0,0,0
2019-12-04 03:00:00,2.0,3.0,314.0,17.9,-2.2,12,hiver,03h-06h,0,1.0,1,0
2019-12-04 06:00:00,1.0,3.0,311.0,16.0,0.5,12,hiver,06h-09h,0,2.0,0,0
2019-12-04 09:00:00,1.0,3.0,306.0,19.4,-0.1,12,hiver,09h-12h,0,1.0,1,0
2019-12-04 12:00:00,1.0,3.0,301.0,13.8,-2.3,12,hiver,12h-15h,0,1.0,1,0
2019-12-04 15:00:00,0.0,3.0,308.0,13.7,-1.1,12,hiver,15h-18h,0,1.0,1,0
2019-12-04 18:00:00,1.0,3.0,308.0,13.6,0.2,12,hiver,18h-21h,0,0.0,0,0
2019-12-04 21:00:00,0.0,3.0,310.0,11.8,1.1,12,hiver,21h-24h,0,1.0,0,0
2019-12-05 00:00:00,0.0,3.0,302.0,11.1,1.2,12,hiver,00h-03h,0,0.0,0,0
2019-12-05 03:00:00,0.0,3.0,307.0,10.7,0.9,12,hiver,03h-06h,0,0.0,0,0
2019-12-05 06:00:00,0.0,3.0,312.0,9.7,1.1,12,hiver,06h-09h,0,0.0,0,0
2019-12-05 09:00:00,1.0,3.0,319.0,12.0,-1.3,12,hiver,09h-12h,0,0.0,1,0
2019-12-05 12:00:00,1.0,3.0,336.0,16.7,-1.1,12,hiver,12h-15h,0,1.0,1,0
2019-12-05 15:00:00,1.0,3.0,332.0,15.3,1.1,12,hiver,15h-18h,0,1.0,0,0
2019-12-05 18:00:00,1.0,3.0,338.0,11.7,1.5,12,hiver,18h-21h,0,1.0,0,0
2019-12-05 21:00:00,0.0,3.0,336.0,4.4,2.6,12,hiver,21h-24h,0,1.0,0,0
2019-12-06 00:00:00,0.0,4.0,353.0,7.6,2.0,12,hiver,00h-03h,0,0.0,0,0
2019-12-06 03:00:00,2.0,4.0,358.0,6.7,-1.7,12,hiver,03h-06h,0,0.0,1,0
2019-12-06 06:00:00,1.0,4.0,357.0,5.2,0.5,12,hiver,06h-09h,0,2.0,0,0
2019-12-06 09:00:00,1.0,4.0,356.0,5.3,1.9,12,hiver,09h-12h,0,1.0,0,0
2019-12-06 12:00:00,1.0,4.0,368.0,5.3,-1.5,12,hiver,12h-15h,0,1.0,1,0
2019-12-06 15:00:00,1.0,4.0,373.0,5.9,0.6,12,hiver,15h-18h,0,1.0,0,0
2019-12-06 18:00:00,1.0,4.0,362.0,4.6,-0.2,12,hiver,18h-21h,0,1.0,1,0
2019-12-06 21:00:00,1.0,4.0,385.0,4.2,-0.3,12,hiver,21h-24h,0,1.0,1,0
2019-12-07 00:00:00,1.0,2.0,357.0,3.2,-0.5,12,hiver,00h-03h,0,1.0,1,0
2019-12-07 03:00:00,0.0,2.0,356.0,4.6,-0.2,12,hiver,03h-06h,0,1.0,1,0
2019-12-07 06:00:00,0.0,2.0,373.0,5.2,-0.8,12,hiver,06h-09h,0,0.0,1,0
2019-12-07 09:00:00,1.0,2.0,367.0,4.5,2.1,12,hiver,09h-12h,0,0.0,0,0
2019-12-07 12:00:00,0.0,2.0,362.0,2.9,1.3,12,hiver,12h-15h,0,1.0,0,0
2019-12-07 15:00:00,0.0,2.0,358.0,2.5,1.6,12,hiver,15h-18h,0,0.0,0,0
2019-12-07 18:00:00,1.0,2.0,344.0,2.7,0.3,12,hiver,18h-21h,0,0.0,0,0
2019-12-07 21:00:00,1.0,2.0,367.0,4.2,-2.4,12,hiver,21h-24h,0,1.0,1,0
2019-12-08 00:00:00,0.0,3.0,342.0,3.8,-1.9,12,hiver,00h-03h,0,1.0,1,0
2019-12-08 03:00:00,0.0,3.0,344.0,5.1,-1.7,12,hiver,03h-06h,0,0.0,1,0
2019-12-08 06:00:00,0.0,3.0,348.0,3.3,0.8,12,hiver,06h-09h,0,0.0,0,0
2019-12-08 09:00:00,0.0,3.0,345.0,3.5,2.3,12,hiver,09h-12h,0,0.0,0,0
2019-12-08 12:00:00,1.0,3.0,354.0,4.1,3.0,12,hiver,12h-15h,0,0.0,0,0
2019-12-08 15:00:00,1.0,3.0,374.0,7.8,-1.1,12,hiver,15h-18h,0,1.0,1,0
2019-12-08 18:00:00,1.0,3.0,362.0,7.8,-2.5,12,hiver,18h-21h,0,1.0,1,0
2019-12-08 21:00:00,1.0,3.0,350.0,6.8,0.4,12,hiver,21h-24h,0,1.0,0,0
2019-12-09 00:00:00,3.0,4.0,362.0,6.0,-3.0,12,hiver,00h-03h,0,1.0,1,0
2019-12-09 03:00:00,1.0,4.0,344.0,6.3,-0.4,12,hiver,03h-06h,0,3.0,1,0
2019-12-09 06:00:00,0.0,4.0,341.0,5.7,2.5,12,hiver,06h-09h,0,1.0,0,0
2019-12-09 09:00:00,0.0,4.0,337.0,4.9,1.6,12,hiver,09h-12h,0,0.0,0,0
2019-12-09 12:00:00,0.0,4.0,335.0,6.1,-1.5,12,hiver,12h-15h,0,0.0,1,0
2019-12-09 15:00:00,1.0,4.0,342.0,8.6,1.1,12,hiver,15h-18h,0,0.0,0,0
2019-12-09 18:00:00,0.0,4.0,338.0,8.4,0.3,12,hiver,18h-21h,0,1.0,0,0
2019-12-09 21:00:00,2.0,4.0,348.0,13.5,-3.5,12,hiver,21h-24h,0,0.0,1,0
2019-12-10 00:00:00,1.0,4.0,340.0,5.8,2.7,12,hiver,00h-03h,0,2.0,0,0
2019-12-10 03:00:00,2.0,4.0,396.0,12.1,2.0,12,hiver,03h-06h,0,1.0,0,0
2019-12-10 06:00:00,1.0,4.0,399.0,8.5,1.8,12,hiver,06h-09h,0,2.0,0,0
2019-12-10 09:00:00,1.0,4.0,412.0,4.5,2.1,12,hiver,09h-12h,0,1.0,0,0
2019-12-10 12:00:00,0.0,4.0,444.0,4.5,3.1,12,hiver,12h-15h,0,1.0,0,0
2019-12-10 15:00:00,0.0,4.0,427.0,5.6,2.3,12,hiver,15h-18h,0,0.0,0,0
2019-12-10 18:00:00,1.0,4.0,434.0,9.0,0.8,12,hiver,18h-21h,0,0.0,0,0
2019-12-10 21:00:00,1.0,4.0,436.0,8.6,2.4,12,hiver,21h-24h,0,1.0,0,0
2019-12-11 00:00:00,3.0,6.0,439.0,9.8,0.5,12,hiver,00h-03h,0,1.0,0,0
2019-12-11 03:00:00,2.0,6.0,442.0,7.0,-1.3,12,hiver,03h-06h,0,3.0,1,0
2019-12-11 06:00:00,0.0,6.0,436.0,5.5,1.6,12,hiver,06h-09h,0,2.0,0,0
2019-12-11 09:00:00,1.0,6.0,448.0,6.2,1.4,12,hiver,09h-12h,0,0.0,0,0
2019-12-11 12:00:00,1.0,6.0,414.0,5.0,-1.0,12,hiver,12h-15h,0,1.0,1,0
2019-12-11 15:00:00,2.0,6.0,436.0,3.5,-1.1,12,hiver,15h-18h,0,1.0,1,0
2019-12-11 18:00:00,1.0,6.0,430.0,3.5,-0.5,12,hiver,18h-21h,0,2.0,1,0
2019-12-11 21:00:00,2.0,6.0,409.0,2.2,-1.0,12,hiver,21h-24h,0,1.0,1,0
2019-12-12 00:00:00,1.0,4.0,406.0,4.0,-1.5,12,hiver,00h-03h,0,2.0,1,0
2019-12-12 03:00:00,1.0,4.0,402.0,4.0,0.0,12,hiver,03h-06h,0,1.0,0,0
2019-12-12 06:00:00,2.0,4.0,394.0,3.6,-0.1,12,hiver,06h-09h,0,1.0,1,0
2019-12-12 09:00:00,1.0,4.0,422.0,3.6,-0.1,12,hiver,09h-12h,0,2.0,1,0
2019-12-12 12:00:00,0.0,4.0,408.0,4.0,2.5,12,hiver,12h-15h,0,1.0,0,0
2019-12-12 15:00:00,0.0,4.0,398.0,4.4,-0.5,12,hiver,15h-18h,0,0.0,1,0
2019-12-12 18:00:00,1.0,4.0,388.0,2.7,2.3,12,hiver,18h-21h,0,0.0,0,0
2019-12-12 21:00:00,2.0,4.0,393.0,5.2,-0.6,12,hiver,21h-24h,0,1.0,1,0
2019-12-13 00:00:00,1.0,4.0,391.0,5.5,-1.0,12,hiver,00h-03h,0,2.0,1,0
2019-12-13 03:00:00,2.0,4.0,384.0,5.9,-1.1,12,hiver,03h-06h,0,1.0,1,0
2019-12-13 06:00:00,1.0,4.0,383.0,4.8,0.7,12,hiver,06h-09h,0,2.0,0,0
2019-12-13 09:00:00,1.0,4.0,375.0,4.0,0.9,12,hiver,09h-12h,0,1.0,0,0
2019-12-13 12:00:00,0.0,4.0,381.0,3.3,-0.0,12,hiver,12h-15h,0,1.0,0,0
2019-12-13 15:00:00,0.0,4.0,372.0,4.1,-0.8,12,hiver,15h-18h,0,0.0,1,0
2019-12-13 18:00:00,1.0,4.0,351.0,6.1,0.6,12,hiver,18h-21h,0,0.0,0,0
2019-12-13 21:00:00,0.0,4.0,353.0,6.2,1.7,12,hiver,21h-24h,0,1.0,0,0
2019-12-14 00:00:00,1.0,3.0,356.0,4.2,-1.2,12,hiver,00h-03h,0,0.0,1,0
2019-12-14 03:00:00,0.0,3.0,357.0,8.3,-0.8,12,hiver,03h-06h,0,1.0,1,0
2019-12-14 06:00:00,1.0,3.0,347.0,6.0,1.0,12,hiver,06h-09h,0,0.0,0,0
2019-12-14 09:00:00,0.0,3.0,339.0,4.0,0.5,12,hiver,09h-12h,0,1.0,0,0
2019-12-14 12:00:00,0.0,3.0,354.0,7.6,1.1,12,hiver,12h-15h,0,0.0,0,0
2019-12-14 15:00:00,0.0,3.0,368.0,4.4,1.8,12,hiver,15h-18h,0,0.0,0,0
2019-12-14 18:00:00,0.0,3.0,384.0,7.6,0.9,12,hiver,18h-21h,0,0.0,0,0
2019-12-14 21:00:00,2.0,3.0,383.0,8.2,0.7,12,hiver,21h-24h,0,0.0,0,0
2019-12-15 00:00:00,2.0,5.0,391.0,6.9,0.3,12,hiver,00h-03h,0,2.0,0,0
2019-12-15 03:00:00,2.0,5.0,387.0,9.9,-0.9,12,hiver,03h-06h,0,2.0,1,0
2019-12-15 06:00:00,1.0,5.0,377.0,5.7,1.8,12,hiver,06h-09h,0,2.0,0,0
2019-12-15 09:00:00,1.0,5.0,360.0,4.8,1.9,12,hiver,09h-12h,0,1.0,0,0
2019-12-15 12:00:00,0.0,5.0,366.0,4.0,3.1,12,hiver,12h-15h,0,1.0,0,0
2019-12-15 15:00:00,1.0,5.0,388.0,3.0,1.5,12,hiver,15h-18h,0,0.0,0,0
2019-12-15 18:00:00,1.0,5.0,387.0,4.0,-1.1,12,hiver,18h-21h,0,1.0,1,0
2019-12-15 21:00:00,2.0,5.0,400.0,4.5,0.8,12,hiver,21h-24h,0,1.0,0,0
2019-12-16 00:00:00,0.0,1.0,408.0,4.0,0.9,12,hiver,00h-03h,0,2.0,0,0
2019-12-16 03:00:00,0.0,1.0,409.0,3.4,2.3,12,hiver,03h-06h,0,0.0,0,0
2019-12-16 06:00:00,0.0,1.0,398.0,3.6,-0.3,12,hiver,06h-09h,0,0.0,1,0
2019-12-16 09:00:00,0.0,1.0,363.0,2.4,0.1,12,hiver,09h-12h,0,0.0,0,0
2019-12-16 12:00:00,1.0,1.0,363.0,3.4,-1.7,12,hiver,12h-15h,0,0.0,1,0
2019-12-16 15:00:00,1.0,1.0,346.0,2.7,-0.4,12,hiver,15h-18h,0,1.0,1,0
2019-12-16 18:00:00,0.0,1.0,360.0,3.3,-1.2,12,hiver,18h-21h,0,1.0,1,0
2019-12-16 21:00:00,0.0,1.0,340.0,3.1,2.4,12,hiver,21h-24h,0,0.0,0,0
2019-12-17 00:00:00,0.0,2.0,339.0,3.2,2.4,12,hiver,00h-03h,0,0.0,0,0
2019-12-17 03:00:00,0.0,2.0,370.0,6.8,0.1,12,hiver,03h-06h,0,0.0,0,0
2019-12-17 06:00:00,1.0,2.0,366.0,9.0,-0.3,12,hiver,06h-09h,0,0.0,1,0
2019-12-17 09:00:00,1.0,2.0,368.0,9.2,0.3,12,hiver,09h-12h,0,1.0,0,0
2019-12-17 12:00:00,0.0,2.0,350.0,8.6,0.2,12,hiver,12h-15h,0,1.0,0,0
2019-12-17 15:00:00,0.0,2.0,353.0,8.7,0.6,12,hiver,15h-18h,0,0.0,0,0
2019-12-17 18:00:00,0.0,2.0,342.0,7.7,1.6,12,hiver,18h-21h,0,0.0,0,0
2019-12-17 21:00:00,0.0,2.0,335.0,8.2,1.7,12,hiver,21h-24h,0,0.0,0,0
2019-12-18 00:00:00,1.0,13.0,344.0,11.9,1.2,12,hiver,00h-03h,0,0.0,0,0
2019-12-18 03:00:00,2.0,13.0,392.0,14.4,1.9,12,hiver,03h-06h,0,1.0,0,0
2019-12-18 06:00:00,1.0,13.0,423.0,10.9,0.7,12,hiver,06h-09h,0,2.0,0,0
2019-12-18 09:00:00,3.0,13.0,454.0,12.5,-0.2,12,hiver,09h-12h,0,1.0,1,0
2019-12-18 12:00:00,4.0,13.0,508.0,7.0,-2.8,12,hiver,12h-15h,0,3.0,1,0
2019-12-18 15:00:00,4.0,13.0,530.0,4.5,-4.3,12,hiver,15h-18h,0,4.0,1,0
2019-12-18 18:00:00,3.0,13.0,514.0,4.5,0.5,12,hiver,18h-21h,0,4.0,0,0
2019-12-18 21:00:00,2.0,13.0,540.0,4.6,2.7,12,hiver,21h-24h,0,3.0,0,0
2019-12-19 00:00:00,3.0,13.0,516.0,7.6,0.0,12,hiver,00h-03h,0,2.0,0,0
2019-12-19 03:00:00,4.0,13.0,519.0,5.7,-0.1,12,hiver,03h-06h,0,3.0,1,0
2019-12-19 06:00:00,4.0,13.0,502.0,5.8,-2.4,12,hiver,06h-09h,0,4.0,1,0
2019-12-19 09:00:00,3.0,13.0,515.0,5.1,-1.8,12,hiver,09h-12h,0,4.0,1,0
2019-12-19 12:00:00,2.0,13.0,527.0,3.4,-0.5,12,hiver,12h-15h,0,3.0,1,0
2019-12-19 15:00:00,2.0,13.0,512.0,3.4,0.1,12,hiver,15h-18h,0,2.0,0,0
2019-12-19 18:00:00,2.0,13.0,506.0,3.5,-1.0,12,hiver,18h-21h,0,2.0,1,0
2019-12-19 21:00:00,1.0,13.0,477.0,3.7,-0.3,12,hiver,21h-24h,0,2.0,1,0
2019-12-20 00:00:00,2.0,5.0,480.0,4.7,1.1,12,hiver,00h-03h,0,1.0,0,0
2019-12-20 03:00:00,1.0,5.0,485.0,4.2,-0.4,12,hiver,03h-06h,0,2.0,1,0
2019-12-20 06:00:00,1.0,5.0,472.0,4.3,-0.5,12,hiver,06h-09h,0,1.0,1,0
2019-12-20 09:00:00,0.0,5.0,468.0,4.2,0.3,12,hiver,09h-12h,0,1.0,0,0
2019-12-20 12:00:00,2.0,5.0,438.0,3.8,-1.9,12,hiver,12h-15h,0,0.0,1,0
2019-12-20 15:00:00,2.0,5.0,430.0,3.5,-0.6,12,hiver,15h-18h,0,2.0,1,0
2019-12-20 18:00:00,1.0,5.0,430.0,4.2,-0.6,12,hiver,18h-21h,0,2.0,1,0
2019-12-20 21:00:00,2.0,5.0,437.0,4.9,-0.1,12,hiver,21h-24h,0,1.0,1,0
2019-12-21 00:00:00,2.0,5.0,423.0,5.2,-1.7,12,hiver,00h-03h,0,2.0,1,0
2019-12-21 03:00:00,0.0,5.0,411.0,4.3,0.7,12,hiver,03h-06h,0,2.0,0,0
2019-12-21 06:00:00,2.0,5.0,411.0,6.2,-2.3,12,hiver,06h-09h,0,0.0,1,0
2019-12-21 09:00:00,1.0,5.0,399.0,6.3,-0.8,12,hiver,09h-12h,0,2.0,1,0
2019-12-21 12:00:00,1.0,5.0,385.0,5.0,1.5,12,hiver,12h-15h,0,1.0,0,0
2019-12-21 15:00:00,0.0,5.0,369.0,4.5,-0.7,12,hiver,15h-18h,0,1.0,1,0
2019-12-21 18:00:00,1.0,5.0,358.0,4.2,-0.4,12,hiver,18h-21h,0,0.0,1,0
2019-12-21 21:00:00,1.0,5.0,347.0,3.5,-0.0,12,hiver,21h-24h,0,1.0,0,0
2019-12-22 00:00:00,1.0,4.0,339.0,4.4,-1.1,12,hiver,00h-03h,0,1.0,1,0
2019-12-22 03:00:00,0.0,4.0,345.0,5.1,1.0,12,hiver,03h-06h,0,1.0,0,0
2019-12-22 06:00:00,2.0,4.0,352.0,5.5,-1.6,12,hiver,06h-09h,0,0.0,1,0
2019-12-22 09:00:00,0.0,4.0,350.0,5.6,-1.2,12,hiver,09h-12h,0,2.0,1,0
2019-12-22 12:00:00,0.0,4.0,316.0,4.1,-0.2,12,hiver,12h-15h,0,0.0,1,0
2019-12-22 15:00:00,0.0,4.0,327.0,5.1,1.1,12,hiver,15h-18h,0,0.0,0,0
2019-12-22 18:00:00,1.0,4.0,334.0,5.7,-2.1,12,hiver,18h-21h,0,0.0,1,0
2019-12-22 21:00:00,1.0,4.0,336.0,4.6,0.9,12,hiver,21h-24h,0,1.0,0,0
2019-12-23 00:00:00,0.0,4.0,349.0,2.6,1.1,12,hiver,00h-03h,0,1.0,0,0
2019-12-23 03:00:00,2.0,4.0,360.0,2.9,-0.6,12,hiver,03h-06h,0,0.0,1,0
2019-12-23 06:00:00,0.0,4.0,353.0,5.2,-1.6,12,hiver,06h-09h,0,2.0,1,0
2019-12-23 09:00:00,2.0,4.0,359.0,5.9,1.5,12,hiver,09h-12h,0,0.0,0,0
2019-12-23 12:00:00,1.0,4.0,354.0,6.5,-4.3,12,hiver,12h-15h,0,2.0,1,0
2019-12-23 15:00:00,1.0,4.0,349.0,5.1,-1.2,12,hiver,15h-18h,0,1.0,1,0
2019-12-23 18:00:00,0.0,4.0,340.0,4.8,-0.2,12,hiver,18h-21h,0,1.0,1,0
2019-12-23 21:00:00,0.0,4.0,343.0,4.5,-1.1,12,hiver,21h-24h,0,0.0,1,0
2019-12-24 00:00:00,2.0,3.0,347.0,4.5,-0.6,12,hiver,00h-03h,0,0.0,1,0
2019-12-24 03:00:00,0.0,3.0,316.0,5.5,1.4,12,hiver,03h-06h,0,2.0,0,0
2019-12-24 06:00:00,1.0,3.0,321.0,7.2,0.6,12,hiver,06h-09h,0,0.0,0,0
2019-12-24 09:00:00,1.0,3.0,316.0,4.2,1.4,12,hiver,09h-12h,0,1.0,0,0
2019-12-24 12:00:00,0.0,3.0,329.0,5.8,0.7,12,hiver,12h-15h,0,1.0,0,0
2019-12-24 15:00:00,0.0,3.0,316.0,5.4,0.2,12,hiver,15h-18h,0,0.0,0,0
2019-12-24 18:00:00,0.0,3.0,311.0,4.5,0.5,12,hiver,18h-21h,0,0.0,0,0
2019-12-24 21:00:00,0.0,3.0,309.0,5.8,1.1,12,hiver,21h-24h,0,0.0,0,0
2019-12-25 00:00:00,0.0,4.0,311.0,7.1,1.7,12,hiver,00h-03h,0,0.0,0,0
2019-12-25 03:00:00,0.0,4.0,311.0,5.9,0.7,12,hiver,03h-06h,0,0.0,0,0
2019-12-25 06:00:00,0.0,4.0,329.0,6.8,0.8,12,hiver,06h-09h,0,0.0,0,0
2019-12-25 09:00:00,1.0,4.0,339.0,8.0,-3.3,12,hiver,09h-12h,0,0.0,1,0
2019-12-25 12:00:00,0.0,4.0,340.0,10.9,0.0,12,hiver,12h-15h,0,1.0,0,0
2019-12-25 15:00:00,1.0,4.0,333.0,8.9,-1.1,12,hiver,15h-18h,0,0.0,1,0
2019-12-25 18:00:00,2.0,4.0,343.0,17.6,0.1,12,hiver,18h-21h,0,1.0,0,0
2019-12-25 21:00:00,2.0,4.0,336.0,12.0,5.3,12,hiver,21h-24h,0,2.0,0,0
2019-12-26 00:00:00,3.0,5.0,347.0,23.1,0.4,12,hiver,00h-03h,0,2.0,0,0
2019-12-26 03:00:00,1.0,5.0,359.0,12.4,4.4,12,hiver,03h-06h,0,3.0,0,0
2019-12-26 06:00:00,1.0,5.0,358.0,8.5,2.7,12,hiver,06h-09h,0,1.0,0,0
2019-12-26 09:00:00,1.0,5.0,379.0,7.8,-1.0,12,hiver,09h-12h,0,1.0,1,0
2019-12-26 12:00:00,0.0,5.0,393.0,7.7,-0.9,12,hiver,12h-15h,0,1.0,1,0
2019-12-26 15:00:00,1.0,5.0,407.0,5.7,-0.7,12,hiver,15h-18h,0,0.0,1,0
2019-12-26 18:00:00,1.0,5.0,387.0,6.1,0.1,12,hiver,18h-21h,0,1.0,0,0
2019-12-26 21:00:00,1.0,5.0,380.0,6.0,0.2,12,hiver,21h-24h,0,1.0,0,0
2019-12-27 00:00:00,1.0,3.0,378.0,7.3,-1.7,12,hiver,00h-03h,0,1.0,1,0
2019-12-27 03:00:00,1.0,3.0,372.0,7.1,0.7,12,hiver,03h-06h,0,1.0,0,0
2019-12-27 06:00:00,1.0,3.0,375.0,6.3,-0.8,12,hiver,06h-09h,0,1.0,1,0
2019-12-27 09:00:00,1.0,3.0,366.0,6.5,1.8,12,hiver,09h-12h,0,1.0,0,0
2019-12-27 12:00:00,0.0,3.0,374.0,6.3,-0.6,12,hiver,12h-15h,0,1.0,1,0
2019-12-27 15:00:00,0.0,3.0,365.0,4.9,0.5,12,hiver,15h-18h,0,0.0,0,0
2019-12-27 18:00:00,1.0,3.0,373.0,5.2,0.4,12,hiver,18h-21h,0,0.0,0,0
2019-12-27 21:00:00,0.0,3.0,372.0,5.1,1.5,12,hiver,21h-24h,0,1.0,0,0
2019-12-28 00:00:00,1.0,2.0,361.0,5.7,-0.5,12,hiver,00h-03h,0,0.0,1,0
2019-12-28 03:00:00,0.0,2.0,355.0,6.4,-1.4,12,hiver,03h-06h,0,1.0,1,0
2019-12-28 06:00:00,0.0,2.0,349.0,6.2,-0.3,12,hiver,06h-09h,0,0.0,1,0
2019-12-28 09:00:00,0.0,2.0,362.0,5.2,-0.0,12,hiver,09h-12h,0,0.0,0,0
2019-12-28 12:00:00,0.0,2.0,351.0,7.3,1.1,12,hiver,12h-15h,0,0.0,0,0
2019-12-28 15:00:00,0.0,2.0,346.0,7.1,1.2,12,hiver,15h-18h,0,0.0,0,0
2019-12-28 18:00:00,0.0,2.0,317.0,5.7,-0.2,12,hiver,18h-21h,0,0.0,1,0
2019-12-28 21:00:00,1.0,2.0,333.0,6.6,-0.1,12,hiver,21h-24h,0,0.0,1,0
2019-12-29 00:00:00,0.0,2.0,321.0,6.6,0.9,12,hiver,00h-03h,0,1.0,0,0
2019-12-29 03:00:00,0.0,2.0,321.0,8.1,-2.8,12,hiver,03h-06h,0,0.0,1,0
2019-12-29 06:00:00,0.0,2.0,313.0,9.0,-0.3,12,hiver,06h-09h,0,0.0,1,0
2019-12-29 09:00:00,0.0,2.0,310.0,10.4,0.4,12,hiver,09h-12h,0,0.0,0,0
2019-12-29 12:00:00,0.0,2.0,307.0,10.0,1.4,12,hiver,12h-15h,0,0.0,0,0
2019-12-29 15:00:00,0.0,2.0,303.0,8.9,0.5,12,hiver,15h-18h,0,0.0,0,0
2019-12-29 18:00:00,0.0,2.0,298.0,10.6,1.4,12,hiver,18h-21h,0,0.0,0,0
2019-12-29 21:00:00,1.0,2.0,316.0,8.3,-0.6,12,hiver,21h-24h,0,0.0,1,0
2019-12-30 00:00:00,1.0,3.0,298.0,9.6,-0.7,12,hiver,00h-03h,0,1.0,1,0
2019-12-30 03:00:00,1.0,3.0,296.0,14.2,0.8,12,hiver,03h-06h,0,1.0,0,0
2019-12-30 06:00:00,0.0,3.0,297.0,12.6,-0.9,12,hiver,06h-09h,0,1.0,1,0
2019-12-30 09:00:00,1.0,3.0,301.0,13.3,1.2,12,hiver,09h-12h,0,0.0,0,0
2019-12-30 12:00:00,0.0,3.0,297.0,14.1,4.1,12,hiver,12h-15h,0,1.0,0,0
2019-12-30 15:00:00,1.0,3.0,292.0,10.8,1.2,12,hiver,15h-18h,0,0.0,0,0
2019-12-30 18:00:00,1.0,3.0,295.0,9.6,0.1,12,hiver,18h-21h,0,1.0,0,0
2019-12-30 21:00:00,1.0,3.0,307.0,19.1,4.1,12,hiver,21h-24h,0,1.0,0,0
2019-12-31 00:00:00,1.0,5.0,308.0,15.6,0.5,12,hiver,00h-03h,0,1.0,0,0
2019-12-31 03:00:00,2.0,5.0,313.0,22.6,-1.8,12,hiver,03h-06h,0,1.0,1,0
2019-12-31 06:00:00,1.0,5.0,315.0,21.9,-0.9,12,hiver,06h-09h,0,2.0,1,0
2019-12-31 09:00:00,1.0,5.0,305.0,14.0,-1.4,12,hiver,09h-12h,0,1.0,1,0
2019-12-31 12:00:00,1.0,5.0,301.0,11.4,-1.7,12,hiver,12h-15h,0,1.0,1,0
2019-12-31 15:00:00,1.0,5.0,299.0,8.3,-2.6,12,hiver,15h-18h,0,1.0,1,0
2019-12-31 18:00:00,1.0,5.0,308.0,11.2,-2.0,12,hiver,18h-21h,0,1.0,1,0
2019-12-31 21:00:00,1.0,5.0,308.0,9.9,-2.2,12,hiver,21h-24h,0,1.0,1,0
2020-01-01 00:00:00,0.0,3.0,295.0,10.0,-0.3,1,hiver,00h-03h,0,1.0,1,0
2020-01-01 03:00:00,0.0,3.0,298.0,5.5,-0.0,1,hiver,03h-06h,0,0.0,0,0
2020-01-01 06:00:00,0.0,3.0,313.0,6.4,-1.9,1,hiver,06h-09h,0,0.0,1,0
2020-01-01 09:00:00,1.0,3.0,329.0,8.5,-1.5,1,hiver,09h-12h,0,0.0,1,0
2020-01-01 12:00:00,1.0,3.0,313.0,7.4,0.4,1,hiver,12h-15h,0,1.0,0,0
2020-01-01 15:00:00,1.0,3.0,327.0,8.9,1.0,1,hiver,15h-18h,0,1.0,0,0
2020-01-01 18:00:00,1.0,3.0,328.0,11.2,-0.3,1,hiver,18h-21h,0,1.0,1,0
2020-01-01 21:00:00,1.0,3.0,325.0,13.0,0.4,1,hiver,21h-24h,0,1.0,0,0
2020-01-02 00:00:00,0.0,3.0,307.0,10.5,0.3,1,hiver,00h-03h,0,1.0,0,0
2020-01-02 03:00:00,0.0,3.0,311.0,12.5,1.5,1,hiver,03h-06h,0,0.0,0,0
2020-01-02 06:00:00,1.0,3.0,314.0,9.7,-1.4,1,hiver,06h-09h,0,0.0,1,0
2020-01-02 09:00:00,1.0,3.0,324.0,5.5,1.4,1,hiver,09h-12h,0,1.0,0,0
2020-01-02 12:00:00,0.0,3.0,335.0,5.4,-1.5,1,hiver,12h-15h,0,1.0,1,0
2020-01-02 15:00:00,1.0,3.0,326.0,6.2,-0.6,1,hiver,15h-18h,0,0.0,1,0
2020-01-02 18:00:00,1.0,3.0,351.0,5.9,1.9,1,hiver,18h-21h,0,1.0,0,0
2020-01-02 21:00:00,1.0,3.0,378.0,6.6,-1.8,1,hiver,21h-24h,0,1.0,1,0
2020-01-03 00:00:00,1.0,6.0,342.0,15.6,0.9,1,hiver,00h-03h,0,1.0,0,0
2020-01-03 03:00:00,1.0,6.0,334.0,14.4,0.2,1,hiver,03h-06h,0,1.0,0,0
2020-01-03 06:00:00,3.0,6.0,340.0,14.6,-6.8,1,hiver,06h-09h,0,1.0,1,0
2020-01-03 09:00:00,2.0,6.0,360.0,9.3,-2.3,1,hiver,09h-12h,0,3.0,1,0
2020-01-03 12:00:00,1.0,6.0,362.0,7.2,-2.7,1,hiver,12h-15h,0,2.0,1,0
2020-01-03 15:00:00,1.0,6.0,348.0,9.3,-0.7,1,hiver,15h-18h,0,1.0,1,0
2020-01-03 18:00:00,1.0,6.0,348.0,7.6,5.0,1,hiver,18h-21h,0,1.0,0,0
2020-01-03 21:00:00,2.0,6.0,379.0,3.7,-4.4,1,hiver,21h-24h,0,1.0,1,0
2020-01-05 00:00:00,2.0,9.0,346.0,4.9,-2.9,1,hiver,00h-03h,0,2.0,1,0
2020-01-05 03:00:00,1.0,9.0,344.0,6.3,-2.5,1,hiver,03h-06h,0,2.0,1,0
2020-01-05 06:00:00,2.0,9.0,345.0,10.7,1.1,1,hiver,06h-09h,0,1.0,0,0
2020-01-05 09:00:00,1.0,9.0,383.0,7.1,3.7,1,hiver,09h-12h,0,2.0,0,0
2020-01-05 12:00:00,2.0,9.0,383.0,10.6,-0.3,1,hiver,12h-15h,0,1.0,1,0
2020-01-05 15:00:00,2.0,9.0,361.0,14.0,1.5,1,hiver,15h-18h,0,2.0,0,0
2020-01-05 18:00:00,4.0,9.0,429.0,19.1,-1.1,1,hiver,18h-21h,0,2.0,1,0
2020-01-05 21:00:00,3.0,9.0,467.0,7.6,2.0,1,hiver,21h-24h,0,4.0,0,0
2020-01-06 00:00:00,4.0,9.0,531.0,2.8,-1.4,1,hiver,00h-03h,0,3.0,1,0
2020-01-06 03:00:00,3.0,9.0,534.0,2.8,-0.2,1,hiver,03h-06h,0,4.0,1,0
2020-01-06 06:00:00,2.0,9.0,504.0,3.2,1.1,1,hiver,06h-09h,0,3.0,0,0
2020-01-06 09:00:00,1.0,9.0,496.0,2.9,2.6,1,hiver,09h-12h,0,2.0,0,0
2020-01-06 12:00:00,0.0,9.0,485.0,3.1,1.0,1,hiver,12h-15h,0,1.0,0,0
2020-01-06 15:00:00,1.0,9.0,480.0,3.7,1.3,1,hiver,15h-18h,0,0.0,0,0
2020-01-06 18:00:00,3.0,9.0,491.0,4.4,-2.0,1,hiver,18h-21h,0,1.0,1,0
2020-01-06 21:00:00,2.0,9.0,476.0,4.9,-0.1,1,hiver,21h-24h,0,3.0,1,0
2020-01-07 00:00:00,1.0,5.0,467.0,4.3,-0.3,1,hiver,00h-03h,0,2.0,1,0
2020-01-07 03:00:00,2.0,5.0,452.0,4.4,-1.6,1,hiver,03h-06h,0,1.0,1,0
2020-01-07 06:00:00,1.0,5.0,440.0,3.5,0.1,1,hiver,06h-09h,0,2.0,0,0
2020-01-07 09:00:00,1.0,5.0,441.0,5.0,2.2,1,hiver,09h-12h,0,1.0,0,0
2020-01-07 12:00:00,1.0,5.0,428.0,5.8,0.1,1,hiver,12h-15h,0,1.0,0,0
2020-01-07 15:00:00,1.0,5.0,438.0,5.8,-1.9,1,hiver,15h-18h,0,1.0,1,0
2020-01-07 18:00:00,2.0,5.0,411.0,6.2,-1.7,1,hiver,18h-21h,0,1.0,1,0
2020-01-07 21:00:00,2.0,5.0,406.0,5.6,-1.0,1,hiver,21h-24h,0,2.0,1,0
2020-01-08 00:00:00,1.0,6.0,380.0,3.3,-0.9,1,hiver,00h-03h,0,2.0,1,0
2020-01-08 03:00:00,1.0,6.0,386.0,3.7,-1.2,1,hiver,03h-06h,0,1.0,1,0
2020-01-08 06:00:00,1.0,6.0,386.0,5.6,0.3,1,hiver,06h-09h,0,1.0,0,0
2020-01-08 09:00:00,1.0,6.0,370.0,5.2,-0.5,1,hiver,09h-12h,0,1.0,1,0
2020-01-08 12:00:00,2.0,6.0,384.0,5.5,0.8,1,hiver,12h-15h,0,1.0,0,0
2020-01-08 15:00:00,3.0,6.0,390.0,3.7,2.2,1,hiver,15h-18h,0,2.0,0,0
2020-01-08 18:00:00,2.0,6.0,381.0,3.1,-1.8,1,hiver,18h-21h,0,3.0,1,0
2020-01-08 21:00:00,2.0,6.0,401.0,2.8,-4.1,1,hiver,21h-24h,0,2.0,1,0
2020-01-09 00:00:00,3.0,12.0,432.0,2.6,-1.6,1,hiver,00h-03h,0,2.0,1,0
2020-01-09 03:00:00,3.0,12.0,415.0,3.6,-0.2,1,hiver,03h-06h,0,3.0,1,0
2020-01-09 06:00:00,4.0,12.0,412.0,5.4,-2.7,1,hiver,06h-09h,0,3.0,1,0
2020-01-09 09:00:00,2.0,12.0,421.0,5.8,-3.2,1,hiver,09h-12h,0,4.0,1,0
2020-01-09 12:00:00,2.0,12.0,437.0,8.3,-0.6,1,hiver,12h-15h,0,2.0,1,0
2020-01-09 15:00:00,3.0,12.0,439.0,9.5,1.4,1,hiver,15h-18h,0,2.0,0,0
2020-01-09 18:00:00,2.0,12.0,478.0,5.1,-3.5,1,hiver,18h-21h,0,3.0,1,0
2020-01-09 21:00:00,2.0,12.0,489.0,4.2,0.5,1,hiver,21h-24h,0,2.0,0,0
2020-01-10 00:00:00,2.0,7.0,536.0,2.7,0.9,1,hiver,00h-03h,0,2.0,0,0
2020-01-10 03:00:00,1.0,7.0,544.0,2.3,1.6,1,hiver,03h-06h,0,2.0,0,0
2020-01-10 06:00:00,3.0,7.0,547.0,3.3,-2.4,1,hiver,06h-09h,0,1.0,1,0
2020-01-10 09:00:00,2.0,7.0,515.0,3.9,-1.0,1,hiver,09h-12h,0,3.0,1,0
2020-01-10 12:00:00,2.0,7.0,488.0,4.5,3.9,1,hiver,12h-15h,0,2.0,0,0
2020-01-10 15:00:00,2.0,7.0,494.0,4.1,-2.4,1,hiver,15h-18h,0,2.0,1,0
2020-01-10 18:00:00,1.0,7.0,490.0,3.7,-0.3,1,hiver,18h-21h,0,2.0,1,0
2020-01-10 21:00:00,1.0,7.0,482.0,3.9,3.8,1,hiver,21h-24h,0,1.0,0,0
2020-01-11 00:00:00,2.0,6.0,453.0,3.5,-1.2,1,hiver,00h-03h,0,1.0,1,0
2020-01-11 03:00:00,2.0,6.0,467.0,2.8,-1.1,1,hiver,03h-06h,0,2.0,1,0
2020-01-11 06:00:00,2.0,6.0,438.0,2.1,-0.7,1,hiver,06h-09h,0,2.0,1,0
2020-01-11 09:00:00,1.0,6.0,436.0,2.1,-1.2,1,hiver,09h-12h,0,2.0,1,0
2020-01-11 12:00:00,1.0,6.0,430.0,3.4,2.4,1,hiver,12h-15h,0,1.0,0,0
2020-01-11 15:00:00,2.0,6.0,440.0,4.9,-0.5,1,hiver,15h-18h,0,1.0,1,0
2020-01-11 18:00:00,1.0,6.0,422.0,5.0,4.4,1,hiver,18h-21h,0,2.0,0,0
2020-01-11 21:00:00,1.0,6.0,409.0,5.1,1.4,1,hiver,21h-24h,0,1.0,0,0
2020-01-12 00:00:00,1.0,4.0,427.0,4.7,-0.4,1,hiver,00h-03h,0,1.0,1,0
2020-01-12 03:00:00,2.0,4.0,428.0,3.9,-1.9,1,hiver,03h-06h,0,1.0,1,0
2020-01-12 06:00:00,1.0,4.0,407.0,4.5,-0.9,1,hiver,06h-09h,0,2.0,1,0
2020-01-12 09:00:00,1.0,4.0,406.0,3.7,0.1,1,hiver,09h-12h,0,1.0,0,0
2020-01-12 12:00:00,1.0,4.0,407.0,3.3,-0.3,1,hiver,12h-15h,0,1.0,1,0
2020-01-12 15:00:00,0.0,4.0,400.0,3.2,-0.7,1,hiver,15h-18h,0,1.0,1,0
2020-01-12 18:00:00,1.0,4.0,388.0,2.6,0.5,1,hiver,18h-21h,0,0.0,0,0
2020-01-12 21:00:00,0.0,4.0,392.0,2.9,-0.8,1,hiver,21h-24h,0,1.0,1,0
2020-01-13 00:00:00,1.0,3.0,353.0,1.7,0.8,1,hiver,00h-03h,0,0.0,0,0
2020-01-13 03:00:00,1.0,3.0,376.0,3.6,-0.9,1,hiver,03h-06h,0,1.0,1,0
2020-01-13 06:00:00,1.0,3.0,349.0,3.4,1.1,1,hiver,06h-09h,0,1.0,0,0
2020-01-13 09:00:00,0.0,3.0,386.0,4.8,0.1,1,hiver,09h-12h,0,1.0,0,0
2020-01-13 12:00:00,1.0,3.0,353.0,5.1,0.6,1,hiver,12h-15h,0,0.0,0,0
2020-01-13 15:00:00,0.0,3.0,354.0,9.2,-0.5,1,hiver,15h-18h,0,1.0,1,0
2020-01-13 18:00:00,1.0,3.0,351.0,9.4,0.1,1,hiver,18h-21h,0,0.0,0,0
2020-01-13 21:00:00,1.0,3.0,339.0,6.7,-1.0,1,hiver,21h-24h,0,1.0,1,0
2020-01-14 00:00:00,1.0,3.0,353.0,7.0,0.9,1,hiver,00h-03h,0,1.0,0,0
2020-01-14 03:00:00,0.0,3.0,351.0,7.2,0.5,1,hiver,03h-06h,0,1.0,0,0
2020-01-14 06:00:00,0.0,3.0,343.0,7.2,1.1,1,hiver,06h-09h,0,0.0,0,0
2020-01-14 09:00:00,1.0,3.0,321.0,5.9,-1.5,1,hiver,09h-12h,0,0.0,1,0
2020-01-14 12:00:00,1.0,3.0,303.0,4.9,-1.5,1,hiver,12h-15h,0,1.0,1,0
2020-01-14 15:00:00,0.0,3.0,298.0,3.5,-1.1,1,hiver,15h-18h,0,1.0,1,0
2020-01-14 18:00:00,0.0,3.0,322.0,5.9,-1.0,1,hiver,18h-21h,0,0.0,1,0
2020-01-14 21:00:00,0.0,3.0,317.0,7.5,1.1,1,hiver,21h-24h,0,0.0,0,0
2020-01-15 00:00:00,1.0,4.0,312.0,7.0,2.0,1,hiver,00h-03h,0,0.0,0,0
2020-01-15 03:00:00,0.0,4.0,331.0,6.9,3.2,1,hiver,03h-06h,0,1.0,0,0
2020-01-15 06:00:00,0.0,4.0,326.0,7.1,-0.8,1,hiver,06h-09h,0,0.0,1,0
2020-01-15 09:00:00,2.0,4.0,331.0,7.5,-3.1,1,hiver,09h-12h,0,0.0,1,0
2020-01-15 12:00:00,1.0,4.0,326.0,7.9,0.6,1,hiver,12h-15h,0,2.0,0,0
2020-01-15 15:00:00,1.0,4.0,316.0,10.6,-1.5,1,hiver,15h-18h,0,1.0,1,0
2020-01-15 18:00:00,1.0,4.0,309.0,16.1,-0.6,1,hiver,18h-21h,0,1.0,1,0
2020-01-15 21:00:00,1.0,4.0,315.0,25.1,-0.4,1,hiver,21h-24h,0,1.0,1,0
2020-01-16 00:00:00,1.0,5.0,306.0,13.9,-0.3,1,hiver,00h-03h,0,1.0,1,0
2020-01-16 03:00:00,3.0,5.0,327.0,20.0,-0.9,1,hiver,03h-06h,0,1.0,1,0
2020-01-16 06:00:00,2.0,5.0,350.0,17.6,2.0,1,hiver,06h-09h,0,3.0,0,0
2020-01-16 09:00:00,2.0,5.0,363.0,5.6,-1.9,1,hiver,09h-12h,0,2.0,1,0
2020-01-16 12:00:00,1.0,5.0,378.0,3.1,-0.6,1,hiver,12h-15h,0,2.0,1,0
2020-01-16 15:00:00,1.0,5.0,355.0,4.1,-0.4,1,hiver,15h-18h,0,1.0,1,0
2020-01-16 18:00:00,1.0,5.0,351.0,5.5,-0.3,1,hiver,18h-21h,0,1.0,1,0
2020-01-16 21:00:00,1.0,5.0,345.0,3.8,1.1,1,hiver,21h-24h,0,1.0,0,0
2020-01-17 00:00:00,1.0,3.0,320.0,7.9,1.0,1,hiver,00h-03h,0,1.0,0,0
2020-01-17 03:00:00,1.0,3.0,311.0,9.6,1.8,1,hiver,03h-06h,0,1.0,0,0
2020-01-17 06:00:00,1.0,3.0,328.0,7.7,1.7,1,hiver,06h-09h,0,1.0,0,0
2020-01-17 09:00:00,0.0,3.0,326.0,8.9,1.7,1,hiver,09h-12h,0,1.0,0,0
2020-01-17 12:00:00,0.0,3.0,324.0,9.6,-0.3,1,hiver,12h-15h,0,0.0,1,0
2020-01-17 15:00:00,1.0,3.0,333.0,10.3,-2.7,1,hiver,15h-18h,0,0.0,1,0
2020-01-17 18:00:00,1.0,3.0,332.0,10.5,3.1,1,hiver,18h-21h,0,1.0,0,0
2020-01-17 21:00:00,1.0,3.0,324.0,14.0,-0.6,1,hiver,21h-24h,0,1.0,1,0
2020-01-18 00:00:00,1.0,4.0,328.0,14.1,1.2,1,hiver,00h-03h,0,1.0,0,0
2020-01-18 03:00:00,2.0,4.0,322.0,9.2,-0.3,1,hiver,03h-06h,0,1.0,1,0
2020-01-18 06:00:00,1.0,4.0,332.0,9.4,-1.9,1,hiver,06h-09h,0,2.0,1,0
2020-01-18 09:00:00,1.0,4.0,327.0,6.3,0.4,1,hiver,09h-12h,0,1.0,0,0
2020-01-18 12:00:00,1.0,4.0,341.0,7.6,-1.0,1,hiver,12h-15h,0,1.0,1,0
2020-01-18 15:00:00,0.0,4.0,334.0,9.1,0.5,1,hiver,15h-18h,0,1.0,0,0
2020-01-18 18:00:00,1.0,4.0,338.0,14.1,1.3,1,hiver,18h-21h,0,0.0,0,0
2020-01-18 21:00:00,1.0,4.0,328.0,9.5,0.9,1,hiver,21h-24h,0,1.0,0,0
2020-01-19 00:00:00,0.0,3.0,320.0,6.2,3.0,1,hiver,00h-03h,0,1.0,0,0
2020-01-19 03:00:00,1.0,3.0,327.0,8.0,0.8,1,hiver,03h-06h,0,0.0,0,0
2020-01-19 06:00:00,0.0,3.0,321.0,6.2,-0.2,1,hiver,06h-09h,0,1.0,1,0
2020-01-19 09:00:00,1.0,3.0,344.0,4.9,0.5,1,hiver,09h-12h,0,0.0,0,0
2020-01-19 12:00:00,1.0,3.0,328.0,6.0,-1.2,1,hiver,12h-15h,0,1.0,1,0
2020-01-19 15:00:00,1.0,3.0,328.0,6.0,-1.9,1,hiver,15h-18h,0,1.0,1,0
2020-01-19 18:00:00,1.0,3.0,320.0,9.0,-0.6,1,hiver,18h-21h,0,1.0,1,0
2020-01-19 21:00:00,1.0,3.0,309.0,8.6,0.8,1,hiver,21h-24h,0,1.0,0,0
2020-01-20 00:00:00,0.0,2.0,303.0,4.6,-0.6,1,hiver,00h-03h,0,1.0,1,0
2020-01-20 03:00:00,1.0,2.0,311.0,4.7,-0.8,1,hiver,03h-06h,0,0.0,1,0
2020-01-20 06:00:00,0.0,2.0,304.0,5.7,-0.0,1,hiver,06h-09h,0,1.0,0,0
2020-01-20 09:00:00,0.0,2.0,303.0,5.5,-0.9,1,hiver,09h-12h,0,0.0,1,0
2020-01-20 12:00:00,0.0,2.0,301.0,5.7,-0.3,1,hiver,12h-15h,0,0.0,1,0
2020-01-20 15:00:00,0.0,2.0,302.0,5.9,0.2,1,hiver,15h-18h,0,0.0,0,0
2020-01-20 18:00:00,0.0,2.0,291.0,6.3,-1.3,1,hiver,18h-21h,0,0.0,1,0
2020-01-20 21:00:00,1.0,2.0,284.0,5.9,-0.3,1,hiver,21h-24h,0,0.0,1,0
2020-01-21 00:00:00,0.0,6.0,279.0,6.8,-0.2,1,hiver,00h-03h,0,1.0,1,0
2020-01-21 03:00:00,0.0,6.0,283.0,7.6,1.1,1,hiver,03h-06h,0,0.0,0,0
2020-01-21 06:00:00,1.0,6.0,290.0,9.0,-1.8,1,hiver,06h-09h,0,0.0,1,0
2020-01-21 09:00:00,1.0,6.0,301.0,16.0,-0.2,1,hiver,09h-12h,0,1.0,1,0
2020-01-21 12:00:00,1.0,6.0,316.0,20.3,3.1,1,hiver,12h-15h,0,1.0,0,0
2020-01-21 15:00:00,2.0,6.0,327.0,16.4,-3.7,1,hiver,15h-18h,0,1.0,1,0
2020-01-21 18:00:00,3.0,6.0,335.0,12.2,-5.5,1,hiver,18h-21h,0,2.0,1,0
2020-01-21 21:00:00,2.0,6.0,336.0,9.2,2.1,1,hiver,21h-24h,0,3.0,0,0
2020-01-22 00:00:00,2.0,6.0,336.0,7.1,-2.3,1,hiver,00h-03h,0,2.0,1,0
2020-01-22 03:00:00,2.0,6.0,342.0,7.3,-3.2,1,hiver,03h-06h,0,2.0,1,0
2020-01-22 06:00:00,1.0,6.0,351.0,5.1,-0.7,1,hiver,06h-09h,0,2.0,1,0
2020-01-22 09:00:00,1.0,6.0,342.0,6.3,-3.8,1,hiver,09h-12h,0,1.0,1,0
2020-01-22 12:00:00,1.0,6.0,357.0,8.4,-2.4,1,hiver,12h-15h,0,1.0,1,0
2020-01-22 15:00:00,0.0,6.0,351.0,10.2,1.7,1,hiver,15h-18h,0,1.0,0,0
2020-01-22 18:00:00,1.0,6.0,344.0,8.9,1.1,1,hiver,18h-21h,0,0.0,0,0
2020-01-22 21:00:00,3.0,6.0,359.0,8.8,-3.6,1,hiver,21h-24h,0,1.0,1,0
2020-01-23 00:00:00,2.0,5.0,359.0,11.4,-4.8,1,hiver,00h-03h,0,3.0,1,0
2020-01-23 03:00:00,3.0,5.0,355.0,11.5,0.0,1,hiver,03h-06h,0,2.0,0,0
2020-01-23 06:00:00,1.0,5.0,334.0,9.7,1.4,1,hiver,06h-09h,0,3.0,0,0
2020-01-23 09:00:00,0.0,5.0,342.0,5.9,0.8,1,hiver,09h-12h,0,1.0,0,0
2020-01-23 12:00:00,0.0,5.0,317.0,2.8,1.0,1,hiver,12h-15h,0,0.0,0,0
2020-01-23 15:00:00,0.0,5.0,317.0,2.9,-0.1,1,hiver,15h-18h,0,0.0,1,0
2020-01-23 18:00:00,1.0,5.0,333.0,5.5,-2.1,1,hiver,18h-21h,0,0.0,1,0
2020-01-23 21:00:00,1.0,5.0,334.0,7.0,-2.5,1,hiver,21h-24h,0,1.0,1,0
2020-01-24 00:00:00,1.0,3.0,319.0,6.8,-0.1,1,hiver,00h-03h,0,1.0,1,0
2020-01-24 03:00:00,0.0,3.0,310.0,4.3,-2.2,1,hiver,03h-06h,0,1.0,1,0
2020-01-24 06:00:00,0.0,3.0,318.0,5.3,-0.1,1,hiver,06h-09h,0,0.0,1,0
2020-01-24 09:00:00,0.0,3.0,326.0,8.6,-0.2,1,hiver,09h-12h,0,0.0,1,0
2020-01-24 12:00:00,1.0,3.0,324.0,10.0,-0.7,1,hiver,12h-15h,0,0.0,1,0
2020-01-24 15:00:00,1.0,3.0,323.0,9.5,0.8,1,hiver,15h-18h,0,1.0,0,0
2020-01-24 18:00:00,1.0,3.0,317.0,9.9,0.7,1,hiver,18h-21h,0,1.0,0,0
2020-01-24 21:00:00,0.0,3.0,306.0,9.7,0.9,1,hiver,21h-24h,0,1.0,0,0
2020-01-25 00:00:00,0.0,3.0,306.0,10.9,-0.5,1,hiver,00h-03h,0,0.0,1,0
2020-01-25 03:00:00,2.0,3.0,306.0,11.3,-2.0,1,hiver,03h-06h,0,0.0,1,0
2020-01-25 06:00:00,1.0,3.0,309.0,12.3,-0.7,1,hiver,06h-09h,0,2.0,1,0
2020-01-25 09:00:00,0.0,3.0,303.0,9.6,0.0,1,hiver,09h-12h,0,1.0,0,0
2020-01-25 12:00:00,1.0,3.0,295.0,10.4,1.0,1,hiver,12h-15h,0,0.0,0,0
2020-01-25 15:00:00,0.0,3.0,296.0,8.5,2.0,1,hiver,15h-18h,0,1.0,0,0
2020-01-25 18:00:00,1.0,3.0,303.0,9.3,0.9,1,hiver,18h-21h,0,0.0,0,0
2020-01-25 21:00:00,0.0,3.0,297.0,12.2,1.5,1,hiver,21h-24h,0,1.0,0,0
2020-01-26 00:00:00,2.0,4.0,296.0,10.1,-0.6,1,hiver,00h-03h,0,0.0,1,0
2020-01-26 03:00:00,1.0,4.0,307.0,12.4,-0.7,1,hiver,03h-06h,0,2.0,1,0
2020-01-26 06:00:00,1.0,4.0,295.0,8.7,1.8,1,hiver,06h-09h,0,1.0,0,0
2020-01-26 09:00:00,0.0,4.0,281.0,5.6,-0.7,1,hiver,09h-12h,0,1.0,1,0
2020-01-26 12:00:00,1.0,4.0,286.0,10.1,-0.4,1,hiver,12h-15h,0,0.0,1,0
2020-01-26 15:00:00,2.0,4.0,301.0,11.7,-2.1,1,hiver,15h-18h,0,1.0,1,0
2020-01-26 18:00:00,1.0,4.0,315.0,17.1,0.2,1,hiver,18h-21h,0,2.0,0,0
2020-01-26 21:00:00,0.0,4.0,308.0,17.1,0.3,1,hiver,21h-24h,0,1.0,0,0
2020-01-27 00:00:00,1.0,3.0,310.0,11.8,-0.1,1,hiver,00h-03h,0,0.0,1,0
2020-01-27 03:00:00,1.0,3.0,312.0,12.6,0.9,1,hiver,03h-06h,0,1.0,0,0
2020-01-27 06:00:00,1.0,3.0,315.0,10.3,-0.8,1,hiver,06h-09h,0,1.0,1,0
2020-01-27 09:00:00,0.0,3.0,320.0,6.9,0.8,1,hiver,09h-12h,0,1.0,0,0
2020-01-27 12:00:00,0.0,3.0,320.0,5.7,-0.8,1,hiver,12h-15h,0,0.0,1,0
2020-01-27 15:00:00,0.0,3.0,312.0,5.2,1.2,1,hiver,15h-18h,0,0.0,0,0
2020-01-27 18:00:00,0.0,3.0,304.0,3.8,1.3,1,hiver,18h-21h,0,0.0,0,0
2020-01-27 21:00:00,0.0,3.0,301.0,3.9,0.5,1,hiver,21h-24h,0,0.0,0,0
2020-01-28 00:00:00,1.0,5.0,309.0,5.0,0.4,1,hiver,00h-03h,0,0.0,0,0
2020-01-28 03:00:00,1.0,5.0,320.0,8.0,-3.2,1,hiver,03h-06h,0,1.0,1,0
2020-01-28 06:00:00,1.0,5.0,319.0,8.5,-3.0,1,hiver,06h-09h,0,1.0,1,0
2020-01-28 09:00:00,1.0,5.0,310.0,10.7,1.1,1,hiver,09h-12h,0,1.0,0,0
2020-01-28 12:00:00,0.0,5.0,317.0,14.4,2.9,1,hiver,12h-15h,0,1.0,0,0
2020-01-28 15:00:00,1.0,5.0,321.0,11.6,-1.7,1,hiver,15h-18h,0,0.0,1,0
2020-01-28 18:00:00,1.0,5.0,317.0,10.8,0.9,1,hiver,18h-21h,0,1.0,0,0
2020-01-28 21:00:00,3.0,5.0,346.0,14.0,1.2,1,hiver,21h-24h,0,1.0,0,0
2020-01-29 00:00:00,3.0,9.0,365.0,13.3,-2.4,1,hiver,00h-03h,0,3.0,1,0
2020-01-29 03:00:00,3.0,9.0,395.0,7.8,-0.5,1,hiver,03h-06h,0,3.0,1,0
2020-01-29 06:00:00,2.0,9.0,426.0,5.6,1.3,1,hiver,06h-09h,0,3.0,0,0
2020-01-29 09:00:00,2.0,9.0,430.0,4.5,-0.5,1,hiver,09h-12h,0,2.0,1,0
2020-01-29 12:00:00,1.0,9.0,394.0,2.8,-0.8,1,hiver,12h-15h,0,2.0,1,0
2020-01-29 15:00:00,1.0,9.0,398.0,3.2,-0.9,1,hiver,15h-18h,0,1.0,1,0
2020-01-29 18:00:00,2.0,9.0,390.0,4.6,-1.6,1,hiver,18h-21h,0,1.0,1,0
2020-01-29 21:00:00,2.0,9.0,359.0,3.4,0.6,1,hiver,21h-24h,0,2.0,0,0
2020-01-30 00:00:00,2.0,12.0,391.0,7.5,-0.5,1,hiver,00h-03h,0,2.0,1,0
2020-01-30 03:00:00,3.0,12.0,404.0,5.6,0.1,1,hiver,03h-06h,0,2.0,0,0
2020-01-30 06:00:00,2.0,12.0,407.0,4.6,-2.9,1,hiver,06h-09h,0,3.0,1,0
2020-01-30 09:00:00,2.0,12.0,402.0,4.0,-2.8,1,hiver,09h-12h,0,2.0,1,0
2020-01-30 12:00:00,2.0,12.0,417.0,4.9,-2.5,1,hiver,12h-15h,0,2.0,1,0
2020-01-30 15:00:00,4.0,12.0,420.0,6.1,-3.7,1,hiver,15h-18h,0,2.0,1,0
2020-01-30 18:00:00,3.0,12.0,447.0,6.8,-3.8,1,hiver,18h-21h,0,4.0,1,0
2020-01-30 21:00:00,3.0,12.0,429.0,3.7,-5.5,1,hiver,21h-24h,0,3.0,1,0
2020-01-31 00:00:00,3.0,8.0,451.0,3.6,-4.0,1,hiver,00h-03h,0,3.0,1,0
2020-01-31 03:00:00,4.0,8.0,512.0,4.3,-4.2,1,hiver,03h-06h,0,3.0,1,0
2020-01-31 06:00:00,2.0,8.0,477.0,3.0,-2.2,1,hiver,06h-09h,0,4.0,1,0
2020-01-31 09:00:00,2.0,8.0,468.0,1.4,-0.6,1,hiver,09h-12h,0,2.0,1,0
2020-01-31 12:00:00,1.0,8.0,490.0,2.6,-0.1,1,hiver,12h-15h,0,2.0,1,0
2020-01-31 15:00:00,1.0,8.0,488.0,2.1,0.7,1,hiver,15h-18h,0,1.0,0,0
2020-01-31 18:00:00,1.0,8.0,458.0,1.6,-0.6,1,hiver,18h-21h,0,1.0,1,0
2020-01-31 21:00:00,1.0,8.0,468.0,2.4,0.8,1,hiver,21h-24h,0,1.0,0,0
2020-02-01 00:00:00,1.0,6.0,438.0,1.9,0.2,2,hiver,00h-03h,0,1.0,0,0
2020-02-01 03:00:00,1.0,6.0,422.0,1.2,0.3,2,hiver,03h-06h,0,1.0,0,0
2020-02-01 06:00:00,1.0,6.0,444.0,2.2,0.3,2,hiver,06h-09h,0,1.0,0,0
2020-02-01 09:00:00,1.0,6.0,466.0,4.1,0.6,2,hiver,09h-12h,0,1.0,0,0
2020-02-01 12:00:00,2.0,6.0,444.0,5.7,-0.0,2,hiver,12h-15h,0,1.0,0,0
2020-02-01 15:00:00,2.0,6.0,395.0,3.5,-1.8,2,hiver,15h-18h,0,2.0,1,0
2020-02-01 18:00:00,2.0,6.0,433.0,5.4,0.8,2,hiver,18h-21h,0,2.0,0,0
2020-02-01 21:00:00,2.0,6.0,433.0,7.4,-1.7,2,hiver,21h-24h,0,2.0,1,0
2020-02-02 00:00:00,2.0,6.0,452.0,3.4,-0.0,2,hiver,00h-03h,0,2.0,0,0
2020-02-02 03:00:00,1.0,6.0,453.0,3.8,-0.8,2,hiver,03h-06h,0,2.0,1,0
2020-02-02 06:00:00,1.0,6.0,432.0,4.7,0.8,2,hiver,06h-09h,0,1.0,0,0
2020-02-02 09:00:00,1.0,6.0,430.0,4.1,1.8,2,hiver,09h-12h,0,1.0,0,0
2020-02-02 12:00:00,0.0,6.0,424.0,3.2,1.0,2,hiver,12h-15h,0,1.0,0,0
2020-02-02 15:00:00,1.0,6.0,407.0,3.9,-0.8,2,hiver,15h-18h,0,0.0,1,0
2020-02-02 18:00:00,3.0,6.0,397.0,4.3,-3.0,2,hiver,18h-21h,0,1.0,1,0
2020-02-02 21:00:00,2.0,6.0,387.0,5.1,-1.4,2,hiver,21h-24h,0,3.0,1,0
2020-02-03 00:00:00,2.0,5.0,373.0,5.0,2.1,2,hiver,00h-03h,0,2.0,0,0
2020-02-03 03:00:00,2.0,5.0,384.0,5.0,-1.6,2,hiver,03h-06h,0,2.0,1,0
2020-02-03 06:00:00,2.0,5.0,382.0,4.2,-1.9,2,hiver,06h-09h,0,2.0,1,0
2020-02-03 09:00:00,1.0,5.0,385.0,5.3,-0.5,2,hiver,09h-12h,0,2.0,1,0
2020-02-03 12:00:00,1.0,5.0,377.0,5.3,-0.9,2,hiver,12h-15h,0,1.0,1,0
2020-02-03 15:00:00,1.0,5.0,366.0,6.2,-0.1,2,hiver,15h-18h,0,1.0,1,0
2020-02-03 18:00:00,1.0,5.0,353.0,5.6,0.7,2,hiver,18h-21h,0,1.0,0,0
2020-02-03 21:00:00,0.0,5.0,361.0,7.4,1.1,2,hiver,21h-24h,0,1.0,0,0
2020-02-04 00:00:00,3.0,5.0,360.0,7.8,-0.5,2,hiver,00h-03h,0,0.0,1,0
2020-02-04 03:00:00,2.0,5.0,361.0,8.7,-2.3,2,hiver,03h-06h,0,3.0,1,0
2020-02-04 06:00:00,1.0,5.0,355.0,9.0,-1.1,2,hiver,06h-09h,0,2.0,1,0
2020-02-04 09:00:00,1.0,5.0,349.0,6.5,-1.9,2,hiver,09h-12h,0,1.0,1,0
2020-02-04 12:00:00,1.0,5.0,350.0,5.5,-2.1,2,hiver,12h-15h,0,1.0,1,0
2020-02-04 15:00:00,1.0,5.0,355.0,7.7,0.5,2,hiver,15h-18h,0,1.0,0,0
2020-02-04 18:00:00,0.0,5.0,363.0,12.7,-1.8,2,hiver,18h-21h,0,1.0,1,0
2020-02-04 21:00:00,2.0,5.0,367.0,6.2,-3.2,2,hiver,21h-24h,0,0.0,1,0
2020-02-05 00:00:00,1.0,5.0,352.0,4.8,-2.0,2,hiver,00h-03h,0,2.0,1,0
2020-02-05 03:00:00,2.0,5.0,362.0,4.5,1.7,2,hiver,03h-06h,0,1.0,0,0
2020-02-05 06:00:00,2.0,5.0,364.0,4.9,0.2,2,hiver,06h-09h,0,2.0,0,0
2020-02-05 09:00:00,2.0,5.0,364.0,4.1,-3.0,2,hiver,09h-12h,0,2.0,1,0
2020-02-05 12:00:00,1.0,5.0,344.0,3.6,0.6,2,hiver,12h-15h,0,2.0,0,0
2020-02-05 15:00:00,1.0,5.0,347.0,2.6,0.4,2,hiver,15h-18h,0,1.0,0,0
2020-02-05 18:00:00,0.0,5.0,334.0,3.1,0.4,2,hiver,18h-21h,0,1.0,0,0
2020-02-05 21:00:00,1.0,5.0,326.0,2.6,0.4,2,hiver,21h-24h,0,0.0,0,0
2020-02-06 00:00:00,1.0,15.0,334.0,2.7,-2.4,2,hiver,00h-03h,0,1.0,1,0
2020-02-06 03:00:00,2.0,15.0,356.0,4.5,2.8,2,hiver,03h-06h,0,1.0,0,0
2020-02-06 06:00:00,4.0,15.0,420.0,12.0,-8.3,2,hiver,06h-09h,0,2.0,1,0
2020-02-06 09:00:00,3.0,15.0,448.0,17.6,3.5,2,hiver,09h-12h,0,4.0,0,0
2020-02-06 12:00:00,3.0,15.0,453.0,14.6,1.8,2,hiver,12h-15h,0,3.0,0,0
2020-02-06 15:00:00,2.0,15.0,489.0,5.7,1.5,2,hiver,15h-18h,0,3.0,0,0
2020-02-06 18:00:00,4.0,15.0,532.0,4.6,0.0,2,hiver,18h-21h,0,2.0,0,0
2020-02-06 21:00:00,3.0,15.0,555.0,4.9,1.6,2,hiver,21h-24h,0,4.0,0,0
2020-02-07 00:00:00,3.0,15.0,597.0,5.4,3.6,2,hiver,00h-03h,0,3.0,0,0
2020-02-07 03:00:00,3.0,15.0,639.0,2.8,0.6,2,hiver,03h-06h,0,3.0,0,0
2020-02-07 06:00:00,3.0,15.0,623.0,2.7,0.2,2,hiver,06h-09h,0,3.0,0,0
2020-02-07 09:00:00,2.0,15.0,599.0,2.5,0.3,2,hiver,09h-12h,0,3.0,0,0
2020-02-07 12:00:00,3.0,15.0,591.0,2.7,-2.0,2,hiver,12h-15h,0,2.0,1,0
2020-02-07 15:00:00,3.0,15.0,569.0,2.6,-1.1,2,hiver,15h-18h,0,3.0,1,0
2020-02-07 18:00:00,3.0,15.0,547.0,2.3,-0.1,2,hiver,18h-21h,0,3.0,1,0
2020-02-07 21:00:00,4.0,15.0,557.0,2.8,-2.0,2,hiver,21h-24h,0,3.0,1,0
2020-02-08 00:00:00,3.0,6.0,544.0,2.9,-0.9,2,hiver,00h-03h,0,4.0,1,0
2020-02-08 03:00:00,2.0,6.0,528.0,2.0,0.6,2,hiver,03h-06h,0,3.0,0,0
2020-02-08 06:00:00,1.0,6.0,499.0,1.6,0.3,2,hiver,06h-09h,0,2.0,0,0
2020-02-08 09:00:00,1.0,6.0,495.0,1.7,1.1,2,hiver,09h-12h,0,1.0,0,0
2020-02-08 12:00:00,2.0,6.0,494.0,2.1,-1.2,2,hiver,12h-15h,0,1.0,1,0
2020-02-08 15:00:00,2.0,6.0,489.0,2.8,-1.4,2,hiver,15h-18h,0,2.0,1,0
2020-02-08 18:00:00,2.0,6.0,476.0,2.7,-2.0,2,hiver,18h-21h,0,2.0,1,0
2020-02-08 21:00:00,1.0,6.0,470.0,2.9,-0.5,2,hiver,21h-24h,0,2.0,1,0
2020-02-09 00:00:00,3.0,7.0,441.0,2.9,-0.9,2,hiver,00h-03h,0,1.0,1,0
2020-02-09 03:00:00,2.0,7.0,429.0,4.5,-1.5,2,hiver,03h-06h,0,3.0,1,0
2020-02-09 06:00:00,1.0,7.0,425.0,4.6,-2.6,2,hiver,06h-09h,0,2.0,1,0
2020-02-09 09:00:00,1.0,7.0,426.0,3.5,1.9,2,hiver,09h-12h,0,1.0,0,0
2020-02-09 12:00:00,1.0,7.0,430.0,3.7,0.8,2,hiver,12h-15h,0,1.0,0,0
2020-02-09 15:00:00,2.0,7.0,427.0,4.7,0.3,2,hiver,15h-18h,0,1.0,0,0
2020-02-09 18:00:00,2.0,7.0,417.0,3.4,-1.2,2,hiver,18h-21h,0,2.0,1,0
2020-02-09 21:00:00,2.0,7.0,418.0,3.4,-1.9,2,hiver,21h-24h,0,2.0,1,0
2020-02-10 00:00:00,2.0,5.0,403.0,3.4,-1.4,2,hiver,00h-03h,0,2.0,1,0
2020-02-10 03:00:00,1.0,5.0,408.0,4.1,-1.4,2,hiver,03h-06h,0,2.0,1,0
2020-02-10 06:00:00,2.0,5.0,405.0,4.8,-2.1,2,hiver,06h-09h,0,1.0,1,0
2020-02-10 09:00:00,2.0,5.0,391.0,5.1,-0.1,2,hiver,09h-12h,0,2.0,1,0
2020-02-10 12:00:00,1.0,5.0,396.0,6.2,0.3,2,hiver,12h-15h,0,2.0,0,0
2020-02-10 15:00:00,1.0,5.0,374.0,5.8,1.6,2,hiver,15h-18h,0,1.0,0,0
2020-02-10 18:00:00,1.0,5.0,382.0,8.4,-0.3,2,hiver,18h-21h,0,1.0,1,0
2020-02-10 21:00:00,2.0,5.0,368.0,6.6,1.0,2,hiver,21h-24h,0,1.0,0,0
2020-02-11 00:00:00,3.0,6.0,371.0,11.4,-0.8,2,hiver,00h-03h,0,2.0,1,0
2020-02-11 03:00:00,3.0,6.0,406.0,7.9,-1.2,2,hiver,03h-06h,0,3.0,1,0
2020-02-11 06:00:00,2.0,6.0,418.0,6.0,1.5,2,hiver,06h-09h,0,3.0,0,0
2020-02-11 09:00:00,1.0,6.0,428.0,4.9,0.4,2,hiver,09h-12h,0,2.0,0,0
2020-02-11 12:00:00,0.0,6.0,426.0,5.0,-0.0,2,hiver,12h-15h,0,1.0,0,0
2020-02-11 15:00:00,0.0,6.0,405.0,5.5,1.4,2,hiver,15h-18h,0,0.0,0,0
2020-02-11 18:00:00,1.0,6.0,377.0,7.9,-0.8,2,hiver,18h-21h,0,0.0,1,0
2020-02-11 21:00:00,1.0,6.0,374.0,10.5,-1.0,2,hiver,21h-24h,0,1.0,1,0
2020-02-12 00:00:00,2.0,4.0,355.0,6.0,1.3,2,hiver,00h-03h,0,1.0,0,0
2020-02-12 03:00:00,2.0,4.0,359.0,12.3,0.2,2,hiver,03h-06h,0,2.0,0,0
2020-02-12 06:00:00,1.0,4.0,373.0,11.5,-0.9,2,hiver,06h-09h,0,2.0,1,0
2020-02-12 09:00:00,2.0,4.0,393.0,9.4,-2.2,2,hiver,09h-12h,0,1.0,1,0
2020-02-12 12:00:00,1.0,4.0,390.0,6.1,1.6,2,hiver,12h-15h,0,2.0,0,0
2020-02-12 15:00:00,0.0,4.0,401.0,4.2,0.2,2,hiver,15h-18h,0,1.0,0,0
2020-02-12 18:00:00,0.0,4.0,409.0,5.7,-0.2,2,hiver,18h-21h,0,0.0,1,0
2020-02-12 21:00:00,1.0,4.0,385.0,3.8,-0.3,2,hiver,21h-24h,0,0.0,1,0
2020-02-13 00:00:00,0.0,3.0,376.0,3.5,0.2,2,hiver,00h-03h,0,1.0,0,0
2020-02-13 03:00:00,1.0,3.0,349.0,3.9,-0.2,2,hiver,03h-06h,0,0.0,1,0
2020-02-13 06:00:00,1.0,3.0,351.0,6.2,-0.5,2,hiver,06h-09h,0,1.0,1,0
2020-02-13 09:00:00,1.0,3.0,351.0,6.0,-0.4,2,hiver,09h-12h,0,1.0,1,0
2020-02-13 12:00:00,0.0,3.0,348.0,4.3,1.3,2,hiver,12h-15h,0,1.0,0,0
2020-02-13 15:00:00,1.0,3.0,342.0,6.2,0.8,2,hiver,15h-18h,0,0.0,0,0
2020-02-13 18:00:00,1.0,3.0,344.0,5.7,0.9,2,hiver,18h-21h,0,1.0,0,0
2020-02-13 21:00:00,2.0,3.0,334.0,6.7,-0.3,2,hiver,21h-24h,0,1.0,1,0
2020-02-14 00:00:00,2.0,3.0,346.0,6.8,-1.9,2,hiver,00h-03h,0,2.0,1,0
2020-02-14 03:00:00,1.0,3.0,348.0,8.4,-0.3,2,hiver,03h-06h,0,2.0,1,0
2020-02-14 06:00:00,0.0,3.0,344.0,9.4,0.4,2,hiver,06h-09h,0,1.0,0,0
2020-02-14 09:00:00,0.0,3.0,335.0,9.2,0.7,2,hiver,09h-12h,0,0.0,0,0
2020-02-14 12:00:00,0.0,3.0,333.0,8.0,1.3,2,hiver,12h-15h,0,0.0,0,0
2020-02-14 15:00:00,0.0,3.0,330.0,8.0,0.5,2,hiver,15h-18h,0,0.0,0,0
2020-02-14 18:00:00,0.0,3.0,328.0,11.8,0.1,2,hiver,18h-21h,0,0.0,0,0
2020-02-14 21:00:00,1.0,3.0,327.0,10.8,-0.7,2,hiver,21h-24h,0,0.0,1,0
2020-02-15 00:00:00,1.0,5.0,320.0,9.8,1.6,2,hiver,00h-03h,0,1.0,0,0
2020-02-15 03:00:00,0.0,5.0,313.0,7.8,-0.9,2,hiver,03h-06h,0,1.0,1,0
2020-02-15 06:00:00,0.0,5.0,323.0,5.9,0.2,2,hiver,06h-09h,0,0.0,0,0
2020-02-15 09:00:00,2.0,5.0,349.0,10.9,0.2,2,hiver,09h-12h,0,0.0,0,0
2020-02-15 12:00:00,3.0,5.0,338.0,10.2,-2.2,2,hiver,12h-15h,0,2.0,1,0
2020-02-15 15:00:00,1.0,5.0,331.0,10.4,1.6,2,hiver,15h-18h,0,3.0,0,0
2020-02-15 18:00:00,1.0,5.0,339.0,9.5,-0.2,2,hiver,18h-21h,0,1.0,1,0
2020-02-15 21:00:00,1.0,5.0,331.0,9.3,0.2,2,hiver,21h-24h,0,1.0,0,0
2020-02-16 00:00:00,2.0,3.0,355.0,5.4,0.5,2,hiver,00h-03h,0,1.0,0,0
2020-02-16 03:00:00,1.0,3.0,350.0,5.3,-1.8,2,hiver,03h-06h,0,2.0,1,0
2020-02-16 06:00:00,0.0,3.0,325.0,5.0,-0.7,2,hiver,06h-09h,0,1.0,1,0
2020-02-16 09:00:00,1.0,3.0,321.0,4.5,-0.9,2,hiver,09h-12h,0,0.0,1,0
2020-02-16 12:00:00,1.0,3.0,332.0,7.3,-0.4,2,hiver,12h-15h,0,1.0,1,0
2020-02-16 15:00:00,0.0,3.0,340.0,6.3,3.1,2,hiver,15h-18h,0,1.0,0,0
2020-02-16 18:00:00,1.0,3.0,334.0,6.5,0.4,2,hiver,18h-21h,0,0.0,0,0
2020-02-16 21:00:00,0.0,3.0,328.0,5.6,2.3,2,hiver,21h-24h,0,1.0,0,0
2020-02-17 00:00:00,1.0,7.0,328.0,6.6,0.1,2,hiver,00h-03h,0,0.0,0,0
2020-02-17 03:00:00,1.0,7.0,322.0,6.4,1.4,2,hiver,03h-06h,0,1.0,0,0
2020-02-17 06:00:00,1.0,7.0,335.0,6.4,-2.4,2,hiver,06h-09h,0,1.0,1,0
2020-02-17 09:00:00,1.0,7.0,321.0,5.8,-0.5,2,hiver,09h-12h,0,1.0,1,0
2020-02-17 12:00:00,1.0,7.0,331.0,9.5,-1.4,2,hiver,12h-15h,0,1.0,1,0
2020-02-17 15:00:00,1.0,7.0,328.0,11.1,-0.1,2,hiver,15h-18h,0,1.0,1,0
2020-02-17 18:00:00,3.0,7.0,324.0,10.7,-2.2,2,hiver,18h-21h,0,1.0,1,0
2020-02-17 21:00:00,3.0,7.0,337.0,5.2,-4.3,2,hiver,21h-24h,0,3.0,1,0
2020-02-18 00:00:00,1.0,14.0,362.0,5.6,-0.1,2,hiver,00h-03h,0,3.0,1,0
2020-02-18 03:00:00,3.0,14.0,374.0,6.7,-3.1,2,hiver,03h-06h,0,1.0,1,0
2020-02-18 06:00:00,4.0,14.0,376.0,5.0,-6.9,2,hiver,06h-09h,0,3.0,1,0
2020-02-18 09:00:00,2.0,14.0,377.0,6.0,-6.4,2,hiver,09h-12h,0,4.0,1,0
2020-02-18 12:00:00,3.0,14.0,377.0,8.5,-4.9,2,hiver,12h-15h,0,2.0,1,0
2020-02-18 15:00:00,3.0,14.0,389.0,14.1,-7.6,2,hiver,15h-18h,0,3.0,1,0
2020-02-18 18:00:00,3.0,14.0,377.0,15.8,-4.1,2,hiver,18h-21h,0,3.0,1,0
2020-02-18 21:00:00,3.0,14.0,369.0,12.3,0.6,2,hiver,21h-24h,0,3.0,0,0
2020-02-19 00:00:00,2.0,14.0,368.0,11.1,7.2,2,hiver,00h-03h,0,3.0,0,0
2020-02-19 03:00:00,5.0,14.0,409.0,12.5,-7.5,2,hiver,03h-06h,0,2.0,1,1
2020-02-19 06:00:00,4.0,14.0,438.0,7.7,-0.9,2,hiver,06h-09h,0,5.0,1,0
2020-02-19 09:00:00,4.0,14.0,469.0,4.4,-1.9,2,hiver,09h-12h,0,4.0,1,0
2020-02-19 12:00:00,2.0,14.0,474.0,3.9,-1.2,2,hiver,12h-15h,0,4.0,1,0
2020-02-19 15:00:00,1.0,14.0,458.0,2.7,-0.6,2,hiver,15h-18h,0,2.0,1,0
2020-02-19 18:00:00,1.0,14.0,460.0,2.0,0.1,2,hiver,18h-21h,0,1.0,0,0
2020-02-19 21:00:00,2.0,14.0,431.0,2.4,-1.0,2,hiver,21h-24h,0,1.0,1,0
2020-02-20 00:00:00,2.0,8.0,411.0,2.9,-0.5,2,hiver,00h-03h,0,2.0,1,0
2020-02-20 03:00:00,3.0,8.0,400.0,2.8,-1.9,2,hiver,03h-06h,0,2.0,1,0
2020-02-20 06:00:00,2.0,8.0,398.0,3.2,-0.7,2,hiver,06h-09h,0,3.0,1,0
2020-02-20 09:00:00,1.0,8.0,408.0,4.9,0.1,2,hiver,09h-12h,0,2.0,0,0
2020-02-20 12:00:00,2.0,8.0,414.0,5.3,-1.6,2,hiver,12h-15h,0,1.0,1,0
2020-02-20 15:00:00,1.0,8.0,409.0,4.7,1.5,2,hiver,15h-18h,0,2.0,0,0
2020-02-20 18:00:00,2.0,8.0,420.0,9.2,-0.6,2,hiver,18h-21h,0,1.0,1,0
2020-02-20 21:00:00,3.0,8.0,408.0,12.4,1.3,2,hiver,21h-24h,0,2.0,0,0
2020-02-21 00:00:00,4.0,14.0,394.0,5.4,-5.7,2,hiver,00h-03h,0,3.0,1,0
2020-02-21 03:00:00,3.0,14.0,404.0,7.6,-3.7,2,hiver,03h-06h,0,4.0,1,0
2020-02-21 06:00:00,3.0,14.0,401.0,4.6,-2.4,2,hiver,06h-09h,0,3.0,1,0
2020-02-21 09:00:00,3.0,14.0,463.0,5.2,-2.8,2,hiver,09h-12h,0,3.0,1,0
2020-02-21 12:00:00,2.0,14.0,489.0,4.8,-0.3,2,hiver,12h-15h,0,3.0,1,0
2020-02-21 15:00:00,3.0,14.0,484.0,6.2,-1.4,2,hiver,15h-18h,0,2.0,1,0
2020-02-21 18:00:00,2.0,14.0,476.0,5.7,2.6,2,hiver,18h-21h,0,3.0,0,0
2020-02-21 21:00:00,3.0,14.0,492.0,4.3,-0.6,2,hiver,21h-24h,0,2.0,1,0
2020-02-22 00:00:00,3.0,9.0,490.0,3.5,-1.6,2,hiver,00h-03h,0,3.0,1,0
2020-02-22 03:00:00,3.0,9.0,482.0,2.5,-0.4,2,hiver,03h-06h,0,3.0,1,0
2020-02-22 06:00:00,2.0,9.0,461.0,2.9,-0.2,2,hiver,06h-09h,0,3.0,1,0
2020-02-22 09:00:00,2.0,9.0,480.0,3.5,-0.6,2,hiver,09h-12h,0,2.0,1,0
2020-02-22 12:00:00,2.0,9.0,482.0,2.9,1.2,2,hiver,12h-15h,0,2.0,0,0
2020-02-22 15:00:00,2.0,9.0,492.0,3.6,-0.8,2,hiver,15h-18h,0,2.0,1,0
2020-02-22 18:00:00,3.0,9.0,496.0,2.9,-2.3,2,hiver,18h-21h,0,2.0,1,0
2020-02-22 21:00:00,2.0,9.0,476.0,2.8,-2.4,2,hiver,21h-24h,0,3.0,1,0
2020-02-23 00:00:00,1.0,5.0,450.0,2.7,-0.2,2,hiver,00h-03h,0,2.0,1,0
2020-02-23 03:00:00,0.0,5.0,445.0,2.7,0.4,2,hiver,03h-06h,0,1.0,0,0
2020-02-23 06:00:00,1.0,5.0,443.0,3.1,0.1,2,hiver,06h-09h,0,0.0,0,0
2020-02-23 09:00:00,1.0,5.0,431.0,2.9,0.6,2,hiver,09h-12h,0,1.0,0,0
2020-02-23 12:00:00,1.0,5.0,411.0,2.6,0.8,2,hiver,12h-15h,0,1.0,0,0
2020-02-23 15:00:00,1.0,5.0,407.0,2.3,-0.9,2,hiver,15h-18h,0,1.0,1,0
2020-02-23 18:00:00,2.0,5.0,440.0,3.6,-2.8,2,hiver,18h-21h,0,1.0,1,0
2020-02-23 21:00:00,2.0,5.0,440.0,4.5,-3.6,2,hiver,21h-24h,0,2.0,1,0
2020-02-24 00:00:00,2.0,4.0,429.0,4.5,-2.2,2,hiver,00h-03h,0,2.0,1,0
2020-02-24 03:00:00,2.0,4.0,415.0,3.9,-1.0,2,hiver,03h-06h,0,2.0,1,0
2020-02-24 06:00:00,0.0,4.0,394.0,2.0,0.6,2,hiver,06h-09h,0,2.0,0,0
2020-02-24 09:00:00,0.0,4.0,391.0,2.3,1.7,2,hiver,09h-12h,0,0.0,0,0
2020-02-24 12:00:00,1.0,4.0,385.0,2.5,1.0,2,hiver,12h-15h,0,0.0,0,0
2020-02-24 15:00:00,1.0,4.0,384.0,2.9,1.2,2,hiver,15h-18h,0,1.0,0,0
2020-02-24 18:00:00,1.0,4.0,383.0,3.2,0.6,2,hiver,18h-21h,0,1.0,0,0
2020-02-24 21:00:00,1.0,4.0,395.0,2.5,-1.2,2,hiver,21h-24h,0,1.0,1,0
2020-02-25 00:00:00,2.0,3.0,394.0,1.7,-1.4,2,hiver,00h-03h,0,1.0,1,0
2020-02-25 03:00:00,0.0,3.0,387.0,1.8,-1.0,2,hiver,03h-06h,0,2.0,1,0
2020-02-25 06:00:00,1.0,3.0,380.0,2.3,-0.4,2,hiver,06h-09h,0,0.0,1,0
2020-02-25 09:00:00,0.0,3.0,377.0,1.7,-0.4,2,hiver,09h-12h,0,1.0,1,0
2020-02-25 12:00:00,1.0,3.0,340.0,2.5,-1.1,2,hiver,12h-15h,0,0.0,1,0
2020-02-25 15:00:00,0.0,3.0,334.0,2.7,0.0,2,hiver,15h-18h,0,1.0,0,0
2020-02-25 18:00:00,0.0,3.0,329.0,3.0,0.1,2,hiver,18h-21h,0,0.0,0,0
2020-02-25 21:00:00,0.0,3.0,324.0,3.1,-0.8,2,hiver,21h-24h,0,0.0,1,0
2020-02-26 00:00:00,1.0,4.0,329.0,4.1,-1.0,2,hiver,00h-03h,0,0.0,1,0
2020-02-26 03:00:00,1.0,4.0,332.0,4.0,-0.4,2,hiver,03h-06h,0,1.0,1,0
2020-02-26 06:00:00,1.0,4.0,339.0,7.5,-0.1,2,hiver,06h-09h,0,1.0,1,0
2020-02-26 09:00:00,0.0,4.0,330.0,6.8,3.0,2,hiver,09h-12h,0,1.0,0,0
2020-02-26 12:00:00,1.0,4.0,335.0,8.7,0.0,2,hiver,12h-15h,0,0.0,0,0
2020-02-26 15:00:00,1.0,4.0,340.0,11.1,0.6,2,hiver,15h-18h,0,1.0,0,0
2020-02-26 18:00:00,2.0,4.0,342.0,7.3,-1.6,2,hiver,18h-21h,0,1.0,1,0
2020-02-26 21:00:00,1.0,4.0,349.0,7.6,2.7,2,hiver,21h-24h,0,2.0,0,0
2020-02-27 00:00:00,2.0,4.0,348.0,6.9,-2.2,2,hiver,00h-03h,0,1.0,1,0
2020-02-27 03:00:00,1.0,4.0,343.0,5.6,0.9,2,hiver,03h-06h,0,2.0,0,0
2020-02-27 06:00:00,1.0,4.0,348.0,6.0,0.8,2,hiver,06h-09h,0,1.0,0,0
2020-02-27 09:00:00,1.0,4.0,348.0,6.0,-2.7,2,hiver,09h-12h,0,1.0,1,0
2020-02-27 12:00:00,1.0,4.0,345.0,5.0,-0.5,2,hiver,12h-15h,0,1.0,1,0
2020-02-27 15:00:00,0.0,4.0,353.0,4.4,-0.4,2,hiver,15h-18h,0,1.0,1,0
2020-02-27 18:00:00,1.0,4.0,358.0,4.4,-0.2,2,hiver,18h-21h,0,0.0,1,0
2020-02-27 21:00:00,1.0,4.0,361.0,4.4,-1.2,2,hiver,21h-24h,0,1.0,1,0
2020-02-28 00:00:00,2.0,6.0,348.0,4.3,-1.7,2,hiver,00h-03h,0,1.0,1,0
2020-02-28 03:00:00,2.0,6.0,336.0,5.0,-1.9,2,hiver,03h-06h,0,2.0,1,0
2020-02-28 06:00:00,1.0,6.0,324.0,6.4,-1.8,2,hiver,06h-09h,0,2.0,1,0
2020-02-28 09:00:00,1.0,6.0,342.0,12.7,0.9,2,hiver,09h-12h,0,1.0,0,0
2020-02-28 12:00:00,1.0,6.0,343.0,9.7,0.8,2,hiver,12h-15h,0,1.0,0,0
2020-02-28 15:00:00,1.0,6.0,370.0,6.9,-0.2,2,hiver,15h-18h,0,1.0,1,0
2020-02-28 18:00:00,1.0,6.0,424.0,7.6,2.6,2,hiver,18h-21h,0,1.0,0,0
2020-02-28 21:00:00,2.0,6.0,429.0,6.9,-1.9,2,hiver,21h-24h,0,1.0,1,0
2020-02-29 00:00:00,2.0,11.0,461.0,8.1,3.7,2,hiver,00h-03h,0,2.0,0,0
2020-02-29 03:00:00,2.0,11.0,479.0,4.7,2.7,2,hiver,03h-06h,0,2.0,0,0
2020-02-29 06:00:00,2.0,11.0,440.0,5.7,-2.3,2,hiver,06h-09h,0,2.0,1,0
2020-02-29 09:00:00,2.0,11.0,407.0,6.1,0.2,2,hiver,09h-12h,0,2.0,0,0
2020-02-29 12:00:00,2.0,11.0,414.0,7.7,-1.4,2,hiver,12h-15h,0,2.0,1,0
2020-02-29 15:00:00,3.0,11.0,457.0,6.1,1.3,2,hiver,15h-18h,0,2.0,0,0
2020-02-29 18:00:00,2.0,11.0,505.0,4.6,-0.3,2,hiver,18h-21h,0,3.0,1,0
2020-02-29 21:00:00,4.0,11.0,556.0,3.4,-2.8,2,hiver,21h-24h,0,2.0,1,0
2020-03-01 00:00:00,4.0,8.0,512.0,3.7,-2.0,3,printemps,00h-03h,0,4.0,1,0
2020-03-01 03:00:00,1.0,8.0,493.0,3.4,1.4,3,printemps,03h-06h,0,4.0,0,0
2020-03-01 06:00:00,2.0,8.0,487.0,3.0,-1.3,3,printemps,06h-09h,0,1.0,1,0
2020-03-01 09:00:00,2.0,8.0,468.0,3.0,-2.1,3,printemps,09h-12h,0,2.0,1,0
2020-03-01 12:00:00,1.0,8.0,466.0,2.7,-0.1,3,printemps,12h-15h,0,2.0,1,0
2020-03-01 15:00:00,1.0,8.0,430.0,1.8,-0.2,3,printemps,15h-18h,0,1.0,1,0
2020-03-01 18:00:00,1.0,8.0,404.0,2.3,-0.0,3,printemps,18h-21h,0,1.0,0,0
2020-03-01 21:00:00,2.0,8.0,411.0,1.9,-1.5,3,printemps,21h-24h,0,1.0,1,0
2020-03-02 00:00:00,2.0,5.0,443.0,4.1,-1.3,3,printemps,00h-03h,0,2.0,1,0
2020-03-02 03:00:00,1.0,5.0,412.0,2.9,0.4,3,printemps,03h-06h,0,2.0,0,0
2020-03-02 06:00:00,1.0,5.0,417.0,2.2,1.5,3,printemps,06h-09h,0,1.0,0,0
2020-03-02 09:00:00,1.0,5.0,414.0,2.6,0.4,3,printemps,09h-12h,0,1.0,0,0
2020-03-02 12:00:00,2.0,5.0,437.0,5.7,-0.2,3,printemps,12h-15h,0,1.0,1,0
2020-03-02 15:00:00,1.0,5.0,459.0,9.9,2.3,3,printemps,15h-18h,0,2.0,0,0
2020-03-02 18:00:00,1.0,5.0,431.0,7.8,2.1,3,printemps,18h-21h,0,1.0,0,0
2020-03-02 21:00:00,1.0,5.0,425.0,8.2,2.0,3,printemps,21h-24h,0,1.0,0,0
2020-03-03 00:00:00,2.0,6.0,434.0,6.3,-0.9,3,printemps,00h-03h,0,1.0,1,0
2020-03-03 03:00:00,1.0,6.0,430.0,3.8,3.0,3,printemps,03h-06h,0,2.0,0,0
2020-03-03 06:00:00,1.0,6.0,429.0,3.6,-1.1,3,printemps,06h-09h,0,1.0,1,0
2020-03-03 09:00:00,2.0,6.0,412.0,2.9,1.9,3,printemps,09h-12h,0,1.0,0,0
2020-03-03 12:00:00,2.0,6.0,404.0,3.4,0.1,3,printemps,12h-15h,0,2.0,0,0
2020-03-03 15:00:00,2.0,6.0,415.0,5.0,1.5,3,printemps,15h-18h,0,2.0,0,0
2020-03-03 18:00:00,1.0,6.0,410.0,5.0,0.8,3,printemps,18h-21h,0,2.0,0,0
2020-03-03 21:00:00,2.0,6.0,409.0,4.3,-0.6,3,printemps,21h-24h,0,1.0,1,0
2020-03-04 00:00:00,0.0,7.0,405.0,4.4,0.8,3,printemps,00h-03h,0,2.0,0,0
2020-03-04 03:00:00,2.0,7.0,399.0,4.3,-0.7,3,printemps,03h-06h,0,0.0,1,0
2020-03-04 06:00:00,1.0,7.0,386.0,3.7,-2.1,3,printemps,06h-09h,0,2.0,1,0
2020-03-04 09:00:00,1.0,7.0,382.0,4.8,-0.6,3,printemps,09h-12h,0,1.0,1,0
2020-03-04 12:00:00,2.0,7.0,385.0,3.7,-2.0,3,printemps,12h-15h,0,1.0,1,0
2020-03-04 15:00:00,3.0,7.0,388.0,4.8,-4.4,3,printemps,15h-18h,0,2.0,1,0
2020-03-04 18:00:00,2.0,7.0,396.0,4.9,-0.8,3,printemps,18h-21h,0,3.0,1,0
2020-03-04 21:00:00,2.0,7.0,385.0,9.1,-0.8,3,printemps,21h-24h,0,2.0,1,0
2020-03-05 00:00:00,1.0,4.0,378.0,12.6,1.9,3,printemps,00h-03h,0,2.0,0,0
2020-03-05 03:00:00,1.0,4.0,370.0,14.7,0.7,3,printemps,03h-06h,0,1.0,0,0
2020-03-05 06:00:00,1.0,4.0,360.0,12.0,2.3,3,printemps,06h-09h,0,1.0,0,0
2020-03-05 09:00:00,1.0,4.0,349.0,13.2,1.3,3,printemps,09h-12h,0,1.0,0,0
2020-03-05 12:00:00,2.0,4.0,340.0,7.2,0.6,3,printemps,12h-15h,0,1.0,0,0
2020-03-05 15:00:00,1.0,4.0,346.0,16.8,1.4,3,printemps,15h-18h,0,2.0,0,0
2020-03-05 18:00:00,1.0,4.0,347.0,14.7,3.6,3,printemps,18h-21h,0,1.0,0,0
2020-03-05 21:00:00,0.0,4.0,326.0,8.3,2.0,3,printemps,21h-24h,0,1.0,0,0
2020-03-06 00:00:00,1.0,5.0,321.0,6.8,1.9,3,printemps,00h-03h,0,0.0,0,0
2020-03-06 03:00:00,1.0,5.0,323.0,9.1,3.3,3,printemps,03h-06h,0,1.0,0,0
2020-03-06 06:00:00,1.0,5.0,334.0,20.1,2.2,3,printemps,06h-09h,0,1.0,0,0
2020-03-06 09:00:00,2.0,5.0,332.0,13.5,-1.9,3,printemps,09h-12h,0,1.0,1,0
2020-03-06 12:00:00,2.0,5.0,371.0,7.2,1.1,3,printemps,12h-15h,0,2.0,0,0
2020-03-06 15:00:00,2.0,5.0,379.0,8.9,1.1,3,printemps,15h-18h,0,2.0,0,0
2020-03-06 18:00:00,0.0,5.0,341.0,5.4,5.3,3,printemps,18h-21h,0,2.0,0,0
2020-03-06 21:00:00,0.0,5.0,330.0,6.1,6.0,3,printemps,21h-24h,0,0.0,0,0
2020-03-07 00:00:00,1.0,5.0,341.0,7.2,4.2,3,printemps,00h-03h,0,0.0,0,0
2020-03-07 03:00:00,2.0,5.0,347.0,5.8,2.2,3,printemps,03h-06h,0,1.0,0,0
2020-03-07 06:00:00,2.0,5.0,360.0,4.9,-3.9,3,printemps,06h-09h,0,2.0,1,0
2020-03-07 09:00:00,2.0,5.0,357.0,4.8,3.2,3,printemps,09h-12h,0,2.0,0,0
2020-03-07 12:00:00,2.0,5.0,372.0,5.4,-3.1,3,printemps,12h-15h,0,2.0,1,0
2020-03-07 15:00:00,1.0,5.0,384.0,6.3,3.9,3,printemps,15h-18h,0,2.0,0,0
2020-03-07 18:00:00,0.0,5.0,358.0,6.7,5.6,3,printemps,18h-21h,0,1.0,0,0
2020-03-07 21:00:00,0.0,5.0,350.0,7.7,6.0,3,printemps,21h-24h,0,0.0,0,0
2020-03-08 00:00:00,1.0,5.0,353.0,8.1,2.5,3,printemps,00h-03h,0,0.0,0,0
2020-03-08 03:00:00,2.0,5.0,349.0,7.1,1.6,3,printemps,03h-06h,0,1.0,0,0
2020-03-08 06:00:00,2.0,5.0,367.0,2.9,-2.2,3,printemps,06h-09h,0,2.0,1,0
2020-03-08 09:00:00,1.0,5.0,373.0,3.9,-2.3,3,printemps,09h-12h,0,2.0,1,0
2020-03-08 12:00:00,1.0,5.0,374.0,4.6,-0.8,3,printemps,12h-15h,0,1.0,1,0
2020-03-08 15:00:00,1.0,5.0,354.0,5.8,-2.1,3,printemps,15h-18h,0,1.0,1,0
2020-03-08 18:00:00,2.0,5.0,342.0,9.4,-2.0,3,printemps,18h-21h,0,1.0,1,0
2020-03-08 21:00:00,1.0,5.0,339.0,13.2,0.9,3,printemps,21h-24h,0,2.0,0,0
2020-03-09 00:00:00,1.0,5.0,348.0,14.0,1.5,3,printemps,00h-03h,0,1.0,0,0
2020-03-09 03:00:00,2.0,5.0,350.0,11.7,-2.6,3,printemps,03h-06h,0,1.0,1,0
2020-03-09 06:00:00,2.0,5.0,338.0,10.5,-1.3,3,printemps,06h-09h,0,2.0,1,0
2020-03-09 09:00:00,1.0,5.0,345.0,13.6,0.7,3,printemps,09h-12h,0,2.0,0,0
2020-03-09 12:00:00,1.0,5.0,335.0,14.2,0.3,3,printemps,12h-15h,0,1.0,0,0
2020-03-09 15:00:00,1.0,5.0,339.0,15.4,1.1,3,printemps,15h-18h,0,1.0,0,0
2020-03-09 18:00:00,2.0,5.0,364.0,8.0,-1.5,3,printemps,18h-21h,0,1.0,1,0
2020-03-09 21:00:00,1.0,5.0,360.0,7.8,-2.1,3,printemps,21h-24h,0,2.0,1,0
2020-03-10 00:00:00,2.0,4.0,350.0,8.7,-0.2,3,printemps,00h-03h,0,1.0,1,0
2020-03-10 03:00:00,1.0,4.0,339.0,8.2,-1.2,3,printemps,03h-06h,0,2.0,1,0
2020-03-10 06:00:00,2.0,4.0,326.0,9.5,-0.6,3,printemps,06h-09h,0,1.0,1,0
2020-03-10 09:00:00,1.0,4.0,333.0,8.4,-1.8,3,printemps,09h-12h,0,2.0,1,0
2020-03-10 12:00:00,1.0,4.0,334.0,7.3,-1.0,3,printemps,12h-15h,0,1.0,1,0
2020-03-10 15:00:00,1.0,4.0,329.0,9.1,-1.3,3,printemps,15h-18h,0,1.0,1,0
2020-03-10 18:00:00,0.0,4.0,329.0,13.9,-0.1,3,printemps,18h-21h,0,1.0,1,0
2020-03-10 21:00:00,1.0,4.0,325.0,13.1,-0.2,3,printemps,21h-24h,0,0.0,1,0
2020-03-12 00:00:00,1.0,7.0,314.0,12.0,-1.5,3,printemps,00h-03h,0,1.0,1,0
2020-03-12 03:00:00,2.0,7.0,311.0,14.4,-1.6,3,printemps,03h-06h,0,1.0,1,0
2020-03-12 06:00:00,2.0,7.0,340.0,13.8,-2.4,3,printemps,06h-09h,0,2.0,1,0
2020-03-12 09:00:00,1.0,7.0,348.0,11.0,-0.0,3,printemps,09h-12h,0,2.0,0,0
2020-03-12 12:00:00,2.0,7.0,351.0,12.6,-0.9,3,printemps,12h-15h,0,1.0,1,0
2020-03-12 15:00:00,2.0,7.0,341.0,9.7,-1.7,3,printemps,15h-18h,0,2.0,1,0
2020-03-12 18:00:00,3.0,7.0,350.0,9.2,-5.1,3,printemps,18h-21h,0,2.0,1,0
2020-03-12 21:00:00,1.0,7.0,353.0,6.0,3.0,3,printemps,21h-24h,0,3.0,0,0
2020-03-13 00:00:00,2.0,7.0,381.0,3.2,1.6,3,printemps,00h-03h,0,1.0,0,0
2020-03-13 03:00:00,3.0,7.0,380.0,6.8,-0.4,3,printemps,03h-06h,0,2.0,1,0
2020-03-13 06:00:00,2.0,7.0,376.0,6.0,-1.8,3,printemps,06h-09h,0,3.0,1,0
2020-03-13 09:00:00,2.0,7.0,432.0,5.3,-1.7,3,printemps,09h-12h,0,2.0,1,0
2020-03-13 12:00:00,1.0,7.0,442.0,4.8,1.4,3,printemps,12h-15h,0,2.0,0,0
2020-03-13 15:00:00,1.0,7.0,428.0,3.2,-0.5,3,printemps,15h-18h,0,1.0,1,0
2020-03-13 18:00:00,1.0,7.0,418.0,2.3,-0.5,3,printemps,18h-21h,0,1.0,1,0
2020-03-13 21:00:00,1.0,7.0,426.0,1.4,-0.1,3,printemps,21h-24h,0,1.0,1,0
2020-03-14 00:00:00,0.0,3.0,408.0,2.3,-0.0,3,printemps,00h-03h,0,1.0,0,0
2020-03-14 03:00:00,0.0,3.0,405.0,2.3,0.8,3,printemps,03h-06h,0,0.0,0,0
2020-03-14 06:00:00,1.0,3.0,394.0,2.6,-0.4,3,printemps,06h-09h,0,0.0,1,0
2020-03-14 09:00:00,1.0,3.0,394.0,3.5,-1.5,3,printemps,09h-12h,0,1.0,1,0
2020-03-14 12:00:00,1.0,3.0,390.0,3.2,-0.7,3,printemps,12h-15h,0,1.0,1,0
2020-03-14 15:00:00,1.0,3.0,368.0,2.9,-1.3,3,printemps,15h-18h,0,1.0,1,0
2020-03-14 18:00:00,1.0,3.0,365.0,2.9,-1.3,3,printemps,18h-21h,0,1.0,1,0
2020-03-14 21:00:00,1.0,3.0,370.0,3.2,0.1,3,printemps,21h-24h,0,1.0,0,0
2020-03-15 00:00:00,0.0,5.0,366.0,3.6,-0.5,3,printemps,00h-03h,0,1.0,1,0
2020-03-15 03:00:00,1.0,5.0,356.0,3.9,0.9,3,printemps,03h-06h,0,0.0,0,0
2020-03-15 06:00:00,1.0,5.0,352.0,3.9,-0.2,3,printemps,06h-09h,0,1.0,1,0
2020-03-15 09:00:00,2.0,5.0,361.0,4.4,-0.2,3,printemps,09h-12h,0,1.0,1,0
2020-03-15 12:00:00,2.0,5.0,351.0,4.4,-0.4,3,printemps,12h-15h,0,2.0,1,0
2020-03-15 15:00:00,1.0,5.0,363.0,6.8,-0.1,3,printemps,15h-18h,0,2.0,1,0
2020-03-15 18:00:00,2.0,5.0,379.0,10.7,-2.7,3,printemps,18h-21h,0,1.0,1,0
2020-03-15 21:00:00,2.0,5.0,374.0,10.5,-0.4,3,printemps,21h-24h,0,2.0,1,0
2020-03-16 00:00:00,3.0,7.0,367.0,8.9,-2.3,3,printemps,00h-03h,0,2.0,1,0
2020-03-16 03:00:00,1.0,7.0,346.0,8.5,-1.1,3,printemps,03h-06h,0,3.0,1,0
2020-03-16 06:00:00,1.0,7.0,340.0,12.1,-0.1,3,printemps,06h-09h,0,1.0,1,0
2020-03-16 09:00:00,2.0,7.0,325.0,14.0,0.4,3,printemps,09h-12h,0,1.0,0,0
2020-03-16 12:00:00,2.0,7.0,345.0,6.4,-3.1,3,printemps,12h-15h,0,2.0,1,0
2020-03-16 15:00:00,2.0,7.0,363.0,8.1,-2.4,3,printemps,15h-18h,0,2.0,1,0
2020-03-16 18:00:00,2.0,7.0,348.0,10.8,-1.4,3,printemps,18h-21h,0,2.0,1,0
2020-03-16 21:00:00,1.0,7.0,347.0,14.8,-1.2,3,printemps,21h-24h,0,2.0,1,0
2020-03-17 00:00:00,2.0,6.0,346.0,12.0,-1.8,3,printemps,00h-03h,0,1.0,1,0
2020-03-17 03:00:00,1.0,6.0,337.0,6.8,3.8,3,printemps,03h-06h,0,2.0,0,0
2020-03-17 06:00:00,2.0,6.0,353.0,7.3,0.3,3,printemps,06h-09h,0,1.0,0,0
2020-03-17 09:00:00,2.0,6.0,392.0,5.0,-2.2,3,printemps,09h-12h,0,2.0,1,0
2020-03-17 12:00:00,1.0,6.0,420.0,3.6,-1.3,3,printemps,12h-15h,0,2.0,1,0
2020-03-17 15:00:00,2.0,6.0,409.0,4.1,-1.5,3,printemps,15h-18h,0,1.0,1,0
2020-03-17 18:00:00,1.0,6.0,409.0,3.9,0.9,3,printemps,18h-21h,0,2.0,0,0
2020-03-17 21:00:00,2.0,6.0,410.0,4.0,-0.3,3,printemps,21h-24h,0,1.0,1,0
2020-03-18 00:00:00,1.0,6.0,388.0,4.0,0.7,3,printemps,00h-03h,0,2.0,0,0
2020-03-18 03:00:00,1.0,6.0,395.0,5.2,1.1,3,printemps,03h-06h,0,1.0,0,0
2020-03-18 06:00:00,1.0,6.0,378.0,4.9,-0.2,3,printemps,06h-09h,0,1.0,1,0
2020-03-18 09:00:00,1.0,6.0,378.0,5.4,-1.6,3,printemps,09h-12h,0,1.0,1,0
2020-03-18 12:00:00,2.0,6.0,410.0,5.5,1.4,3,printemps,12h-15h,0,1.0,0,0
2020-03-18 15:00:00,2.0,6.0,394.0,4.4,0.3,3,printemps,15h-18h,0,2.0,0,0
2020-03-18 18:00:00,3.0,6.0,395.0,5.0,-3.2,3,printemps,18h-21h,0,2.0,1,0
2020-03-18 21:00:00,2.0,6.0,418.0,6.5,0.1,3,printemps,21h-24h,0,3.0,0,0
2020-03-19 00:00:00,4.0,12.0,418.0,8.3,-5.3,3,printemps,00h-03h,0,2.0,1,0
2020-03-19 03:00:00,3.0,12.0,448.0,5.2,-2.8,3,printemps,03h-06h,0,4.0,1,0
2020-03-19 06:00:00,3.0,12.0,474.0,5.3,-2.0,3,printemps,06h-09h,0,3.0,1,0
2020-03-19 09:00:00,2.0,12.0,502.0,6.8,-1.2,3,printemps,09h-12h,0,3.0,1,0
2020-03-19 12:00:00,3.0,12.0,503.0,4.3,-1.9,3,printemps,12h-15h,0,2.0,1,0
2020-03-19 15:00:00,2.0,12.0,479.0,2.9,-0.8,3,printemps,15h-18h,0,3.0,1,0
2020-03-19 18:00:00,1.0,12.0,495.0,2.6,-1.0,3,printemps,18h-21h,0,2.0,1,0
2020-03-19 21:00:00,1.0,12.0,498.0,2.8,-0.4,3,printemps,21h-24h,0,1.0,1,0
2020-03-20 00:00:00,3.0,7.0,486.0,3.0,-0.4,3,printemps,00h-03h,0,1.0,1,0
2020-03-20 03:00:00,1.0,7.0,468.0,3.3,-0.3,3,printemps,03h-06h,0,3.0,1,0
2020-03-20 06:00:00,2.0,7.0,437.0,2.7,-0.4,3,printemps,06h-09h,0,1.0,1,0
2020-03-20 09:00:00,0.0,7.0,426.0,2.7,0.6,3,printemps,09h-12h,0,2.0,0,0
2020-03-20 12:00:00,1.0,7.0,416.0,3.5,-0.7,3,printemps,12h-15h,0,0.0,1,0
2020-03-20 15:00:00,2.0,7.0,410.0,5.2,-2.3,3,printemps,15h-18h,0,1.0,1,0
2020-03-20 18:00:00,2.0,7.0,395.0,5.1,-2.2,3,printemps,18h-21h,0,2.0,1,0
2020-03-20 21:00:00,3.0,7.0,414.0,5.2,-3.5,3,printemps,21h-24h,0,2.0,1,0
2020-03-21 00:00:00,2.0,8.0,395.0,3.6,-2.1,3,printemps,00h-03h,0,3.0,1,0
2020-03-21 03:00:00,2.0,8.0,463.0,4.7,3.4,3,printemps,03h-06h,0,2.0,0,0
2020-03-21 06:00:00,3.0,8.0,494.0,4.3,-1.6,3,printemps,06h-09h,0,2.0,1,0
2020-03-21 09:00:00,2.0,8.0,507.0,3.5,0.1,3,printemps,09h-12h,0,3.0,0,0
2020-03-21 12:00:00,2.0,8.0,499.0,3.1,-1.1,3,printemps,12h-15h,0,2.0,1,0
2020-03-21 15:00:00,2.0,8.0,474.0,3.2,0.3,3,printemps,15h-18h,0,2.0,0,0
2020-03-21 18:00:00,1.0,8.0,456.0,3.1,-0.8,3,printemps,18h-21h,0,2.0,1,0
2020-03-21 21:00:00,2.0,8.0,432.0,3.6,-0.8,3,printemps,21h-24h,0,1.0,1,0
2020-03-22 00:00:00,3.0,7.0,432.0,5.1,0.6,3,printemps,00h-03h,0,2.0,0,0
2020-03-22 03:00:00,2.0,7.0,439.0,4.6,-1.1,3,printemps,03h-06h,0,3.0,1,0
2020-03-22 06:00:00,1.0,7.0,441.0,3.9,-0.7,3,printemps,06h-09h,0,2.0,1,0
2020-03-22 09:00:00,2.0,7.0,466.0,5.1,-0.5,3,printemps,09h-12h,0,1.0,1,0
2020-03-22 12:00:00,2.0,7.0,462.0,4.7,1.0,3,printemps,12h-15h,0,2.0,0,0
2020-03-22 15:00:00,2.0,7.0,449.0,3.8,-1.1,3,printemps,15h-18h,0,2.0,1,0
2020-03-22 18:00:00,2.0,7.0,442.0,4.5,-0.5,3,printemps,18h-21h,0,2.0,1,0
2020-03-22 21:00:00,2.0,7.0,444.0,3.8,-0.4,3,printemps,21h-24h,0,2.0,1,0
2020-03-23 00:00:00,3.0,12.0,454.0,6.3,-1.9,3,printemps,00h-03h,0,2.0,1,0
2020-03-23 03:00:00,3.0,12.0,459.0,7.5,-2.0,3,printemps,03h-06h,0,3.0,1,0
2020-03-23 06:00:00,1.0,12.0,439.0,3.6,1.1,3,printemps,06h-09h,0,3.0,0,0
2020-03-23 09:00:00,3.0,12.0,454.0,4.8,1.2,3,printemps,09h-12h,0,1.0,0,0
2020-03-23 12:00:00,3.0,12.0,511.0,3.5,-0.4,3,printemps,12h-15h,0,3.0,1,0
2020-03-23 15:00:00,2.0,12.0,509.0,5.1,-1.0,3,printemps,15h-18h,0,3.0,1,0
2020-03-23 18:00:00,3.0,12.0,486.0,4.2,-2.0,3,printemps,18h-21h,0,2.0,1,0
2020-03-23 21:00:00,2.0,12.0,501.0,3.1,-0.9,3,printemps,21h-24h,0,3.0,1,0
2020-03-24 00:00:00,3.0,4.0,452.0,2.8,-3.2,3,printemps,00h-03h,0,2.0,1,0
2020-03-24 03:00:00,2.0,4.0,473.0,3.0,0.7,3,printemps,03h-06h,0,3.0,0,0
2020-03-24 06:00:00,2.0,4.0,466.0,3.0,-1.5,3,printemps,06h-09h,0,2.0,1,0
2020-03-24 09:00:00,1.0,4.0,456.0,3.2,0.7,3,printemps,09h-12h,0,2.0,0,0
2020-03-24 12:00:00,1.0,4.0,437.0,3.1,-0.6,3,printemps,12h-15h,0,1.0,1,0
2020-03-24 15:00:00,0.0,4.0,431.0,3.3,0.4,3,printemps,15h-18h,0,1.0,0,0
2020-03-24 18:00:00,0.0,4.0,414.0,3.3,-0.3,3,printemps,18h-21h,0,0.0,1,0
2020-03-24 21:00:00,0.0,4.0,408.0,3.5,-0.9,3,printemps,21h-24h,0,0.0,1,0
2020-03-25 00:00:00,2.0,4.0,400.0,3.4,-1.5,3,printemps,00h-03h,0,0.0,1,0
2020-03-25 03:00:00,0.0,4.0,414.0,3.9,1.7,3,printemps,03h-06h,0,2.0,0,0
2020-03-25 06:00:00,0.0,4.0,397.0,3.6,0.9,3,printemps,06h-09h,0,0.0,0,0
2020-03-25 09:00:00,1.0,4.0,394.0,3.6,-0.6,3,printemps,09h-12h,0,0.0,1,0
2020-03-25 12:00:00,1.0,4.0,393.0,4.2,0.8,3,printemps,12h-15h,0,1.0,0,0
2020-03-25 15:00:00,0.0,4.0,391.0,4.0,0.7,3,printemps,15h-18h,0,1.0,0,0
2020-03-25 18:00:00,0.0,4.0,385.0,4.3,-1.5,3,printemps,18h-21h,0,0.0,1,0
2020-03-25 21:00:00,2.0,4.0,383.0,4.3,-3.4,3,printemps,21h-24h,0,0.0,1,0
2020-03-26 00:00:00,1.0,5.0,371.0,4.0,0.9,3,printemps,00h-03h,0,2.0,0,0
2020-03-26 03:00:00,1.0,5.0,364.0,4.6,1.2,3,printemps,03h-06h,0,1.0,0,0
2020-03-26 06:00:00,1.0,5.0,400.0,4.2,-0.7,3,printemps,06h-09h,0,1.0,1,0
2020-03-26 09:00:00,1.0,5.0,386.0,4.8,-0.8,3,printemps,09h-12h,0,1.0,1,0
2020-03-26 12:00:00,2.0,5.0,385.0,5.1,-1.6,3,printemps,12h-15h,0,1.0,1,0
2020-03-26 15:00:00,2.0,5.0,400.0,7.0,-0.4,3,printemps,15h-18h,0,2.0,1,0
2020-03-26 18:00:00,1.0,5.0,394.0,3.9,3.0,3,printemps,18h-21h,0,2.0,0,0
2020-03-26 21:00:00,3.0,5.0,423.0,6.3,-2.4,3,printemps,21h-24h,0,1.0,1,0
2020-03-27 00:00:00,2.0,5.0,409.0,5.8,-0.9,3,printemps,00h-03h,0,3.0,1,0
2020-03-27 03:00:00,2.0,5.0,404.0,5.2,-1.7,3,printemps,03h-06h,0,2.0,1,0
2020-03-27 06:00:00,1.0,5.0,403.0,5.0,-0.6,3,printemps,06h-09h,0,2.0,1,0
2020-03-27 09:00:00,1.0,5.0,395.0,4.3,-0.5,3,printemps,09h-12h,0,1.0,1,0
2020-03-27 12:00:00,1.0,5.0,392.0,3.5,-1.6,3,printemps,12h-15h,0,1.0,1,0
2020-03-27 15:00:00,2.0,5.0,392.0,3.1,-1.2,3,printemps,15h-18h,0,1.0,1,0
2020-03-27 18:00:00,2.0,5.0,408.0,4.3,-1.5,3,printemps,18h-21h,0,2.0,1,0
2020-03-27 21:00:00,0.0,5.0,405.0,4.8,0.2,3,printemps,21h-24h,0,2.0,0,0
2020-03-28 00:00:00,0.0,5.0,396.0,4.9,0.7,3,printemps,00h-03h,0,0.0,0,0
2020-03-28 03:00:00,1.0,5.0,363.0,4.2,1.7,3,printemps,03h-06h,0,0.0,0,0
2020-03-28 06:00:00,1.0,5.0,370.0,5.5,-0.3,3,printemps,06h-09h,0,1.0,1,0
2020-03-28 09:00:00,2.0,5.0,372.0,6.8,-2.1,3,printemps,09h-12h,0,1.0,1,0
2020-03-28 12:00:00,2.0,5.0,358.0,7.5,-0.5,3,printemps,12h-15h,0,2.0,1,0
2020-03-28 15:00:00,0.0,5.0,364.0,6.4,2.7,3,printemps,15h-18h,0,2.0,0,0
2020-03-28 18:00:00,1.0,5.0,364.0,5.7,-0.7,3,printemps,18h-21h,0,0.0,1,0
2020-03-28 21:00:00,2.0,5.0,389.0,5.4,-3.4,3,printemps,21h-24h,0,1.0,1,0
2020-03-29 00:00:00,1.0,7.0,387.0,5.1,2.0,3,printemps,00h-03h,0,2.0,0,0
2020-03-29 03:00:00,0.0,7.0,394.0,3.8,-0.7,3,printemps,03h-06h,0,1.0,1,0
2020-03-29 06:00:00,2.0,7.0,401.0,4.6,-0.8,3,printemps,06h-09h,0,0.0,1,0
2020-03-29 09:00:00,2.0,7.0,415.0,5.7,2.3,3,printemps,09h-12h,0,2.0,0,0
2020-03-29 12:00:00,3.0,7.0,410.0,7.3,-2.6,3,printemps,12h-15h,0,2.0,1,0
2020-03-29 15:00:00,2.0,7.0,409.0,5.4,-3.2,3,printemps,15h-18h,0,3.0,1,0
2020-03-29 18:00:00,1.0,7.0,389.0,5.2,-2.1,3,printemps,18h-21h,0,2.0,1,0
2020-03-29 21:00:00,1.0,7.0,396.0,3.9,-2.5,3,printemps,21h-24h,0,1.0,1,0
2020-03-30 00:00:00,2.0,11.0,386.0,4.5,-0.9,3,printemps,00h-03h,0,1.0,1,0
2020-03-30 03:00:00,2.0,11.0,388.0,7.7,0.5,3,printemps,03h-06h,0,2.0,0,0
2020-03-30 06:00:00,2.0,11.0,369.0,5.2,0.2,3,printemps,06h-09h,0,2.0,0,0
2020-03-30 09:00:00,1.0,11.0,363.0,7.7,-0.5,3,printemps,09h-12h,0,2.0,1,0
2020-03-30 12:00:00,1.0,11.0,351.0,5.4,-1.1,3,printemps,12h-15h,0,1.0,1,0
2020-03-30 15:00:00,3.0,11.0,410.0,3.3,-0.1,3,printemps,15h-18h,0,1.0,1,0
2020-03-30 18:00:00,3.0,11.0,509.0,4.3,-2.6,3,printemps,18h-21h,0,3.0,1,0
2020-03-30 21:00:00,4.0,11.0,487.0,5.2,-2.5,3,printemps,21h-24h,0,3.0,1,0
2020-03-31 00:00:00,4.0,3.0,512.0,4.3,-4.9,3,printemps,00h-03h,0,4.0,1,0
2020-03-31 03:00:00,4.0,3.0,502.0,4.9,-1.2,3,printemps,03h-06h,0,4.0,1,0
2020-03-31 06:00:00,4.0,3.0,486.0,4.2,-4.0,3,printemps,06h-09h,0,4.0,1,0
2020-03-31 09:00:00,2.0,3.0,473.0,6.1,1.9,3,printemps,09h-12h,0,4.0,0,0
2020-03-31 12:00:00,3.0,3.0,482.0,6.5,-3.2,3,printemps,12h-15h,0,2.0,1,0
2020-03-31 15:00:00,2.0,3.0,531.0,4.0,-0.5,3,printemps,15h-18h,0,3.0,1,0
2020-03-31 18:00:00,2.0,3.0,513.0,2.8,-1.6,3,printemps,18h-21h,0,2.0,1,0
2020-03-31 21:00:00,2.0,3.0,507.0,3.7,-2.5,3,printemps,21h-24h,0,2.0,1,0
2020-04-01 00:00:00,2.0,6.0,502.0,3.2,-1.4,4,printemps,00h-03h,0,2.0,1,0
2020-04-01 03:00:00,3.0,6.0,469.0,3.3,-0.9,4,printemps,03h-06h,0,2.0,1,0
2020-04-01 06:00:00,2.0,6.0,489.0,3.4,-1.0,4,printemps,06h-09h,0,3.0,1,0
2020-04-01 09:00:00,1.0,6.0,461.0,2.5,1.6,4,printemps,09h-12h,0,2.0,0,0
2020-04-01 12:00:00,1.0,6.0,451.0,3.1,0.4,4,printemps,12h-15h,0,1.0,0,0
2020-04-01 15:00:00,1.0,6.0,452.0,3.2,-1.1,4,printemps,15h-18h,0,1.0,1,0
2020-04-01 18:00:00,1.0,6.0,436.0,3.3,-0.6,4,printemps,18h-21h,0,1.0,1,0
2020-04-01 21:00:00,2.0,6.0,422.0,3.4,-1.2,4,printemps,21h-24h,0,1.0,1,0
2020-04-02 00:00:00,1.0,7.0,406.0,3.3,0.2,4,printemps,00h-03h,0,2.0,0,0
2020-04-02 03:00:00,2.0,7.0,418.0,3.7,-2.5,4,printemps,03h-06h,0,1.0,1,0
2020-04-02 06:00:00,2.0,7.0,423.0,3.7,-2.2,4,printemps,06h-09h,0,2.0,1,0
2020-04-02 09:00:00,2.0,7.0,414.0,3.9,2.4,4,printemps,09h-12h,0,2.0,0,0
2020-04-02 12:00:00,1.0,7.0,414.0,3.7,-0.2,4,printemps,12h-15h,0,2.0,1,0
2020-04-02 15:00:00,0.0,7.0,407.0,3.1,1.0,4,printemps,15h-18h,0,1.0,0,0
2020-04-02 18:00:00,2.0,7.0,406.0,4.2,-0.9,4,printemps,18h-21h,0,0.0,1,0
2020-04-02 21:00:00,3.0,7.0,423.0,6.0,-4.0,4,printemps,21h-24h,0,2.0,1,0
2020-04-03 00:00:00,3.0,9.0,392.0,4.7,0.8,4,printemps,00h-03h,0,3.0,0,0
2020-04-03 03:00:00,2.0,9.0,386.0,3.1,-0.3,4,printemps,03h-06h,0,3.0,1,0
2020-04-03 06:00:00,1.0,9.0,398.0,3.0,-0.8,4,printemps,06h-09h,0,2.0,1,0
2020-04-03 09:00:00,1.0,9.0,382.0,2.8,0.9,4,printemps,09h-12h,0,1.0,0,0
2020-04-03 12:00:00,1.0,9.0,385.0,3.1,1.2,4,printemps,12h-15h,0,1.0,0,0
2020-04-03 15:00:00,2.0,9.0,420.0,3.3,-1.3,4,printemps,15h-18h,0,1.0,1,0
2020-04-03 18:00:00,2.0,9.0,422.0,5.7,-0.1,4,printemps,18h-21h,0,2.0,1,0
2020-04-03 21:00:00,4.0,9.0,431.0,6.8,-3.4,4,printemps,21h-24h,0,2.0,1,0
2020-04-04 00:00:00,2.0,5.0,428.0,6.6,1.0,4,printemps,00h-03h,0,4.0,0,0
2020-04-04 03:00:00,1.0,5.0,414.0,4.2,2.4,4,printemps,03h-06h,0,2.0,0,0
2020-04-04 06:00:00,0.0,5.0,431.0,4.6,-1.7,4,printemps,06h-09h,0,1.0,1,0
2020-04-04 09:00:00,2.0,5.0,431.0,4.5,-2.8,4,printemps,09h-12h,0,0.0,1,0
2020-04-04 12:00:00,0.0,5.0,423.0,3.0,1.3,4,printemps,12h-15h,0,2.0,0,0
2020-04-04 15:00:00,0.0,5.0,416.0,3.1,1.3,4,printemps,15h-18h,0,0.0,0,0
2020-04-04 18:00:00,2.0,5.0,422.0,3.2,-1.9,4,printemps,18h-21h,0,0.0,1,0
2020-04-04 21:00:00,2.0,5.0,422.0,4.2,-2.6,4,printemps,21h-24h,0,2.0,1,0
2020-04-05 00:00:00,2.0,5.0,417.0,6.3,-2.0,4,printemps,00h-03h,0,2.0,1,0
2020-04-05 03:00:00,2.0,5.0,432.0,7.1,1.7,4,printemps,03h-06h,0,2.0,0,0
2020-04-05 06:00:00,1.0,5.0,430.0,6.7,2.0,4,printemps,06h-09h,0,2.0,0,0
2020-04-05 09:00:00,1.0,5.0,441.0,3.8,-1.2,4,printemps,09h-12h,0,1.0,1,0
2020-04-05 12:00:00,1.0,5.0,425.0,3.1,0.7,4,printemps,12h-15h,0,1.0,0,0
2020-04-05 15:00:00,1.0,5.0,418.0,3.0,-2.1,4,printemps,15h-18h,0,1.0,1,0
2020-04-05 18:00:00,0.0,5.0,395.0,3.1,-0.1,4,printemps,18h-21h,0,1.0,1,0
2020-04-05 21:00:00,1.0,5.0,382.0,3.5,-0.0,4,printemps,21h-24h,0,0.0,0,0
2020-04-06 00:00:00,1.0,3.0,377.0,3.7,-0.8,4,printemps,00h-03h,0,1.0,1,0
2020-04-06 03:00:00,1.0,3.0,375.0,4.3,-1.1,4,printemps,03h-06h,0,1.0,1,0
2020-04-06 06:00:00,1.0,3.0,364.0,4.6,-0.4,4,printemps,06h-09h,0,1.0,1,0
2020-04-06 09:00:00,1.0,3.0,357.0,4.6,-0.7,4,printemps,09h-12h,0,1.0,1,0
2020-04-06 12:00:00,1.0,3.0,353.0,4.5,0.1,4,printemps,12h-15h,0,1.0,0,0
2020-04-06 15:00:00,0.0,3.0,339.0,3.3,2.1,4,printemps,15h-18h,0,1.0,0,0
2020-04-06 18:00:00,0.0,3.0,334.0,3.5,0.6,4,printemps,18h-21h,0,0.0,0,0
2020-04-06 21:00:00,0.0,3.0,335.0,3.6,1.9,4,printemps,21h-24h,0,0.0,0,0
2020-04-07 00:00:00,0.0,4.0,349.0,3.7,1.5,4,printemps,00h-03h,0,0.0,0,0
2020-04-07 03:00:00,0.0,4.0,336.0,4.0,1.4,4,printemps,03h-06h,0,0.0,0,0
2020-04-07 06:00:00,0.0,4.0,332.0,6.2,-0.3,4,printemps,06h-09h,0,0.0,1,0
2020-04-07 09:00:00,1.0,4.0,319.0,5.0,-0.3,4,printemps,09h-12h,0,0.0,1,0
2020-04-07 12:00:00,1.0,4.0,301.0,3.6,-0.8,4,printemps,12h-15h,0,1.0,1,0
2020-04-07 15:00:00,0.0,4.0,296.0,3.6,1.2,4,printemps,15h-18h,0,1.0,0,0
2020-04-07 18:00:00,2.0,4.0,303.0,5.9,-2.8,4,printemps,18h-21h,0,0.0,1,0
2020-04-07 21:00:00,2.0,4.0,307.0,12.5,-4.0,4,printemps,21h-24h,0,2.0,1,0
2020-04-08 00:00:00,2.0,13.0,327.0,15.2,4.9,4,printemps,00h-03h,0,2.0,0,0
2020-04-08 03:00:00,3.0,13.0,350.0,18.7,-4.7,4,printemps,03h-06h,0,2.0,1,0
2020-04-08 06:00:00,3.0,13.0,357.0,18.0,3.4,4,printemps,06h-09h,0,3.0,0,0
2020-04-08 09:00:00,2.0,13.0,369.0,9.0,-5.8,4,printemps,09h-12h,0,3.0,1,0
2020-04-08 12:00:00,3.0,13.0,401.0,12.9,0.0,4,printemps,12h-15h,0,2.0,0,0
2020-04-08 15:00:00,3.0,13.0,427.0,8.2,-2.6,4,printemps,15h-18h,0,3.0,1,0
2020-04-08 18:00:00,2.0,13.0,466.0,4.7,1.3,4,printemps,18h-21h,0,3.0,0,0
2020-04-08 21:00:00,3.0,13.0,462.0,4.1,-3.6,4,printemps,21h-24h,0,2.0,1,0
2020-04-09 00:00:00,2.0,5.0,476.0,2.9,-3.0,4,printemps,00h-03h,0,3.0,1,0
2020-04-09 03:00:00,1.0,5.0,448.0,2.8,-1.3,4,printemps,03h-06h,0,2.0,1,0
2020-04-09 06:00:00,1.0,5.0,435.0,2.8,-1.1,4,printemps,06h-09h,0,1.0,1,0
2020-04-09 09:00:00,1.0,5.0,411.0,2.7,0.7,4,printemps,09h-12h,0,1.0,0,0
2020-04-09 12:00:00,2.0,5.0,396.0,2.8,-2.2,4,printemps,12h-15h,0,1.0,1,0
2020-04-09 15:00:00,1.0,5.0,379.0,3.8,-0.6,4,printemps,15h-18h,0,2.0,1,0
2020-04-09 18:00:00,1.0,5.0,374.0,3.3,-1.3,4,printemps,18h-21h,0,1.0,1,0
2020-04-09 21:00:00,1.0,5.0,356.0,2.5,-0.3,4,printemps,21h-24h,0,1.0,1,0
2020-04-10 00:00:00,0.0,5.0,346.0,3.2,-0.8,4,printemps,00h-03h,0,1.0,1,0
2020-04-10 03:00:00,1.0,5.0,348.0,3.9,-1.1,4,printemps,03h-06h,0,0.0,1,0
2020-04-10 06:00:00,1.0,5.0,344.0,5.5,0.6,4,printemps,06h-09h,0,1.0,0,0
2020-04-10 09:00:00,2.0,5.0,349.0,6.6,0.6,4,printemps,09h-12h,0,1.0,0,0
2020-04-10 12:00:00,1.0,5.0,372.0,2.9,1.1,4,printemps,12h-15h,0,2.0,0,0
2020-04-10 15:00:00,2.0,5.0,380.0,4.9,-0.5,4,printemps,15h-18h,0,1.0,1,0
2020-04-10 18:00:00,1.0,5.0,376.0,4.4,-1.5,4,printemps,18h-21h,0,2.0,1,0
2020-04-10 21:00:00,1.0,5.0,366.0,4.7,1.1,4,printemps,21h-24h,0,1.0,0,0
2020-04-11 00:00:00,1.0,6.0,349.0,6.0,-0.1,4,printemps,00h-03h,0,1.0,1,0
2020-04-11 03:00:00,1.0,6.0,353.0,5.7,-2.9,4,printemps,03h-06h,0,1.0,1,0
2020-04-11 06:00:00,1.0,6.0,346.0,6.5,-0.2,4,printemps,06h-09h,0,1.0,1,0
2020-04-11 09:00:00,1.0,6.0,350.0,7.2,1.2,4,printemps,09h-12h,0,1.0,0,0
2020-04-11 12:00:00,2.0,6.0,350.0,11.5,-2.9,4,printemps,12h-15h,0,1.0,1,0
2020-04-11 15:00:00,3.0,6.0,372.0,6.1,-5.7,4,printemps,15h-18h,0,2.0,1,0
2020-04-11 18:00:00,2.0,6.0,394.0,6.5,-2.5,4,printemps,18h-21h,0,3.0,1,0
2020-04-11 21:00:00,2.0,6.0,419.0,6.3,0.5,4,printemps,21h-24h,0,2.0,0,0
2020-04-12 00:00:00,1.0,7.0,418.0,6.5,1.1,4,printemps,00h-03h,0,2.0,0,0
2020-04-12 03:00:00,2.0,7.0,404.0,7.1,1.1,4,printemps,03h-06h,0,1.0,0,0
2020-04-12 06:00:00,2.0,7.0,441.0,4.3,0.2,4,printemps,06h-09h,0,2.0,0,0
2020-04-12 09:00:00,1.0,7.0,448.0,5.0,-0.3,4,printemps,09h-12h,0,2.0,1,0
2020-04-12 12:00:00,3.0,7.0,431.0,4.5,-1.8,4,printemps,12h-15h,0,1.0,1,0
2020-04-12 15:00:00,2.0,7.0,402.0,6.6,-2.7,4,printemps,15h-18h,0,3.0,1,0
2020-04-12 18:00:00,2.0,7.0,413.0,5.3,-4.0,4,printemps,18h-21h,0,2.0,1,0
2020-04-12 21:00:00,1.0,7.0,399.0,5.6,-0.2,4,printemps,21h-24h,0,2.0,1,0
2020-04-13 00:00:00,2.0,5.0,390.0,4.8,0.1,4,printemps,00h-03h,0,1.0,0,0
2020-04-13 03:00:00,2.0,5.0,407.0,3.6,-0.1,4,printemps,03h-06h,0,2.0,1,0
2020-04-13 06:00:00,1.0,5.0,408.0,3.6,0.5,4,printemps,06h-09h,0,2.0,0,0
2020-04-13 09:00:00,1.0,5.0,404.0,3.9,-1.0,4,printemps,09h-12h,0,1.0,1,0
2020-04-13 12:00:00,2.0,5.0,395.0,4.7,-1.3,4,printemps,12h-15h,0,1.0,1,0
2020-04-13 15:00:00,1.0,5.0,377.0,5.8,-0.6,4,printemps,15h-18h,0,2.0,1,0
2020-04-13 18:00:00,1.0,5.0,363.0,5.9,-1.1,4,printemps,18h-21h,0,1.0,1,0
2020-04-13 21:00:00,2.0,5.0,359.0,5.8,-0.4,4,printemps,21h-24h,0,1.0,1,0
2020-04-14 00:00:00,3.0,8.0,373.0,6.9,-0.2,4,printemps,00h-03h,0,2.0,1,0
2020-04-14 03:00:00,3.0,8.0,394.0,6.2,-2.9,4,printemps,03h-06h,0,3.0,1,0
2020-04-14 06:00:00,3.0,8.0,417.0,14.4,-0.7,4,printemps,06h-09h,0,3.0,1,0
2020-04-14 09:00:00,2.0,8.0,404.0,8.5,-3.3,4,printemps,09h-12h,0,3.0,1,0
2020-04-14 12:00:00,1.0,8.0,396.0,6.8,2.5,4,printemps,12h-15h,0,2.0,0,0
2020-04-14 15:00:00,0.0,8.0,395.0,5.4,0.8,4,printemps,15h-18h,0,1.0,0,0
2020-04-14 18:00:00,1.0,8.0,386.0,5.6,1.5,4,printemps,18h-21h,0,0.0,0,0
2020-04-14 21:00:00,3.0,8.0,397.0,7.1,0.5,4,printemps,21h-24h,0,1.0,0,0
2020-04-15 00:00:00,3.0,7.0,414.0,5.9,-2.6,4,printemps,00h-03h,0,3.0,1,0
2020-04-15 03:00:00,3.0,7.0,432.0,5.4,-1.9,4,printemps,03h-06h,0,3.0,1,0
2020-04-15 06:00:00,2.0,7.0,410.0,4.1,1.1,4,printemps,06h-09h,0,3.0,0,0
2020-04-15 09:00:00,2.0,7.0,413.0,3.7,1.3,4,printemps,09h-12h,0,2.0,0,0
2020-04-15 12:00:00,2.0,7.0,405.0,4.4,-0.4,4,printemps,12h-15h,0,2.0,1,0
2020-04-15 15:00:00,1.0,7.0,411.0,5.2,1.9,4,printemps,15h-18h,0,2.0,0,0
2020-04-15 18:00:00,1.0,7.0,400.0,3.8,2.1,4,printemps,18h-21h,0,1.0,0,0
2020-04-15 21:00:00,1.0,7.0,413.0,2.1,-1.2,4,printemps,21h-24h,0,1.0,1,0
2020-04-16 00:00:00,2.0,5.0,415.0,2.2,-2.0,4,printemps,00h-03h,0,1.0,1,0
2020-04-16 03:00:00,2.0,5.0,409.0,2.4,-2.2,4,printemps,03h-06h,0,2.0,1,0
2020-04-16 06:00:00,1.0,5.0,394.0,2.4,-0.2,4,printemps,06h-09h,0,2.0,1,0
2020-04-16 09:00:00,1.0,5.0,376.0,2.7,0.4,4,printemps,09h-12h,0,1.0,0,0
2020-04-16 12:00:00,1.0,5.0,358.0,2.4,-0.5,4,printemps,12h-15h,0,1.0,1,0
2020-04-16 15:00:00,2.0,5.0,345.0,2.6,-1.7,4,printemps,15h-18h,0,1.0,1,0
2020-04-16 18:00:00,1.0,5.0,346.0,5.2,0.7,4,printemps,18h-21h,0,2.0,0,0
2020-04-16 21:00:00,0.0,5.0,344.0,5.0,-1.8,4,printemps,21h-24h,0,1.0,1,0
2020-04-17 00:00:00,1.0,4.0,324.0,5.5,0.0,4,printemps,00h-03h,0,0.0,0,0
2020-04-17 03:00:00,1.0,4.0,304.0,7.8,-0.9,4,printemps,03h-06h,0,1.0,1,0
2020-04-17 06:00:00,1.0,4.0,307.0,11.7,2.8,4,printemps,06h-09h,0,1.0,0,0
2020-04-17 09:00:00,2.0,4.0,329.0,6.3,-3.2,4,printemps,09h-12h,0,1.0,1,0
2020-04-17 12:00:00,1.0,4.0,313.0,7.2,-1.9,4,printemps,12h-15h,0,2.0,1,0
2020-04-17 15:00:00,0.0,4.0,295.0,6.0,0.7,4,printemps,15h-18h,0,1.0,0,0
2020-04-17 18:00:00,0.0,4.0,291.0,5.8,0.8,4,printemps,18h-21h,0,0.0,0,0
2020-04-17 21:00:00,1.0,4.0,327.0,4.4,-0.8,4,printemps,21h-24h,0,0.0,1,0
2020-04-18 00:00:00,1.0,4.0,327.0,6.3,-2.5,4,printemps,00h-03h,0,1.0,1,0
2020-04-18 03:00:00,2.0,4.0,326.0,6.5,-2.6,4,printemps,03h-06h,0,1.0,1,0
2020-04-18 06:00:00,2.0,4.0,313.0,10.5,-0.1,4,printemps,06h-09h,0,2.0,1,0
2020-04-18 09:00:00,1.0,4.0,317.0,5.4,-1.0,4,printemps,09h-12h,0,2.0,1,0
2020-04-18 12:00:00,1.0,4.0,320.0,5.3,-3.0,4,printemps,12h-15h,0,1.0,1,0
2020-04-18 15:00:00,1.0,4.0,329.0,5.7,-2.0,4,printemps,15h-18h,0,1.0,1,0
2020-04-18 18:00:00,0.0,4.0,327.0,5.2,0.7,4,printemps,18h-21h,0,1.0,0,0
2020-04-18 21:00:00,0.0,4.0,324.0,4.0,1.5,4,printemps,21h-24h,0,0.0,0,0
2020-04-19 00:00:00,0.0,3.0,316.0,4.3,2.0,4,printemps,00h-03h,0,0.0,0,0
2020-04-19 03:00:00,1.0,3.0,318.0,4.4,2.3,4,printemps,03h-06h,0,0.0,0,0
2020-04-19 06:00:00,1.0,3.0,318.0,5.0,-0.5,4,printemps,06h-09h,0,1.0,1,0
2020-04-19 09:00:00,1.0,3.0,311.0,5.1,-0.0,4,printemps,09h-12h,0,1.0,0,0
2020-04-19 12:00:00,1.0,3.0,319.0,4.7,-2.6,4,printemps,12h-15h,0,1.0,1,0
2020-04-19 15:00:00,1.0,3.0,322.0,4.9,-2.3,4,printemps,15h-18h,0,1.0,1,0
2020-04-19 18:00:00,0.0,3.0,307.0,3.7,-1.6,4,printemps,18h-21h,0,1.0,1,0
2020-04-19 21:00:00,0.0,3.0,301.0,5.0,-0.0,4,printemps,21h-24h,0,0.0,0,0
2020-04-20 00:00:00,2.0,18.0,294.0,4.8,0.4,4,printemps,00h-03h,0,0.0,0,0
2020-04-20 03:00:00,3.0,18.0,343.0,11.8,-2.5,4,printemps,03h-06h,0,2.0,1,0
2020-04-20 06:00:00,4.0,18.0,352.0,26.4,5.0,4,printemps,06h-09h,0,3.0,0,0
2020-04-20 09:00:00,5.0,18.0,367.0,6.3,-14.4,4,printemps,09h-12h,0,4.0,1,1
2020-04-20 12:00:00,5.0,18.0,365.0,8.7,-6.6,4,printemps,12h-15h,0,5.0,1,1
2020-04-20 15:00:00,2.0,18.0,352.0,5.3,3.5,4,printemps,15h-18h,0,5.0,0,0
2020-04-20 18:00:00,1.0,18.0,342.0,8.2,10.6,4,printemps,18h-21h,0,2.0,0,0
2020-04-20 21:00:00,1.0,18.0,333.0,9.4,11.6,4,printemps,21h-24h,0,1.0,0,0
2020-04-21 00:00:00,2.0,9.0,329.0,8.7,12.4,4,printemps,00h-03h,0,1.0,0,0
2020-04-21 03:00:00,2.0,9.0,341.0,19.8,11.2,4,printemps,03h-06h,0,2.0,0,0
2020-04-21 06:00:00,1.0,9.0,342.0,14.5,5.0,4,printemps,06h-09h,0,2.0,0,0
2020-04-21 09:00:00,2.0,9.0,349.0,14.7,2.9,4,printemps,09h-12h,0,1.0,0,0
2020-04-21 12:00:00,2.0,9.0,344.0,10.5,0.0,4,printemps,12h-15h,0,2.0,0,0
2020-04-21 15:00:00,4.0,9.0,402.0,6.2,-2.4,4,printemps,15h-18h,0,2.0,1,0
2020-04-21 18:00:00,2.0,9.0,392.0,3.8,-3.2,4,printemps,18h-21h,0,4.0,1,0
2020-04-21 21:00:00,3.0,9.0,446.0,2.7,-0.9,4,printemps,21h-24h,0,2.0,1,0
2020-04-22 00:00:00,3.0,8.0,460.0,2.3,-2.7,4,printemps,00h-03h,0,3.0,1,0
2020-04-22 03:00:00,3.0,8.0,475.0,2.5,-2.0,4,printemps,03h-06h,0,3.0,1,0
2020-04-22 06:00:00,2.0,8.0,446.0,2.1,1.1,4,printemps,06h-09h,0,3.0,0,0
2020-04-22 09:00:00,1.0,8.0,457.0,3.5,1.1,4,printemps,09h-12h,0,2.0,0,0
2020-04-22 12:00:00,2.0,8.0,444.0,3.3,-1.0,4,printemps,12h-15h,0,1.0,1,0
2020-04-22 15:00:00,1.0,8.0,455.0,3.0,-0.9,4,printemps,15h-18h,0,2.0,1,0
2020-04-22 18:00:00,1.0,8.0,434.0,2.5,-0.0,4,printemps,18h-21h,0,1.0,0,0
2020-04-22 21:00:00,2.0,8.0,416.0,1.8,-0.8,4,printemps,21h-24h,0,1.0,1,0
2020-04-23 00:00:00,1.0,4.0,408.0,1.6,-1.4,4,printemps,00h-03h,0,2.0,1,0
2020-04-23 03:00:00,2.0,4.0,426.0,1.9,-0.7,4,printemps,03h-06h,0,1.0,1,0
2020-04-23 06:00:00,1.0,4.0,428.0,2.2,-0.2,4,printemps,06h-09h,0,2.0,1,0
2020-04-23 09:00:00,1.0,4.0,399.0,3.5,0.1,4,printemps,09h-12h,0,1.0,0,0
2020-04-23 12:00:00,1.0,4.0,401.0,3.8,1.9,4,printemps,12h-15h,0,1.0,0,0
2020-04-23 15:00:00,0.0,4.0,397.0,5.2,0.8,4,printemps,15h-18h,0,1.0,0,0
2020-04-23 18:00:00,0.0,4.0,387.0,6.9,1.6,4,printemps,18h-21h,0,0.0,0,0
2020-04-23 21:00:00,2.0,4.0,376.0,9.5,1.5,4,printemps,21h-24h,0,0.0,0,0
2020-04-24 00:00:00,3.0,8.0,381.0,13.5,0.1,4,printemps,00h-03h,0,2.0,0,0
2020-04-24 03:00:00,1.0,8.0,389.0,6.1,1.4,4,printemps,03h-06h,0,3.0,0,0
2020-04-24 06:00:00,1.0,8.0,362.0,5.2,2.7,4,printemps,06h-09h,0,1.0,0,0
2020-04-24 09:00:00,1.0,8.0,377.0,5.4,0.1,4,printemps,09h-12h,0,1.0,0,0
2020-04-24 12:00:00,1.0,8.0,368.0,4.9,-0.5,4,printemps,12h-15h,0,1.0,1,0
2020-04-24 15:00:00,2.0,8.0,374.0,5.4,-1.2,4,printemps,15h-18h,0,1.0,1,0
2020-04-24 18:00:00,2.0,8.0,392.0,9.0,-3.6,4,printemps,18h-21h,0,2.0,1,0
2020-04-24 21:00:00,3.0,8.0,394.0,6.8,-3.1,4,printemps,21h-24h,0,2.0,1,0
2020-04-25 00:00:00,3.0,5.0,388.0,6.8,0.5,4,printemps,00h-03h,0,3.0,0,0
2020-04-25 03:00:00,2.0,5.0,406.0,6.0,-0.1,4,printemps,03h-06h,0,3.0,1,0
2020-04-25 06:00:00,2.0,5.0,418.0,4.1,-0.4,4,printemps,06h-09h,0,2.0,1,0
2020-04-25 09:00:00,1.0,5.0,425.0,4.3,0.8,4,printemps,09h-12h,0,2.0,0,0
2020-04-25 12:00:00,1.0,5.0,417.0,3.9,1.2,4,printemps,12h-15h,0,1.0,0,0
2020-04-25 15:00:00,1.0,5.0,410.0,3.2,1.3,4,printemps,15h-18h,0,1.0,0,0
2020-04-25 18:00:00,0.0,5.0,383.0,3.8,1.2,4,printemps,18h-21h,0,1.0,0,0
2020-04-25 21:00:00,0.0,5.0,385.0,3.3,0.9,4,printemps,21h-24h,0,0.0,0,0
2020-04-26 00:00:00,1.0,6.0,376.0,3.5,0.9,4,printemps,00h-03h,0,0.0,0,0
2020-04-26 03:00:00,2.0,6.0,383.0,5.3,-2.1,4,printemps,03h-06h,0,1.0,1,0
2020-04-26 06:00:00,1.0,6.0,381.0,4.4,0.7,4,printemps,06h-09h,0,2.0,0,0
2020-04-26 09:00:00,2.0,6.0,389.0,4.6,-3.4,4,printemps,09h-12h,0,1.0,1,0
2020-04-26 12:00:00,2.0,6.0,391.0,5.7,-1.9,4,printemps,12h-15h,0,2.0,1,0
2020-04-26 15:00:00,2.0,6.0,402.0,7.4,-2.9,4,printemps,15h-18h,0,2.0,1,0
2020-04-26 18:00:00,2.0,6.0,404.0,8.1,-3.3,4,printemps,18h-21h,0,2.0,1,0
2020-04-26 21:00:00,2.0,6.0,409.0,6.3,-2.8,4,printemps,21h-24h,0,2.0,1,0
2020-04-27 00:00:00,3.0,7.0,413.0,4.5,-0.9,4,printemps,00h-03h,0,2.0,1,0
2020-04-27 03:00:00,2.0,7.0,419.0,3.7,-1.2,4,printemps,03h-06h,0,3.0,1,0
2020-04-27 06:00:00,2.0,7.0,383.0,4.0,-1.5,4,printemps,06h-09h,0,2.0,1,0
2020-04-27 09:00:00,1.0,7.0,380.0,4.0,0.8,4,printemps,09h-12h,0,2.0,0,0
2020-04-27 12:00:00,2.0,7.0,405.0,3.6,-1.4,4,printemps,12h-15h,0,1.0,1,0
2020-04-27 15:00:00,2.0,7.0,417.0,3.8,-1.9,4,printemps,15h-18h,0,2.0,1,0
2020-04-27 18:00:00,2.0,7.0,427.0,4.0,-3.4,4,printemps,18h-21h,0,2.0,1,0
2020-04-27 21:00:00,2.0,7.0,404.0,3.0,2.9,4,printemps,21h-24h,0,2.0,0,0
2020-04-28 00:00:00,3.0,6.0,406.0,4.9,-3.8,4,printemps,00h-03h,0,2.0,1,0
2020-04-28 03:00:00,1.0,6.0,398.0,5.0,0.8,4,printemps,03h-06h,0,3.0,0,0
2020-04-28 06:00:00,1.0,6.0,384.0,4.9,1.2,4,printemps,06h-09h,0,1.0,0,0
2020-04-28 09:00:00,2.0,6.0,390.0,6.2,-0.8,4,printemps,09h-12h,0,1.0,1,0
2020-04-28 12:00:00,2.0,6.0,415.0,5.6,-1.5,4,printemps,12h-15h,0,2.0,1,0
2020-04-28 15:00:00,1.0,6.0,406.0,4.2,-1.3,4,printemps,15h-18h,0,2.0,1,0
2020-04-28 18:00:00,1.0,6.0,408.0,4.3,-0.8,4,printemps,18h-21h,0,1.0,1,0
2020-04-28 21:00:00,1.0,6.0,380.0,3.6,-0.9,4,printemps,21h-24h,0,1.0,1,0
2020-04-29 00:00:00,1.0,3.0,375.0,3.6,-0.9,4,printemps,00h-03h,0,1.0,1,0
2020-04-29 03:00:00,1.0,3.0,359.0,3.4,-1.8,4,printemps,03h-06h,0,1.0,1,0
2020-04-29 06:00:00,0.0,3.0,354.0,2.0,0.9,4,printemps,06h-09h,0,1.0,0,0
2020-04-29 09:00:00,0.0,3.0,347.0,1.9,-0.5,4,printemps,09h-12h,0,0.0,1,0
2020-04-29 12:00:00,1.0,3.0,348.0,3.2,-0.6,4,printemps,12h-15h,0,0.0,1,0
2020-04-29 15:00:00,1.0,3.0,360.0,4.5,0.0,4,printemps,15h-18h,0,1.0,0,0
2020-04-29 18:00:00,1.0,3.0,344.0,6.3,-1.4,4,printemps,18h-21h,0,1.0,1,0
2020-04-29 21:00:00,1.0,3.0,329.0,6.1,-1.3,4,printemps,21h-24h,0,1.0,1,0
2020-04-30 00:00:00,1.0,2.0,316.0,5.2,-1.7,4,printemps,00h-03h,0,1.0,1,0
2020-04-30 03:00:00,0.0,2.0,298.0,4.5,-1.5,4,printemps,03h-06h,0,1.0,1,0
2020-04-30 06:00:00,0.0,2.0,298.0,5.4,-1.3,4,printemps,06h-09h,0,0.0,1,0
2020-04-30 09:00:00,0.0,2.0,286.0,3.3,-1.3,4,printemps,09h-12h,0,0.0,1,0
2020-04-30 12:00:00,0.0,2.0,278.0,3.8,0.2,4,printemps,12h-15h,0,0.0,0,0
2020-04-30 15:00:00,0.0,2.0,290.0,5.3,1.6,4,printemps,15h-18h,0,0.0,0,0
2020-04-30 18:00:00,0.0,2.0,289.0,6.3,1.2,4,printemps,18h-21h,0,0.0,0,0
2020-04-30 21:00:00,0.0,2.0,275.0,5.3,0.9,4,printemps,21h-24h,0,0.0,0,0
2020-05-01 00:00:00,1.0,6.0,286.0,7.7,0.4,5,printemps,00h-03h,0,0.0,0,0
2020-05-01 03:00:00,1.0,6.0,294.0,8.6,2.0,5,printemps,03h-06h,0,1.0,0,0
2020-05-01 06:00:00,3.0,6.0,317.0,10.2,-4.5,5,printemps,06h-09h,0,1.0,1,0
2020-05-01 09:00:00,2.0,6.0,296.0,11.3,-1.9,5,printemps,09h-12h,0,3.0,1,0
2020-05-01 12:00:00,2.0,6.0,312.0,17.3,-3.2,5,printemps,12h-15h,0,2.0,1,0
2020-05-01 15:00:00,1.0,6.0,305.0,9.5,2.7,5,printemps,15h-18h,0,2.0,0,0
2020-05-01 18:00:00,0.0,6.0,290.0,7.5,1.9,5,printemps,18h-21h,0,1.0,0,0
2020-05-01 21:00:00,1.0,6.0,299.0,8.0,4.2,5,printemps,21h-24h,0,0.0,0,0
2020-05-02 00:00:00,1.0,5.0,314.0,9.4,4.6,5,printemps,00h-03h,0,1.0,0,0
2020-05-02 03:00:00,2.0,5.0,329.0,8.5,-2.0,5,printemps,03h-06h,0,1.0,1,0
2020-05-02 06:00:00,2.0,5.0,328.0,6.8,-2.6,5,printemps,06h-09h,0,2.0,1,0
2020-05-02 09:00:00,1.0,5.0,335.0,2.3,1.9,5,printemps,09h-12h,0,2.0,0,0
2020-05-02 12:00:00,1.0,5.0,319.0,3.5,-1.4,5,printemps,12h-15h,0,1.0,1,0
2020-05-02 15:00:00,1.0,5.0,316.0,2.8,1.9,5,printemps,15h-18h,0,1.0,0,0
2020-05-02 18:00:00,0.0,5.0,332.0,4.9,0.3,5,printemps,18h-21h,0,1.0,0,0
2020-05-02 21:00:00,1.0,5.0,325.0,5.6,-1.2,5,printemps,21h-24h,0,0.0,1,0
2020-05-03 00:00:00,1.0,5.0,332.0,8.0,-1.4,5,printemps,00h-03h,0,1.0,1,0
2020-05-03 03:00:00,2.0,5.0,328.0,7.0,-1.4,5,printemps,03h-06h,0,1.0,1,0
2020-05-03 06:00:00,1.0,5.0,323.0,9.0,1.2,5,printemps,06h-09h,0,2.0,0,0
2020-05-03 09:00:00,0.0,5.0,316.0,9.8,0.4,5,printemps,09h-12h,0,1.0,0,0
2020-05-03 12:00:00,1.0,5.0,297.0,8.6,-0.3,5,printemps,12h-15h,0,0.0,1,0
2020-05-03 15:00:00,0.0,5.0,292.0,8.7,-0.3,5,printemps,15h-18h,0,1.0,1,0
2020-05-03 18:00:00,2.0,5.0,297.0,13.0,0.6,5,printemps,18h-21h,0,0.0,0,0
2020-05-03 21:00:00,3.0,5.0,313.0,25.7,-2.4,5,printemps,21h-24h,0,2.0,1,0
2020-05-04 00:00:00,2.0,6.0,308.0,14.3,-4.0,5,printemps,00h-03h,0,3.0,1,0
2020-05-04 03:00:00,1.0,6.0,313.0,9.2,1.6,5,printemps,03h-06h,0,2.0,0,0
2020-05-04 06:00:00,1.0,6.0,322.0,10.3,1.8,5,printemps,06h-09h,0,1.0,0,0
2020-05-04 09:00:00,1.0,6.0,328.0,10.2,-1.4,5,printemps,09h-12h,0,1.0,1,0
2020-05-04 12:00:00,2.0,6.0,334.0,8.9,-2.4,5,printemps,12h-15h,0,1.0,1,0
2020-05-04 15:00:00,1.0,6.0,322.0,3.4,2.8,5,printemps,15h-18h,0,2.0,0,0
2020-05-04 18:00:00,0.0,6.0,322.0,5.5,1.2,5,printemps,18h-21h,0,1.0,0,0
2020-05-04 21:00:00,2.0,6.0,324.0,3.4,-1.5,5,printemps,21h-24h,0,0.0,1,0
2020-05-05 00:00:00,1.0,6.0,335.0,5.1,-1.7,5,printemps,00h-03h,0,2.0,1,0
2020-05-05 03:00:00,2.0,6.0,327.0,6.0,-2.4,5,printemps,03h-06h,0,1.0,1,0
2020-05-05 06:00:00,1.0,6.0,312.0,4.1,-1.1,5,printemps,06h-09h,0,2.0,1,0
2020-05-05 09:00:00,1.0,6.0,300.0,6.6,1.6,5,printemps,09h-12h,0,1.0,0,0
2020-05-05 12:00:00,1.0,6.0,303.0,7.6,1.3,5,printemps,12h-15h,0,1.0,0,0
2020-05-05 15:00:00,2.0,6.0,316.0,5.6,-4.3,5,printemps,15h-18h,0,1.0,1,0
2020-05-05 18:00:00,1.0,6.0,332.0,11.3,-4.4,5,printemps,18h-21h,0,2.0,1,0
2020-05-05 21:00:00,2.0,6.0,320.0,9.4,-2.8,5,printemps,21h-24h,0,1.0,1,0
2020-05-06 00:00:00,3.0,6.0,329.0,9.9,-4.0,5,printemps,00h-03h,0,2.0,1,0
2020-05-06 03:00:00,2.0,6.0,330.0,4.4,-5.9,5,printemps,03h-06h,0,3.0,1,0
2020-05-06 06:00:00,1.0,6.0,302.0,5.1,-1.4,5,printemps,06h-09h,0,2.0,1,0
2020-05-06 09:00:00,0.0,6.0,294.0,3.6,1.7,5,printemps,09h-12h,0,1.0,0,0
2020-05-06 12:00:00,1.0,6.0,325.0,3.2,-1.3,5,printemps,12h-15h,0,0.0,1,0
2020-05-06 15:00:00,1.0,6.0,321.0,2.4,-1.5,5,printemps,15h-18h,0,1.0,1,0
2020-05-06 18:00:00,1.0,6.0,307.0,2.3,-2.5,5,printemps,18h-21h,0,1.0,1,0
2020-05-06 21:00:00,1.0,6.0,297.0,6.4,-1.3,5,printemps,21h-24h,0,1.0,1,0
2020-05-07 00:00:00,1.0,4.0,295.0,4.9,-1.5,5,printemps,00h-03h,0,1.0,1,0
2020-05-07 03:00:00,1.0,4.0,308.0,6.5,-1.9,5,printemps,03h-06h,0,1.0,1,0
2020-05-07 06:00:00,2.0,4.0,318.0,6.3,-2.5,5,printemps,06h-09h,0,1.0,1,0
2020-05-07 09:00:00,1.0,4.0,319.0,7.1,-1.6,5,printemps,09h-12h,0,2.0,1,0
2020-05-07 12:00:00,1.0,4.0,328.0,7.5,-1.3,5,printemps,12h-15h,0,1.0,1,0
2020-05-07 15:00:00,0.0,4.0,336.0,8.2,-1.4,5,printemps,15h-18h,0,1.0,1,0
2020-05-07 18:00:00,0.0,4.0,332.0,8.3,2.5,5,printemps,18h-21h,0,0.0,0,0
2020-05-07 21:00:00,1.0,4.0,328.0,7.5,0.2,5,printemps,21h-24h,0,0.0,0,0
2020-05-08 00:00:00,1.0,4.0,324.0,7.5,-0.8,5,printemps,00h-03h,0,1.0,1,0
2020-05-08 03:00:00,1.0,4.0,331.0,8.2,1.0,5,printemps,03h-06h,0,1.0,0,0
2020-05-08 06:00:00,1.0,4.0,332.0,9.9,0.2,5,printemps,06h-09h,0,1.0,0,0
2020-05-08 09:00:00,1.0,4.0,344.0,10.1,-0.4,5,printemps,09h-12h,0,1.0,1,0
2020-05-08 12:00:00,1.0,4.0,344.0,11.3,-0.2,5,printemps,12h-15h,0,1.0,1,0
2020-05-08 15:00:00,0.0,4.0,333.0,7.2,3.0,5,printemps,15h-18h,0,1.0,0,0
2020-05-08 18:00:00,1.0,4.0,328.0,6.6,0.5,5,printemps,18h-21h,0,0.0,0,0
2020-05-08 21:00:00,1.0,4.0,333.0,5.9,-1.8,5,printemps,21h-24h,0,1.0,1,0
2020-05-09 00:00:00,1.0,3.0,329.0,4.3,-0.3,5,printemps,00h-03h,0,1.0,1,0
2020-05-09 03:00:00,0.0,3.0,325.0,5.0,0.9,5,printemps,03h-06h,0,1.0,0,0
2020-05-09 06:00:00,0.0,3.0,316.0,3.9,0.8,5,printemps,06h-09h,0,0.0,0,0
2020-05-09 09:00:00,1.0,3.0,314.0,5.1,2.4,5,printemps,09h-12h,0,0.0,0,0
2020-05-09 12:00:00,1.0,3.0,318.0,6.0,0.8,5,printemps,12h-15h,0,1.0,0,0
2020-05-09 15:00:00,1.0,3.0,312.0,6.1,1.4,5,printemps,15h-18h,0,1.0,0,0
2020-05-09 18:00:00,1.0,3.0,306.0,6.1,1.2,5,printemps,18h-21h,0,1.0,0,0
2020-05-09 21:00:00,0.0,3.0,307.0,7.0,1.8,5,printemps,21h-24h,0,1.0,0,0
2020-05-10 00:00:00,0.0,5.0,312.0,8.8,1.0,5,printemps,00h-03h,0,0.0,0,0
2020-05-10 03:00:00,0.0,5.0,306.0,5.6,2.4,5,printemps,03h-06h,0,0.0,0,0
2020-05-10 06:00:00,1.0,5.0,303.0,7.2,0.7,5,printemps,06h-09h,0,0.0,0,0
2020-05-10 09:00:00,1.0,5.0,296.0,8.0,0.4,5,printemps,09h-12h,0,1.0,0,0
2020-05-10 12:00:00,1.0,5.0,299.0,8.1,0.9,5,printemps,12h-15h,0,1.0,0,0
2020-05-10 15:00:00,1.0,5.0,314.0,12.1,-0.3,5,printemps,15h-18h,0,1.0,1,0
2020-05-10 18:00:00,2.0,5.0,323.0,19.4,2.3,5,printemps,18h-21h,0,1.0,0,0
2020-05-10 21:00:00,3.0,5.0,321.0,14.0,-4.8,5,printemps,21h-24h,0,2.0,1,0
2020-05-11 00:00:00,2.0,5.0,325.0,7.4,-4.0,5,printemps,00h-03h,0,3.0,1,0
2020-05-11 03:00:00,2.0,5.0,334.0,9.6,-4.1,5,printemps,03h-06h,0,2.0,1,0
2020-05-11 06:00:00,2.0,5.0,348.0,4.8,0.3,5,printemps,06h-09h,0,2.0,0,0
2020-05-11 09:00:00,2.0,5.0,342.0,5.6,-0.4,5,printemps,09h-12h,0,2.0,1,0
2020-05-11 12:00:00,1.0,5.0,336.0,4.9,1.1,5,printemps,12h-15h,0,2.0,0,0
2020-05-11 15:00:00,0.0,5.0,326.0,5.2,0.4,5,printemps,15h-18h,0,1.0,0,0
2020-05-11 18:00:00,0.0,5.0,327.0,5.6,-1.0,5,printemps,18h-21h,0,0.0,1,0
2020-05-11 21:00:00,1.0,5.0,320.0,5.7,-1.1,5,printemps,21h-24h,0,0.0,1,0
2020-05-12 00:00:00,1.0,4.0,322.0,7.6,-1.6,5,printemps,00h-03h,0,1.0,1,0
2020-05-12 03:00:00,1.0,4.0,319.0,13.8,-1.3,5,printemps,03h-06h,0,1.0,1,0
2020-05-12 06:00:00,1.0,4.0,311.0,14.4,0.4,5,printemps,06h-09h,0,1.0,0,0
2020-05-12 09:00:00,0.0,4.0,314.0,14.6,-1.2,5,printemps,09h-12h,0,1.0,1,0
2020-05-12 12:00:00,1.0,4.0,303.0,10.1,1.5,5,printemps,12h-15h,0,0.0,0,0
2020-05-12 15:00:00,1.0,4.0,302.0,6.9,-2.2,5,printemps,15h-18h,0,1.0,1,0
2020-05-12 18:00:00,1.0,4.0,308.0,7.7,-2.4,5,printemps,18h-21h,0,1.0,1,0
2020-05-12 21:00:00,3.0,4.0,314.0,11.3,-1.2,5,printemps,21h-24h,0,1.0,1,0
2020-05-13 00:00:00,2.0,4.0,315.0,7.7,0.9,5,printemps,00h-03h,0,3.0,0,0
2020-05-13 03:00:00,1.0,4.0,315.0,11.6,-0.8,5,printemps,03h-06h,0,2.0,1,0
2020-05-13 06:00:00,1.0,4.0,311.0,14.2,1.0,5,printemps,06h-09h,0,1.0,0,0
2020-05-13 09:00:00,1.0,4.0,315.0,11.3,-1.7,5,printemps,09h-12h,0,1.0,1,0
2020-05-13 12:00:00,1.0,4.0,310.0,12.3,0.4,5,printemps,12h-15h,0,1.0,0,0
2020-05-13 15:00:00,1.0,4.0,304.0,10.0,-2.2,5,printemps,15h-18h,0,1.0,1,0
2020-05-13 18:00:00,0.0,4.0,301.0,12.3,-0.3,5,printemps,18h-21h,0,1.0,1,0
2020-05-13 21:00:00,1.0,4.0,290.0,11.6,-1.6,5,printemps,21h-24h,0,0.0,1,0
2020-05-14 00:00:00,1.0,3.0,300.0,12.1,-1.5,5,printemps,00h-03h,0,1.0,1,0
2020-05-14 03:00:00,1.0,3.0,300.0,12.6,0.7,5,printemps,03h-06h,0,1.0,0,0
2020-05-14 06:00:00,1.0,3.0,299.0,13.6,0.8,5,printemps,06h-09h,0,1.0,0,0
2020-05-14 09:00:00,1.0,3.0,303.0,14.5,-0.5,5,printemps,09h-12h,0,1.0,1,0
2020-05-14 12:00:00,1.0,3.0,297.0,13.8,-0.3,5,printemps,12h-15h,0,1.0,1,0
2020-05-14 15:00:00,1.0,3.0,289.0,13.3,-0.4,5,printemps,15h-18h,0,1.0,1,0
2020-05-14 18:00:00,0.0,3.0,283.0,12.2,1.5,5,printemps,18h-21h,0,1.0,0,0
2020-05-14 21:00:00,1.0,3.0,294.0,11.3,-0.5,5,printemps,21h-24h,0,0.0,1,0
2020-05-15 00:00:00,1.0,4.0,299.0,6.9,1.2,5,printemps,00h-03h,0,1.0,0,0
2020-05-15 03:00:00,2.0,4.0,303.0,9.7,-2.0,5,printemps,03h-06h,0,1.0,1,0
2020-05-15 06:00:00,2.0,4.0,298.0,11.8,-0.3,5,printemps,06h-09h,0,2.0,1,0
2020-05-15 09:00:00,1.0,4.0,306.0,28.7,0.9,5,printemps,09h-12h,0,2.0,0,0
2020-05-15 12:00:00,1.0,4.0,307.0,7.8,2.6,5,printemps,12h-15h,0,1.0,0,0
2020-05-15 15:00:00,1.0,4.0,317.0,5.5,-0.1,5,printemps,15h-18h,0,1.0,1,0
2020-05-15 18:00:00,0.0,4.0,307.0,4.7,1.8,5,printemps,18h-21h,0,1.0,0,0
2020-05-15 21:00:00,1.0,4.0,316.0,4.7,-0.1,5,printemps,21h-24h,0,0.0,1,0
2020-05-16 00:00:00,1.0,4.0,317.0,4.0,0.1,5,printemps,00h-03h,0,1.0,0,0
2020-05-16 03:00:00,1.0,4.0,304.0,3.8,1.4,5,printemps,03h-06h,0,1.0,0,0
2020-05-16 06:00:00,1.0,4.0,306.0,3.6,-0.7,5,printemps,06h-09h,0,1.0,1,0
2020-05-16 09:00:00,1.0,4.0,303.0,3.3,0.2,5,printemps,09h-12h,0,1.0,0,0
2020-05-16 12:00:00,2.0,4.0,319.0,6.1,-0.6,5,printemps,12h-15h,0,1.0,1,0
2020-05-16 15:00:00,1.0,4.0,295.0,4.4,-1.5,5,printemps,15h-18h,0,2.0,1,0
2020-05-16 18:00:00,0.0,4.0,314.0,7.5,0.0,5,printemps,18h-21h,0,1.0,0,0
2020-05-16 21:00:00,1.0,4.0,305.0,6.6,0.8,5,printemps,21h-24h,0,0.0,0,0
2020-05-17 00:00:00,0.0,3.0,315.0,9.7,1.4,5,printemps,00h-03h,0,1.0,0,0
2020-05-17 03:00:00,1.0,3.0,300.0,8.5,1.2,5,printemps,03h-06h,0,0.0,0,0
2020-05-17 06:00:00,1.0,3.0,305.0,8.5,3.2,5,printemps,06h-09h,0,1.0,0,0
2020-05-17 09:00:00,1.0,3.0,303.0,9.5,-0.6,5,printemps,09h-12h,0,1.0,1,0
2020-05-17 12:00:00,1.0,3.0,299.0,8.6,0.7,5,printemps,12h-15h,0,1.0,0,0
2020-05-17 15:00:00,1.0,3.0,294.0,8.1,-0.5,5,printemps,15h-18h,0,1.0,1,0
2020-05-17 18:00:00,1.0,3.0,307.0,9.5,0.7,5,printemps,18h-21h,0,1.0,0,0
2020-05-17 21:00:00,1.0,3.0,311.0,9.5,-0.9,5,printemps,21h-24h,0,1.0,1,0
2020-05-18 00:00:00,0.0,4.0,304.0,7.0,-0.1,5,printemps,00h-03h,0,1.0,1,0
2020-05-18 03:00:00,1.0,4.0,297.0,8.6,1.5,5,printemps,03h-06h,0,0.0,0,0
2020-05-18 06:00:00,0.0,4.0,293.0,6.7,2.8,5,printemps,06h-09h,0,1.0,0,0
2020-05-18 09:00:00,1.0,4.0,300.0,7.3,0.1,5,printemps,09h-12h,0,0.0,0,0
2020-05-18 12:00:00,1.0,4.0,311.0,9.0,-0.2,5,printemps,12h-15h,0,1.0,1,0
2020-05-18 15:00:00,2.0,4.0,309.0,8.0,0.0,5,printemps,15h-18h,0,1.0,0,0
2020-05-18 18:00:00,1.0,4.0,335.0,11.0,4.3,5,printemps,18h-21h,0,2.0,0,0
2020-05-18 21:00:00,1.0,4.0,335.0,12.1,2.9,5,printemps,21h-24h,0,1.0,0,0
2020-05-19 00:00:00,1.0,5.0,349.0,11.8,3.4,5,printemps,00h-03h,0,1.0,0,0
2020-05-19 03:00:00,1.0,5.0,351.0,7.0,1.8,5,printemps,03h-06h,0,1.0,0,0
2020-05-19 06:00:00,2.0,5.0,356.0,5.8,-4.4,5,printemps,06h-09h,0,1.0,1,0
2020-05-19 09:00:00,2.0,5.0,356.0,8.3,-1.7,5,printemps,09h-12h,0,2.0,1,0
2020-05-19 12:00:00,2.0,5.0,373.0,10.5,-2.2,5,printemps,12h-15h,0,2.0,1,0
2020-05-19 15:00:00,1.0,5.0,384.0,7.8,1.0,5,printemps,15h-18h,0,2.0,0,0
2020-05-19 18:00:00,1.0,5.0,379.0,6.3,0.8,5,printemps,18h-21h,0,1.0,0,0
2020-05-19 21:00:00,2.0,5.0,383.0,5.5,-1.6,5,printemps,21h-24h,0,1.0,1,0
2020-05-20 00:00:00,2.0,3.0,377.0,4.7,-0.3,5,printemps,00h-03h,0,2.0,1,0
2020-05-20 03:00:00,0.0,3.0,368.0,4.5,-0.0,5,printemps,03h-06h,0,2.0,0,0
2020-05-20 06:00:00,0.0,3.0,389.0,2.7,1.2,5,printemps,06h-09h,0,0.0,0,0
2020-05-20 09:00:00,1.0,3.0,384.0,2.3,0.6,5,printemps,09h-12h,0,0.0,0,0
2020-05-20 12:00:00,1.0,3.0,377.0,2.0,-0.1,5,printemps,12h-15h,0,1.0,1,0
2020-05-20 15:00:00,1.0,3.0,370.0,2.7,-0.7,5,printemps,15h-18h,0,1.0,1,0
2020-05-20 18:00:00,1.0,3.0,361.0,2.7,0.4,5,printemps,18h-21h,0,1.0,0,0
2020-05-20 21:00:00,1.0,3.0,351.0,4.0,-0.5,5,printemps,21h-24h,0,1.0,1,0
2020-05-21 00:00:00,1.0,5.0,346.0,4.9,-0.9,5,printemps,00h-03h,0,1.0,1,0
2020-05-21 03:00:00,2.0,5.0,353.0,5.5,-2.4,5,printemps,03h-06h,0,1.0,1,0
2020-05-21 06:00:00,1.0,5.0,355.0,7.1,-2.7,5,printemps,06h-09h,0,2.0,1,0
2020-05-21 09:00:00,1.0,5.0,345.0,7.4,-2.2,5,printemps,09h-12h,0,1.0,1,0
2020-05-21 12:00:00,1.0,5.0,347.0,9.7,-1.9,5,printemps,12h-15h,0,1.0,1,0
2020-05-21 15:00:00,1.0,5.0,339.0,11.9,-1.2,5,printemps,15h-18h,0,1.0,1,0
2020-05-21 18:00:00,1.0,5.0,321.0,6.7,0.2,5,printemps,18h-21h,0,1.0,0,0
2020-05-21 21:00:00,2.0,5.0,323.0,8.1,0.1,5,printemps,21h-24h,0,1.0,0,0
2020-05-22 00:00:00,2.0,6.0,329.0,6.8,0.6,5,printemps,00h-03h,0,2.0,0,0
2020-05-22 03:00:00,1.0,6.0,336.0,7.5,-2.1,5,printemps,03h-06h,0,2.0,1,0
2020-05-22 06:00:00,2.0,6.0,328.0,8.8,0.1,5,printemps,06h-09h,0,1.0,0,0
2020-05-22 09:00:00,1.0,6.0,338.0,7.7,0.1,5,printemps,09h-12h,0,2.0,0,0
2020-05-22 12:00:00,2.0,6.0,320.0,13.4,-1.2,5,printemps,12h-15h,0,1.0,1,0
2020-05-22 15:00:00,2.0,6.0,330.0,9.9,-4.8,5,printemps,15h-18h,0,2.0,1,0
2020-05-22 18:00:00,2.0,6.0,331.0,11.1,-1.6,5,printemps,18h-21h,0,2.0,1,0
2020-05-22 21:00:00,1.0,6.0,356.0,9.0,0.1,5,printemps,21h-24h,0,2.0,0,0
2020-05-23 00:00:00,2.0,4.0,349.0,5.9,-0.5,5,printemps,00h-03h,0,1.0,1,0
2020-05-23 03:00:00,2.0,4.0,358.0,5.5,-1.8,5,printemps,03h-06h,0,2.0,1,0
2020-05-23 06:00:00,1.0,4.0,354.0,6.9,-0.2,5,printemps,06h-09h,0,2.0,1,0
2020-05-23 09:00:00,1.0,4.0,350.0,6.3,-0.6,5,printemps,09h-12h,0,1.0,1,0
2020-05-23 12:00:00,1.0,4.0,353.0,4.9,0.4,5,printemps,12h-15h,0,1.0,0,0
2020-05-23 15:00:00,1.0,4.0,352.0,4.0,-1.0,5,printemps,15h-18h,0,1.0,1,0
2020-05-23 18:00:00,1.0,4.0,342.0,3.6,-1.2,5,printemps,18h-21h,0,1.0,1,0
2020-05-23 21:00:00,0.0,4.0,335.0,3.8,-1.2,5,printemps,21h-24h,0,1.0,1,0
2020-05-24 00:00:00,1.0,5.0,333.0,3.6,-1.5,5,printemps,00h-03h,0,0.0,1,0
2020-05-24 03:00:00,1.0,5.0,328.0,4.5,-0.9,5,printemps,03h-06h,0,1.0,1,0
2020-05-24 06:00:00,1.0,5.0,325.0,8.8,-0.1,5,printemps,06h-09h,0,1.0,1,0
2020-05-24 09:00:00,1.0,5.0,332.0,11.1,1.0,5,printemps,09h-12h,0,1.0,0,0
2020-05-24 12:00:00,2.0,5.0,337.0,15.3,1.1,5,printemps,12h-15h,0,1.0,0,0
2020-05-24 15:00:00,3.0,5.0,341.0,8.0,-5.0,5,printemps,15h-18h,0,2.0,1,0
2020-05-24 18:00:00,2.0,5.0,340.0,7.1,-4.7,5,printemps,18h-21h,0,3.0,1,0
2020-05-24 21:00:00,1.0,5.0,330.0,8.5,-0.7,5,printemps,21h-24h,0,2.0,1,0
2020-05-25 00:00:00,2.0,5.0,340.0,9.6,-4.7,5,printemps,00h-03h,0,1.0,1,0
2020-05-25 03:00:00,1.0,5.0,329.0,10.9,-1.3,5,printemps,03h-06h,0,2.0,1,0
2020-05-25 06:00:00,2.0,5.0,337.0,8.8,-0.3,5,printemps,06h-09h,0,1.0,1,0
2020-05-25 09:00:00,1.0,5.0,319.0,10.2,-0.3,5,printemps,09h-12h,0,2.0,1,0
2020-05-25 12:00:00,2.0,5.0,319.0,9.2,2.8,5,printemps,12h-15h,0,1.0,0,0
2020-05-25 15:00:00,1.0,5.0,313.0,11.0,4.2,5,printemps,15h-18h,0,2.0,0,0
2020-05-25 18:00:00,1.0,5.0,314.0,14.2,-0.4,5,printemps,18h-21h,0,1.0,1,0
2020-05-25 21:00:00,2.0,5.0,309.0,4.3,-0.9,5,printemps,21h-24h,0,1.0,1,0
2020-05-26 00:00:00,2.0,4.0,321.0,9.9,1.2,5,printemps,00h-03h,0,2.0,0,0
2020-05-26 03:00:00,1.0,4.0,319.0,9.4,-2.4,5,printemps,03h-06h,0,2.0,1,0
2020-05-26 06:00:00,1.0,4.0,318.0,9.4,-0.7,5,printemps,06h-09h,0,1.0,1,0
2020-05-26 09:00:00,1.0,4.0,316.0,6.7,-0.2,5,printemps,09h-12h,0,1.0,1,0
2020-05-26 12:00:00,1.0,4.0,311.0,7.4,-0.2,5,printemps,12h-15h,0,1.0,1,0
2020-05-26 15:00:00,0.0,4.0,310.0,7.3,0.6,5,printemps,15h-18h,0,1.0,0,0
2020-05-26 18:00:00,0.0,4.0,308.0,5.5,-2.3,5,printemps,18h-21h,0,0.0,1,0
2020-05-26 21:00:00,2.0,4.0,307.0,7.2,-2.4,5,printemps,21h-24h,0,0.0,1,0
2020-05-27 00:00:00,1.0,3.0,306.0,7.5,-1.8,5,printemps,00h-03h,0,2.0,1,0
2020-05-27 03:00:00,0.0,3.0,309.0,8.4,0.9,5,printemps,03h-06h,0,1.0,0,0
2020-05-27 06:00:00,0.0,3.0,318.0,5.4,-0.0,5,printemps,06h-09h,0,0.0,0,0
2020-05-27 09:00:00,1.0,3.0,331.0,8.3,-0.4,5,printemps,09h-12h,0,0.0,1,0
2020-05-27 12:00:00,1.0,3.0,319.0,12.1,-0.4,5,printemps,12h-15h,0,1.0,1,0
2020-05-27 15:00:00,1.0,3.0,306.0,12.1,-0.6,5,printemps,15h-18h,0,1.0,1,0
2020-05-27 18:00:00,1.0,3.0,313.0,11.8,2.0,5,printemps,18h-21h,0,1.0,0,0
2020-05-27 21:00:00,0.0,3.0,305.0,6.5,3.3,5,printemps,21h-24h,0,1.0,0,0
2020-05-28 00:00:00,1.0,4.0,295.0,7.3,2.7,5,printemps,00h-03h,0,0.0,0,0
2020-05-28 03:00:00,1.0,4.0,290.0,4.2,0.3,5,printemps,03h-06h,0,1.0,0,0
2020-05-28 06:00:00,1.0,4.0,290.0,5.0,-1.0,5,printemps,06h-09h,0,1.0,1,0
2020-05-28 09:00:00,1.0,4.0,301.0,5.8,0.7,5,printemps,09h-12h,0,1.0,0,0
2020-05-28 12:00:00,1.0,4.0,306.0,6.1,-2.5,5,printemps,12h-15h,0,1.0,1,0
2020-05-28 15:00:00,1.0,4.0,299.0,7.3,-1.0,5,printemps,15h-18h,0,1.0,1,0
2020-05-28 18:00:00,1.0,4.0,297.0,7.4,1.9,5,printemps,18h-21h,0,1.0,0,0
2020-05-28 21:00:00,1.0,4.0,292.0,11.0,3.3,5,printemps,21h-24h,0,1.0,0,0
2020-05-29 00:00:00,1.0,3.0,294.0,9.4,2.2,5,printemps,00h-03h,0,1.0,0,0
2020-05-29 03:00:00,0.0,3.0,300.0,10.3,1.5,5,printemps,03h-06h,0,1.0,0,0
2020-05-29 06:00:00,1.0,3.0,290.0,7.7,1.4,5,printemps,06h-09h,0,0.0,0,0
2020-05-29 09:00:00,0.0,3.0,287.0,6.8,0.8,5,printemps,09h-12h,0,1.0,0,0
2020-05-29 12:00:00,1.0,3.0,288.0,8.7,-1.5,5,printemps,12h-15h,0,0.0,1,0
2020-05-29 15:00:00,0.0,3.0,293.0,8.1,-0.1,5,printemps,15h-18h,0,1.0,1,0
2020-05-29 18:00:00,0.0,3.0,293.0,8.4,-0.1,5,printemps,18h-21h,0,0.0,1,0
2020-05-29 21:00:00,2.0,3.0,308.0,14.0,1.2,5,printemps,21h-24h,0,0.0,0,0
2020-05-30 00:00:00,2.0,14.0,311.0,16.5,-3.0,5,printemps,00h-03h,0,2.0,1,0
2020-05-30 03:00:00,3.0,14.0,332.0,24.2,-0.4,5,printemps,03h-06h,0,2.0,1,0
2020-05-30 06:00:00,3.0,14.0,365.0,15.5,-11.3,5,printemps,06h-09h,0,3.0,1,0
2020-05-30 09:00:00,3.0,14.0,348.0,11.0,-6.9,5,printemps,09h-12h,0,3.0,1,0
2020-05-30 12:00:00,3.0,14.0,367.0,21.1,0.5,5,printemps,12h-15h,0,3.0,0,0
2020-05-30 15:00:00,2.0,14.0,366.0,3.8,9.5,5,printemps,15h-18h,0,3.0,0,0
2020-05-30 18:00:00,3.0,14.0,402.0,6.4,0.5,5,printemps,18h-21h,0,2.0,0,0
2020-05-30 21:00:00,3.0,14.0,397.0,5.4,-5.1,5,printemps,21h-24h,0,3.0,1,0
2020-05-31 00:00:00,2.0,4.0,378.0,3.7,-0.1,5,printemps,00h-03h,0,3.0,1,0
2020-05-31 03:00:00,1.0,4.0,387.0,4.3,-0.6,5,printemps,03h-06h,0,2.0,1,0
2020-05-31 06:00:00,1.0,4.0,377.0,4.1,1.0,5,printemps,06h-09h,0,1.0,0,0
2020-05-31 09:00:00,1.0,4.0,384.0,4.9,2.0,5,printemps,09h-12h,0,1.0,0,0
2020-05-31 12:00:00,1.0,4.0,392.0,3.9,-1.6,5,printemps,12h-15h,0,1.0,1,0
2020-05-31 15:00:00,1.0,4.0,378.0,4.6,1.8,5,printemps,15h-18h,0,1.0,0,0
2020-05-31 18:00:00,1.0,4.0,372.0,3.7,0.8,5,printemps,18h-21h,0,1.0,0,0
2020-05-31 21:00:00,1.0,4.0,396.0,2.7,-1.5,5,printemps,21h-24h,0,1.0,1,0
2020-06-01 00:00:00,1.0,6.0,395.0,2.2,-2.1,6,ete,00h-03h,0,1.0,1,0
2020-06-01 03:00:00,2.0,6.0,386.0,2.5,-0.9,6,ete,03h-06h,0,1.0,1,0
2020-06-01 06:00:00,0.0,6.0,384.0,3.0,0.8,6,ete,06h-09h,0,2.0,0,0
2020-06-01 09:00:00,1.0,6.0,374.0,2.7,-0.3,6,ete,09h-12h,0,0.0,1,0
2020-06-01 12:00:00,1.0,6.0,380.0,5.2,-0.1,6,ete,12h-15h,0,1.0,1,0
2020-06-01 15:00:00,1.0,6.0,369.0,6.2,-0.7,6,ete,15h-18h,0,1.0,1,0
2020-06-01 18:00:00,3.0,6.0,366.0,13.0,-2.2,6,ete,18h-21h,0,1.0,1,0
2020-06-01 21:00:00,3.0,6.0,372.0,7.9,-4.7,6,ete,21h-24h,0,3.0,1,0
2020-06-02 00:00:00,2.0,7.0,362.0,8.0,-6.5,6,ete,00h-03h,0,3.0,1,0
2020-06-02 03:00:00,3.0,7.0,323.0,7.7,-4.3,6,ete,03h-06h,0,2.0,1,0
2020-06-02 06:00:00,2.0,7.0,333.0,9.7,-2.3,6,ete,06h-09h,0,3.0,1,0
2020-06-02 09:00:00,1.0,7.0,334.0,11.1,-4.4,6,ete,09h-12h,0,2.0,1,0
2020-06-02 12:00:00,2.0,7.0,339.0,10.8,0.9,6,ete,12h-15h,0,1.0,0,0
2020-06-02 15:00:00,1.0,7.0,346.0,10.3,1.7,6,ete,15h-18h,0,2.0,0,0
2020-06-02 18:00:00,2.0,7.0,351.0,9.3,-0.3,6,ete,18h-21h,0,1.0,1,0
2020-06-02 21:00:00,1.0,7.0,347.0,8.6,2.5,6,ete,21h-24h,0,2.0,0,0
2020-06-03 00:00:00,1.0,4.0,345.0,7.3,1.2,6,ete,00h-03h,0,1.0,0,0
2020-06-03 03:00:00,1.0,4.0,338.0,5.6,-2.2,6,ete,03h-06h,0,1.0,1,0
2020-06-03 06:00:00,1.0,4.0,332.0,4.9,-1.1,6,ete,06h-09h,0,1.0,1,0
2020-06-03 09:00:00,1.0,4.0,330.0,4.8,-1.4,6,ete,09h-12h,0,1.0,1,0
2020-06-03 12:00:00,1.0,4.0,330.0,3.9,-1.7,6,ete,12h-15h,0,1.0,1,0
2020-06-03 15:00:00,1.0,4.0,331.0,6.5,-1.6,6,ete,15h-18h,0,1.0,1,0
2020-06-03 18:00:00,1.0,4.0,317.0,3.9,-1.1,6,ete,18h-21h,0,1.0,1,0
2020-06-03 21:00:00,1.0,4.0,299.0,3.5,-1.0,6,ete,21h-24h,0,1.0,1,0
2020-06-04 00:00:00,1.0,4.0,302.0,3.5,0.2,6,ete,00h-03h,0,1.0,0,0
2020-06-04 03:00:00,1.0,4.0,305.0,3.1,-1.1,6,ete,03h-06h,0,1.0,1,0
2020-06-04 06:00:00,2.0,4.0,307.0,4.7,-1.6,6,ete,06h-09h,0,1.0,1,0
2020-06-04 09:00:00,0.0,4.0,311.0,11.7,0.6,6,ete,09h-12h,0,2.0,0,0
2020-06-04 12:00:00,1.0,4.0,314.0,8.2,0.1,6,ete,12h-15h,0,0.0,0,0
2020-06-04 15:00:00,1.0,4.0,315.0,10.9,-0.7,6,ete,15h-18h,0,1.0,1,0
2020-06-04 18:00:00,2.0,4.0,331.0,6.9,0.3,6,ete,18h-21h,0,1.0,0,0
2020-06-04 21:00:00,2.0,4.0,347.0,7.7,-2.2,6,ete,21h-24h,0,2.0,1,0
2020-06-05 00:00:00,1.0,4.0,337.0,7.9,0.4,6,ete,00h-03h,0,2.0,0,0
2020-06-05 03:00:00,1.0,4.0,322.0,5.0,0.6,6,ete,03h-06h,0,1.0,0,0
2020-06-05 06:00:00,1.0,4.0,329.0,4.9,0.6,6,ete,06h-09h,0,1.0,0,0
2020-06-05 09:00:00,1.0,4.0,334.0,6.9,-0.6,6,ete,09h-12h,0,1.0,1,0
2020-06-05 12:00:00,1.0,4.0,324.0,7.3,0.8,6,ete,12h-15h,0,1.0,0,0
2020-06-05 15:00:00,1.0,4.0,321.0,7.0,-1.5,6,ete,15h-18h,0,1.0,1,0
2020-06-05 18:00:00,0.0,4.0,322.0,6.4,0.6,6,ete,18h-21h,0,1.0,0,0
2020-06-05 21:00:00,1.0,4.0,321.0,8.0,-0.9,6,ete,21h-24h,0,0.0,1,0
2020-06-06 00:00:00,1.0,3.0,317.0,7.1,-1.6,6,ete,00h-03h,0,1.0,1,0
2020-06-06 03:00:00,1.0,3.0,315.0,6.5,-0.6,6,ete,03h-06h,0,1.0,1,0
2020-06-06 06:00:00,1.0,3.0,318.0,7.2,-0.8,6,ete,06h-09h,0,1.0,1,0
2020-06-06 09:00:00,1.0,3.0,321.0,9.8,0.8,6,ete,09h-12h,0,1.0,0,0
2020-06-06 12:00:00,1.0,3.0,320.0,11.2,-0.1,6,ete,12h-15h,0,1.0,1,0
2020-06-06 15:00:00,0.0,3.0,315.0,11.0,-1.7,6,ete,15h-18h,0,1.0,1,0
2020-06-06 18:00:00,0.0,3.0,312.0,10.8,-0.9,6,ete,18h-21h,0,0.0,1,0
2020-06-06 21:00:00,0.0,3.0,307.0,11.1,-1.0,6,ete,21h-24h,0,0.0,1,0
2020-06-07 00:00:00,1.0,9.0,307.0,12.3,-0.0,6,ete,00h-03h,0,0.0,0,0
2020-06-07 03:00:00,2.0,9.0,310.0,12.3,-2.6,6,ete,03h-06h,0,1.0,1,0
2020-06-07 06:00:00,1.0,9.0,302.0,10.9,-0.1,6,ete,06h-09h,0,2.0,1,0
2020-06-07 09:00:00,1.0,9.0,317.0,15.6,1.1,6,ete,09h-12h,0,1.0,0,0
2020-06-07 12:00:00,1.0,9.0,337.0,17.3,0.4,6,ete,12h-15h,0,1.0,0,0
2020-06-07 15:00:00,2.0,9.0,348.0,24.2,-0.3,6,ete,15h-18h,0,1.0,1,0
2020-06-07 18:00:00,4.0,9.0,372.0,18.6,4.2,6,ete,18h-21h,0,2.0,0,0
2020-06-07 21:00:00,3.0,9.0,403.0,9.4,5.0,6,ete,21h-24h,0,4.0,0,0
2020-06-08 00:00:00,2.0,4.0,461.0,6.6,0.8,6,ete,00h-03h,0,3.0,0,0
2020-06-08 03:00:00,2.0,4.0,462.0,4.6,1.6,6,ete,03h-06h,0,2.0,0,0
2020-06-08 06:00:00,1.0,4.0,468.0,2.7,0.2,6,ete,06h-09h,0,2.0,0,0
2020-06-08 09:00:00,1.0,4.0,477.0,2.0,-1.7,6,ete,09h-12h,0,1.0,1,0
2020-06-08 12:00:00,1.0,4.0,463.0,2.1,-0.4,6,ete,12h-15h,0,1.0,1,0
2020-06-08 15:00:00,1.0,4.0,445.0,2.1,-1.7,6,ete,15h-18h,0,1.0,1,0
2020-06-08 18:00:00,1.0,4.0,440.0,2.8,0.3,6,ete,18h-21h,0,1.0,0,0
2020-06-08 21:00:00,0.0,4.0,423.0,1.8,0.4,6,ete,21h-24h,0,1.0,0,0
2020-06-09 00:00:00,1.0,5.0,405.0,1.7,0.7,6,ete,00h-03h,0,0.0,0,0
2020-06-09 03:00:00,1.0,5.0,435.0,2.9,1.3,6,ete,03h-06h,0,1.0,0,0
2020-06-09 06:00:00,0.0,5.0,402.0,3.2,1.6,6,ete,06h-09h,0,1.0,0,0
2020-06-09 09:00:00,1.0,5.0,388.0,3.1,1.1,6,ete,09h-12h,0,0.0,0,0
2020-06-09 12:00:00,1.0,5.0,391.0,2.6,-0.1,6,ete,12h-15h,0,1.0,1,0
2020-06-09 15:00:00,1.0,5.0,366.0,4.8,1.0,6,ete,15h-18h,0,1.0,0,0
2020-06-09 18:00:00,2.0,5.0,387.0,7.3,-1.2,6,ete,18h-21h,0,1.0,1,0
2020-06-09 21:00:00,3.0,5.0,464.0,4.1,-3.0,6,ete,21h-24h,0,2.0,1,0
2020-06-10 00:00:00,2.0,7.0,433.0,2.3,0.7,6,ete,00h-03h,0,3.0,0,0
2020-06-10 03:00:00,2.0,7.0,450.0,4.2,-0.7,6,ete,03h-06h,0,2.0,1,0
2020-06-10 06:00:00,2.0,7.0,443.0,4.0,-0.9,6,ete,06h-09h,0,2.0,1,0
2020-06-10 09:00:00,3.0,7.0,458.0,3.2,0.1,6,ete,09h-12h,0,2.0,0,0
2020-06-10 12:00:00,1.0,7.0,470.0,2.5,1.3,6,ete,12h-15h,0,3.0,0,0
2020-06-10 15:00:00,1.0,7.0,468.0,2.6,0.2,6,ete,15h-18h,0,1.0,0,0
2020-06-10 18:00:00,1.0,7.0,447.0,2.1,1.3,6,ete,18h-21h,0,1.0,0,0
2020-06-10 21:00:00,1.0,7.0,437.0,2.0,1.2,6,ete,21h-24h,0,1.0,0,0
2020-06-11 00:00:00,1.0,4.0,457.0,1.9,1.3,6,ete,00h-03h,0,1.0,0,0
2020-06-11 03:00:00,2.0,4.0,421.0,1.5,-1.7,6,ete,03h-06h,0,1.0,1,0
2020-06-11 06:00:00,1.0,4.0,426.0,1.5,-0.3,6,ete,06h-09h,0,2.0,1,0
2020-06-11 09:00:00,1.0,4.0,410.0,0.8,0.3,6,ete,09h-12h,0,1.0,0,0
2020-06-11 12:00:00,1.0,4.0,429.0,1.9,-1.2,6,ete,12h-15h,0,1.0,1,0
2020-06-11 15:00:00,1.0,4.0,401.0,1.6,-0.5,6,ete,15h-18h,0,1.0,1,0
2020-06-11 18:00:00,0.0,4.0,399.0,2.0,0.7,6,ete,18h-21h,0,1.0,0,0
2020-06-11 21:00:00,0.0,4.0,392.0,1.5,1.7,6,ete,21h-24h,0,0.0,0,0
2020-06-12 00:00:00,1.0,4.0,378.0,1.1,2.4,6,ete,00h-03h,0,0.0,0,0
2020-06-12 03:00:00,1.0,4.0,382.0,3.2,-0.7,6,ete,03h-06h,0,1.0,1,0
2020-06-12 06:00:00,1.0,4.0,366.0,3.6,-0.6,6,ete,06h-09h,0,1.0,1,0
2020-06-12 09:00:00,1.0,4.0,342.0,4.1,1.0,6,ete,09h-12h,0,1.0,0,0
2020-06-12 12:00:00,1.0,4.0,333.0,3.5,-0.3,6,ete,12h-15h,0,1.0,1,0
2020-06-12 15:00:00,1.0,4.0,336.0,4.4,0.4,6,ete,15h-18h,0,1.0,0,0
2020-06-12 18:00:00,1.0,4.0,339.0,3.9,0.6,6,ete,18h-21h,0,1.0,0,0
2020-06-12 21:00:00,1.0,4.0,335.0,4.1,-1.3,6,ete,21h-24h,0,1.0,1,0
2020-06-13 00:00:00,0.0,3.0,329.0,2.7,1.2,6,ete,00h-03h,0,1.0,0,0
2020-06-13 03:00:00,1.0,3.0,329.0,2.6,0.8,6,ete,03h-06h,0,0.0,0,0
2020-06-13 06:00:00,1.0,3.0,329.0,3.1,0.4,6,ete,06h-09h,0,1.0,0,0
2020-06-13 09:00:00,0.0,3.0,333.0,3.5,0.3,6,ete,09h-12h,0,1.0,0,0
2020-06-13 12:00:00,1.0,3.0,331.0,4.2,-2.0,6,ete,12h-15h,0,0.0,1,0
2020-06-13 15:00:00,1.0,3.0,338.0,5.1,-0.4,6,ete,15h-18h,0,1.0,1,0
2020-06-13 18:00:00,0.0,3.0,316.0,5.8,0.0,6,ete,18h-21h,0,1.0,0,0
2020-06-13 21:00:00,0.0,3.0,317.0,6.9,2.0,6,ete,21h-24h,0,0.0,0,0
2020-06-14 00:00:00,0.0,2.0,315.0,6.1,1.3,6,ete,00h-03h,0,0.0,0,0
2020-06-14 03:00:00,0.0,2.0,310.0,5.9,1.2,6,ete,03h-06h,0,0.0,0,0
2020-06-14 06:00:00,0.0,2.0,306.0,5.4,-0.1,6,ete,06h-09h,0,0.0,1,0
2020-06-14 09:00:00,0.0,2.0,296.0,4.5,0.5,6,ete,09h-12h,0,0.0,0,0
2020-06-14 12:00:00,0.0,2.0,295.0,4.6,-0.5,6,ete,12h-15h,0,0.0,1,0
2020-06-14 15:00:00,0.0,2.0,297.0,5.5,-0.6,6,ete,15h-18h,0,0.0,1,0
2020-06-14 18:00:00,1.0,2.0,306.0,15.4,-0.1,6,ete,18h-21h,0,0.0,1,0
2020-06-14 21:00:00,1.0,2.0,310.0,16.0,1.0,6,ete,21h-24h,0,1.0,0,0
2020-06-15 00:00:00,1.0,4.0,306.0,9.9,3.5,6,ete,00h-03h,0,1.0,0,0
2020-06-15 03:00:00,1.0,4.0,300.0,7.8,0.1,6,ete,03h-06h,0,1.0,0,0
2020-06-15 06:00:00,1.0,4.0,309.0,6.5,-2.4,6,ete,06h-09h,0,1.0,1,0
2020-06-15 09:00:00,2.0,4.0,318.0,7.2,-3.1,6,ete,09h-12h,0,1.0,1,0
2020-06-15 12:00:00,1.0,4.0,317.0,5.3,-1.9,6,ete,12h-15h,0,2.0,1,0
2020-06-15 15:00:00,1.0,4.0,329.0,5.7,-1.3,6,ete,15h-18h,0,1.0,1,0
2020-06-15 18:00:00,1.0,4.0,328.0,6.7,1.3,6,ete,18h-21h,0,1.0,0,0
2020-06-15 21:00:00,0.0,4.0,326.0,6.5,-1.1,6,ete,21h-24h,0,1.0,1,0
2020-06-16 00:00:00,1.0,5.0,323.0,6.4,1.0,6,ete,00h-03h,0,0.0,0,0
2020-06-16 03:00:00,1.0,5.0,325.0,7.2,2.8,6,ete,03h-06h,0,1.0,0,0
2020-06-16 06:00:00,2.0,5.0,326.0,9.9,-2.5,6,ete,06h-09h,0,1.0,1,0
2020-06-16 09:00:00,1.0,5.0,308.0,3.3,-1.6,6,ete,09h-12h,0,2.0,1,0
2020-06-16 12:00:00,1.0,5.0,277.0,2.6,-0.8,6,ete,12h-15h,0,1.0,1,0
2020-06-16 15:00:00,1.0,5.0,302.0,2.0,0.7,6,ete,15h-18h,0,1.0,0,0
2020-06-16 18:00:00,2.0,5.0,300.0,1.7,-1.8,6,ete,18h-21h,0,1.0,1,0
2020-06-16 21:00:00,2.0,5.0,324.0,7.5,2.0,6,ete,21h-24h,0,2.0,0,0
2020-06-17 00:00:00,2.0,5.0,293.0,2.4,-0.4,6,ete,00h-03h,0,2.0,1,0
2020-06-17 03:00:00,1.0,5.0,326.0,10.5,-0.4,6,ete,03h-06h,0,2.0,1,0
2020-06-17 06:00:00,1.0,5.0,322.0,12.4,-2.1,6,ete,06h-09h,0,1.0,1,0
2020-06-17 09:00:00,2.0,5.0,324.0,8.5,1.2,6,ete,09h-12h,0,1.0,0,0
2020-06-17 12:00:00,2.0,5.0,299.0,9.6,-3.7,6,ete,12h-15h,0,2.0,1,0
2020-06-17 15:00:00,1.0,5.0,295.0,13.6,-0.4,6,ete,15h-18h,0,2.0,1,0
2020-06-17 18:00:00,0.0,5.0,282.0,11.1,0.8,6,ete,18h-21h,0,1.0,0,0
2020-06-17 21:00:00,0.0,5.0,284.0,10.0,2.5,6,ete,21h-24h,0,0.0,0,0
2020-06-18 00:00:00,1.0,4.0,282.0,8.5,-0.5,6,ete,00h-03h,0,0.0,1,0
2020-06-18 03:00:00,2.0,4.0,290.0,10.3,-0.7,6,ete,03h-06h,0,1.0,1,0
2020-06-18 06:00:00,1.0,4.0,300.0,12.9,-1.9,6,ete,06h-09h,0,2.0,1,0
2020-06-18 09:00:00,1.0,4.0,298.0,16.7,-0.7,6,ete,09h-12h,0,1.0,1,0
2020-06-18 12:00:00,1.0,4.0,302.0,9.6,-3.0,6,ete,12h-15h,0,1.0,1,0
2020-06-18 15:00:00,1.0,4.0,294.0,7.7,-0.9,6,ete,15h-18h,0,1.0,1,0
2020-06-18 18:00:00,1.0,4.0,295.0,8.8,2.0,6,ete,18h-21h,0,1.0,0,0
2020-06-18 21:00:00,1.0,4.0,299.0,11.1,0.4,6,ete,21h-24h,0,1.0,0,0
2020-06-19 00:00:00,1.0,5.0,305.0,11.7,3.3,6,ete,00h-03h,0,1.0,0,0
2020-06-19 03:00:00,2.0,5.0,320.0,12.9,0.1,6,ete,03h-06h,0,1.0,0,0
2020-06-19 06:00:00,0.0,5.0,307.0,6.4,3.3,6,ete,06h-09h,0,2.0,0,0
2020-06-19 09:00:00,1.0,5.0,317.0,11.5,0.0,6,ete,09h-12h,0,0.0,0,0
2020-06-19 12:00:00,1.0,5.0,317.0,12.3,2.3,6,ete,12h-15h,0,1.0,0,0
2020-06-19 15:00:00,1.0,5.0,306.0,7.3,-0.6,6,ete,15h-18h,0,1.0,1,0
2020-06-19 18:00:00,2.0,5.0,326.0,7.1,1.1,6,ete,18h-21h,0,1.0,0,0
2020-06-19 21:00:00,2.0,5.0,320.0,6.5,-2.9,6,ete,21h-24h,0,2.0,1,0
2020-06-20 00:00:00,2.0,6.0,319.0,5.5,1.4,6,ete,00h-03h,0,2.0,0,0
2020-06-20 03:00:00,2.0,6.0,348.0,14.6,-1.5,6,ete,03h-06h,0,2.0,1,0
2020-06-20 06:00:00,2.0,6.0,342.0,13.1,-4.7,6,ete,06h-09h,0,2.0,1,0
2020-06-20 09:00:00,1.0,6.0,333.0,12.3,0.0,6,ete,09h-12h,0,2.0,0,0
2020-06-20 12:00:00,1.0,6.0,330.0,17.6,1.4,6,ete,12h-15h,0,1.0,0,0
2020-06-20 15:00:00,1.0,6.0,323.0,16.1,2.7,6,ete,15h-18h,0,1.0,0,0
2020-06-20 18:00:00,1.0,6.0,312.0,15.9,-0.4,6,ete,18h-21h,0,1.0,1,0
2020-06-20 21:00:00,1.0,6.0,310.0,13.2,1.2,6,ete,21h-24h,0,1.0,0,0
2020-06-21 00:00:00,1.0,4.0,313.0,6.8,1.8,6,ete,00h-03h,0,1.0,0,0
2020-06-21 03:00:00,1.0,4.0,325.0,4.3,1.5,6,ete,03h-06h,0,1.0,0,0
2020-06-21 06:00:00,1.0,4.0,313.0,6.8,1.5,6,ete,06h-09h,0,1.0,0,0
2020-06-21 09:00:00,1.0,4.0,312.0,6.7,-0.2,6,ete,09h-12h,0,1.0,1,0
2020-06-21 12:00:00,1.0,4.0,313.0,7.0,0.3,6,ete,12h-15h,0,1.0,0,0
2020-06-21 15:00:00,1.0,4.0,317.0,5.2,1.1,6,ete,15h-18h,0,1.0,0,0
2020-06-21 18:00:00,1.0,4.0,316.0,6.5,-1.6,6,ete,18h-21h,0,1.0,1,0
2020-06-21 21:00:00,1.0,4.0,304.0,5.0,1.3,6,ete,21h-24h,0,1.0,0,0
2020-06-22 00:00:00,1.0,4.0,311.0,5.5,1.2,6,ete,00h-03h,0,1.0,0,0
2020-06-22 03:00:00,1.0,4.0,301.0,5.1,1.4,6,ete,03h-06h,0,1.0,0,0
2020-06-22 06:00:00,1.0,4.0,302.0,4.5,-1.5,6,ete,06h-09h,0,1.0,1,0
2020-06-22 09:00:00,1.0,4.0,300.0,4.5,-2.1,6,ete,09h-12h,0,1.0,1,0
2020-06-22 12:00:00,1.0,4.0,295.0,5.2,-0.5,6,ete,12h-15h,0,1.0,1,0
2020-06-22 15:00:00,1.0,4.0,294.0,5.7,-0.6,6,ete,15h-18h,0,1.0,1,0
2020-06-22 18:00:00,0.0,4.0,291.0,6.4,0.7,6,ete,18h-21h,0,1.0,0,0
2020-06-22 21:00:00,2.0,4.0,285.0,6.6,0.2,6,ete,21h-24h,0,0.0,0,0
2020-06-23 00:00:00,1.0,4.0,288.0,9.6,1.2,6,ete,00h-03h,0,2.0,0,0
2020-06-23 03:00:00,1.0,4.0,290.0,8.5,0.8,6,ete,03h-06h,0,1.0,0,0
2020-06-23 06:00:00,1.0,4.0,297.0,11.8,0.4,6,ete,06h-09h,0,1.0,0,0
2020-06-23 09:00:00,1.0,4.0,298.0,12.1,1.3,6,ete,09h-12h,0,1.0,0,0
2020-06-23 12:00:00,1.0,4.0,297.0,9.7,2.2,6,ete,12h-15h,0,1.0,0,0
2020-06-23 15:00:00,1.0,4.0,299.0,8.5,-1.6,6,ete,15h-18h,0,1.0,1,0
2020-06-23 18:00:00,1.0,4.0,289.0,7.9,-0.6,6,ete,18h-21h,0,1.0,1,0
2020-06-23 21:00:00,2.0,4.0,293.0,9.8,-3.3,6,ete,21h-24h,0,1.0,1,0
2020-06-24 00:00:00,2.0,5.0,300.0,9.5,-1.1,6,ete,00h-03h,0,2.0,1,0
2020-06-24 03:00:00,2.0,5.0,307.0,10.5,-2.8,6,ete,03h-06h,0,2.0,1,0
2020-06-24 06:00:00,1.0,5.0,299.0,10.7,1.8,6,ete,06h-09h,0,2.0,0,0
2020-06-24 09:00:00,1.0,5.0,324.0,6.5,-2.0,6,ete,09h-12h,0,1.0,1,0
2020-06-24 12:00:00,1.0,5.0,329.0,6.8,1.2,6,ete,12h-15h,0,1.0,0,0
2020-06-24 15:00:00,1.0,5.0,334.0,6.7,-0.3,6,ete,15h-18h,0,1.0,1,0
2020-06-24 18:00:00,1.0,5.0,331.0,6.5,-0.2,6,ete,18h-21h,0,1.0,1,0
2020-06-24 21:00:00,1.0,5.0,332.0,7.1,-0.8,6,ete,21h-24h,0,1.0,1,0
2020-06-25 00:00:00,1.0,3.0,339.0,9.4,-0.0,6,ete,00h-03h,0,1.0,0,0
2020-06-25 03:00:00,1.0,3.0,337.0,9.4,0.4,6,ete,03h-06h,0,1.0,0,0
2020-06-25 06:00:00,1.0,3.0,345.0,6.6,1.2,6,ete,06h-09h,0,1.0,0,0
2020-06-25 09:00:00,0.0,3.0,356.0,6.2,-0.1,6,ete,09h-12h,0,1.0,1,0
2020-06-25 12:00:00,1.0,3.0,348.0,5.9,0.8,6,ete,12h-15h,0,0.0,0,0
2020-06-25 15:00:00,1.0,3.0,349.0,6.4,-1.4,6,ete,15h-18h,0,1.0,1,0
2020-06-25 18:00:00,0.0,3.0,338.0,5.8,1.9,6,ete,18h-21h,0,1.0,0,0
2020-06-25 21:00:00,2.0,3.0,342.0,5.9,0.3,6,ete,21h-24h,0,0.0,0,0
2020-06-26 00:00:00,2.0,6.0,344.0,6.1,-2.5,6,ete,00h-03h,0,2.0,1,0
2020-06-26 03:00:00,0.0,6.0,341.0,5.6,-1.4,6,ete,03h-06h,0,2.0,1,0
2020-06-26 06:00:00,1.0,6.0,346.0,5.8,-2.2,6,ete,06h-09h,0,0.0,1,0
2020-06-26 09:00:00,1.0,6.0,335.0,5.6,-1.0,6,ete,09h-12h,0,1.0,1,0
2020-06-26 12:00:00,1.0,6.0,321.0,9.7,0.3,6,ete,12h-15h,0,1.0,0,0
2020-06-26 15:00:00,1.0,6.0,317.0,8.8,1.0,6,ete,15h-18h,0,1.0,0,0
2020-06-26 18:00:00,2.0,6.0,320.0,10.5,-3.3,6,ete,18h-21h,0,1.0,1,0
2020-06-26 21:00:00,3.0,6.0,324.0,,-6.9,6,ete,21h-24h,0,2.0,1,0
2020-06-27 00:00:00,2.0,7.0,337.0,5.1,-3.9,6,ete,00h-03h,0,3.0,1,0
2020-06-27 03:00:00,1.0,7.0,331.0,14.3,0.1,6,ete,03h-06h,0,2.0,0,0
2020-06-27 06:00:00,2.0,7.0,325.0,20.0,-0.9,6,ete,06h-09h,0,1.0,1,0
2020-06-27 09:00:00,2.0,7.0,321.0,22.7,-3.0,6,ete,09h-12h,0,2.0,1,0
2020-06-27 12:00:00,3.0,7.0,355.0,10.3,4.7,6,ete,12h-15h,0,2.0,0,0
2020-06-27 15:00:00,1.0,7.0,400.0,5.2,2.9,6,ete,15h-18h,0,3.0,0,0
2020-06-27 18:00:00,1.0,7.0,404.0,4.3,0.8,6,ete,18h-21h,0,1.0,0,0
2020-06-27 21:00:00,2.0,7.0,406.0,3.9,-0.5,6,ete,21h-24h,0,1.0,1,0
2020-06-28 00:00:00,2.0,4.0,381.0,3.5,-1.1,6,ete,00h-03h,0,2.0,1,0
2020-06-28 03:00:00,1.0,4.0,368.0,2.7,-1.0,6,ete,03h-06h,0,2.0,1,0
2020-06-28 06:00:00,1.0,4.0,352.0,1.5,-0.2,6,ete,06h-09h,0,1.0,1,0
2020-06-28 09:00:00,1.0,4.0,347.0,2.4,-1.0,6,ete,09h-12h,0,1.0,1,0
2020-06-28 12:00:00,1.0,4.0,337.0,2.2,-0.2,6,ete,12h-15h,0,1.0,1,0
2020-06-28 15:00:00,1.0,4.0,337.0,3.1,-0.0,6,ete,15h-18h,0,1.0,0,0
2020-06-28 18:00:00,1.0,4.0,330.0,2.8,-0.7,6,ete,18h-21h,0,1.0,1,0
2020-06-28 21:00:00,1.0,4.0,333.0,4.2,-1.3,6,ete,21h-24h,0,1.0,1,0
2020-06-29 00:00:00,1.0,3.0,338.0,4.0,-1.1,6,ete,00h-03h,0,1.0,1,0
2020-06-29 03:00:00,1.0,3.0,332.0,3.0,-0.1,6,ete,03h-06h,0,1.0,1,0
2020-06-29 06:00:00,0.0,3.0,339.0,5.6,1.9,6,ete,06h-09h,0,1.0,0,0
2020-06-29 09:00:00,0.0,3.0,331.0,3.9,1.3,6,ete,09h-12h,0,0.0,0,0
2020-06-29 12:00:00,1.0,3.0,329.0,4.2,2.3,6,ete,12h-15h,0,0.0,0,0
2020-06-29 15:00:00,1.0,3.0,316.0,3.0,-0.2,6,ete,15h-18h,0,1.0,1,0
2020-06-29 18:00:00,1.0,3.0,321.0,3.9,0.1,6,ete,18h-21h,0,1.0,0,0
2020-06-29 21:00:00,0.0,3.0,318.0,3.6,0.0,6,ete,21h-24h,0,1.0,0,0
2020-06-30 00:00:00,2.0,4.0,330.0,4.4,-1.6,6,ete,00h-03h,0,0.0,1,0
2020-06-30 03:00:00,2.0,4.0,371.0,8.6,-4.9,6,ete,03h-06h,0,2.0,1,0
2020-06-30 06:00:00,2.0,4.0,356.0,6.6,2.6,6,ete,06h-09h,0,2.0,0,0
2020-06-30 09:00:00,0.0,4.0,350.0,7.4,2.2,6,ete,09h-12h,0,2.0,0,0
2020-06-30 12:00:00,1.0,4.0,337.0,9.6,0.1,6,ete,12h-15h,0,0.0,0,0
2020-06-30 15:00:00,1.0,4.0,325.0,8.0,0.3,6,ete,15h-18h,0,1.0,0,0
2020-06-30 18:00:00,0.0,4.0,320.0,7.5,-0.5,6,ete,18h-21h,0,1.0,1,0
2020-06-30 21:00:00,2.0,4.0,312.0,6.8,-0.4,6,ete,21h-24h,0,0.0,1,0
2020-07-01 00:00:00,1.0,6.0,333.0,6.3,-2.1,7,ete,00h-03h,0,2.0,1,0
2020-07-01 03:00:00,1.0,6.0,329.0,4.7,-1.5,7,ete,03h-06h,0,1.0,1,0
2020-07-01 06:00:00,1.0,6.0,347.0,5.1,-2.1,7,ete,06h-09h,0,1.0,1,0
2020-07-01 09:00:00,1.0,6.0,330.0,7.9,-0.0,7,ete,09h-12h,0,1.0,0,0
2020-07-01 12:00:00,1.0,6.0,310.0,4.9,1.0,7,ete,12h-15h,0,1.0,0,0
2020-07-01 15:00:00,0.0,6.0,313.0,7.5,0.1,7,ete,15h-18h,0,1.0,0,0
2020-07-01 18:00:00,2.0,6.0,316.0,12.3,0.9,7,ete,18h-21h,0,0.0,0,0
2020-07-01 21:00:00,3.0,6.0,334.0,13.8,0.4,7,ete,21h-24h,0,2.0,0,0
2020-07-02 00:00:00,1.0,4.0,341.0,9.1,-0.2,7,ete,00h-03h,0,3.0,1,0
2020-07-02 03:00:00,1.0,4.0,336.0,10.1,-0.8,7,ete,03h-06h,0,1.0,1,0
2020-07-02 06:00:00,1.0,4.0,328.0,8.6,0.7,7,ete,06h-09h,0,1.0,0,0
2020-07-02 09:00:00,0.0,4.0,324.0,9.1,-0.2,7,ete,09h-12h,0,1.0,1,0
2020-07-02 12:00:00,1.0,4.0,318.0,11.2,-0.4,7,ete,12h-15h,0,0.0,1,0
2020-07-02 15:00:00,1.0,4.0,316.0,8.7,0.3,7,ete,15h-18h,0,1.0,0,0
2020-07-02 18:00:00,1.0,4.0,333.0,9.3,-0.7,7,ete,18h-21h,0,1.0,1,0
2020-07-02 21:00:00,1.0,4.0,333.0,10.0,-1.2,7,ete,21h-24h,0,1.0,1,0
2020-07-03 00:00:00,1.0,4.0,327.0,13.6,0.1,7,ete,00h-03h,0,1.0,0,0
2020-07-03 03:00:00,1.0,4.0,316.0,16.1,-1.0,7,ete,03h-06h,0,1.0,1,0
2020-07-03 06:00:00,1.0,4.0,305.0,12.8,-0.1,7,ete,06h-09h,0,1.0,1,0
2020-07-03 09:00:00,1.0,4.0,306.0,7.6,-2.1,7,ete,09h-12h,0,1.0,1,0
2020-07-03 12:00:00,1.0,4.0,309.0,5.5,-1.4,7,ete,12h-15h,0,1.0,1,0
2020-07-03 15:00:00,1.0,4.0,305.0,5.8,-0.2,7,ete,15h-18h,0,1.0,1,0
2020-07-03 18:00:00,1.0,4.0,314.0,5.3,-1.5,7,ete,18h-21h,0,1.0,1,0
2020-07-03 21:00:00,1.0,4.0,310.0,6.6,-0.5,7,ete,21h-24h,0,1.0,1,0
2020-07-04 00:00:00,1.0,7.0,309.0,4.0,-0.3,7,ete,00h-03h,0,1.0,1,0
2020-07-04 03:00:00,1.0,7.0,306.0,4.6,-0.6,7,ete,03h-06h,0,1.0,1,0
2020-07-04 06:00:00,1.0,7.0,312.0,12.0,-0.1,7,ete,06h-09h,0,1.0,1,0
2020-07-04 09:00:00,2.0,7.0,326.0,12.9,1.1,7,ete,09h-12h,0,1.0,0,0
2020-07-04 12:00:00,2.0,7.0,332.0,12.1,-0.5,7,ete,12h-15h,0,2.0,1,0
2020-07-04 15:00:00,1.0,7.0,358.0,15.3,0.9,7,ete,15h-18h,0,2.0,0,0
2020-07-04 18:00:00,3.0,7.0,360.0,14.0,2.0,7,ete,18h-21h,0,1.0,0,0
2020-07-04 21:00:00,3.0,7.0,433.0,5.8,-4.0,7,ete,21h-24h,0,3.0,1,0
2020-07-05 00:00:00,2.0,10.0,424.0,5.2,3.0,7,ete,00h-03h,0,3.0,0,0
2020-07-05 03:00:00,3.0,10.0,444.0,5.3,0.9,7,ete,03h-06h,0,2.0,0,0
2020-07-05 06:00:00,3.0,10.0,491.0,5.4,-2.3,7,ete,06h-09h,0,3.0,1,0
2020-07-05 09:00:00,3.0,10.0,509.0,4.9,-3.9,7,ete,09h-12h,0,3.0,1,0
2020-07-05 12:00:00,2.0,10.0,512.0,4.3,-2.4,7,ete,12h-15h,0,3.0,1,0
2020-07-05 15:00:00,1.0,10.0,483.0,2.8,-1.5,7,ete,15h-18h,0,2.0,1,0
2020-07-05 18:00:00,2.0,10.0,441.0,2.7,-2.3,7,ete,18h-21h,0,1.0,1,0
2020-07-05 21:00:00,3.0,10.0,463.0,4.0,-3.6,7,ete,21h-24h,0,2.0,1,0
2020-07-06 00:00:00,2.0,5.0,450.0,4.3,2.8,7,ete,00h-03h,0,3.0,0,0
2020-07-06 03:00:00,1.0,5.0,516.0,3.1,1.8,7,ete,03h-06h,0,2.0,0,0
2020-07-06 06:00:00,2.0,5.0,497.0,2.8,-0.1,7,ete,06h-09h,0,1.0,1,0
2020-07-06 09:00:00,1.0,5.0,480.0,2.6,-0.7,7,ete,09h-12h,0,2.0,1,0
2020-07-06 12:00:00,2.0,5.0,496.0,2.8,-0.6,7,ete,12h-15h,0,1.0,1,0
2020-07-06 15:00:00,1.0,5.0,510.0,2.5,-1.3,7,ete,15h-18h,0,2.0,1,0
2020-07-06 18:00:00,1.0,5.0,483.0,2.8,-0.4,7,ete,18h-21h,0,1.0,1,0
2020-07-06 21:00:00,1.0,5.0,491.0,2.9,0.6,7,ete,21h-24h,0,1.0,0,0
2020-07-07 00:00:00,1.0,4.0,482.0,3.4,0.7,7,ete,00h-03h,0,1.0,0,0
2020-07-07 03:00:00,1.0,4.0,469.0,3.5,-1.8,7,ete,03h-06h,0,1.0,1,0
2020-07-07 06:00:00,2.0,4.0,446.0,3.6,-0.4,7,ete,06h-09h,0,1.0,1,0
2020-07-07 09:00:00,1.0,4.0,430.0,3.3,-0.5,7,ete,09h-12h,0,2.0,1,0
2020-07-07 12:00:00,1.0,4.0,428.0,2.8,-1.2,7,ete,12h-15h,0,1.0,1,0
2020-07-07 15:00:00,1.0,4.0,414.0,2.6,0.1,7,ete,15h-18h,0,1.0,0,0
2020-07-07 18:00:00,0.0,4.0,401.0,2.7,0.4,7,ete,18h-21h,0,1.0,0,0
2020-07-07 21:00:00,1.0,4.0,398.0,3.5,1.1,7,ete,21h-24h,0,0.0,0,0
2020-07-08 00:00:00,0.0,2.0,392.0,3.8,0.6,7,ete,00h-03h,0,1.0,0,0
2020-07-08 03:00:00,1.0,2.0,387.0,2.9,1.0,7,ete,03h-06h,0,0.0,0,0
2020-07-08 06:00:00,0.0,2.0,385.0,2.7,0.0,7,ete,06h-09h,0,1.0,0,0
2020-07-08 09:00:00,0.0,2.0,375.0,2.7,-0.2,7,ete,09h-12h,0,0.0,1,0
2020-07-08 12:00:00,0.0,2.0,371.0,3.4,0.4,7,ete,12h-15h,0,0.0,0,0
2020-07-08 15:00:00,0.0,2.0,368.0,4.8,0.7,7,ete,15h-18h,0,0.0,0,0
2020-07-08 18:00:00,0.0,2.0,358.0,5.6,1.4,7,ete,18h-21h,0,0.0,0,0
2020-07-08 21:00:00,1.0,2.0,349.0,6.1,0.3,7,ete,21h-24h,0,0.0,0,0
2020-07-09 00:00:00,1.0,4.0,350.0,7.1,-0.1,7,ete,00h-03h,0,1.0,1,0
2020-07-09 03:00:00,1.0,4.0,353.0,8.0,-0.7,7,ete,03h-06h,0,1.0,1,0
2020-07-09 06:00:00,1.0,4.0,346.0,8.9,-1.5,7,ete,06h-09h,0,1.0,1,0
2020-07-09 09:00:00,1.0,4.0,339.0,9.1,-0.4,7,ete,09h-12h,0,1.0,1,0
2020-07-09 12:00:00,1.0,4.0,327.0,8.2,-2.5,7,ete,12h-15h,0,1.0,1,0
2020-07-09 15:00:00,1.0,4.0,323.0,7.6,0.3,7,ete,15h-18h,0,1.0,0,0
2020-07-09 18:00:00,1.0,4.0,315.0,6.3,0.8,7,ete,18h-21h,0,1.0,0,0
2020-07-09 21:00:00,1.0,4.0,306.0,5.0,0.2,7,ete,21h-24h,0,1.0,0,0
2020-07-10 00:00:00,0.0,3.0,308.0,5.0,-0.1,7,ete,00h-03h,0,1.0,1,0
2020-07-10 03:00:00,1.0,3.0,304.0,6.1,1.3,7,ete,03h-06h,0,0.0,0,0
2020-07-10 06:00:00,2.0,3.0,318.0,7.2,-1.2,7,ete,06h-09h,0,1.0,1,0
2020-07-10 09:00:00,1.0,3.0,319.0,6.8,-1.6,7,ete,09h-12h,0,2.0,1,0
2020-07-10 12:00:00,0.0,3.0,333.0,5.5,-0.3,7,ete,12h-15h,0,1.0,1,0
2020-07-10 15:00:00,1.0,3.0,332.0,5.3,0.3,7,ete,15h-18h,0,0.0,0,0
2020-07-10 18:00:00,0.0,3.0,344.0,4.5,-0.1,7,ete,18h-21h,0,1.0,1,0
2020-07-10 21:00:00,1.0,3.0,332.0,4.7,1.0,7,ete,21h-24h,0,0.0,0,0
2020-07-11 00:00:00,1.0,3.0,335.0,3.8,-0.4,7,ete,00h-03h,0,1.0,1,0
2020-07-11 03:00:00,0.0,3.0,332.0,3.6,0.3,7,ete,03h-06h,0,1.0,0,0
2020-07-11 06:00:00,0.0,3.0,326.0,3.1,-0.2,7,ete,06h-09h,0,0.0,1,0
2020-07-11 09:00:00,1.0,3.0,324.0,3.0,0.1,7,ete,09h-12h,0,0.0,0,0
2020-07-11 12:00:00,0.0,3.0,318.0,3.0,0.9,7,ete,12h-15h,0,1.0,0,0
2020-07-11 15:00:00,0.0,3.0,319.0,3.9,-1.8,7,ete,15h-18h,0,0.0,1,0
2020-07-11 18:00:00,1.0,3.0,313.0,4.2,-1.4,7,ete,18h-21h,0,0.0,1,0
2020-07-11 21:00:00,1.0,3.0,318.0,6.1,-0.0,7,ete,21h-24h,0,1.0,0,0
2020-07-12 00:00:00,1.0,3.0,310.0,8.6,-0.3,7,ete,00h-03h,0,1.0,1,0
2020-07-12 03:00:00,1.0,3.0,308.0,7.7,0.2,7,ete,03h-06h,0,1.0,0,0
2020-07-12 06:00:00,1.0,3.0,311.0,6.6,0.7,7,ete,06h-09h,0,1.0,0,0
2020-07-12 09:00:00,1.0,3.0,309.0,7.2,-0.4,7,ete,09h-12h,0,1.0,1,0
2020-07-12 12:00:00,1.0,3.0,299.0,10.3,-1.2,7,ete,12h-15h,0,1.0,1,0
2020-07-12 15:00:00,1.0,3.0,295.0,12.1,-1.3,7,ete,15h-18h,0,1.0,1,0
2020-07-12 18:00:00,0.0,3.0,291.0,14.3,0.0,7,ete,18h-21h,0,1.0,0,0
2020-07-12 21:00:00,1.0,3.0,283.0,15.5,1.0,7,ete,21h-24h,0,0.0,0,0
2020-07-14 00:00:00,4.0,11.0,385.0,11.1,-7.3,7,ete,00h-03h,0,1.0,1,0
2020-07-14 03:00:00,4.0,11.0,361.0,5.1,-7.1,7,ete,03h-06h,0,4.0,1,0
2020-07-14 06:00:00,4.0,11.0,381.0,6.4,-5.4,7,ete,06h-09h,0,4.0,1,0
2020-07-14 09:00:00,2.0,11.0,378.0,8.0,-3.0,7,ete,09h-12h,0,4.0,1,0
2020-07-14 12:00:00,2.0,11.0,384.0,6.5,-0.4,7,ete,12h-15h,0,2.0,1,0
2020-07-14 15:00:00,1.0,11.0,373.0,7.3,1.0,7,ete,15h-18h,0,2.0,0,0
2020-07-14 18:00:00,0.0,11.0,360.0,6.3,0.3,7,ete,18h-21h,0,1.0,0,0
2020-07-14 21:00:00,1.0,11.0,356.0,6.2,1.9,7,ete,21h-24h,0,0.0,0,0
2020-07-15 00:00:00,0.0,5.0,343.0,4.1,2.3,7,ete,00h-03h,0,1.0,0,0
2020-07-15 03:00:00,2.0,5.0,356.0,3.6,0.8,7,ete,03h-06h,0,0.0,0,0
2020-07-15 06:00:00,2.0,5.0,361.0,5.4,-1.0,7,ete,06h-09h,0,2.0,1,0
2020-07-15 09:00:00,2.0,5.0,366.0,5.9,-0.2,7,ete,09h-12h,0,2.0,1,0
2020-07-15 12:00:00,2.0,5.0,388.0,7.0,4.0,7,ete,12h-15h,0,2.0,0,0
2020-07-15 15:00:00,2.0,5.0,385.0,5.0,-0.7,7,ete,15h-18h,0,2.0,1,0
2020-07-15 18:00:00,1.0,5.0,379.0,3.6,-1.4,7,ete,18h-21h,0,2.0,1,0
2020-07-15 21:00:00,0.0,5.0,385.0,2.2,0.7,7,ete,21h-24h,0,1.0,0,0
2020-07-16 00:00:00,0.0,4.0,396.0,2.5,0.5,7,ete,00h-03h,0,0.0,0,0
2020-07-16 03:00:00,0.0,4.0,420.0,3.1,1.3,7,ete,03h-06h,0,0.0,0,0
2020-07-16 06:00:00,0.0,4.0,411.0,3.5,1.4,7,ete,06h-09h,0,0.0,0,0
2020-07-16 09:00:00,2.0,4.0,422.0,4.9,-0.4,7,ete,09h-12h,0,0.0,1,0
2020-07-16 12:00:00,2.0,4.0,412.0,6.0,0.2,7,ete,12h-15h,0,2.0,0,0
2020-07-16 15:00:00,1.0,4.0,411.0,4.6,-2.0,7,ete,15h-18h,0,2.0,1,0
2020-07-16 18:00:00,1.0,4.0,406.0,6.2,-1.0,7,ete,18h-21h,0,1.0,1,0
2020-07-16 21:00:00,1.0,4.0,401.0,5.1,0.5,7,ete,21h-24h,0,1.0,0,0
2020-07-17 00:00:00,1.0,4.0,407.0,5.4,0.4,7,ete,00h-03h,0,1.0,0,0
2020-07-17 03:00:00,1.0,4.0,402.0,3.3,1.5,7,ete,03h-06h,0,1.0,0,0
2020-07-17 06:00:00,1.0,4.0,397.0,2.2,1.1,7,ete,06h-09h,0,1.0,0,0
2020-07-17 09:00:00,1.0,4.0,387.0,1.9,0.3,7,ete,09h-12h,0,1.0,0,0
2020-07-17 12:00:00,1.0,4.0,386.0,4.1,1.4,7,ete,12h-15h,0,1.0,0,0
2020-07-17 15:00:00,2.0,4.0,403.0,5.8,-2.5,7,ete,15h-18h,0,1.0,1,0
2020-07-17 18:00:00,1.0,4.0,419.0,5.2,1.3,7,ete,18h-21h,0,2.0,0,0
2020-07-17 21:00:00,1.0,4.0,389.0,5.5,0.5,7,ete,21h-24h,0,1.0,0,0
2020-07-18 00:00:00,1.0,4.0,409.0,4.8,-0.5,7,ete,00h-03h,0,1.0,1,0
2020-07-18 03:00:00,1.0,4.0,399.0,3.2,0.5,7,ete,03h-06h,0,1.0,0,0
2020-07-18 06:00:00,1.0,4.0,370.0,3.3,-0.3,7,ete,06h-09h,0,1.0,1,0
2020-07-18 09:00:00,1.0,4.0,369.0,4.2,-0.2,7,ete,09h-12h,0,1.0,1,0
2020-07-18 12:00:00,1.0,4.0,363.0,3.9,-1.1,7,ete,12h-15h,0,1.0,1,0
2020-07-18 15:00:00,1.0,4.0,357.0,4.5,-0.4,7,ete,15h-18h,0,1.0,1,0
2020-07-18 18:00:00,1.0,4.0,351.0,4.9,0.9,7,ete,18h-21h,0,1.0,0,0
2020-07-18 21:00:00,1.0,4.0,354.0,5.1,-2.1,7,ete,21h-24h,0,1.0,1,0
2020-07-19 00:00:00,0.0,4.0,345.0,5.5,0.6,7,ete,00h-03h,0,1.0,0,0
2020-07-19 03:00:00,1.0,4.0,345.0,5.1,-0.1,7,ete,03h-06h,0,0.0,1,0
2020-07-19 06:00:00,1.0,4.0,341.0,5.5,-0.3,7,ete,06h-09h,0,1.0,1,0
2020-07-19 09:00:00,1.0,4.0,340.0,6.4,-0.6,7,ete,09h-12h,0,1.0,1,0
2020-07-19 12:00:00,2.0,4.0,345.0,11.2,-1.7,7,ete,12h-15h,0,1.0,1,0
2020-07-19 15:00:00,1.0,4.0,330.0,11.5,0.3,7,ete,15h-18h,0,2.0,0,0
2020-07-19 18:00:00,1.0,4.0,325.0,9.8,-2.3,7,ete,18h-21h,0,1.0,1,0
2020-07-19 21:00:00,1.0,4.0,346.0,9.6,-2.2,7,ete,21h-24h,0,1.0,1,0
2020-07-20 00:00:00,1.0,4.0,341.0,6.2,0.6,7,ete,00h-03h,0,1.0,0,0
2020-07-20 03:00:00,1.0,4.0,341.0,5.8,-0.4,7,ete,03h-06h,0,1.0,1,0
2020-07-20 06:00:00,1.0,4.0,350.0,4.5,-0.7,7,ete,06h-09h,0,1.0,1,0
2020-07-20 09:00:00,1.0,4.0,360.0,4.1,1.1,7,ete,09h-12h,0,1.0,0,0
2020-07-20 12:00:00,1.0,4.0,347.0,4.1,1.1,7,ete,12h-15h,0,1.0,0,0
2020-07-20 15:00:00,1.0,4.0,351.0,4.5,-0.3,7,ete,15h-18h,0,1.0,1,0
2020-07-20 18:00:00,1.0,4.0,329.0,5.6,-0.4,7,ete,18h-21h,0,1.0,1,0
2020-07-20 21:00:00,1.0,4.0,344.0,6.3,0.2,7,ete,21h-24h,0,1.0,0,0
2020-07-21 00:00:00,1.0,4.0,354.0,6.8,-1.0,7,ete,00h-03h,0,1.0,1,0
2020-07-21 03:00:00,1.0,4.0,338.0,5.9,1.0,7,ete,03h-06h,0,1.0,0,0
2020-07-21 06:00:00,1.0,4.0,344.0,4.7,-0.7,7,ete,06h-09h,0,1.0,1,0
2020-07-21 09:00:00,1.0,4.0,324.0,5.1,0.0,7,ete,09h-12h,0,1.0,0,0
2020-07-21 12:00:00,1.0,4.0,332.0,3.2,0.4,7,ete,12h-15h,0,1.0,0,0
2020-07-21 15:00:00,1.0,4.0,317.0,2.6,-0.4,7,ete,15h-18h,0,1.0,1,0
2020-07-21 18:00:00,0.0,4.0,335.0,4.9,-1.5,7,ete,18h-21h,0,1.0,1,0
2020-07-21 21:00:00,1.0,4.0,328.0,4.6,-1.7,7,ete,21h-24h,0,0.0,1,0
2020-07-22 00:00:00,1.0,3.0,318.0,5.7,-0.3,7,ete,00h-03h,0,1.0,1,0
2020-07-22 03:00:00,1.0,3.0,310.0,8.1,1.0,7,ete,03h-06h,0,1.0,0,0
2020-07-22 06:00:00,1.0,3.0,301.0,7.3,2.1,7,ete,06h-09h,0,1.0,0,0
2020-07-22 09:00:00,1.0,3.0,296.0,9.0,-1.5,7,ete,09h-12h,0,1.0,1,0
2020-07-22 12:00:00,1.0,3.0,286.0,8.0,2.5,7,ete,12h-15h,0,1.0,0,0
2020-07-22 15:00:00,1.0,3.0,295.0,8.7,-3.2,7,ete,15h-18h,0,1.0,1,0
2020-07-22 18:00:00,1.0,3.0,302.0,9.5,-1.6,7,ete,18h-21h,0,1.0,1,0
2020-07-22 21:00:00,1.0,3.0,293.0,8.5,1.4,7,ete,21h-24h,0,1.0,0,0
2020-07-23 00:00:00,1.0,4.0,308.0,8.8,-1.0,7,ete,00h-03h,0,1.0,1,0
2020-07-23 03:00:00,1.0,4.0,313.0,8.0,1.2,7,ete,03h-06h,0,1.0,0,0
2020-07-23 06:00:00,1.0,4.0,320.0,9.9,-1.2,7,ete,06h-09h,0,1.0,1,0
2020-07-23 09:00:00,1.0,4.0,315.0,6.2,-1.1,7,ete,09h-12h,0,1.0,1,0
2020-07-23 12:00:00,2.0,4.0,314.0,12.1,-0.4,7,ete,12h-15h,0,1.0,1,0
2020-07-23 15:00:00,1.0,4.0,312.0,11.1,0.5,7,ete,15h-18h,0,2.0,0,0
2020-07-23 18:00:00,0.0,4.0,307.0,9.6,-1.8,7,ete,18h-21h,0,1.0,1,0
2020-07-23 21:00:00,1.0,4.0,298.0,10.1,-0.4,7,ete,21h-24h,0,0.0,1,0
2020-07-26 00:00:00,2.0,3.0,399.0,15.1,1.6,7,ete,00h-03h,0,1.0,0,0
2020-07-26 03:00:00,1.0,3.0,405.0,3.3,0.4,7,ete,03h-06h,0,2.0,0,0
2020-07-26 06:00:00,0.0,3.0,397.0,2.3,1.5,7,ete,06h-09h,0,1.0,0,0
2020-07-26 09:00:00,1.0,3.0,380.0,1.7,1.0,7,ete,09h-12h,0,0.0,0,0
2020-07-26 12:00:00,1.0,3.0,385.0,3.2,1.8,7,ete,12h-15h,0,1.0,0,0
2020-07-26 15:00:00,0.0,3.0,377.0,3.0,1.9,7,ete,15h-18h,0,1.0,0,0
2020-07-26 18:00:00,0.0,3.0,368.0,3.0,0.7,7,ete,18h-21h,0,0.0,0,0
2020-07-26 21:00:00,1.0,3.0,371.0,3.4,0.3,7,ete,21h-24h,0,0.0,0,0
2020-07-27 00:00:00,1.0,4.0,372.0,3.8,-2.4,7,ete,00h-03h,0,1.0,1,0
2020-07-27 03:00:00,1.0,4.0,374.0,3.6,-1.5,7,ete,03h-06h,0,1.0,1,0
2020-07-27 06:00:00,1.0,4.0,374.0,3.7,-0.0,7,ete,06h-09h,0,1.0,0,0
2020-07-27 09:00:00,1.0,4.0,407.0,3.3,0.2,7,ete,09h-12h,0,1.0,0,0
2020-07-27 12:00:00,1.0,4.0,405.0,3.0,2.6,7,ete,12h-15h,0,1.0,0,0
2020-07-27 15:00:00,1.0,4.0,406.0,5.3,2.3,7,ete,15h-18h,0,1.0,0,0
2020-07-27 18:00:00,1.0,4.0,392.0,5.0,2.9,7,ete,18h-21h,0,1.0,0,0
2020-07-27 21:00:00,1.0,4.0,403.0,5.6,0.4,7,ete,21h-24h,0,1.0,0,0
2020-07-29 00:00:00,2.0,5.0,359.0,4.0,1.4,7,ete,00h-03h,0,1.0,0,0
2020-07-29 03:00:00,1.0,5.0,368.0,6.1,1.1,7,ete,03h-06h,0,2.0,0,0
2020-07-29 06:00:00,2.0,5.0,350.0,11.7,-3.7,7,ete,06h-09h,0,1.0,1,0
2020-07-29 09:00:00,1.0,5.0,327.0,10.4,0.2,7,ete,09h-12h,0,2.0,0,0
2020-07-29 12:00:00,1.0,5.0,334.0,6.5,-2.2,7,ete,12h-15h,0,1.0,1,0
2020-07-29 15:00:00,1.0,5.0,334.0,8.8,-0.8,7,ete,15h-18h,0,1.0,1,0
2020-07-29 18:00:00,1.0,5.0,337.0,10.7,1.3,7,ete,18h-21h,0,1.0,0,0
2020-07-29 21:00:00,1.0,5.0,361.0,5.2,2.4,7,ete,21h-24h,0,1.0,0,0
2020-07-30 00:00:00,1.0,4.0,350.0,6.6,0.4,7,ete,00h-03h,0,1.0,0,0
2020-07-30 03:00:00,1.0,4.0,350.0,7.8,0.1,7,ete,03h-06h,0,1.0,0,0
2020-07-30 06:00:00,2.0,4.0,325.0,16.0,0.0,7,ete,06h-09h,0,1.0,0,0
2020-07-30 09:00:00,1.0,4.0,334.0,9.9,-1.6,7,ete,09h-12h,0,2.0,1,0
2020-07-30 12:00:00,0.0,4.0,318.0,7.2,0.7,7,ete,12h-15h,0,1.0,0,0
2020-07-30 15:00:00,0.0,4.0,325.0,5.4,0.8,7,ete,15h-18h,0,0.0,0,0
2020-07-30 18:00:00,0.0,4.0,327.0,5.0,0.3,7,ete,18h-21h,0,0.0,0,0
2020-07-30 21:00:00,1.0,4.0,316.0,4.6,0.3,7,ete,21h-24h,0,0.0,0,0
2020-07-31 00:00:00,1.0,4.0,316.0,4.5,-0.8,7,ete,00h-03h,0,1.0,1,0
2020-07-31 03:00:00,1.0,4.0,331.0,8.0,-1.2,7,ete,03h-06h,0,1.0,1,0
2020-07-31 06:00:00,1.0,4.0,326.0,8.3,1.7,7,ete,06h-09h,0,1.0,0,0
2020-07-31 09:00:00,1.0,4.0,345.0,8.1,-0.5,7,ete,09h-12h,0,1.0,1,0
2020-07-31 12:00:00,2.0,4.0,378.0,7.1,-2.9,7,ete,12h-15h,0,1.0,1,0
2020-07-31 15:00:00,1.0,4.0,377.0,7.4,-1.3,7,ete,15h-18h,0,2.0,1,0
2020-07-31 18:00:00,1.0,4.0,366.0,6.7,0.1,7,ete,18h-21h,0,1.0,0,0
2020-07-31 21:00:00,1.0,4.0,344.0,6.2,1.3,7,ete,21h-24h,0,1.0,0,0
2020-08-01 00:00:00,0.0,3.0,352.0,5.7,2.2,8,ete,00h-03h,0,1.0,0,0
2020-08-01 03:00:00,1.0,3.0,337.0,5.8,1.0,8,ete,03h-06h,0,0.0,0,0
2020-08-01 06:00:00,0.0,3.0,348.0,4.7,-2.3,8,ete,06h-09h,0,1.0,1,0
2020-08-01 09:00:00,1.0,3.0,335.0,3.6,-0.5,8,ete,09h-12h,0,0.0,1,0
2020-08-01 12:00:00,1.0,3.0,339.0,5.2,-0.3,8,ete,12h-15h,0,1.0,1,0
2020-08-01 15:00:00,1.0,3.0,331.0,7.2,-0.7,8,ete,15h-18h,0,1.0,1,0
2020-08-01 18:00:00,1.0,3.0,332.0,10.4,-0.5,8,ete,18h-21h,0,1.0,1,0
2020-08-01 21:00:00,1.0,3.0,326.0,8.8,0.7,8,ete,21h-24h,0,1.0,0,0
2020-08-02 00:00:00,1.0,9.0,330.0,9.2,0.9,8,ete,00h-03h,0,1.0,0,0
2020-08-02 03:00:00,1.0,9.0,320.0,7.3,1.7,8,ete,03h-06h,0,1.0,0,0
2020-08-02 06:00:00,1.0,9.0,341.0,12.7,-0.4,8,ete,06h-09h,0,1.0,1,0
2020-08-02 09:00:00,3.0,9.0,373.0,16.6,1.3,8,ete,09h-12h,0,1.0,0,0
2020-08-02 12:00:00,3.0,9.0,378.0,14.5,-7.8,8,ete,12h-15h,0,3.0,1,0
2020-08-02 15:00:00,3.0,9.0,444.0,6.5,-4.1,8,ete,15h-18h,0,3.0,1,0
2020-08-02 18:00:00,2.0,9.0,476.0,8.0,3.8,8,ete,18h-21h,0,3.0,0,0
2020-08-02 21:00:00,3.0,9.0,505.0,4.7,1.5,8,ete,21h-24h,0,2.0,0,0
2020-08-03 00:00:00,4.0,16.0,515.0,6.7,-3.1,8,ete,00h-03h,0,3.0,1,0
2020-08-03 03:00:00,3.0,16.0,569.0,5.8,3.3,8,ete,03h-06h,0,4.0,0,0
2020-08-03 06:00:00,3.0,16.0,585.0,4.0,1.9,8,ete,06h-09h,0,3.0,0,0
2020-08-03 09:00:00,3.0,16.0,589.0,5.4,0.5,8,ete,09h-12h,0,3.0,0,0
2020-08-03 12:00:00,2.0,16.0,626.0,3.5,3.1,8,ete,12h-15h,0,3.0,0,0
2020-08-03 15:00:00,3.0,16.0,660.0,2.6,-1.7,8,ete,15h-18h,0,2.0,1,0
2020-08-03 18:00:00,3.0,16.0,659.0,2.4,0.5,8,ete,18h-21h,0,3.0,0,0
2020-08-03 21:00:00,3.0,16.0,669.0,2.5,-1.1,8,ete,21h-24h,0,3.0,1,0
2020-08-04 00:00:00,2.0,8.0,675.0,2.1,0.5,8,ete,00h-03h,0,3.0,0,0
2020-08-04 03:00:00,4.0,8.0,701.0,2.0,-0.1,8,ete,03h-06h,0,2.0,1,0
2020-08-04 06:00:00,2.0,8.0,670.0,2.0,1.8,8,ete,06h-09h,0,4.0,0,0
2020-08-04 09:00:00,2.0,8.0,634.0,2.6,-0.1,8,ete,09h-12h,0,2.0,1,0
2020-08-04 12:00:00,2.0,8.0,635.0,2.1,-0.7,8,ete,12h-15h,0,2.0,1,0
2020-08-04 15:00:00,1.0,8.0,634.0,2.1,1.2,8,ete,15h-18h,0,2.0,0,0
2020-08-04 18:00:00,2.0,8.0,624.0,2.6,0.4,8,ete,18h-21h,0,1.0,0,0
2020-08-04 21:00:00,2.0,8.0,625.0,1.6,-1.1,8,ete,21h-24h,0,2.0,1,0
2020-08-05 00:00:00,2.0,5.0,593.0,1.4,-0.9,8,ete,00h-03h,0,2.0,1,0
2020-08-05 03:00:00,2.0,5.0,570.0,1.4,-1.4,8,ete,03h-06h,0,2.0,1,0
2020-08-05 06:00:00,1.0,5.0,532.0,1.5,-1.2,8,ete,06h-09h,0,2.0,1,0
2020-08-05 09:00:00,1.0,5.0,513.0,1.5,-1.2,8,ete,09h-12h,0,1.0,1,0
2020-08-05 12:00:00,1.0,5.0,490.0,1.6,-0.6,8,ete,12h-15h,0,1.0,1,0
2020-08-05 15:00:00,1.0,5.0,476.0,2.9,-0.9,8,ete,15h-18h,0,1.0,1,0
2020-08-05 18:00:00,2.0,5.0,446.0,4.0,0.1,8,ete,18h-21h,0,1.0,0,0
2020-08-05 21:00:00,1.0,5.0,420.0,2.5,-0.5,8,ete,21h-24h,0,2.0,1,0
2020-08-06 00:00:00,1.0,5.0,407.0,1.3,-0.1,8,ete,00h-03h,0,1.0,1,0
2020-08-06 03:00:00,2.0,5.0,482.0,2.0,0.5,8,ete,03h-06h,0,1.0,0,0
2020-08-06 06:00:00,1.0,5.0,489.0,2.7,1.5,8,ete,06h-09h,0,2.0,0,0
2020-08-06 09:00:00,1.0,5.0,478.0,2.5,2.3,8,ete,09h-12h,0,1.0,0,0
2020-08-06 12:00:00,2.0,5.0,487.0,1.9,-1.3,8,ete,12h-15h,0,1.0,1,0
2020-08-06 15:00:00,2.0,5.0,488.0,1.8,-2.4,8,ete,15h-18h,0,2.0,1,0
2020-08-06 18:00:00,0.0,5.0,488.0,1.8,1.5,8,ete,18h-21h,0,2.0,0,0
2020-08-06 21:00:00,2.0,5.0,484.0,2.0,-1.8,8,ete,21h-24h,0,0.0,1,0
2020-08-07 00:00:00,2.0,4.0,443.0,1.9,-1.2,8,ete,00h-03h,0,2.0,1,0
2020-08-07 03:00:00,1.0,4.0,448.0,2.1,-1.4,8,ete,03h-06h,0,2.0,1,0
2020-08-07 06:00:00,1.0,4.0,436.0,1.9,3.3,8,ete,06h-09h,0,1.0,0,0
2020-08-07 09:00:00,1.0,4.0,412.0,1.7,2.2,8,ete,09h-12h,0,1.0,0,0
2020-08-07 12:00:00,1.0,4.0,423.0,1.9,2.5,8,ete,12h-15h,0,1.0,0,0
2020-08-07 15:00:00,1.0,4.0,408.0,2.0,1.3,8,ete,15h-18h,0,1.0,0,0
2020-08-07 18:00:00,1.0,4.0,398.0,1.8,0.1,8,ete,18h-21h,0,1.0,0,0
2020-08-07 21:00:00,2.0,4.0,410.0,2.4,-1.3,8,ete,21h-24h,0,1.0,1,0
2020-08-08 00:00:00,2.0,5.0,404.0,2.5,-3.0,8,ete,00h-03h,0,2.0,1,0
2020-08-08 03:00:00,2.0,5.0,393.0,2.1,-1.2,8,ete,03h-06h,0,2.0,1,0
2020-08-08 06:00:00,2.0,5.0,381.0,1.9,-1.6,8,ete,06h-09h,0,2.0,1,0
2020-08-08 09:00:00,1.0,5.0,415.0,2.5,-1.3,8,ete,09h-12h,0,2.0,1,0
2020-08-08 12:00:00,1.0,5.0,376.0,1.8,-1.9,8,ete,12h-15h,0,1.0,1,0
2020-08-08 15:00:00,1.0,5.0,371.0,2.0,-2.3,8,ete,15h-18h,0,1.0,1,0
2020-08-08 18:00:00,1.0,5.0,383.0,2.2,1.5,8,ete,18h-21h,0,1.0,0,0
2020-08-08 21:00:00,0.0,5.0,378.0,2.5,1.8,8,ete,21h-24h,0,1.0,0,0
2020-08-09 00:00:00,0.0,3.0,338.0,2.4,-1.2,8,ete,00h-03h,0,0.0,1,0
2020-08-09 03:00:00,1.0,3.0,378.0,3.3,0.1,8,ete,03h-06h,0,0.0,0,0
2020-08-09 06:00:00,0.0,3.0,349.0,2.1,-0.2,8,ete,06h-09h,0,1.0,1,0
2020-08-09 09:00:00,1.0,3.0,338.0,1.8,0.3,8,ete,09h-12h,0,0.0,0,0
2020-08-09 12:00:00,1.0,3.0,334.0,2.5,-0.3,8,ete,12h-15h,0,1.0,1,0
2020-08-09 15:00:00,0.0,3.0,331.0,1.8,0.4,8,ete,15h-18h,0,1.0,0,0
2020-08-09 18:00:00,0.0,3.0,330.0,2.2,-0.3,8,ete,18h-21h,0,0.0,1,0
2020-08-09 21:00:00,1.0,3.0,344.0,2.8,-0.4,8,ete,21h-24h,0,0.0,1,0
2020-08-10 00:00:00,1.0,3.0,357.0,4.4,0.5,8,ete,00h-03h,0,1.0,0,0
2020-08-10 03:00:00,1.0,3.0,353.0,4.2,-0.7,8,ete,03h-06h,0,1.0,1,0
2020-08-10 06:00:00,1.0,3.0,332.0,3.5,-0.3,8,ete,06h-09h,0,1.0,1,0
2020-08-10 09:00:00,1.0,3.0,301.0,2.1,0.1,8,ete,09h-12h,0,1.0,0,0
2020-08-10 12:00:00,1.0,3.0,300.0,2.5,-0.7,8,ete,12h-15h,0,1.0,1,0
2020-08-10 15:00:00,1.0,3.0,321.0,4.0,-1.9,8,ete,15h-18h,0,1.0,1,0
2020-08-10 18:00:00,0.0,3.0,307.0,2.6,0.4,8,ete,18h-21h,0,1.0,0,0
2020-08-10 21:00:00,1.0,3.0,318.0,2.6,-1.0,8,ete,21h-24h,0,0.0,1,0
2020-08-11 00:00:00,1.0,3.0,314.0,4.5,-1.0,8,ete,00h-03h,0,1.0,1,0
2020-08-11 03:00:00,1.0,3.0,295.0,4.2,-1.6,8,ete,03h-06h,0,1.0,1,0
2020-08-11 06:00:00,0.0,3.0,292.0,4.4,-1.7,8,ete,06h-09h,0,1.0,1,0
2020-08-11 09:00:00,0.0,3.0,291.0,4.3,-0.3,8,ete,09h-12h,0,0.0,1,0
2020-08-11 12:00:00,1.0,3.0,309.0,5.5,-0.6,8,ete,12h-15h,0,0.0,1,0
2020-08-11 15:00:00,0.0,3.0,304.0,5.8,-1.1,8,ete,15h-18h,0,1.0,1,0
2020-08-11 18:00:00,0.0,3.0,304.0,6.5,-1.3,8,ete,18h-21h,0,0.0,1,0
2020-08-11 21:00:00,1.0,3.0,304.0,7.1,1.1,8,ete,21h-24h,0,0.0,0,0
2020-08-12 00:00:00,0.0,3.0,303.0,7.6,2.4,8,ete,00h-03h,0,1.0,0,0
2020-08-12 03:00:00,1.0,3.0,313.0,8.7,-2.5,8,ete,03h-06h,0,0.0,1,0
2020-08-12 06:00:00,1.0,3.0,313.0,9.6,0.0,8,ete,06h-09h,0,1.0,0,0
2020-08-12 09:00:00,1.0,3.0,303.0,9.5,-0.1,8,ete,09h-12h,0,1.0,1,0
2020-08-12 12:00:00,1.0,3.0,301.0,10.1,-0.4,8,ete,12h-15h,0,1.0,1,0
2020-08-12 15:00:00,1.0,3.0,302.0,10.0,-0.1,8,ete,15h-18h,0,1.0,1,0
2020-08-12 18:00:00,1.0,3.0,306.0,10.8,0.2,8,ete,18h-21h,0,1.0,0,0
2020-08-12 21:00:00,0.0,3.0,305.0,10.8,-0.8,8,ete,21h-24h,0,1.0,1,0
2020-08-13 00:00:00,1.0,4.0,298.0,8.8,0.9,8,ete,00h-03h,0,0.0,0,0
2020-08-13 03:00:00,1.0,4.0,293.0,6.8,-0.9,8,ete,03h-06h,0,1.0,1,0
2020-08-13 06:00:00,0.0,4.0,289.0,7.9,0.6,8,ete,06h-09h,0,1.0,0,0
2020-08-13 09:00:00,1.0,4.0,286.0,8.7,-1.0,8,ete,09h-12h,0,0.0,1,0
2020-08-13 12:00:00,1.0,4.0,287.0,8.4,-2.2,8,ete,12h-15h,0,1.0,1,0
2020-08-13 15:00:00,1.0,4.0,284.0,7.4,0.4,8,ete,15h-18h,0,1.0,0,0
2020-08-13 18:00:00,0.0,4.0,286.0,6.1,-1.5,8,ete,18h-21h,0,1.0,1,0
2020-08-13 21:00:00,1.0,4.0,295.0,8.4,-2.1,8,ete,21h-24h,0,0.0,1,0
2020-08-14 00:00:00,1.0,4.0,296.0,8.1,1.0,8,ete,00h-03h,0,1.0,0,0
2020-08-14 03:00:00,2.0,4.0,308.0,7.1,-2.8,8,ete,03h-06h,0,1.0,1,0
2020-08-14 06:00:00,1.0,4.0,309.0,6.6,-0.6,8,ete,06h-09h,0,2.0,1,0
2020-08-14 09:00:00,0.0,4.0,309.0,6.6,1.2,8,ete,09h-12h,0,1.0,0,0
2020-08-14 12:00:00,1.0,4.0,311.0,6.8,-2.1,8,ete,12h-15h,0,0.0,1,0
2020-08-14 15:00:00,1.0,4.0,308.0,7.9,-1.5,8,ete,15h-18h,0,1.0,1,0
2020-08-14 18:00:00,1.0,4.0,308.0,7.5,-3.3,8,ete,18h-21h,0,1.0,1,0
2020-08-14 21:00:00,1.0,4.0,300.0,6.1,-0.9,8,ete,21h-24h,0,1.0,1,0
2020-08-15 00:00:00,0.0,3.0,304.0,6.6,-0.8,8,ete,00h-03h,0,1.0,1,0
2020-08-15 03:00:00,0.0,3.0,308.0,7.0,1.1,8,ete,03h-06h,0,0.0,0,0
2020-08-15 06:00:00,1.0,3.0,298.0,8.8,-1.9,8,ete,06h-09h,0,0.0,1,0
2020-08-15 09:00:00,1.0,3.0,296.0,9.7,2.3,8,ete,09h-12h,0,1.0,0,0
2020-08-15 12:00:00,1.0,3.0,297.0,10.1,3.8,8,ete,12h-15h,0,1.0,0,0
2020-08-15 15:00:00,0.0,3.0,287.0,7.9,-1.6,8,ete,15h-18h,0,1.0,1,0
2020-08-15 18:00:00,1.0,3.0,280.0,6.8,-3.2,8,ete,18h-21h,0,0.0,1,0
2020-08-15 21:00:00,1.0,3.0,297.0,9.2,1.2,8,ete,21h-24h,0,1.0,0,0
2020-08-16 00:00:00,1.0,4.0,278.0,7.0,-2.5,8,ete,00h-03h,0,1.0,1,0
2020-08-16 03:00:00,2.0,4.0,277.0,5.8,-2.7,8,ete,03h-06h,0,1.0,1,0
2020-08-16 06:00:00,1.0,4.0,314.0,10.4,-1.8,8,ete,06h-09h,0,2.0,1,0
2020-08-16 09:00:00,1.0,4.0,323.0,13.8,3.0,8,ete,09h-12h,0,1.0,0,0
2020-08-16 12:00:00,1.0,4.0,324.0,9.7,2.6,8,ete,12h-15h,0,1.0,0,0
2020-08-16 15:00:00,1.0,4.0,319.0,8.9,3.5,8,ete,15h-18h,0,1.0,0,0
2020-08-16 18:00:00,1.0,4.0,315.0,12.3,6.0,8,ete,18h-21h,0,1.0,0,0
2020-08-16 21:00:00,1.0,4.0,314.0,12.9,4.5,8,ete,21h-24h,0,1.0,0,0
2020-08-17 00:00:00,1.0,3.0,310.0,16.9,2.6,8,ete,00h-03h,0,1.0,0,0
2020-08-17 03:00:00,1.0,3.0,306.0,13.8,0.8,8,ete,03h-06h,0,1.0,0,0
2020-08-17 06:00:00,1.0,3.0,318.0,9.8,2.9,8,ete,06h-09h,0,1.0,0,0
2020-08-17 09:00:00,1.0,3.0,328.0,11.2,0.7,8,ete,09h-12h,0,1.0,0,0
2020-08-17 12:00:00,1.0,3.0,308.0,12.0,2.6,8,ete,12h-15h,0,1.0,0,0
2020-08-17 15:00:00,0.0,3.0,296.0,8.0,2.9,8,ete,15h-18h,0,1.0,0,0
2020-08-17 18:00:00,0.0,3.0,294.0,7.3,3.0,8,ete,18h-21h,0,0.0,0,0
2020-08-17 21:00:00,1.0,3.0,290.0,6.4,-0.0,8,ete,21h-24h,0,0.0,0,0
2020-08-18 00:00:00,2.0,7.0,292.0,7.2,-1.7,8,ete,00h-03h,0,1.0,1,0
2020-08-18 03:00:00,2.0,7.0,296.0,6.1,-0.8,8,ete,03h-06h,0,2.0,1,0
2020-08-18 06:00:00,2.0,7.0,325.0,11.7,-3.2,8,ete,06h-09h,0,2.0,1,0
2020-08-18 09:00:00,2.0,7.0,313.0,12.1,-0.1,8,ete,09h-12h,0,2.0,1,0
2020-08-18 12:00:00,2.0,7.0,320.0,14.5,-2.0,8,ete,12h-15h,0,2.0,1,0
2020-08-18 15:00:00,1.0,7.0,307.0,14.7,3.8,8,ete,15h-18h,0,2.0,0,0
2020-08-18 18:00:00,1.0,7.0,297.0,11.1,-0.6,8,ete,18h-21h,0,1.0,1,0
2020-08-18 21:00:00,3.0,7.0,316.0,6.9,-3.3,8,ete,21h-24h,0,1.0,1,0
2020-08-19 00:00:00,3.0,6.0,345.0,8.9,-3.2,8,ete,00h-03h,0,3.0,1,0
2020-08-19 03:00:00,2.0,6.0,350.0,7.2,-3.6,8,ete,03h-06h,0,3.0,1,0
2020-08-19 06:00:00,1.0,6.0,341.0,6.4,2.0,8,ete,06h-09h,0,2.0,0,0
2020-08-19 09:00:00,1.0,6.0,343.0,6.1,1.4,8,ete,09h-12h,0,1.0,0,0
2020-08-19 12:00:00,1.0,6.0,331.0,5.5,-0.1,8,ete,12h-15h,0,1.0,1,0
2020-08-19 15:00:00,1.0,6.0,328.0,4.1,0.1,8,ete,15h-18h,0,1.0,0,0
2020-08-19 18:00:00,1.0,6.0,327.0,5.9,-0.8,8,ete,18h-21h,0,1.0,1,0
2020-08-19 21:00:00,1.0,6.0,324.0,7.0,-0.1,8,ete,21h-24h,0,1.0,1,0
2020-08-20 00:00:00,1.0,3.0,319.0,6.3,-0.0,8,ete,00h-03h,0,1.0,0,0
2020-08-20 03:00:00,1.0,3.0,321.0,7.7,-0.5,8,ete,03h-06h,0,1.0,1,0
2020-08-20 06:00:00,0.0,3.0,319.0,10.1,0.3,8,ete,06h-09h,0,1.0,0,0
2020-08-20 09:00:00,1.0,3.0,315.0,12.2,-1.0,8,ete,09h-12h,0,0.0,1,0
2020-08-20 12:00:00,1.0,3.0,312.0,13.9,0.2,8,ete,12h-15h,0,1.0,0,0
2020-08-20 15:00:00,0.0,3.0,309.0,11.6,-0.8,8,ete,15h-18h,0,1.0,1,0
2020-08-20 18:00:00,1.0,3.0,298.0,9.6,-0.8,8,ete,18h-21h,0,0.0,1,0
2020-08-20 21:00:00,1.0,3.0,301.0,11.9,-0.5,8,ete,21h-24h,0,1.0,1,0
2020-08-21 00:00:00,1.0,4.0,305.0,9.8,-0.0,8,ete,00h-03h,0,1.0,0,0
2020-08-21 03:00:00,1.0,4.0,306.0,9.5,0.2,8,ete,03h-06h,0,1.0,0,0
2020-08-21 06:00:00,1.0,4.0,308.0,10.2,-0.3,8,ete,06h-09h,0,1.0,1,0
2020-08-21 09:00:00,1.0,4.0,323.0,10.2,-0.1,8,ete,09h-12h,0,1.0,1,0
2020-08-21 12:00:00,1.0,4.0,322.0,7.8,1.2,8,ete,12h-15h,0,1.0,0,0
2020-08-21 15:00:00,1.0,4.0,320.0,9.5,-0.5,8,ete,15h-18h,0,1.0,1,0
2020-08-21 18:00:00,2.0,4.0,318.0,10.0,-3.3,8,ete,18h-21h,0,1.0,1,0
2020-08-21 21:00:00,1.0,4.0,316.0,12.1,-3.8,8,ete,21h-24h,0,2.0,1,0
2020-08-22 00:00:00,1.0,8.0,341.0,7.8,2.2,8,ete,00h-03h,0,1.0,0,0
2020-08-22 03:00:00,2.0,8.0,345.0,7.1,-2.2,8,ete,03h-06h,0,1.0,1,0
2020-08-22 06:00:00,2.0,8.0,349.0,11.4,-4.7,8,ete,06h-09h,0,2.0,1,0
2020-08-22 09:00:00,2.0,8.0,352.0,19.0,2.9,8,ete,09h-12h,0,2.0,0,0
2020-08-22 12:00:00,2.0,8.0,347.0,10.3,1.0,8,ete,12h-15h,0,2.0,0,0
2020-08-22 15:00:00,2.0,8.0,342.0,8.9,-0.4,8,ete,15h-18h,0,2.0,1,0
2020-08-22 18:00:00,2.0,8.0,336.0,9.1,-4.6,8,ete,18h-21h,0,2.0,1,0
2020-08-22 21:00:00,3.0,8.0,350.0,12.5,-2.0,8,ete,21h-24h,0,2.0,1,0
2020-08-23 00:00:00,2.0,7.0,341.0,12.3,0.0,8,ete,00h-03h,0,3.0,0,0
2020-08-23 03:00:00,2.0,7.0,356.0,14.1,-1.7,8,ete,03h-06h,0,2.0,1,0
2020-08-23 06:00:00,2.0,7.0,358.0,9.5,2.0,8,ete,06h-09h,0,2.0,0,0
2020-08-23 09:00:00,2.0,7.0,381.0,5.0,3.4,8,ete,09h-12h,0,2.0,0,0
2020-08-23 12:00:00,2.0,7.0,369.0,3.9,-2.2,8,ete,12h-15h,0,2.0,1,0
2020-08-23 15:00:00,1.0,7.0,372.0,7.8,3.2,8,ete,15h-18h,0,2.0,0,0
2020-08-23 18:00:00,1.0,7.0,397.0,8.2,1.8,8,ete,18h-21h,0,1.0,0,0
2020-08-23 21:00:00,3.0,7.0,402.0,6.6,-1.5,8,ete,21h-24h,0,1.0,1,0
2020-08-24 00:00:00,1.0,3.0,395.0,6.3,1.3,8,ete,00h-03h,0,3.0,0,0
2020-08-24 03:00:00,1.0,3.0,403.0,5.5,-0.6,8,ete,03h-06h,0,1.0,1,0
2020-08-24 06:00:00,0.0,3.0,384.0,5.3,1.3,8,ete,06h-09h,0,1.0,0,0
2020-08-24 09:00:00,1.0,3.0,389.0,5.1,0.5,8,ete,09h-12h,0,0.0,0,0
2020-08-24 12:00:00,1.0,3.0,390.0,4.8,2.1,8,ete,12h-15h,0,1.0,0,0
2020-08-24 15:00:00,0.0,3.0,363.0,3.3,-0.4,8,ete,15h-18h,0,1.0,1,0
2020-08-24 18:00:00,0.0,3.0,372.0,4.9,0.4,8,ete,18h-21h,0,0.0,0,0
2020-08-24 21:00:00,0.0,3.0,357.0,5.7,0.8,8,ete,21h-24h,0,0.0,0,0
2020-08-25 00:00:00,1.0,4.0,359.0,6.5,1.6,8,ete,00h-03h,0,0.0,0,0
2020-08-25 03:00:00,1.0,4.0,369.0,10.3,2.0,8,ete,03h-06h,0,1.0,0,0
2020-08-25 06:00:00,1.0,4.0,356.0,15.7,0.6,8,ete,06h-09h,0,1.0,0,0
2020-08-25 09:00:00,1.0,4.0,354.0,14.6,0.1,8,ete,09h-12h,0,1.0,0,0
2020-08-25 12:00:00,1.0,4.0,337.0,11.1,3.6,8,ete,12h-15h,0,1.0,0,0
2020-08-25 15:00:00,1.0,4.0,346.0,14.0,1.8,8,ete,15h-18h,0,1.0,0,0
2020-08-25 18:00:00,1.0,4.0,361.0,12.2,1.1,8,ete,18h-21h,0,1.0,0,0
2020-08-25 21:00:00,1.0,4.0,366.0,11.3,-0.5,8,ete,21h-24h,0,1.0,1,0
2020-08-26 00:00:00,2.0,7.0,368.0,12.9,1.1,8,ete,00h-03h,0,1.0,0,0
2020-08-26 03:00:00,2.0,7.0,377.0,5.0,-1.0,8,ete,03h-06h,0,2.0,1,0
2020-08-26 06:00:00,1.0,7.0,409.0,3.6,1.3,8,ete,06h-09h,0,2.0,0,0
2020-08-26 09:00:00,2.0,7.0,422.0,4.0,-1.8,8,ete,09h-12h,0,1.0,1,0
2020-08-26 12:00:00,1.0,7.0,410.0,3.8,0.4,8,ete,12h-15h,0,2.0,0,0
2020-08-26 15:00:00,2.0,7.0,405.0,3.6,0.3,8,ete,15h-18h,0,1.0,0,0
2020-08-26 18:00:00,2.0,7.0,476.0,5.4,1.7,8,ete,18h-21h,0,2.0,0,0
2020-08-26 21:00:00,2.0,7.0,472.0,2.9,-2.1,8,ete,21h-24h,0,2.0,1,0
2020-08-27 00:00:00,3.0,8.0,419.0,3.8,-3.1,8,ete,00h-03h,0,2.0,1,0
2020-08-27 03:00:00,2.0,8.0,435.0,3.3,-0.7,8,ete,03h-06h,0,3.0,1,0
2020-08-27 06:00:00,2.0,8.0,396.0,2.5,-1.7,8,ete,06h-09h,0,2.0,1,0
2020-08-27 09:00:00,2.0,8.0,413.0,4.3,1.3,8,ete,09h-12h,0,2.0,0,0
2020-08-27 12:00:00,3.0,8.0,419.0,5.3,-5.0,8,ete,12h-15h,0,2.0,1,0
2020-08-27 15:00:00,1.0,8.0,415.0,5.6,0.0,8,ete,15h-18h,0,3.0,0,0
2020-08-27 18:00:00,1.0,8.0,406.0,4.7,-0.2,8,ete,18h-21h,0,1.0,1,0
2020-08-27 21:00:00,1.0,8.0,404.0,4.5,1.1,8,ete,21h-24h,0,1.0,0,0
2020-08-28 00:00:00,0.0,10.0,397.0,4.0,1.4,8,ete,00h-03h,0,1.0,0,0
2020-08-28 03:00:00,0.0,10.0,391.0,3.9,0.4,8,ete,03h-06h,0,0.0,0,0
2020-08-28 06:00:00,1.0,10.0,391.0,3.5,-1.1,8,ete,06h-09h,0,0.0,1,0
2020-08-28 09:00:00,2.0,10.0,385.0,4.4,2.7,8,ete,09h-12h,0,1.0,0,0
2020-08-28 12:00:00,2.0,10.0,421.0,4.4,-1.8,8,ete,12h-15h,0,2.0,1,0
2020-08-28 15:00:00,5.0,10.0,448.0,11.8,-5.3,8,ete,15h-18h,0,2.0,1,1
2020-08-28 18:00:00,2.0,10.0,483.0,8.2,0.9,8,ete,18h-21h,0,5.0,0,0
2020-08-28 21:00:00,3.0,10.0,463.0,5.4,-0.7,8,ete,21h-24h,0,2.0,1,0
2020-08-29 00:00:00,3.0,14.0,502.0,2.3,-1.3,8,ete,00h-03h,0,3.0,1,0
2020-08-29 03:00:00,3.0,14.0,471.0,2.5,-1.9,8,ete,03h-06h,0,3.0,1,0
2020-08-29 06:00:00,4.0,14.0,502.0,3.2,-3.9,8,ete,06h-09h,0,3.0,1,0
2020-08-29 09:00:00,3.0,14.0,492.0,3.0,-3.7,8,ete,09h-12h,0,4.0,1,0
2020-08-29 12:00:00,1.0,14.0,504.0,3.4,-1.3,8,ete,12h-15h,0,3.0,1,0
2020-08-29 15:00:00,2.0,14.0,502.0,4.3,1.0,8,ete,15h-18h,0,1.0,0,0
2020-08-29 18:00:00,3.0,14.0,488.0,4.3,-2.4,8,ete,18h-21h,0,2.0,1,0
2020-08-29 21:00:00,3.0,14.0,486.0,4.9,-2.5,8,ete,21h-24h,0,3.0,1,0
2020-08-30 00:00:00,2.0,9.0,484.0,4.8,-1.3,8,ete,00h-03h,0,3.0,1,0
2020-08-30 03:00:00,4.0,9.0,452.0,2.6,-2.9,8,ete,03h-06h,0,2.0,1,0
2020-08-30 06:00:00,2.0,9.0,439.0,2.5,-0.7,8,ete,06h-09h,0,4.0,1,0
2020-08-30 09:00:00,2.0,9.0,442.0,2.9,2.7,8,ete,09h-12h,0,2.0,0,0
2020-08-30 12:00:00,2.0,9.0,452.0,1.5,-1.7,8,ete,12h-15h,0,2.0,1,0
2020-08-30 15:00:00,2.0,9.0,492.0,2.6,-1.7,8,ete,15h-18h,0,2.0,1,0
2020-08-30 18:00:00,1.0,9.0,481.0,1.9,-1.2,8,ete,18h-21h,0,2.0,1,0
2020-08-30 21:00:00,3.0,9.0,436.0,2.2,-0.9,8,ete,21h-24h,0,1.0,1,0
2020-08-31 00:00:00,4.0,26.0,471.0,3.2,-3.9,8,ete,00h-03h,0,3.0,1,0
2020-08-31 03:00:00,5.0,26.0,493.0,4.2,-4.1,8,ete,03h-06h,0,4.0,1,1
2020-08-31 06:00:00,3.0,26.0,483.0,5.6,0.4,8,ete,06h-09h,0,5.0,0,0
2020-08-31 09:00:00,5.0,26.0,564.0,3.6,-1.2,8,ete,09h-12h,0,3.0,1,1
2020-08-31 12:00:00,4.0,26.0,609.0,4.1,-1.0,8,ete,12h-15h,0,5.0,1,0
2020-08-31 15:00:00,4.0,26.0,592.0,3.8,-3.3,8,ete,15h-18h,0,4.0,1,0
2020-08-31 18:00:00,4.0,26.0,560.0,,1.0,8,ete,18h-21h,0,4.0,0,0
2020-08-31 21:00:00,3.0,26.0,557.0,4.4,2.2,8,ete,21h-24h,0,4.0,0,0
2020-09-01 00:00:00,3.0,16.0,562.0,3.9,1.8,9,automne,00h-03h,0,3.0,0,0
2020-09-01 03:00:00,4.0,16.0,592.0,4.1,-3.3,9,automne,03h-06h,0,3.0,1,0
2020-09-01 06:00:00,3.0,16.0,623.0,3.7,-1.8,9,automne,06h-09h,0,4.0,1,0
2020-09-01 09:00:00,3.0,16.0,612.0,3.0,-1.0,9,automne,09h-12h,0,3.0,1,0
2020-09-01 12:00:00,3.0,16.0,606.0,1.8,-1.9,9,automne,12h-15h,0,3.0,1,0
2020-09-01 15:00:00,3.0,16.0,636.0,1.6,-3.5,9,automne,15h-18h,0,3.0,1,0
2020-09-01 18:00:00,2.0,16.0,621.0,1.6,-2.6,9,automne,18h-21h,0,3.0,1,0
2020-09-01 21:00:00,3.0,16.0,598.0,1.7,-1.9,9,automne,21h-24h,0,2.0,1,0
2020-09-02 00:00:00,3.0,9.0,533.0,2.9,-2.4,9,automne,00h-03h,0,3.0,1,0
2020-09-02 03:00:00,3.0,9.0,520.0,2.3,-1.1,9,automne,03h-06h,0,3.0,1,0
2020-09-02 06:00:00,3.0,9.0,513.0,2.9,-2.8,9,automne,06h-09h,0,3.0,1,0
2020-09-02 09:00:00,2.0,9.0,514.0,3.1,-2.6,9,automne,09h-12h,0,3.0,1,0
2020-09-02 12:00:00,2.0,9.0,518.0,2.8,-2.5,9,automne,12h-15h,0,2.0,1,0
2020-09-02 15:00:00,2.0,9.0,513.0,4.4,-0.3,9,automne,15h-18h,0,2.0,1,0
2020-09-02 18:00:00,1.0,9.0,504.0,4.4,-0.6,9,automne,18h-21h,0,2.0,1,0
2020-09-02 21:00:00,1.0,9.0,476.0,3.6,0.6,9,automne,21h-24h,0,1.0,0,0
2020-09-03 00:00:00,1.0,4.0,463.0,2.9,2.5,9,automne,00h-03h,0,1.0,0,0
2020-09-03 03:00:00,0.0,4.0,448.0,2.0,1.7,9,automne,03h-06h,0,1.0,0,0
2020-09-03 06:00:00,1.0,4.0,438.0,2.1,-0.7,9,automne,06h-09h,0,0.0,1,0
2020-09-03 09:00:00,1.0,4.0,430.0,2.6,0.4,9,automne,09h-12h,0,1.0,0,0
2020-09-03 12:00:00,1.0,4.0,437.0,3.2,2.4,9,automne,12h-15h,0,1.0,0,0
2020-09-03 15:00:00,1.0,4.0,421.0,3.5,2.0,9,automne,15h-18h,0,1.0,0,0
2020-09-03 18:00:00,0.0,4.0,424.0,3.9,1.7,9,automne,18h-21h,0,1.0,0,0
2020-09-03 21:00:00,2.0,4.0,419.0,3.4,0.8,9,automne,21h-24h,0,0.0,0,0
2020-09-04 00:00:00,3.0,8.0,432.0,3.0,-3.1,9,automne,00h-03h,0,2.0,1,0
2020-09-04 03:00:00,1.0,8.0,432.0,3.3,-1.8,9,automne,03h-06h,0,3.0,1,0
2020-09-04 06:00:00,2.0,8.0,426.0,2.9,-0.5,9,automne,06h-09h,0,1.0,1,0
2020-09-04 09:00:00,3.0,8.0,430.0,3.2,-3.4,9,automne,09h-12h,0,2.0,1,0
2020-09-04 12:00:00,3.0,8.0,418.0,3.6,-3.0,9,automne,12h-15h,0,3.0,1,0
2020-09-04 15:00:00,2.0,8.0,405.0,4.4,-3.3,9,automne,15h-18h,0,3.0,1,0
2020-09-04 18:00:00,2.0,8.0,401.0,3.8,-2.1,9,automne,18h-21h,0,2.0,1,0
2020-09-04 21:00:00,1.0,8.0,398.0,4.0,-0.7,9,automne,21h-24h,0,2.0,1,0
2020-09-05 00:00:00,2.0,6.0,406.0,3.7,-2.3,9,automne,00h-03h,0,1.0,1,0
2020-09-05 03:00:00,2.0,6.0,395.0,3.1,-0.3,9,automne,03h-06h,0,2.0,1,0
2020-09-05 06:00:00,2.0,6.0,402.0,3.9,-1.6,9,automne,06h-09h,0,2.0,1,0
2020-09-05 09:00:00,2.0,6.0,402.0,4.4,-1.7,9,automne,09h-12h,0,2.0,1,0
2020-09-05 12:00:00,2.0,6.0,407.0,4.9,0.4,9,automne,12h-15h,0,2.0,0,0
2020-09-05 15:00:00,1.0,6.0,405.0,5.0,0.7,9,automne,15h-18h,0,2.0,0,0
2020-09-05 18:00:00,1.0,6.0,418.0,4.6,0.7,9,automne,18h-21h,0,1.0,0,0
2020-09-05 21:00:00,0.0,6.0,416.0,3.3,2.2,9,automne,21h-24h,0,1.0,0,0
2020-09-06 00:00:00,2.0,4.0,418.0,3.0,-0.8,9,automne,00h-03h,0,0.0,1,0
2020-09-06 03:00:00,1.0,4.0,412.0,2.7,1.4,9,automne,03h-06h,0,2.0,0,0
2020-09-06 06:00:00,0.0,4.0,404.0,2.6,1.7,9,automne,06h-09h,0,1.0,0,0
2020-09-06 09:00:00,1.0,4.0,390.0,2.7,-0.7,9,automne,09h-12h,0,0.0,1,0
2020-09-06 12:00:00,1.0,4.0,367.0,2.7,0.8,9,automne,12h-15h,0,1.0,0,0
2020-09-06 15:00:00,1.0,4.0,358.0,2.7,-0.6,9,automne,15h-18h,0,1.0,1,0
2020-09-06 18:00:00,1.0,4.0,361.0,3.6,-0.6,9,automne,18h-21h,0,1.0,1,0
2020-09-06 21:00:00,1.0,4.0,346.0,2.8,-1.3,9,automne,21h-24h,0,1.0,1,0
2020-09-07 00:00:00,1.0,4.0,348.0,3.6,-0.7,9,automne,00h-03h,0,1.0,1,0
2020-09-07 03:00:00,1.0,4.0,377.0,5.3,-1.7,9,automne,03h-06h,0,1.0,1,0
2020-09-07 06:00:00,1.0,4.0,356.0,4.0,-0.7,9,automne,06h-09h,0,1.0,1,0
2020-09-07 09:00:00,1.0,4.0,376.0,5.0,-2.5,9,automne,09h-12h,0,1.0,1,0
2020-09-07 12:00:00,1.0,4.0,368.0,5.3,-2.1,9,automne,12h-15h,0,1.0,1,0
2020-09-07 15:00:00,1.0,4.0,374.0,5.8,-1.6,9,automne,15h-18h,0,1.0,1,0
2020-09-07 18:00:00,0.0,4.0,352.0,5.3,0.6,9,automne,18h-21h,0,1.0,0,0
2020-09-07 21:00:00,0.0,4.0,341.0,4.8,0.8,9,automne,21h-24h,0,0.0,0,0
2020-09-08 00:00:00,1.0,4.0,333.0,5.2,0.7,9,automne,00h-03h,0,0.0,0,0
2020-09-08 03:00:00,1.0,4.0,325.0,4.9,-1.1,9,automne,03h-06h,0,1.0,1,0
2020-09-08 06:00:00,1.0,4.0,318.0,4.8,-0.7,9,automne,06h-09h,0,1.0,1,0
2020-09-08 09:00:00,1.0,4.0,320.0,5.8,0.7,9,automne,09h-12h,0,1.0,0,0
2020-09-08 12:00:00,1.0,4.0,318.0,7.5,0.2,9,automne,12h-15h,0,1.0,0,0
2020-09-08 15:00:00,1.0,4.0,322.0,7.2,-3.1,9,automne,15h-18h,0,1.0,1,0
2020-09-08 18:00:00,1.0,4.0,317.0,9.4,-0.5,9,automne,18h-21h,0,1.0,1,0
2020-09-08 21:00:00,0.0,4.0,310.0,11.0,0.8,9,automne,21h-24h,0,1.0,0,0
2020-09-09 00:00:00,1.0,1.0,309.0,10.0,-0.1,9,automne,00h-03h,0,0.0,1,0
2020-09-09 03:00:00,0.0,1.0,309.0,8.9,0.1,9,automne,03h-06h,0,1.0,0,0
2020-09-09 06:00:00,0.0,1.0,313.0,6.6,2.4,9,automne,06h-09h,0,0.0,0,0
2020-09-09 09:00:00,0.0,1.0,310.0,6.9,1.3,9,automne,09h-12h,0,0.0,0,0
2020-09-09 12:00:00,0.0,1.0,297.0,6.6,1.8,9,automne,12h-15h,0,0.0,0,0
2020-09-09 15:00:00,0.0,1.0,302.0,6.3,1.7,9,automne,15h-18h,0,0.0,0,0
2020-09-09 18:00:00,0.0,1.0,295.0,6.5,2.8,9,automne,18h-21h,0,0.0,0,0
2020-09-09 21:00:00,0.0,1.0,291.0,5.6,1.1,9,automne,21h-24h,0,0.0,0,0
2020-09-10 00:00:00,0.0,2.0,279.0,4.8,0.3,9,automne,00h-03h,0,0.0,0,0
2020-09-10 03:00:00,0.0,2.0,279.0,5.9,-0.2,9,automne,03h-06h,0,0.0,1,0
2020-09-10 06:00:00,0.0,2.0,276.0,4.8,-1.0,9,automne,06h-09h,0,0.0,1,0
2020-09-10 09:00:00,0.0,2.0,287.0,5.2,0.7,9,automne,09h-12h,0,0.0,0,0
2020-09-10 12:00:00,0.0,2.0,293.0,6.1,2.7,9,automne,12h-15h,0,0.0,0,0
2020-09-10 15:00:00,0.0,2.0,304.0,6.7,2.6,9,automne,15h-18h,0,0.0,0,0
2020-09-10 18:00:00,1.0,2.0,290.0,7.9,-2.0,9,automne,18h-21h,0,0.0,1,0
2020-09-10 21:00:00,1.0,2.0,294.0,11.8,0.6,9,automne,21h-24h,0,1.0,0,0
2020-09-11 00:00:00,1.0,3.0,296.0,13.2,1.8,9,automne,00h-03h,0,1.0,0,0
2020-09-11 03:00:00,0.0,3.0,291.0,13.3,2.9,9,automne,03h-06h,0,1.0,0,0
2020-09-11 06:00:00,1.0,3.0,283.0,12.4,-1.2,9,automne,06h-09h,0,0.0,1,0
2020-09-11 09:00:00,0.0,3.0,281.0,11.5,-1.6,9,automne,09h-12h,0,1.0,1,0
2020-09-11 12:00:00,0.0,3.0,275.0,10.5,-2.2,9,automne,12h-15h,0,0.0,1,0
2020-09-11 15:00:00,1.0,3.0,284.0,11.6,0.1,9,automne,15h-18h,0,0.0,0,0
2020-09-11 18:00:00,1.0,3.0,313.0,11.7,-2.2,9,automne,18h-21h,0,1.0,1,0
2020-09-11 21:00:00,1.0,3.0,315.0,10.6,-2.4,9,automne,21h-24h,0,1.0,1,0
2020-09-12 00:00:00,2.0,5.0,314.0,10.3,-1.3,9,automne,00h-03h,0,1.0,1,0
2020-09-12 03:00:00,2.0,5.0,309.0,11.3,-1.1,9,automne,03h-06h,0,2.0,1,0
2020-09-12 06:00:00,3.0,5.0,306.0,12.9,-1.9,9,automne,06h-09h,0,2.0,1,0
2020-09-12 09:00:00,2.0,5.0,324.0,12.1,-2.5,9,automne,09h-12h,0,3.0,1,0
2020-09-12 12:00:00,0.0,5.0,328.0,9.5,2.8,9,automne,12h-15h,0,2.0,0,0
2020-09-12 15:00:00,1.0,5.0,333.0,8.0,0.3,9,automne,15h-18h,0,0.0,0,0
2020-09-12 18:00:00,1.0,5.0,328.0,7.5,-1.2,9,automne,18h-21h,0,1.0,1,0
2020-09-12 21:00:00,1.0,5.0,339.0,6.9,-1.3,9,automne,21h-24h,0,1.0,1,0
2020-09-13 00:00:00,1.0,6.0,339.0,6.5,-1.0,9,automne,00h-03h,0,1.0,1,0
2020-09-13 03:00:00,2.0,6.0,337.0,6.1,0.2,9,automne,03h-06h,0,1.0,0,0
2020-09-13 06:00:00,2.0,6.0,321.0,5.6,-3.3,9,automne,06h-09h,0,2.0,1,0
2020-09-13 09:00:00,1.0,6.0,314.0,6.2,-1.3,9,automne,09h-12h,0,2.0,1,0
2020-09-13 12:00:00,0.0,6.0,325.0,9.3,-1.6,9,automne,12h-15h,0,1.0,1,0
2020-09-13 15:00:00,2.0,6.0,325.0,12.2,-0.3,9,automne,15h-18h,0,0.0,1,0
2020-09-13 18:00:00,1.0,6.0,326.0,18.1,0.8,9,automne,18h-21h,0,2.0,0,0
2020-09-13 21:00:00,3.0,6.0,336.0,22.8,-1.4,9,automne,21h-24h,0,1.0,1,0
2020-09-14 00:00:00,3.0,11.0,334.0,26.4,-3.8,9,automne,00h-03h,0,3.0,1,0
2020-09-14 03:00:00,3.0,11.0,334.0,17.9,-5.3,9,automne,03h-06h,0,3.0,1,0
2020-09-14 06:00:00,3.0,11.0,332.0,11.1,1.2,9,automne,06h-09h,0,3.0,0,0
2020-09-14 09:00:00,3.0,11.0,336.0,9.0,6.0,9,automne,09h-12h,0,3.0,0,0
2020-09-14 12:00:00,3.0,11.0,408.0,9.5,5.4,9,automne,12h-15h,0,3.0,0,0
2020-09-14 15:00:00,1.0,11.0,430.0,6.3,3.3,9,automne,15h-18h,0,3.0,0,0
2020-09-14 18:00:00,1.0,11.0,403.0,6.4,1.6,9,automne,18h-21h,0,1.0,0,0
2020-09-14 21:00:00,2.0,11.0,383.0,5.6,-1.2,9,automne,21h-24h,0,1.0,1,0
2020-09-15 00:00:00,3.0,7.0,373.0,3.5,-1.6,9,automne,00h-03h,0,2.0,1,0
2020-09-15 03:00:00,3.0,7.0,351.0,4.6,-1.8,9,automne,03h-06h,0,3.0,1,0
2020-09-15 06:00:00,2.0,7.0,374.0,5.4,-1.9,9,automne,06h-09h,0,3.0,1,0
2020-09-15 09:00:00,2.0,7.0,383.0,5.9,-3.6,9,automne,09h-12h,0,2.0,1,0
2020-09-15 12:00:00,1.0,7.0,363.0,4.4,2.2,9,automne,12h-15h,0,2.0,0,0
2020-09-15 15:00:00,1.0,7.0,370.0,3.8,-0.3,9,automne,15h-18h,0,1.0,1,0
2020-09-15 18:00:00,1.0,7.0,370.0,5.3,-0.4,9,automne,18h-21h,0,1.0,1,0
2020-09-15 21:00:00,1.0,7.0,358.0,5.5,-0.8,9,automne,21h-24h,0,1.0,1,0
2020-09-16 00:00:00,0.0,3.0,352.0,4.5,1.2,9,automne,00h-03h,0,1.0,0,0
2020-09-16 03:00:00,1.0,3.0,350.0,4.0,0.4,9,automne,03h-06h,0,0.0,0,0
2020-09-16 06:00:00,1.0,3.0,347.0,4.3,-0.6,9,automne,06h-09h,0,1.0,1,0
2020-09-16 09:00:00,1.0,3.0,327.0,5.4,-0.6,9,automne,09h-12h,0,1.0,1,0
2020-09-16 12:00:00,0.0,3.0,322.0,6.2,-1.5,9,automne,12h-15h,0,1.0,1,0
2020-09-16 15:00:00,1.0,3.0,319.0,8.2,-0.3,9,automne,15h-18h,0,0.0,1,0
2020-09-16 18:00:00,1.0,3.0,313.0,10.7,-1.0,9,automne,18h-21h,0,1.0,1,0
2020-09-16 21:00:00,0.0,3.0,313.0,6.9,-0.2,9,automne,21h-24h,0,1.0,1,0
2020-09-17 00:00:00,1.0,4.0,308.0,5.5,2.4,9,automne,00h-03h,0,0.0,0,0
2020-09-17 03:00:00,1.0,4.0,329.0,10.8,0.5,9,automne,03h-06h,0,1.0,0,0
2020-09-17 06:00:00,2.0,4.0,330.0,11.4,-4.3,9,automne,06h-09h,0,1.0,1,0
2020-09-17 09:00:00,1.0,4.0,317.0,7.9,-1.2,9,automne,09h-12h,0,2.0,1,0
2020-09-17 12:00:00,1.0,4.0,310.0,6.9,-0.4,9,automne,12h-15h,0,1.0,1,0
2020-09-17 15:00:00,0.0,4.0,301.0,7.3,0.8,9,automne,15h-18h,0,1.0,0,0
2020-09-17 18:00:00,0.0,4.0,302.0,6.4,-0.7,9,automne,18h-21h,0,0.0,1,0
2020-09-17 21:00:00,1.0,4.0,321.0,9.1,-1.5,9,automne,21h-24h,0,0.0,1,0
2020-09-18 00:00:00,1.0,5.0,307.0,10.2,-1.5,9,automne,00h-03h,0,1.0,1,0
2020-09-18 03:00:00,0.0,5.0,303.0,10.4,-0.7,9,automne,03h-06h,0,1.0,1,0
2020-09-18 06:00:00,0.0,5.0,296.0,9.6,0.8,9,automne,06h-09h,0,0.0,0,0
2020-09-18 09:00:00,1.0,5.0,302.0,9.6,-0.3,9,automne,09h-12h,0,0.0,1,0
2020-09-18 12:00:00,2.0,5.0,291.0,9.8,-0.6,9,automne,12h-15h,0,1.0,1,0
2020-09-18 15:00:00,3.0,5.0,307.0,24.3,-0.7,9,automne,15h-18h,0,2.0,1,0
2020-09-18 18:00:00,1.0,5.0,308.0,21.3,2.9,9,automne,18h-21h,0,3.0,0,0
2020-09-18 21:00:00,0.0,5.0,313.0,8.4,3.9,9,automne,21h-24h,0,1.0,0,0
2020-09-19 00:00:00,0.0,3.0,313.0,7.9,1.0,9,automne,00h-03h,0,0.0,0,0
2020-09-19 03:00:00,2.0,3.0,315.0,6.2,-0.3,9,automne,03h-06h,0,0.0,1,0
2020-09-19 06:00:00,1.0,3.0,312.0,5.1,-2.5,9,automne,06h-09h,0,2.0,1,0
2020-09-19 09:00:00,0.0,3.0,318.0,5.5,0.3,9,automne,09h-12h,0,1.0,0,0
2020-09-19 12:00:00,0.0,3.0,316.0,3.8,-2.4,9,automne,12h-15h,0,0.0,1,0
2020-09-19 15:00:00,1.0,3.0,311.0,6.0,-0.1,9,automne,15h-18h,0,0.0,1,0
2020-09-19 18:00:00,1.0,3.0,288.0,4.6,-1.8,9,automne,18h-21h,0,1.0,1,0
2020-09-19 21:00:00,0.0,3.0,282.0,5.7,0.3,9,automne,21h-24h,0,1.0,0,0
2020-09-20 00:00:00,0.0,4.0,288.0,4.6,0.2,9,automne,00h-03h,0,0.0,0,0
2020-09-20 03:00:00,0.0,4.0,280.0,4.3,0.3,9,automne,03h-06h,0,0.0,0,0
2020-09-20 06:00:00,0.0,4.0,294.0,8.2,0.0,9,automne,06h-09h,0,0.0,0,0
2020-09-20 09:00:00,2.0,4.0,284.0,9.1,-0.2,9,automne,09h-12h,0,0.0,1,0
2020-09-20 12:00:00,2.0,4.0,298.0,9.1,0.2,9,automne,12h-15h,0,2.0,0,0
2020-09-20 15:00:00,1.0,4.0,293.0,7.7,-3.1,9,automne,15h-18h,0,2.0,1,0
2020-09-20 18:00:00,1.0,4.0,290.0,9.5,-0.6,9,automne,18h-21h,0,1.0,1,0
2020-09-20 21:00:00,2.0,4.0,302.0,7.5,0.6,9,automne,21h-24h,0,1.0,0,0
2020-09-21 00:00:00,1.0,3.0,318.0,13.7,3.4,9,automne,00h-03h,0,2.0,0,0
2020-09-21 03:00:00,0.0,3.0,310.0,12.8,6.0,9,automne,03h-06h,0,1.0,0,0
2020-09-21 06:00:00,0.0,3.0,303.0,11.4,4.4,9,automne,06h-09h,0,0.0,0,0
2020-09-21 09:00:00,1.0,3.0,293.0,12.3,4.2,9,automne,09h-12h,0,0.0,0,0
2020-09-21 12:00:00,0.0,3.0,286.0,9.3,2.0,9,automne,12h-15h,0,1.0,0,0
2020-09-21 15:00:00,1.0,3.0,298.0,10.6,4.9,9,automne,15h-18h,0,0.0,0,0
2020-09-21 18:00:00,1.0,3.0,304.0,16.7,1.3,9,automne,18h-21h,0,1.0,0,0
2020-09-21 21:00:00,1.0,3.0,292.0,17.7,2.4,9,automne,21h-24h,0,1.0,0,0
2020-09-22 00:00:00,2.0,6.0,320.0,14.0,-1.4,9,automne,00h-03h,0,1.0,1,0
2020-09-22 03:00:00,3.0,6.0,318.0,16.8,2.9,9,automne,03h-06h,0,2.0,0,0
2020-09-22 06:00:00,2.0,6.0,310.0,7.9,-4.1,9,automne,06h-09h,0,3.0,1,0
2020-09-22 09:00:00,2.0,6.0,326.0,8.3,-3.5,9,automne,09h-12h,0,2.0,1,0
2020-09-22 12:00:00,1.0,6.0,328.0,7.3,-1.7,9,automne,12h-15h,0,2.0,1,0
2020-09-22 15:00:00,1.0,6.0,317.0,6.6,-0.2,9,automne,15h-18h,0,1.0,1,0
2020-09-22 18:00:00,1.0,6.0,325.0,5.9,0.1,9,automne,18h-21h,0,1.0,0,0
2020-09-22 21:00:00,1.0,6.0,335.0,5.5,1.7,9,automne,21h-24h,0,1.0,0,0
2020-09-23 00:00:00,2.0,11.0,331.0,5.1,-2.0,9,automne,00h-03h,0,1.0,1,0
2020-09-23 03:00:00,1.0,11.0,343.0,5.2,2.8,9,automne,03h-06h,0,2.0,0,0
2020-09-23 06:00:00,2.0,11.0,363.0,10.9,-0.3,9,automne,06h-09h,0,1.0,1,0
2020-09-23 09:00:00,2.0,11.0,357.0,11.8,-4.0,9,automne,09h-12h,0,2.0,1,0
2020-09-23 12:00:00,4.0,11.0,372.0,12.7,-3.3,9,automne,12h-15h,0,2.0,1,0
2020-09-23 15:00:00,2.0,11.0,356.0,12.2,-4.0,9,automne,15h-18h,0,4.0,1,0
2020-09-23 18:00:00,4.0,11.0,384.0,12.0,-1.6,9,automne,18h-21h,0,2.0,1,0
2020-09-23 21:00:00,3.0,11.0,402.0,8.5,-1.4,9,automne,21h-24h,0,4.0,1,0
2020-09-24 00:00:00,3.0,19.0,409.0,7.4,-0.8,9,automne,00h-03h,0,3.0,1,0
2020-09-24 03:00:00,4.0,19.0,420.0,14.2,1.2,9,automne,03h-06h,0,3.0,0,0
2020-09-24 06:00:00,5.0,19.0,505.0,6.0,-3.4,9,automne,06h-09h,0,4.0,1,1
2020-09-24 09:00:00,4.0,19.0,515.0,5.3,-1.6,9,automne,09h-12h,0,5.0,1,0
2020-09-24 12:00:00,3.0,19.0,486.0,3.1,-2.2,9,automne,12h-15h,0,4.0,1,0
2020-09-24 15:00:00,3.0,19.0,485.0,3.0,-3.1,9,automne,15h-18h,0,3.0,1,0
2020-09-24 18:00:00,1.0,19.0,450.0,2.5,-0.3,9,automne,18h-21h,0,3.0,1,0
2020-09-24 21:00:00,1.0,19.0,451.0,2.9,0.2,9,automne,21h-24h,0,1.0,0,0
2020-09-25 00:00:00,3.0,20.0,496.0,3.8,0.9,9,automne,00h-03h,0,1.0,0,0
2020-09-25 03:00:00,4.0,20.0,467.0,3.1,-0.8,9,automne,03h-06h,0,3.0,1,0
2020-09-25 06:00:00,3.0,20.0,480.0,1.6,0.6,9,automne,06h-09h,0,4.0,0,0
2020-09-25 09:00:00,3.0,20.0,532.0,2.6,-2.1,9,automne,09h-12h,0,3.0,1,0
2020-09-25 12:00:00,2.0,20.0,492.0,3.9,1.6,9,automne,12h-15h,0,3.0,0,0
2020-09-25 15:00:00,5.0,20.0,476.0,4.1,-3.9,9,automne,15h-18h,0,2.0,1,1
2020-09-25 18:00:00,3.0,20.0,491.0,4.0,-1.5,9,automne,18h-21h,0,5.0,1,0
2020-09-25 21:00:00,4.0,20.0,482.0,3.9,-5.0,9,automne,21h-24h,0,3.0,1,0
2020-09-26 00:00:00,4.0,27.0,515.0,3.3,-4.0,9,automne,00h-03h,0,4.0,1,0
2020-09-26 03:00:00,5.0,27.0,504.0,3.5,-2.7,9,automne,03h-06h,0,4.0,1,1
2020-09-26 06:00:00,4.0,27.0,498.0,6.6,-3.7,9,automne,06h-09h,0,5.0,1,0
2020-09-26 09:00:00,4.0,27.0,546.0,5.5,-1.2,9,automne,09h-12h,0,4.0,1,0
2020-09-26 12:00:00,5.0,27.0,541.0,4.9,-2.4,9,automne,12h-15h,0,4.0,1,1
2020-09-26 15:00:00,3.0,27.0,587.0,5.9,-2.8,9,automne,15h-18h,0,5.0,1,0
2020-09-26 18:00:00,2.0,27.0,597.0,2.4,1.3,9,automne,18h-21h,0,3.0,0,0
2020-09-26 21:00:00,3.0,27.0,573.0,1.6,-1.8,9,automne,21h-24h,0,2.0,1,0
2020-09-27 00:00:00,2.0,24.0,541.0,1.5,-0.4,9,automne,00h-03h,0,3.0,1,0
2020-09-27 03:00:00,4.0,24.0,571.0,1.7,-3.5,9,automne,03h-06h,0,2.0,1,0
2020-09-27 06:00:00,2.0,24.0,506.0,1.1,-0.5,9,automne,06h-09h,0,4.0,1,0
2020-09-27 09:00:00,2.0,24.0,492.0,1.1,-0.6,9,automne,09h-12h,0,2.0,1,0
2020-09-27 12:00:00,2.0,24.0,480.0,1.1,-1.8,9,automne,12h-15h,0,2.0,1,0
2020-09-27 15:00:00,3.0,24.0,484.0,2.6,-3.6,9,automne,15h-18h,0,2.0,1,0
2020-09-27 18:00:00,5.0,24.0,534.0,8.5,-1.6,9,automne,18h-21h,0,3.0,1,1
2020-09-27 21:00:00,6.0,24.0,624.0,6.6,-1.7,9,automne,21h-24h,0,5.0,1,1
2020-09-28 00:00:00,5.0,33.0,645.0,4.5,-1.4,9,automne,00h-03h,0,6.0,1,1
2020-09-28 03:00:00,5.0,33.0,646.0,3.8,-3.4,9,automne,03h-06h,0,5.0,1,1
2020-09-28 06:00:00,4.0,33.0,657.0,2.8,-3.0,9,automne,06h-09h,0,5.0,1,0
2020-09-28 09:00:00,4.0,33.0,631.0,2.8,-2.1,9,automne,09h-12h,0,4.0,1,0
2020-09-28 12:00:00,4.0,33.0,611.0,2.8,-2.5,9,automne,12h-15h,0,4.0,1,0
2020-09-28 15:00:00,4.0,33.0,617.0,2.8,-3.7,9,automne,15h-18h,0,4.0,1,0
2020-09-28 18:00:00,4.0,33.0,597.0,3.2,-1.4,9,automne,18h-21h,0,4.0,1,0
2020-09-28 21:00:00,5.0,33.0,607.0,4.1,-2.9,9,automne,21h-24h,0,4.0,1,1
2020-10-01 00:00:00,3.0,11.0,597.0,2.0,0.3,10,automne,00h-03h,0,5.0,0,0
2020-10-01 03:00:00,2.0,11.0,565.0,1.7,0.6,10,automne,03h-06h,0,3.0,0,0
2020-10-01 06:00:00,2.0,11.0,537.0,1.4,0.2,10,automne,06h-09h,0,2.0,0,0
2020-10-01 09:00:00,4.0,11.0,550.0,2.2,-1.8,10,automne,09h-12h,0,2.0,1,0
2020-10-01 12:00:00,3.0,11.0,548.0,2.6,-1.5,10,automne,12h-15h,0,4.0,1,0
2020-10-01 15:00:00,3.0,11.0,531.0,2.6,-1.2,10,automne,15h-18h,0,3.0,1,0
2020-10-01 18:00:00,2.0,11.0,532.0,2.3,-1.2,10,automne,18h-21h,0,3.0,1,0
2020-10-01 21:00:00,2.0,11.0,521.0,2.1,-0.2,10,automne,21h-24h,0,2.0,1,0
2020-10-02 00:00:00,2.0,9.0,500.0,1.9,-1.4,10,automne,00h-03h,0,2.0,1,0
2020-10-02 03:00:00,3.0,9.0,511.0,2.0,-0.8,10,automne,03h-06h,0,2.0,1,0
2020-10-02 06:00:00,2.0,9.0,500.0,2.0,-0.2,10,automne,06h-09h,0,3.0,1,0
2020-10-02 09:00:00,3.0,9.0,519.0,2.2,-2.4,10,automne,09h-12h,0,2.0,1,0
2020-10-02 12:00:00,3.0,9.0,501.0,2.3,-0.5,10,automne,12h-15h,0,3.0,1,0
2020-10-02 15:00:00,2.0,9.0,503.0,2.4,-2.5,10,automne,15h-18h,0,3.0,1,0
2020-10-02 18:00:00,2.0,9.0,481.0,2.3,-1.9,10,automne,18h-21h,0,2.0,1,0
2020-10-02 21:00:00,2.0,9.0,466.0,2.3,-1.7,10,automne,21h-24h,0,2.0,1,0
2020-10-03 00:00:00,2.0,6.0,469.0,2.4,-1.2,10,automne,00h-03h,0,2.0,1,0
2020-10-03 03:00:00,2.0,6.0,462.0,1.9,-0.1,10,automne,03h-06h,0,2.0,1,0
2020-10-03 06:00:00,2.0,6.0,443.0,2.1,0.5,10,automne,06h-09h,0,2.0,0,0
2020-10-03 09:00:00,2.0,6.0,437.0,2.0,-0.7,10,automne,09h-12h,0,2.0,1,0
2020-10-03 12:00:00,1.0,6.0,421.0,1.9,-0.3,10,automne,12h-15h,0,2.0,1,0
2020-10-03 15:00:00,1.0,6.0,409.0,2.1,-1.7,10,automne,15h-18h,0,1.0,1,0
2020-10-03 18:00:00,1.0,6.0,400.0,2.5,1.1,10,automne,18h-21h,0,1.0,0,0
2020-10-03 21:00:00,1.0,6.0,402.0,2.5,-1.1,10,automne,21h-24h,0,1.0,1,0
2020-10-04 00:00:00,1.0,4.0,382.0,2.2,-0.2,10,automne,00h-03h,0,1.0,1,0
2020-10-04 03:00:00,2.0,4.0,370.0,1.8,-1.6,10,automne,03h-06h,0,1.0,1,0
2020-10-04 06:00:00,1.0,4.0,371.0,2.7,0.1,10,automne,06h-09h,0,2.0,0,0
2020-10-04 09:00:00,1.0,4.0,373.0,2.9,-0.2,10,automne,09h-12h,0,1.0,1,0
2020-10-04 12:00:00,1.0,4.0,371.0,2.9,-0.8,10,automne,12h-15h,0,1.0,1,0
2020-10-04 15:00:00,1.0,4.0,378.0,3.0,-1.3,10,automne,15h-18h,0,1.0,1,0
2020-10-04 18:00:00,0.0,4.0,352.0,3.2,-0.9,10,automne,18h-21h,0,1.0,1,0
2020-10-04 21:00:00,1.0,4.0,343.0,2.9,-1.7,10,automne,21h-24h,0,0.0,1,0
2020-10-05 00:00:00,0.0,8.0,340.0,3.1,0.5,10,automne,00h-03h,0,1.0,0,0
2020-10-05 03:00:00,1.0,8.0,329.0,3.4,0.0,10,automne,03h-06h,0,0.0,0,0
2020-10-05 06:00:00,1.0,8.0,326.0,3.5,-0.3,10,automne,06h-09h,0,1.0,1,0
2020-10-05 09:00:00,1.0,8.0,348.0,7.9,-0.9,10,automne,09h-12h,0,1.0,1,0
2020-10-05 12:00:00,2.0,8.0,347.0,10.8,0.1,10,automne,12h-15h,0,1.0,0,0
2020-10-05 15:00:00,3.0,8.0,365.0,13.2,-4.7,10,automne,15h-18h,0,2.0,1,0
2020-10-05 18:00:00,4.0,8.0,362.0,8.6,-7.0,10,automne,18h-21h,0,3.0,1,0
2020-10-05 21:00:00,2.0,8.0,363.0,5.5,-4.7,10,automne,21h-24h,0,4.0,1,0
2020-10-06 00:00:00,3.0,7.0,361.0,7.3,-0.3,10,automne,00h-03h,0,2.0,1,0
2020-10-06 03:00:00,4.0,7.0,350.0,8.0,-1.2,10,automne,03h-06h,0,3.0,1,0
2020-10-06 06:00:00,2.0,7.0,338.0,11.1,-0.3,10,automne,06h-09h,0,4.0,1,0
2020-10-06 09:00:00,1.0,7.0,332.0,13.2,5.7,10,automne,09h-12h,0,2.0,0,0
2020-10-06 12:00:00,1.0,7.0,330.0,14.4,4.6,10,automne,12h-15h,0,1.0,0,0
2020-10-06 15:00:00,1.0,7.0,343.0,10.8,3.6,10,automne,15h-18h,0,1.0,0,0
2020-10-06 18:00:00,1.0,7.0,336.0,22.3,1.5,10,automne,18h-21h,0,1.0,0,0
2020-10-06 21:00:00,1.0,7.0,331.0,24.4,2.9,10,automne,21h-24h,0,1.0,0,0
2020-10-07 00:00:00,1.0,5.0,328.0,24.6,3.7,10,automne,00h-03h,0,1.0,0,0
2020-10-07 03:00:00,1.0,5.0,324.0,21.2,1.8,10,automne,03h-06h,0,1.0,0,0
2020-10-07 06:00:00,1.0,5.0,326.0,14.8,4.1,10,automne,06h-09h,0,1.0,0,0
2020-10-07 09:00:00,1.0,5.0,338.0,26.8,2.3,10,automne,09h-12h,0,1.0,0,0
2020-10-07 12:00:00,2.0,5.0,361.0,22.4,3.8,10,automne,12h-15h,0,1.0,0,0
2020-10-07 15:00:00,2.0,5.0,351.0,11.1,0.4,10,automne,15h-18h,0,2.0,0,0
2020-10-07 18:00:00,1.0,5.0,377.0,7.4,4.8,10,automne,18h-21h,0,2.0,0,0
2020-10-07 21:00:00,1.0,5.0,386.0,6.3,0.3,10,automne,21h-24h,0,1.0,0,0
2020-10-08 00:00:00,1.0,3.0,396.0,5.0,-0.2,10,automne,00h-03h,0,1.0,1,0
2020-10-08 03:00:00,1.0,3.0,388.0,4.0,-0.2,10,automne,03h-06h,0,1.0,1,0
2020-10-08 06:00:00,1.0,3.0,387.0,4.4,1.2,10,automne,06h-09h,0,1.0,0,0
2020-10-08 09:00:00,0.0,3.0,371.0,4.2,1.2,10,automne,09h-12h,0,1.0,0,0
2020-10-08 12:00:00,1.0,3.0,354.0,3.9,0.3,10,automne,12h-15h,0,0.0,0,0
2020-10-08 15:00:00,0.0,3.0,365.0,4.2,0.1,10,automne,15h-18h,0,1.0,0,0
2020-10-08 18:00:00,0.0,3.0,337.0,4.9,-0.4,10,automne,18h-21h,0,0.0,1,0
2020-10-08 21:00:00,1.0,3.0,325.0,5.1,0.2,10,automne,21h-24h,0,0.0,0,0
2020-10-09 00:00:00,1.0,2.0,312.0,5.1,-0.8,10,automne,00h-03h,0,1.0,1,0
2020-10-09 03:00:00,0.0,2.0,327.0,4.3,0.6,10,automne,03h-06h,0,1.0,0,0
2020-10-09 06:00:00,1.0,2.0,310.0,5.7,0.1,10,automne,06h-09h,0,0.0,0,0
2020-10-09 09:00:00,0.0,2.0,325.0,6.4,0.8,10,automne,09h-12h,0,1.0,0,0
2020-10-09 12:00:00,0.0,2.0,311.0,6.7,2.2,10,automne,12h-15h,0,0.0,0,0
2020-10-09 15:00:00,0.0,2.0,310.0,6.9,2.0,10,automne,15h-18h,0,0.0,0,0
2020-10-09 18:00:00,0.0,2.0,304.0,6.1,2.0,10,automne,18h-21h,0,0.0,0,0
2020-10-09 21:00:00,0.0,2.0,300.0,6.7,2.0,10,automne,21h-24h,0,0.0,0,0
2020-10-10 00:00:00,0.0,2.0,301.0,6.7,1.3,10,automne,00h-03h,0,0.0,0,0
2020-10-10 03:00:00,0.0,2.0,297.0,6.8,1.3,10,automne,03h-06h,0,0.0,0,0
2020-10-10 06:00:00,1.0,2.0,294.0,8.1,-0.4,10,automne,06h-09h,0,0.0,1,0
2020-10-10 09:00:00,1.0,2.0,291.0,6.7,-2.3,10,automne,09h-12h,0,1.0,1,0
2020-10-10 12:00:00,0.0,2.0,299.0,7.5,3.1,10,automne,12h-15h,0,1.0,0,0
2020-10-10 15:00:00,1.0,2.0,295.0,8.4,0.7,10,automne,15h-18h,0,0.0,0,0
2020-10-10 18:00:00,1.0,2.0,303.0,10.4,1.2,10,automne,18h-21h,0,1.0,0,0
2020-10-10 21:00:00,0.0,2.0,297.0,8.2,2.2,10,automne,21h-24h,0,1.0,0,0
2020-10-11 00:00:00,0.0,3.0,292.0,10.4,1.5,10,automne,00h-03h,0,0.0,0,0
2020-10-11 03:00:00,0.0,3.0,302.0,11.7,1.1,10,automne,03h-06h,0,0.0,0,0
2020-10-11 06:00:00,1.0,3.0,295.0,12.6,1.8,10,automne,06h-09h,0,0.0,0,0
2020-10-11 09:00:00,1.0,3.0,299.0,18.4,2.4,10,automne,09h-12h,0,1.0,0,0
2020-10-11 12:00:00,0.0,3.0,291.0,17.4,1.7,10,automne,12h-15h,0,1.0,0,0
2020-10-11 15:00:00,1.0,3.0,285.0,15.0,0.3,10,automne,15h-18h,0,0.0,0,0
2020-10-11 18:00:00,1.0,3.0,292.0,13.3,-0.8,10,automne,18h-21h,0,1.0,1,0
2020-10-11 21:00:00,1.0,3.0,286.0,14.6,0.8,10,automne,21h-24h,0,1.0,0,0
2020-10-12 00:00:00,1.0,4.0,295.0,6.6,-2.7,10,automne,00h-03h,0,1.0,1,0
2020-10-12 03:00:00,0.0,4.0,284.0,7.0,-0.4,10,automne,03h-06h,0,1.0,1,0
2020-10-12 06:00:00,0.0,4.0,298.0,12.5,1.8,10,automne,06h-09h,0,0.0,0,0
2020-10-12 09:00:00,1.0,4.0,296.0,16.3,3.0,10,automne,09h-12h,0,0.0,0,0
2020-10-12 12:00:00,1.0,4.0,296.0,22.8,1.7,10,automne,12h-15h,0,1.0,0,0
2020-10-12 15:00:00,1.0,4.0,300.0,18.4,2.5,10,automne,15h-18h,0,1.0,0,0
2020-10-12 18:00:00,1.0,4.0,299.0,13.7,4.2,10,automne,18h-21h,0,1.0,0,0
2020-10-12 21:00:00,1.0,4.0,295.0,11.8,-2.5,10,automne,21h-24h,0,1.0,1,0
2020-10-13 00:00:00,1.0,3.0,300.0,16.5,0.2,10,automne,00h-03h,0,1.0,0,0
2020-10-13 03:00:00,1.0,3.0,308.0,18.7,0.7,10,automne,03h-06h,0,1.0,0,0
2020-10-13 06:00:00,1.0,3.0,297.0,13.3,4.0,10,automne,06h-09h,0,1.0,0,0
2020-10-13 09:00:00,1.0,3.0,301.0,9.6,5.6,10,automne,09h-12h,0,1.0,0,0
2020-10-13 12:00:00,0.0,3.0,301.0,17.9,3.3,10,automne,12h-15h,0,1.0,0,0
2020-10-13 15:00:00,1.0,3.0,309.0,15.2,4.6,10,automne,15h-18h,0,0.0,0,0
2020-10-13 18:00:00,1.0,3.0,296.0,11.9,4.6,10,automne,18h-21h,0,1.0,0,0
2020-10-13 21:00:00,1.0,3.0,290.0,13.6,1.1,10,automne,21h-24h,0,1.0,0,0
2020-10-14 00:00:00,0.0,2.0,289.0,12.7,1.7,10,automne,00h-03h,0,1.0,0,0
2020-10-14 03:00:00,0.0,2.0,290.0,8.6,2.3,10,automne,03h-06h,0,0.0,0,0
2020-10-14 06:00:00,0.0,2.0,299.0,7.9,2.6,10,automne,06h-09h,0,0.0,0,0
2020-10-14 09:00:00,0.0,2.0,297.0,8.0,2.1,10,automne,09h-12h,0,0.0,0,0
2020-10-14 12:00:00,0.0,2.0,277.0,7.9,2.1,10,automne,12h-15h,0,0.0,0,0
2020-10-14 15:00:00,0.0,2.0,277.0,8.9,0.7,10,automne,15h-18h,0,0.0,0,0
2020-10-14 18:00:00,0.0,2.0,276.0,9.4,0.5,10,automne,18h-21h,0,0.0,0,0
2020-10-14 21:00:00,0.0,2.0,267.0,8.2,-0.3,10,automne,21h-24h,0,0.0,1,0
2020-10-15 00:00:00,0.0,3.0,268.0,8.3,0.1,10,automne,00h-03h,0,0.0,0,0
2020-10-15 03:00:00,0.0,3.0,274.0,8.0,0.6,10,automne,03h-06h,0,0.0,0,0
2020-10-15 06:00:00,0.0,3.0,274.0,8.4,2.0,10,automne,06h-09h,0,0.0,0,0
2020-10-15 09:00:00,0.0,3.0,267.0,7.1,-0.6,10,automne,09h-12h,0,0.0,1,0
2020-10-15 12:00:00,0.0,3.0,261.0,6.4,0.8,10,automne,12h-15h,0,0.0,0,0
2020-10-15 15:00:00,1.0,3.0,260.0,6.6,1.0,10,automne,15h-18h,0,0.0,0,0
2020-10-15 18:00:00,1.0,3.0,287.0,17.0,1.5,10,automne,18h-21h,0,1.0,0,0
2020-10-15 21:00:00,1.0,3.0,301.0,17.0,-1.5,10,automne,21h-24h,0,1.0,1,0
2020-10-16 00:00:00,1.0,4.0,295.0,16.4,2.2,10,automne,00h-03h,0,1.0,0,0
2020-10-16 03:00:00,1.0,4.0,296.0,13.2,0.4,10,automne,03h-06h,0,1.0,0,0
2020-10-16 06:00:00,1.0,4.0,302.0,15.5,5.3,10,automne,06h-09h,0,1.0,0,0
2020-10-16 09:00:00,1.0,4.0,303.0,13.6,3.9,10,automne,09h-12h,0,1.0,0,0
2020-10-16 12:00:00,0.0,4.0,309.0,9.6,2.9,10,automne,12h-15h,0,1.0,0,0
2020-10-16 15:00:00,1.0,4.0,301.0,7.9,1.8,10,automne,15h-18h,0,0.0,0,0
2020-10-16 18:00:00,1.0,4.0,294.0,8.0,-0.0,10,automne,18h-21h,0,1.0,0,0
2020-10-16 21:00:00,1.0,4.0,297.0,7.2,-2.3,10,automne,21h-24h,0,1.0,1,0
2020-10-17 00:00:00,1.0,5.0,305.0,7.8,-3.2,10,automne,00h-03h,0,1.0,1,0
2020-10-17 03:00:00,2.0,5.0,317.0,9.6,-1.6,10,automne,03h-06h,0,1.0,1,0
2020-10-17 06:00:00,2.0,5.0,315.0,10.8,-3.6,10,automne,06h-09h,0,2.0,1,0
2020-10-17 09:00:00,1.0,5.0,311.0,10.2,1.3,10,automne,09h-12h,0,2.0,0,0
2020-10-17 12:00:00,1.0,5.0,328.0,17.4,1.7,10,automne,12h-15h,0,1.0,0,0
2020-10-17 15:00:00,0.0,5.0,328.0,13.0,3.9,10,automne,15h-18h,0,1.0,0,0
2020-10-17 18:00:00,1.0,5.0,311.0,15.1,1.7,10,automne,18h-21h,0,0.0,0,0
2020-10-17 21:00:00,2.0,5.0,319.0,17.9,-0.3,10,automne,21h-24h,0,1.0,1,0
2020-10-18 00:00:00,1.0,3.0,311.0,6.6,3.1,10,automne,00h-03h,0,2.0,0,0
2020-10-18 03:00:00,0.0,3.0,311.0,10.2,-0.7,10,automne,03h-06h,0,1.0,1,0
2020-10-18 06:00:00,0.0,3.0,319.0,7.8,5.3,10,automne,06h-09h,0,0.0,0,0
2020-10-18 09:00:00,0.0,3.0,323.0,4.8,3.2,10,automne,09h-12h,0,0.0,0,0
2020-10-18 12:00:00,0.0,3.0,327.0,7.2,3.7,10,automne,12h-15h,0,0.0,0,0
2020-10-18 15:00:00,0.0,3.0,318.0,6.6,2.8,10,automne,15h-18h,0,0.0,0,0
2020-10-18 18:00:00,1.0,3.0,307.0,8.2,2.1,10,automne,18h-21h,0,0.0,0,0
2020-10-18 21:00:00,1.0,3.0,322.0,7.3,-2.5,10,automne,21h-24h,0,1.0,1,0
2020-10-19 00:00:00,1.0,6.0,333.0,8.9,0.3,10,automne,00h-03h,0,1.0,0,0
2020-10-19 03:00:00,1.0,6.0,344.0,9.1,1.2,10,automne,03h-06h,0,1.0,0,0
2020-10-19 06:00:00,1.0,6.0,347.0,10.6,1.2,10,automne,06h-09h,0,1.0,0,0
2020-10-19 09:00:00,2.0,6.0,351.0,6.2,-1.9,10,automne,09h-12h,0,1.0,1,0
2020-10-19 12:00:00,3.0,6.0,340.0,6.6,-2.9,10,automne,12h-15h,0,2.0,1,0
2020-10-19 15:00:00,2.0,6.0,399.0,14.7,3.2,10,automne,15h-18h,0,3.0,0,0
2020-10-19 18:00:00,2.0,6.0,408.0,13.9,-2.8,10,automne,18h-21h,0,2.0,1,0
2020-10-19 21:00:00,1.0,6.0,399.0,5.2,-0.1,10,automne,21h-24h,0,2.0,1,0
2020-10-20 00:00:00,2.0,4.0,383.0,5.3,-0.5,10,automne,00h-03h,0,1.0,1,0
2020-10-20 03:00:00,2.0,4.0,404.0,5.0,0.8,10,automne,03h-06h,0,2.0,0,0
2020-10-20 06:00:00,1.0,4.0,408.0,3.4,-0.2,10,automne,06h-09h,0,2.0,1,0
2020-10-20 09:00:00,1.0,4.0,410.0,2.0,-1.5,10,automne,09h-12h,0,1.0,1,0
2020-10-20 12:00:00,0.0,4.0,380.0,2.2,-0.6,10,automne,12h-15h,0,1.0,1,0
2020-10-20 15:00:00,0.0,4.0,369.0,2.7,0.5,10,automne,15h-18h,0,0.0,0,0
2020-10-20 18:00:00,1.0,4.0,359.0,2.4,-1.0,10,automne,18h-21h,0,0.0,1,0
2020-10-20 21:00:00,1.0,4.0,363.0,3.7,-0.4,10,automne,21h-24h,0,1.0,1,0
2020-10-21 00:00:00,3.0,10.0,358.0,5.1,-2.6,10,automne,00h-03h,0,1.0,1,0
2020-10-21 03:00:00,2.0,10.0,371.0,10.3,-3.6,10,automne,03h-06h,0,3.0,1,0
2020-10-21 06:00:00,4.0,10.0,383.0,17.8,-5.5,10,automne,06h-09h,0,2.0,1,0
2020-10-21 09:00:00,3.0,10.0,376.0,15.3,-0.4,10,automne,09h-12h,0,4.0,1,0
2020-10-21 12:00:00,1.0,10.0,357.0,9.7,-0.6,10,automne,12h-15h,0,3.0,1,0
2020-10-21 15:00:00,1.0,10.0,357.0,7.8,-0.3,10,automne,15h-18h,0,1.0,1,0
2020-10-21 18:00:00,1.0,10.0,350.0,4.8,1.0,10,automne,18h-21h,0,1.0,0,0
2020-10-21 21:00:00,1.0,10.0,379.0,4.8,-0.4,10,automne,21h-24h,0,1.0,1,0
2020-10-22 00:00:00,3.0,6.0,364.0,7.4,-3.0,10,automne,00h-03h,0,1.0,1,0
2020-10-22 03:00:00,1.0,6.0,363.0,4.7,3.0,10,automne,03h-06h,0,3.0,0,0
2020-10-22 06:00:00,1.0,6.0,362.0,11.1,5.3,10,automne,06h-09h,0,1.0,0,0
2020-10-22 09:00:00,0.0,6.0,349.0,8.5,4.2,10,automne,09h-12h,0,1.0,0,0
2020-10-22 12:00:00,1.0,6.0,354.0,9.6,1.0,10,automne,12h-15h,0,0.0,0,0
2020-10-22 15:00:00,1.0,6.0,322.0,5.4,0.1,10,automne,15h-18h,0,1.0,0,0
2020-10-22 18:00:00,1.0,6.0,354.0,6.8,-0.4,10,automne,18h-21h,0,1.0,1,0
2020-10-22 21:00:00,2.0,6.0,364.0,6.7,-0.5,10,automne,21h-24h,0,1.0,1,0
2020-10-23 00:00:00,1.0,12.0,376.0,4.4,0.6,10,automne,00h-03h,0,2.0,0,0
2020-10-23 03:00:00,1.0,12.0,394.0,3.9,-0.7,10,automne,03h-06h,0,1.0,1,0
2020-10-23 06:00:00,1.0,12.0,376.0,6.0,-1.5,10,automne,06h-09h,0,1.0,1,0
2020-10-23 09:00:00,1.0,12.0,384.0,7.1,1.8,10,automne,09h-12h,0,1.0,0,0
2020-10-23 12:00:00,2.0,12.0,375.0,9.6,4.3,10,automne,12h-15h,0,1.0,0,0
2020-10-23 15:00:00,3.0,12.0,408.0,17.1,12.0,10,automne,15h-18h,0,2.0,0,0
2020-10-23 18:00:00,4.0,12.0,407.0,12.1,7.8,10,automne,18h-21h,0,3.0,0,0
2020-10-23 21:00:00,4.0,12.0,507.0,5.8,-3.7,10,automne,21h-24h,0,4.0,1,0
2020-10-24 00:00:00,4.0,17.0,526.0,5.8,-3.9,10,automne,00h-03h,0,4.0,1,0
2020-10-24 03:00:00,4.0,17.0,505.0,5.2,-2.2,10,automne,03h-06h,0,4.0,1,0
2020-10-24 06:00:00,4.0,17.0,555.0,2.8,2.3,10,automne,06h-09h,0,4.0,0,0
2020-10-24 09:00:00,3.0,17.0,536.0,2.1,-1.1,10,automne,09h-12h,0,4.0,1,0
2020-10-24 12:00:00,2.0,17.0,528.0,1.4,-1.1,10,automne,12h-15h,0,3.0,1,0
2020-10-24 15:00:00,3.0,17.0,553.0,1.6,-0.9,10,automne,15h-18h,0,2.0,1,0
2020-10-24 18:00:00,3.0,17.0,569.0,1.9,-1.4,10,automne,18h-21h,0,3.0,1,0
2020-10-24 21:00:00,2.0,17.0,572.0,2.6,1.3,10,automne,21h-24h,0,3.0,0,0
2020-10-25 00:00:00,3.0,15.0,557.0,2.9,0.5,10,automne,00h-03h,0,2.0,0,0
2020-10-25 03:00:00,2.0,15.0,580.0,3.7,1.3,10,automne,03h-06h,0,3.0,0,0
2020-10-25 06:00:00,3.0,15.0,584.0,3.6,0.4,10,automne,06h-09h,0,2.0,0,0
2020-10-25 09:00:00,3.0,15.0,551.0,3.5,0.5,10,automne,09h-12h,0,3.0,0,0
2020-10-25 12:00:00,4.0,15.0,581.0,3.4,-4.1,10,automne,12h-15h,0,3.0,1,0
2020-10-25 15:00:00,3.0,15.0,543.0,2.8,-0.9,10,automne,15h-18h,0,4.0,1,0
2020-10-25 18:00:00,4.0,15.0,542.0,3.1,-1.7,10,automne,18h-21h,0,3.0,1,0
2020-10-25 21:00:00,2.0,15.0,536.0,4.3,1.8,10,automne,21h-24h,0,4.0,0,0
2020-10-26 00:00:00,2.0,15.0,560.0,4.4,4.4,10,automne,00h-03h,0,2.0,0,0
2020-10-26 03:00:00,4.0,15.0,558.0,4.1,-2.6,10,automne,03h-06h,0,2.0,1,0
2020-10-26 06:00:00,3.0,15.0,584.0,2.7,-1.2,10,automne,06h-09h,0,4.0,1,0
2020-10-26 09:00:00,3.0,15.0,580.0,2.4,-0.8,10,automne,09h-12h,0,3.0,1,0
2020-10-26 12:00:00,4.0,15.0,586.0,2.2,-2.2,10,automne,12h-15h,0,3.0,1,0
2020-10-26 15:00:00,2.0,15.0,599.0,2.7,-1.2,10,automne,15h-18h,0,4.0,1,0
2020-10-26 18:00:00,3.0,15.0,583.0,2.7,-1.7,10,automne,18h-21h,0,2.0,1,0
2020-10-26 21:00:00,3.0,15.0,604.0,1.9,-1.8,10,automne,21h-24h,0,3.0,1,0
2020-10-27 00:00:00,2.0,9.0,573.0,1.6,1.1,10,automne,00h-03h,0,3.0,0,0
2020-10-27 03:00:00,2.0,9.0,552.0,1.5,0.4,10,automne,03h-06h,0,2.0,0,0
2020-10-27 06:00:00,4.0,9.0,536.0,1.5,0.2,10,automne,06h-09h,0,2.0,0,0
2020-10-27 09:00:00,3.0,9.0,536.0,2.1,-2.4,10,automne,09h-12h,0,4.0,1,0
2020-10-27 12:00:00,1.0,9.0,521.0,1.5,1.5,10,automne,12h-15h,0,3.0,0,0
2020-10-27 15:00:00,0.0,9.0,504.0,1.4,0.6,10,automne,15h-18h,0,1.0,0,0
2020-10-27 18:00:00,2.0,9.0,501.0,1.6,0.7,10,automne,18h-21h,0,0.0,0,0
2020-10-27 21:00:00,2.0,9.0,506.0,2.2,-0.2,10,automne,21h-24h,0,2.0,1,0
2020-10-28 00:00:00,2.0,12.0,519.0,2.7,-0.3,10,automne,00h-03h,0,2.0,1,0
2020-10-28 03:00:00,3.0,12.0,511.0,2.9,-1.2,10,automne,03h-06h,0,2.0,1,0
2020-10-28 06:00:00,2.0,12.0,495.0,2.7,-1.3,10,automne,06h-09h,0,3.0,1,0
2020-10-28 09:00:00,2.0,12.0,516.0,2.9,-2.1,10,automne,09h-12h,0,2.0,1,0
2020-10-28 12:00:00,3.0,12.0,497.0,3.0,-1.2,10,automne,12h-15h,0,2.0,1,0
2020-10-28 15:00:00,3.0,12.0,507.0,2.5,-2.7,10,automne,15h-18h,0,3.0,1,0
2020-10-28 18:00:00,3.0,12.0,505.0,2.1,-3.3,10,automne,18h-21h,0,3.0,1,0
2020-10-28 21:00:00,3.0,12.0,510.0,1.6,-0.1,10,automne,21h-24h,0,3.0,1,0
2020-10-29 00:00:00,2.0,14.0,502.0,1.8,0.1,10,automne,00h-03h,0,3.0,0,0
2020-10-29 03:00:00,3.0,14.0,486.0,1.9,0.1,10,automne,03h-06h,0,2.0,0,0
2020-10-29 06:00:00,3.0,14.0,490.0,2.8,0.2,10,automne,06h-09h,0,3.0,0,0
2020-10-29 09:00:00,3.0,14.0,473.0,4.5,-3.0,10,automne,09h-12h,0,3.0,1,0
2020-10-29 12:00:00,3.0,14.0,475.0,4.0,-1.5,10,automne,12h-15h,0,3.0,1,0
2020-10-29 15:00:00,4.0,14.0,454.0,3.8,-3.7,10,automne,15h-18h,0,3.0,1,0
2020-10-29 18:00:00,2.0,14.0,453.0,3.8,0.9,10,automne,18h-21h,0,4.0,0,0
2020-10-29 21:00:00,2.0,14.0,432.0,5.5,-1.1,10,automne,21h-24h,0,2.0,1,0
2020-10-30 00:00:00,2.0,5.0,417.0,4.1,0.5,10,automne,00h-03h,0,2.0,0,0
2020-10-30 03:00:00,2.0,5.0,405.0,3.4,-0.8,10,automne,03h-06h,0,2.0,1,0
2020-10-30 06:00:00,1.0,5.0,403.0,3.0,-0.5,10,automne,06h-09h,0,2.0,1,0
2020-10-30 09:00:00,1.0,5.0,424.0,2.3,-0.8,10,automne,09h-12h,0,1.0,1,0
2020-10-30 12:00:00,1.0,5.0,404.0,3.0,-0.6,10,automne,12h-15h,0,1.0,1,0
2020-10-30 15:00:00,0.0,5.0,405.0,3.8,-0.3,10,automne,15h-18h,0,1.0,1,0
2020-10-30 18:00:00,1.0,5.0,400.0,5.4,-0.3,10,automne,18h-21h,0,0.0,1,0
2020-10-30 21:00:00,2.0,5.0,401.0,6.5,-2.4,10,automne,21h-24h,0,1.0,1,0
2020-10-31 00:00:00,1.0,6.0,402.0,6.7,2.1,10,automne,00h-03h,0,2.0,0,0
2020-10-31 03:00:00,1.0,6.0,404.0,6.2,2.7,10,automne,03h-06h,0,1.0,0,0
2020-10-31 06:00:00,3.0,6.0,412.0,5.7,-4.0,10,automne,06h-09h,0,1.0,1,0
2020-10-31 09:00:00,2.0,6.0,406.0,5.2,-4.3,10,automne,09h-12h,0,3.0,1,0
2020-10-31 12:00:00,2.0,6.0,392.0,12.1,-3.8,10,automne,12h-15h,0,2.0,1,0
2020-10-31 15:00:00,2.0,6.0,374.0,14.0,-0.6,10,automne,15h-18h,0,2.0,1,0
2020-10-31 18:00:00,0.0,6.0,369.0,14.1,1.6,10,automne,18h-21h,0,2.0,0,0
2020-10-31 21:00:00,1.0,6.0,378.0,9.9,1.2,10,automne,21h-24h,0,0.0,0,0
2020-11-01 00:00:00,1.0,10.0,376.0,5.1,2.5,11,automne,00h-03h,0,1.0,0,0
2020-11-01 03:00:00,1.0,10.0,379.0,4.2,0.5,11,automne,03h-06h,0,1.0,0,0
2020-11-01 06:00:00,2.0,10.0,384.0,4.8,-1.3,11,automne,06h-09h,0,1.0,1,0
2020-11-01 09:00:00,2.0,10.0,389.0,7.1,-4.0,11,automne,09h-12h,0,2.0,1,0
2020-11-01 12:00:00,3.0,10.0,388.0,7.0,1.9,11,automne,12h-15h,0,2.0,0,0
2020-11-01 15:00:00,3.0,10.0,373.0,3.6,-4.4,11,automne,15h-18h,0,3.0,1,0
2020-11-01 18:00:00,3.0,10.0,377.0,6.1,-2.9,11,automne,18h-21h,0,3.0,1,0
2020-11-01 21:00:00,1.0,10.0,353.0,4.1,-0.8,11,automne,21h-24h,0,3.0,1,0
2020-11-02 00:00:00,0.0,3.0,339.0,4.5,-0.1,11,automne,00h-03h,0,1.0,1,0
2020-11-02 03:00:00,0.0,3.0,329.0,4.4,-0.6,11,automne,03h-06h,0,0.0,1,0
2020-11-02 06:00:00,1.0,3.0,339.0,4.0,2.0,11,automne,06h-09h,0,0.0,0,0
2020-11-02 09:00:00,1.0,3.0,342.0,7.0,3.8,11,automne,09h-12h,0,1.0,0,0
2020-11-02 12:00:00,1.0,3.0,344.0,5.2,3.8,11,automne,12h-15h,0,1.0,0,0
2020-11-02 15:00:00,0.0,3.0,337.0,3.0,3.5,11,automne,15h-18h,0,1.0,0,0
2020-11-02 18:00:00,1.0,3.0,345.0,2.0,-0.3,11,automne,18h-21h,0,0.0,1,0
2020-11-02 21:00:00,1.0,3.0,353.0,1.7,-0.2,11,automne,21h-24h,0,1.0,1,0
2020-11-03 00:00:00,2.0,3.0,345.0,2.2,-1.1,11,automne,00h-03h,0,1.0,1,0
2020-11-03 03:00:00,0.0,3.0,333.0,2.0,-0.9,11,automne,03h-06h,0,2.0,1,0
2020-11-03 06:00:00,1.0,3.0,343.0,2.1,-0.7,11,automne,06h-09h,0,0.0,1,0
2020-11-03 09:00:00,1.0,3.0,328.0,2.0,0.1,11,automne,09h-12h,0,1.0,0,0
2020-11-03 12:00:00,0.0,3.0,327.0,1.8,0.4,11,automne,12h-15h,0,1.0,0,0
2020-11-03 15:00:00,0.0,3.0,334.0,2.3,-0.2,11,automne,15h-18h,0,0.0,1,0
2020-11-03 18:00:00,0.0,3.0,335.0,2.1,0.5,11,automne,18h-21h,0,0.0,0,0
2020-11-03 21:00:00,1.0,3.0,336.0,2.4,-0.7,11,automne,21h-24h,0,0.0,1,0
2020-11-04 00:00:00,1.0,3.0,325.0,2.6,-0.7,11,automne,00h-03h,0,1.0,1,0
2020-11-04 03:00:00,1.0,3.0,317.0,2.7,-1.1,11,automne,03h-06h,0,1.0,1,0
2020-11-04 06:00:00,1.0,3.0,314.0,2.6,-0.3,11,automne,06h-09h,0,1.0,1,0
2020-11-04 09:00:00,1.0,3.0,305.0,2.9,-1.9,11,automne,09h-12h,0,1.0,1,0
2020-11-04 12:00:00,0.0,3.0,299.0,3.4,-0.6,11,automne,12h-15h,0,1.0,1,0
2020-11-04 15:00:00,0.0,3.0,302.0,4.7,0.3,11,automne,15h-18h,0,0.0,0,0
2020-11-04 18:00:00,1.0,3.0,314.0,9.2,0.3,11,automne,18h-21h,0,0.0,0,0
2020-11-04 21:00:00,0.0,3.0,311.0,9.1,-0.4,11,automne,21h-24h,0,1.0,1,0
2020-11-05 00:00:00,0.0,4.0,292.0,6.5,0.7,11,automne,00h-03h,0,0.0,0,0
2020-11-05 03:00:00,0.0,4.0,286.0,5.9,1.0,11,automne,03h-06h,0,0.0,0,0
2020-11-05 06:00:00,1.0,4.0,298.0,6.9,-0.7,11,automne,06h-09h,0,0.0,1,0
2020-11-05 09:00:00,1.0,4.0,296.0,7.0,-0.3,11,automne,09h-12h,0,1.0,1,0
2020-11-05 12:00:00,2.0,4.0,290.0,7.5,-0.6,11,automne,12h-15h,0,1.0,1,0
2020-11-05 15:00:00,1.0,4.0,328.0,24.3,2.3,11,automne,15h-18h,0,2.0,0,0
2020-11-05 18:00:00,1.0,4.0,334.0,16.0,3.2,11,automne,18h-21h,0,1.0,0,0
2020-11-05 21:00:00,2.0,4.0,353.0,12.0,0.2,11,automne,21h-24h,0,1.0,0,0
2020-11-06 00:00:00,2.0,8.0,378.0,8.9,-0.4,11,automne,00h-03h,0,2.0,1,0
2020-11-06 03:00:00,2.0,8.0,435.0,4.2,3.9,11,automne,03h-06h,0,2.0,0,0
2020-11-06 06:00:00,2.0,8.0,486.0,8.7,3.3,11,automne,06h-09h,0,2.0,0,0
2020-11-06 09:00:00,2.0,8.0,502.0,7.0,-0.8,11,automne,09h-12h,0,2.0,1,0
2020-11-06 12:00:00,2.0,8.0,453.0,4.0,0.0,11,automne,12h-15h,0,2.0,0,0
2020-11-06 15:00:00,3.0,8.0,484.0,5.1,-1.7,11,automne,15h-18h,0,2.0,1,0
2020-11-06 18:00:00,2.0,8.0,472.0,4.2,1.8,11,automne,18h-21h,0,3.0,0,0
2020-11-06 21:00:00,2.0,8.0,446.0,3.5,0.6,11,automne,21h-24h,0,2.0,0,0
2020-11-07 00:00:00,1.0,7.0,449.0,3.4,-0.5,11,automne,00h-03h,0,2.0,1,0
2020-11-07 03:00:00,1.0,7.0,416.0,3.3,2.0,11,automne,03h-06h,0,1.0,0,0
2020-11-07 06:00:00,1.0,7.0,493.0,3.9,0.8,11,automne,06h-09h,0,1.0,0,0
2020-11-07 09:00:00,1.0,7.0,490.0,2.5,-0.2,11,automne,09h-12h,0,1.0,1,0
2020-11-07 12:00:00,1.0,7.0,467.0,2.6,1.2,11,automne,12h-15h,0,1.0,0,0
2020-11-07 15:00:00,2.0,7.0,471.0,2.3,0.1,11,automne,15h-18h,0,1.0,0,0
2020-11-07 18:00:00,3.0,7.0,471.0,3.0,1.5,11,automne,18h-21h,0,2.0,0,0
2020-11-07 21:00:00,3.0,7.0,482.0,3.5,-1.6,11,automne,21h-24h,0,3.0,1,0
2020-11-08 00:00:00,2.0,5.0,481.0,4.0,-1.7,11,automne,00h-03h,0,3.0,1,0
2020-11-08 03:00:00,2.0,5.0,458.0,4.1,-0.2,11,automne,03h-06h,0,2.0,1,0
2020-11-08 06:00:00,2.0,5.0,433.0,4.2,-1.5,11,automne,06h-09h,0,2.0,1,0
2020-11-08 09:00:00,1.0,5.0,417.0,2.5,0.6,11,automne,09h-12h,0,2.0,0,0
2020-11-08 12:00:00,1.0,5.0,427.0,3.0,-1.2,11,automne,12h-15h,0,1.0,1,0
2020-11-08 15:00:00,1.0,5.0,446.0,2.9,-1.3,11,automne,15h-18h,0,1.0,1,0
2020-11-08 18:00:00,1.0,5.0,443.0,3.2,2.0,11,automne,18h-21h,0,1.0,0,0
2020-11-08 21:00:00,0.0,5.0,438.0,3.0,1.4,11,automne,21h-24h,0,1.0,0,0
2020-11-09 00:00:00,0.0,1.0,429.0,2.7,1.1,11,automne,00h-03h,0,0.0,0,0
2020-11-09 03:00:00,0.0,1.0,398.0,2.5,2.8,11,automne,03h-06h,0,0.0,0,0
2020-11-09 06:00:00,0.0,1.0,380.0,2.9,3.2,11,automne,06h-09h,0,0.0,0,0
2020-11-09 09:00:00,0.0,1.0,353.0,2.1,2.3,11,automne,09h-12h,0,0.0,0,0
2020-11-09 12:00:00,0.0,1.0,347.0,2.4,1.5,11,automne,12h-15h,0,0.0,0,0
2020-11-09 15:00:00,0.0,1.0,341.0,3.0,-1.2,11,automne,15h-18h,0,0.0,1,0
2020-11-09 18:00:00,0.0,1.0,345.0,,1.2,11,automne,18h-21h,0,0.0,0,0
2020-11-09 21:00:00,0.0,1.0,340.0,2.9,3.0,11,automne,21h-24h,0,0.0,0,0
2020-11-10 00:00:00,0.0,2.0,345.0,3.9,1.9,11,automne,00h-03h,0,0.0,0,0
2020-11-10 03:00:00,0.0,2.0,341.0,5.1,1.0,11,automne,03h-06h,0,0.0,0,0
2020-11-10 06:00:00,0.0,2.0,338.0,4.7,1.8,11,automne,06h-09h,0,0.0,0,0
2020-11-10 09:00:00,1.0,2.0,331.0,3.5,2.5,11,automne,09h-12h,0,0.0,0,0
2020-11-10 12:00:00,0.0,2.0,337.0,4.3,2.2,11,automne,12h-15h,0,1.0,0,0
2020-11-10 15:00:00,0.0,2.0,328.0,4.3,1.4,11,automne,15h-18h,0,0.0,0,0
2020-11-10 18:00:00,0.0,2.0,326.0,5.1,0.6,11,automne,18h-21h,0,0.0,0,0
2020-11-10 21:00:00,0.0,2.0,329.0,3.7,0.9,11,automne,21h-24h,0,0.0,0,0
2020-11-11 00:00:00,0.0,4.0,319.0,3.6,0.6,11,automne,00h-03h,0,0.0,0,0
2020-11-11 03:00:00,0.0,4.0,319.0,5.1,0.3,11,automne,03h-06h,0,0.0,0,0
2020-11-11 06:00:00,0.0,4.0,313.0,5.0,-0.7,11,automne,06h-09h,0,0.0,1,0
2020-11-11 09:00:00,1.0,4.0,319.0,8.4,0.2,11,automne,09h-12h,0,0.0,0,0
2020-11-11 12:00:00,1.0,4.0,321.0,10.5,2.5,11,automne,12h-15h,0,1.0,0,0
2020-11-11 15:00:00,1.0,4.0,331.0,10.8,-1.5,11,automne,15h-18h,0,1.0,1,0
2020-11-11 18:00:00,2.0,4.0,335.0,15.3,2.1,11,automne,18h-21h,0,1.0,0,0
2020-11-11 21:00:00,2.0,4.0,345.0,23.3,-2.0,11,automne,21h-24h,0,2.0,1,0
2020-11-12 00:00:00,1.0,3.0,324.0,12.2,2.3,11,automne,00h-03h,0,2.0,0,0
2020-11-12 03:00:00,0.0,3.0,348.0,6.0,4.4,11,automne,03h-06h,0,1.0,0,0
2020-11-12 06:00:00,2.0,3.0,373.0,10.5,-3.3,11,automne,06h-09h,0,0.0,1,0
2020-11-12 09:00:00,1.0,3.0,381.0,9.1,2.6,11,automne,09h-12h,0,2.0,0,0
2020-11-12 12:00:00,1.0,3.0,386.0,7.2,4.5,11,automne,12h-15h,0,1.0,0,0
2020-11-12 15:00:00,0.0,3.0,369.0,6.9,4.8,11,automne,15h-18h,0,1.0,0,0
2020-11-12 18:00:00,1.0,3.0,389.0,6.5,3.0,11,automne,18h-21h,0,0.0,0,0
2020-11-12 21:00:00,0.0,3.0,388.0,5.1,1.0,11,automne,21h-24h,0,1.0,0,0
2020-11-13 00:00:00,1.0,3.0,389.0,4.9,0.4,11,automne,00h-03h,0,0.0,0,0
2020-11-13 03:00:00,1.0,3.0,407.0,3.6,-0.4,11,automne,03h-06h,0,1.0,1,0
2020-11-13 06:00:00,1.0,3.0,381.0,3.9,0.4,11,automne,06h-09h,0,1.0,0,0
2020-11-13 09:00:00,1.0,3.0,382.0,4.8,-2.8,11,automne,09h-12h,0,1.0,1,0
2020-11-13 12:00:00,1.0,3.0,356.0,3.0,-0.1,11,automne,12h-15h,0,1.0,1,0
2020-11-13 15:00:00,0.0,3.0,345.0,2.5,1.3,11,automne,15h-18h,0,1.0,0,0
2020-11-13 18:00:00,1.0,3.0,363.0,3.7,-1.0,11,automne,18h-21h,0,0.0,1,0
2020-11-13 21:00:00,1.0,3.0,340.0,2.7,-1.2,11,automne,21h-24h,0,1.0,1,0
2020-11-14 00:00:00,0.0,3.0,349.0,4.7,1.0,11,automne,00h-03h,0,1.0,0,0
2020-11-14 03:00:00,1.0,3.0,350.0,5.1,-0.2,11,automne,03h-06h,0,0.0,1,0
2020-11-14 06:00:00,1.0,3.0,329.0,3.9,-1.0,11,automne,06h-09h,0,1.0,1,0
2020-11-14 09:00:00,0.0,3.0,316.0,3.7,1.8,11,automne,09h-12h,0,1.0,0,0
2020-11-14 12:00:00,1.0,3.0,332.0,5.8,-1.4,11,automne,12h-15h,0,0.0,1,0
2020-11-14 15:00:00,0.0,3.0,310.0,4.4,3.3,11,automne,15h-18h,0,1.0,0,0
2020-11-14 18:00:00,2.0,3.0,310.0,5.5,-2.8,11,automne,18h-21h,0,0.0,1,0
2020-11-14 21:00:00,1.0,3.0,308.0,4.1,-2.3,11,automne,21h-24h,0,2.0,1,0
2020-11-15 00:00:00,2.0,4.0,305.0,5.1,-2.2,11,automne,00h-03h,0,1.0,1,0
2020-11-15 03:00:00,2.0,4.0,298.0,5.5,-1.8,11,automne,03h-06h,0,2.0,1,0
2020-11-15 06:00:00,0.0,4.0,303.0,5.9,3.8,11,automne,06h-09h,0,2.0,0,0
2020-11-15 09:00:00,0.0,4.0,300.0,6.8,3.8,11,automne,09h-12h,0,0.0,0,0
2020-11-15 12:00:00,0.0,4.0,293.0,4.6,0.5,11,automne,12h-15h,0,0.0,0,0
2020-11-15 15:00:00,1.0,4.0,301.0,5.9,-2.7,11,automne,15h-18h,0,0.0,1,0
2020-11-15 18:00:00,0.0,4.0,292.0,6.8,1.0,11,automne,18h-21h,0,1.0,0,0
2020-11-15 21:00:00,0.0,4.0,301.0,5.8,2.1,11,automne,21h-24h,0,0.0,0,0
2020-11-16 00:00:00,0.0,2.0,306.0,5.8,2.9,11,automne,00h-03h,0,0.0,0,0
2020-11-16 03:00:00,0.0,2.0,279.0,3.8,-0.7,11,automne,03h-06h,0,0.0,1,0
2020-11-16 06:00:00,0.0,2.0,291.0,5.0,1.9,11,automne,06h-09h,0,0.0,0,0
2020-11-16 09:00:00,0.0,2.0,285.0,5.8,0.2,11,automne,09h-12h,0,0.0,0,0
2020-11-16 12:00:00,1.0,2.0,286.0,6.3,0.1,11,automne,12h-15h,0,0.0,0,0
2020-11-16 15:00:00,0.0,2.0,281.0,6.6,0.3,11,automne,15h-18h,0,1.0,0,0
2020-11-16 18:00:00,0.0,2.0,288.0,8.2,1.8,11,automne,18h-21h,0,0.0,0,0
2020-11-16 21:00:00,0.0,2.0,292.0,14.0,1.1,11,automne,21h-24h,0,0.0,0,0
2020-11-17 00:00:00,0.0,3.0,295.0,13.8,0.1,11,automne,00h-03h,0,0.0,0,0
2020-11-17 03:00:00,1.0,3.0,294.0,12.9,-0.4,11,automne,03h-06h,0,0.0,1,0
2020-11-17 06:00:00,0.0,3.0,287.0,12.3,0.6,11,automne,06h-09h,0,1.0,0,0
2020-11-17 09:00:00,1.0,3.0,299.0,13.1,-1.1,11,automne,09h-12h,0,0.0,1,0
2020-11-17 12:00:00,1.0,3.0,313.0,12.2,-2.3,11,automne,12h-15h,0,1.0,1,0
2020-11-17 15:00:00,1.0,3.0,299.0,6.3,2.1,11,automne,15h-18h,0,1.0,0,0
2020-11-17 18:00:00,0.0,3.0,293.0,5.8,0.6,11,automne,18h-21h,0,1.0,0,0
2020-11-17 21:00:00,1.0,3.0,300.0,8.1,-0.4,11,automne,21h-24h,0,0.0,1,0
2020-11-18 00:00:00,2.0,4.0,300.0,7.6,-2.7,11,automne,00h-03h,0,1.0,1,0
2020-11-18 03:00:00,1.0,4.0,294.0,10.1,-2.9,11,automne,03h-06h,0,2.0,1,0
2020-11-18 06:00:00,1.0,4.0,284.0,8.7,-2.2,11,automne,06h-09h,0,1.0,1,0
2020-11-18 09:00:00,0.0,4.0,291.0,10.2,-0.7,11,automne,09h-12h,0,1.0,1,0
2020-11-18 12:00:00,0.0,4.0,290.0,10.9,0.1,11,automne,12h-15h,0,0.0,0,0
2020-11-18 15:00:00,0.0,4.0,285.0,10.8,0.8,11,automne,15h-18h,0,0.0,0,0
2020-11-18 18:00:00,1.0,4.0,281.0,10.9,-0.9,11,automne,18h-21h,0,0.0,1,0
2020-11-18 21:00:00,1.0,4.0,291.0,11.9,0.2,11,automne,21h-24h,0,1.0,0,0
2020-11-19 00:00:00,1.0,3.0,304.0,11.3,0.9,11,automne,00h-03h,0,1.0,0,0
2020-11-19 03:00:00,0.0,3.0,299.0,9.3,0.6,11,automne,03h-06h,0,1.0,0,0
2020-11-19 06:00:00,0.0,3.0,303.0,10.1,-2.0,11,automne,06h-09h,0,0.0,1,0
2020-11-19 09:00:00,2.0,3.0,311.0,11.8,-0.8,11,automne,09h-12h,0,0.0,1,0
2020-11-19 12:00:00,0.0,3.0,311.0,7.6,1.1,11,automne,12h-15h,0,2.0,0,0
2020-11-19 15:00:00,0.0,3.0,303.0,7.9,1.1,11,automne,15h-18h,0,0.0,0,0
2020-11-19 18:00:00,1.0,3.0,303.0,9.0,1.4,11,automne,18h-21h,0,0.0,0,0
2020-11-19 21:00:00,2.0,3.0,311.0,14.5,-1.3,11,automne,21h-24h,0,1.0,1,0
2020-11-20 00:00:00,3.0,8.0,340.0,12.3,-6.1,11,automne,00h-03h,0,2.0,1,0
2020-11-20 03:00:00,3.0,8.0,342.0,11.1,-3.7,11,automne,03h-06h,0,3.0,1,0
2020-11-20 06:00:00,2.0,8.0,383.0,8.5,-2.6,11,automne,06h-09h,0,3.0,1,0
2020-11-20 09:00:00,2.0,8.0,365.0,7.1,-2.7,11,automne,09h-12h,0,2.0,1,0
2020-11-20 12:00:00,1.0,8.0,357.0,7.7,-1.1,11,automne,12h-15h,0,2.0,1,0
2020-11-20 15:00:00,0.0,8.0,348.0,7.3,1.7,11,automne,15h-18h,0,1.0,0,0
2020-11-20 18:00:00,2.0,8.0,338.0,4.7,-0.5,11,automne,18h-21h,0,0.0,1,0
2020-11-20 21:00:00,1.0,8.0,327.0,2.9,-1.5,11,automne,21h-24h,0,2.0,1,0
2020-11-21 00:00:00,2.0,12.0,336.0,4.8,0.5,11,automne,00h-03h,0,1.0,0,0
2020-11-21 03:00:00,2.0,12.0,351.0,9.1,-1.8,11,automne,03h-06h,0,2.0,1,0
2020-11-21 06:00:00,1.0,12.0,348.0,7.3,0.2,11,automne,06h-09h,0,2.0,0,0
2020-11-21 09:00:00,1.0,12.0,351.0,7.9,5.0,11,automne,09h-12h,0,1.0,0,0
2020-11-21 12:00:00,3.0,12.0,364.0,8.1,-5.0,11,automne,12h-15h,0,1.0,1,0
2020-11-21 15:00:00,3.0,12.0,361.0,4.8,-4.7,11,automne,15h-18h,0,3.0,1,0
2020-11-21 18:00:00,3.0,12.0,393.0,5.6,-0.7,11,automne,18h-21h,0,3.0,1,0
2020-11-21 21:00:00,4.0,12.0,450.0,8.4,-5.7,11,automne,21h-24h,0,3.0,1,0
2020-11-22 00:00:00,3.0,27.0,522.0,11.3,1.7,11,automne,00h-03h,0,4.0,0,0
2020-11-22 03:00:00,4.0,27.0,534.0,8.3,-1.0,11,automne,03h-06h,0,3.0,1,0
2020-11-22 06:00:00,4.0,27.0,548.0,6.1,0.8,11,automne,06h-09h,0,4.0,0,0
2020-11-22 09:00:00,4.0,27.0,614.0,4.9,-1.5,11,automne,09h-12h,0,4.0,1,0
2020-11-22 12:00:00,5.0,27.0,623.0,4.2,-1.8,11,automne,12h-15h,0,4.0,1,1
2020-11-22 15:00:00,4.0,27.0,622.0,3.1,-2.7,11,automne,15h-18h,0,5.0,1,0
2020-11-22 18:00:00,4.0,27.0,635.0,2.4,-3.5,11,automne,18h-21h,0,4.0,1,0
2020-11-22 21:00:00,3.0,27.0,616.0,2.4,1.8,11,automne,21h-24h,0,4.0,0,0
2020-11-23 00:00:00,2.0,8.0,598.0,1.8,1.7,11,automne,00h-03h,0,3.0,0,0
2020-11-23 03:00:00,3.0,8.0,599.0,1.8,-2.2,11,automne,03h-06h,0,2.0,1,0
2020-11-23 06:00:00,2.0,8.0,594.0,1.9,-0.2,11,automne,06h-09h,0,3.0,1,0
2020-11-23 09:00:00,2.0,8.0,567.0,1.7,-1.2,11,automne,09h-12h,0,2.0,1,0
2020-11-23 12:00:00,1.0,8.0,551.0,1.7,0.0,11,automne,12h-15h,0,2.0,0,0
2020-11-23 15:00:00,2.0,8.0,549.0,2.1,-0.7,11,automne,15h-18h,0,1.0,1,0
2020-11-23 18:00:00,2.0,8.0,527.0,1.9,0.0,11,automne,18h-21h,0,2.0,0,0
2020-11-23 21:00:00,2.0,8.0,517.0,2.0,-0.7,11,automne,21h-24h,0,2.0,1,0
2020-11-24 00:00:00,2.0,4.0,484.0,1.7,-0.8,11,automne,00h-03h,0,2.0,1,0
2020-11-24 03:00:00,1.0,4.0,456.0,1.5,-0.4,11,automne,03h-06h,0,2.0,1,0
2020-11-24 06:00:00,0.0,4.0,452.0,1.4,-0.4,11,automne,06h-09h,0,1.0,1,0
2020-11-24 09:00:00,1.0,4.0,448.0,1.6,-0.4,11,automne,09h-12h,0,0.0,1,0
2020-11-24 12:00:00,1.0,4.0,442.0,1.9,0.7,11,automne,12h-15h,0,1.0,0,0
2020-11-24 15:00:00,1.0,4.0,434.0,2.1,-0.5,11,automne,15h-18h,0,1.0,1,0
2020-11-24 18:00:00,1.0,4.0,402.0,2.2,0.8,11,automne,18h-21h,0,1.0,0,0
2020-11-24 21:00:00,1.0,4.0,410.0,3.3,0.1,11,automne,21h-24h,0,1.0,0,0
2020-11-25 00:00:00,1.0,7.0,416.0,4.5,-0.7,11,automne,00h-03h,0,1.0,1,0
2020-11-25 03:00:00,3.0,7.0,412.0,5.6,0.0,11,automne,03h-06h,0,1.0,0,0
2020-11-25 06:00:00,1.0,7.0,398.0,5.5,-3.5,11,automne,06h-09h,0,3.0,1,0
2020-11-25 09:00:00,2.0,7.0,379.0,5.7,-2.4,11,automne,09h-12h,0,1.0,1,0
2020-11-25 12:00:00,1.0,7.0,363.0,4.5,-4.4,11,automne,12h-15h,0,2.0,1,0
2020-11-25 15:00:00,2.0,7.0,374.0,4.6,-1.3,11,automne,15h-18h,0,1.0,1,0
2020-11-25 18:00:00,2.0,7.0,376.0,6.2,-3.1,11,automne,18h-21h,0,2.0,1,0
2020-11-25 21:00:00,3.0,7.0,377.0,5.6,-1.4,11,automne,21h-24h,0,2.0,1,0
2020-11-26 00:00:00,2.0,7.0,380.0,5.7,-0.6,11,automne,00h-03h,0,3.0,1,0
2020-11-26 03:00:00,1.0,7.0,384.0,6.0,-0.3,11,automne,03h-06h,0,2.0,1,0
2020-11-26 06:00:00,1.0,7.0,389.0,7.1,-0.2,11,automne,06h-09h,0,1.0,1,0
2020-11-26 09:00:00,1.0,7.0,389.0,7.9,-1.6,11,automne,09h-12h,0,1.0,1,0
2020-11-26 12:00:00,2.0,7.0,386.0,4.0,-1.2,11,automne,12h-15h,0,1.0,1,0
2020-11-26 15:00:00,2.0,7.0,443.0,3.9,3.7,11,automne,15h-18h,0,2.0,0,0
2020-11-26 18:00:00,3.0,7.0,432.0,4.5,0.8,11,automne,18h-21h,0,2.0,0,0
2020-11-26 21:00:00,2.0,7.0,426.0,7.1,2.2,11,automne,21h-24h,0,3.0,0,0
2020-11-27 00:00:00,1.0,8.0,418.0,8.6,2.2,11,automne,00h-03h,0,2.0,0,0
2020-11-27 03:00:00,3.0,8.0,419.0,8.0,1.6,11,automne,03h-06h,0,1.0,0,0
2020-11-27 06:00:00,3.0,8.0,409.0,8.7,-3.2,11,automne,06h-09h,0,3.0,1,0
2020-11-27 09:00:00,3.0,8.0,416.0,7.3,-1.1,11,automne,09h-12h,0,3.0,1,0
2020-11-27 12:00:00,3.0,8.0,425.0,6.3,-3.6,11,automne,12h-15h,0,3.0,1,0
2020-11-27 15:00:00,2.0,8.0,420.0,6.4,2.7,11,automne,15h-18h,0,3.0,0,0
2020-11-27 18:00:00,1.0,8.0,421.0,6.7,0.2,11,automne,18h-21h,0,2.0,0,0
2020-11-27 21:00:00,1.0,8.0,423.0,6.4,3.4,11,automne,21h-24h,0,1.0,0,0
2020-11-28 00:00:00,3.0,10.0,448.0,3.5,-1.4,11,automne,00h-03h,0,1.0,1,0
2020-11-28 03:00:00,3.0,10.0,443.0,4.0,-1.6,11,automne,03h-06h,0,3.0,1,0
2020-11-28 06:00:00,3.0,10.0,429.0,3.7,-0.1,11,automne,06h-09h,0,3.0,1,0
2020-11-28 09:00:00,2.0,10.0,445.0,4.2,-0.1,11,automne,09h-12h,0,3.0,1,0
2020-11-28 12:00:00,2.0,10.0,436.0,2.7,-1.1,11,automne,12h-15h,0,2.0,1,0
2020-11-28 15:00:00,2.0,10.0,415.0,3.4,1.6,11,automne,15h-18h,0,2.0,0,0
2020-11-28 18:00:00,2.0,10.0,390.0,4.5,-2.4,11,automne,18h-21h,0,2.0,1,0
2020-11-28 21:00:00,2.0,10.0,423.0,6.3,0.9,11,automne,21h-24h,0,2.0,0,0
2020-11-29 00:00:00,1.0,6.0,403.0,7.8,1.0,11,automne,00h-03h,0,2.0,0,0
2020-11-29 03:00:00,2.0,6.0,400.0,7.8,1.6,11,automne,03h-06h,0,1.0,0,0
2020-11-29 06:00:00,3.0,6.0,389.0,8.3,-3.8,11,automne,06h-09h,0,2.0,1,0
2020-11-29 09:00:00,2.0,6.0,383.0,8.9,-2.1,11,automne,09h-12h,0,3.0,1,0
2020-11-29 12:00:00,2.0,6.0,362.0,7.5,-1.8,11,automne,12h-15h,0,2.0,1,0
2020-11-29 15:00:00,2.0,6.0,353.0,5.3,2.1,11,automne,15h-18h,0,2.0,0,0
2020-11-29 18:00:00,1.0,6.0,359.0,2.8,1.8,11,automne,18h-21h,0,2.0,0,0
2020-11-29 21:00:00,1.0,6.0,356.0,3.7,2.2,11,automne,21h-24h,0,1.0,0,0
2020-11-30 00:00:00,1.0,8.0,373.0,3.8,0.3,11,automne,00h-03h,0,1.0,0,0
2020-11-30 03:00:00,3.0,8.0,382.0,6.9,-5.3,11,automne,03h-06h,0,1.0,1,0
2020-11-30 06:00:00,3.0,8.0,418.0,11.0,1.7,11,automne,06h-09h,0,3.0,0,0
2020-11-30 09:00:00,2.0,8.0,464.0,10.3,3.5,11,automne,09h-12h,0,3.0,0,0
2020-11-30 12:00:00,1.0,8.0,499.0,2.6,-0.2,11,automne,12h-15h,0,2.0,1,0
2020-11-30 15:00:00,1.0,8.0,452.0,1.0,0.6,11,automne,15h-18h,0,1.0,0,0
2020-11-30 18:00:00,0.0,8.0,445.0,0.8,0.8,11,automne,18h-21h,0,1.0,0,0
2020-11-30 21:00:00,1.0,8.0,448.0,0.9,-1.1,11,automne,21h-24h,0,0.0,1,0
2020-12-01 00:00:00,1.0,2.0,427.0,1.0,-0.6,12,hiver,00h-03h,0,1.0,1,0
2020-12-01 03:00:00,0.0,2.0,424.0,1.1,1.2,12,hiver,03h-06h,0,1.0,0,0
2020-12-01 06:00:00,0.0,2.0,400.0,1.0,2.3,12,hiver,06h-09h,0,0.0,0,0
2020-12-01 09:00:00,0.0,2.0,388.0,1.1,1.3,12,hiver,09h-12h,0,0.0,0,0
2020-12-01 12:00:00,0.0,2.0,399.0,1.1,1.1,12,hiver,12h-15h,0,0.0,0,0
2020-12-01 15:00:00,0.0,2.0,410.0,1.2,2.1,12,hiver,15h-18h,0,0.0,0,0
2020-12-01 18:00:00,0.0,2.0,439.0,1.1,3.8,12,hiver,18h-21h,0,0.0,0,0
2020-12-01 21:00:00,1.0,2.0,392.0,1.2,-1.0,12,hiver,21h-24h,0,0.0,1,0
2020-12-02 00:00:00,1.0,4.0,393.0,1.1,2.0,12,hiver,00h-03h,0,1.0,0,0
2020-12-02 03:00:00,1.0,4.0,412.0,1.0,-2.8,12,hiver,03h-06h,0,1.0,1,0
2020-12-02 06:00:00,2.0,4.0,404.0,0.8,-1.3,12,hiver,06h-09h,0,1.0,1,0
2020-12-02 09:00:00,1.0,4.0,409.0,2.0,1.3,12,hiver,09h-12h,0,2.0,0,0
2020-12-02 12:00:00,0.0,4.0,411.0,3.0,3.9,12,hiver,12h-15h,0,1.0,0,0
2020-12-02 15:00:00,1.0,4.0,418.0,5.1,4.0,12,hiver,15h-18h,0,0.0,0,0
2020-12-02 18:00:00,1.0,4.0,415.0,5.2,4.2,12,hiver,18h-21h,0,1.0,0,0
2020-12-02 21:00:00,1.0,4.0,401.0,4.9,2.3,12,hiver,21h-24h,0,1.0,0,0
2020-12-03 00:00:00,1.0,3.0,398.0,3.6,2.5,12,hiver,00h-03h,0,1.0,0,0
2020-12-03 03:00:00,0.0,3.0,386.0,3.3,2.8,12,hiver,03h-06h,0,1.0,0,0
2020-12-03 06:00:00,0.0,3.0,373.0,3.2,1.5,12,hiver,06h-09h,0,0.0,0,0
2020-12-03 09:00:00,0.0,3.0,364.0,3.3,-0.5,12,hiver,09h-12h,0,0.0,1,0
2020-12-03 12:00:00,1.0,3.0,361.0,4.1,-1.3,12,hiver,12h-15h,0,0.0,1,0
2020-12-03 15:00:00,2.0,3.0,361.0,7.8,-3.3,12,hiver,15h-18h,0,1.0,1,0
2020-12-03 18:00:00,0.0,3.0,353.0,1.4,1.0,12,hiver,18h-21h,0,2.0,0,0
2020-12-03 21:00:00,0.0,3.0,335.0,0.9,2.6,12,hiver,21h-24h,0,0.0,0,0
2020-12-04 00:00:00,0.0,2.0,349.0,1.0,3.1,12,hiver,00h-03h,0,0.0,0,0
2020-12-04 03:00:00,0.0,2.0,342.0,0.8,2.2,12,hiver,03h-06h,0,0.0,0,0
2020-12-04 06:00:00,0.0,2.0,327.0,0.9,3.0,12,hiver,06h-09h,0,0.0,0,0
2020-12-04 09:00:00,0.0,2.0,299.0,1.1,1.0,12,hiver,09h-12h,0,0.0,0,0
2020-12-04 12:00:00,0.0,2.0,326.0,1.0,2.0,12,hiver,12h-15h,0,0.0,0,0
2020-12-04 15:00:00,0.0,2.0,340.0,1.1,2.4,12,hiver,15h-18h,0,0.0,0,0
2020-12-04 18:00:00,0.0,2.0,313.0,1.0,1.5,12,hiver,18h-21h,0,0.0,0,0
2020-12-04 21:00:00,1.0,2.0,272.0,1.1,0.7,12,hiver,21h-24h,0,0.0,0,0
2020-12-05 00:00:00,0.0,5.0,295.0,1.3,0.8,12,hiver,00h-03h,0,1.0,0,0
2020-12-05 03:00:00,0.0,5.0,277.0,1.5,0.6,12,hiver,03h-06h,0,0.0,0,0
2020-12-05 06:00:00,1.0,5.0,291.0,2.3,0.6,12,hiver,06h-09h,0,0.0,0,0
2020-12-05 09:00:00,1.0,5.0,332.0,1.4,-1.9,12,hiver,09h-12h,0,1.0,1,0
2020-12-05 12:00:00,2.0,5.0,364.0,1.5,-1.5,12,hiver,12h-15h,0,1.0,1,0
2020-12-05 15:00:00,1.0,5.0,375.0,4.6,3.4,12,hiver,15h-18h,0,2.0,0,0
2020-12-05 18:00:00,2.0,5.0,370.0,8.0,-1.3,12,hiver,18h-21h,0,1.0,1,0
2020-12-05 21:00:00,1.0,5.0,368.0,5.1,0.2,12,hiver,21h-24h,0,2.0,0,0
2020-12-06 00:00:00,2.0,6.0,363.0,5.7,-1.6,12,hiver,00h-03h,0,1.0,1,0
2020-12-06 03:00:00,1.0,6.0,357.0,3.6,-3.7,12,hiver,03h-06h,0,2.0,1,0
2020-12-06 06:00:00,1.0,6.0,353.0,5.6,-3.7,12,hiver,06h-09h,0,1.0,1,0
2020-12-06 09:00:00,1.0,6.0,351.0,8.8,-0.2,12,hiver,09h-12h,0,1.0,1,0
2020-12-06 12:00:00,2.0,6.0,372.0,7.5,-0.2,12,hiver,12h-15h,0,1.0,1,0
2020-12-06 15:00:00,1.0,6.0,376.0,10.0,-0.8,12,hiver,15h-18h,0,2.0,1,0
2020-12-06 18:00:00,2.0,6.0,373.0,10.9,-2.7,12,hiver,18h-21h,0,1.0,1,0
2020-12-06 21:00:00,2.0,6.0,371.0,3.8,-2.7,12,hiver,21h-24h,0,2.0,1,0
2020-12-07 00:00:00,1.0,3.0,367.0,3.4,3.4,12,hiver,00h-03h,0,2.0,0,0
2020-12-07 03:00:00,0.0,3.0,358.0,3.4,1.9,12,hiver,03h-06h,0,1.0,0,0
2020-12-07 06:00:00,1.0,3.0,352.0,3.5,0.5,12,hiver,06h-09h,0,0.0,0,0
2020-12-07 09:00:00,1.0,3.0,348.0,3.3,0.7,12,hiver,09h-12h,0,1.0,0,0
2020-12-07 12:00:00,0.0,3.0,377.0,3.6,1.9,12,hiver,12h-15h,0,1.0,0,0
2020-12-07 15:00:00,1.0,3.0,383.0,2.8,-2.1,12,hiver,15h-18h,0,0.0,1,0
2020-12-07 18:00:00,0.0,3.0,357.0,2.1,0.7,12,hiver,18h-21h,0,1.0,0,0
2020-12-07 21:00:00,0.0,3.0,350.0,1.9,1.4,12,hiver,21h-24h,0,0.0,0,0
2020-12-08 00:00:00,1.0,5.0,347.0,2.2,-0.3,12,hiver,00h-03h,0,0.0,1,0
2020-12-08 03:00:00,2.0,5.0,349.0,3.9,-3.5,12,hiver,03h-06h,0,1.0,1,0
2020-12-08 06:00:00,2.0,5.0,345.0,4.3,-0.2,12,hiver,06h-09h,0,2.0,1,0
2020-12-08 09:00:00,1.0,5.0,347.0,4.8,-3.0,12,hiver,09h-12h,0,2.0,1,0
2020-12-08 12:00:00,1.0,5.0,352.0,8.3,-0.3,12,hiver,12h-15h,0,1.0,1,0
2020-12-08 15:00:00,0.0,5.0,358.0,9.5,-0.6,12,hiver,15h-18h,0,1.0,1,0
2020-12-08 18:00:00,1.0,5.0,364.0,4.6,0.1,12,hiver,18h-21h,0,0.0,0,0
2020-12-08 21:00:00,1.0,5.0,354.0,5.5,-4.1,12,hiver,21h-24h,0,1.0,1,0
2020-12-09 00:00:00,2.0,7.0,345.0,5.1,-1.6,12,hiver,00h-03h,0,1.0,1,0
2020-12-09 03:00:00,3.0,7.0,358.0,13.6,-3.7,12,hiver,03h-06h,0,2.0,1,0
2020-12-09 06:00:00,2.0,7.0,371.0,11.5,-1.2,12,hiver,06h-09h,0,3.0,1,0
2020-12-09 09:00:00,1.0,7.0,385.0,11.6,2.1,12,hiver,09h-12h,0,2.0,0,0
2020-12-09 12:00:00,0.0,7.0,373.0,8.9,3.5,12,hiver,12h-15h,0,1.0,0,0
2020-12-09 15:00:00,2.0,7.0,393.0,6.4,3.4,12,hiver,15h-18h,0,0.0,0,0
2020-12-09 18:00:00,3.0,7.0,419.0,6.5,-5.5,12,hiver,18h-21h,0,2.0,1,0
2020-12-09 21:00:00,2.0,7.0,416.0,5.6,0.7,12,hiver,21h-24h,0,3.0,0,0
2020-12-10 00:00:00,4.0,8.0,442.0,5.1,0.5,12,hiver,00h-03h,0,2.0,0,0
2020-12-10 03:00:00,3.0,8.0,566.0,11.6,0.2,12,hiver,03h-06h,0,4.0,0,0
2020-12-10 06:00:00,1.0,8.0,535.0,8.6,4.3,12,hiver,06h-09h,0,3.0,0,0
2020-12-10 09:00:00,1.0,8.0,490.0,6.9,3.2,12,hiver,09h-12h,0,1.0,0,0
2020-12-10 12:00:00,1.0,8.0,488.0,6.1,4.0,12,hiver,12h-15h,0,1.0,0,0
2020-12-10 15:00:00,1.0,8.0,473.0,6.5,2.0,12,hiver,15h-18h,0,1.0,0,0
2020-12-10 18:00:00,1.0,8.0,445.0,4.5,0.4,12,hiver,18h-21h,0,1.0,0,0
2020-12-10 21:00:00,2.0,8.0,466.0,4.1,0.1,12,hiver,21h-24h,0,1.0,0,0
2020-12-11 00:00:00,3.0,7.0,467.0,3.5,-1.7,12,hiver,00h-03h,0,2.0,1,0
2020-12-11 03:00:00,3.0,7.0,479.0,4.2,-0.1,12,hiver,03h-06h,0,3.0,1,0
2020-12-11 06:00:00,1.0,7.0,448.0,5.3,-0.2,12,hiver,06h-09h,0,3.0,1,0
2020-12-11 09:00:00,1.0,7.0,444.0,2.7,1.6,12,hiver,09h-12h,0,1.0,0,0
2020-12-11 12:00:00,0.0,7.0,496.0,1.9,1.4,12,hiver,12h-15h,0,1.0,0,0
2020-12-11 15:00:00,1.0,7.0,490.0,1.5,-0.1,12,hiver,15h-18h,0,0.0,1,0
2020-12-11 18:00:00,2.0,7.0,466.0,2.0,-0.8,12,hiver,18h-21h,0,1.0,1,0
2020-12-11 21:00:00,1.0,7.0,476.0,2.2,-1.0,12,hiver,21h-24h,0,2.0,1,0
2020-12-12 00:00:00,2.0,4.0,453.0,2.1,-1.4,12,hiver,00h-03h,0,1.0,1,0
2020-12-12 03:00:00,1.0,4.0,433.0,3.0,0.5,12,hiver,03h-06h,0,2.0,0,0
2020-12-12 06:00:00,1.0,4.0,435.0,3.1,0.1,12,hiver,06h-09h,0,1.0,0,0
2020-12-12 09:00:00,1.0,4.0,418.0,5.4,2.9,12,hiver,09h-12h,0,1.0,0,0
2020-12-12 12:00:00,1.0,4.0,417.0,4.5,0.8,12,hiver,12h-15h,0,1.0,0,0
2020-12-12 15:00:00,1.0,4.0,405.0,4.5,1.7,12,hiver,15h-18h,0,1.0,0,0
2020-12-12 18:00:00,1.0,4.0,399.0,6.9,0.3,12,hiver,18h-21h,0,1.0,0,0
2020-12-12 21:00:00,2.0,4.0,378.0,5.4,-2.1,12,hiver,21h-24h,0,1.0,1,0
2020-12-13 00:00:00,3.0,5.0,397.0,4.6,-2.9,12,hiver,00h-03h,0,2.0,1,0
2020-12-13 03:00:00,1.0,5.0,374.0,4.7,-1.7,12,hiver,03h-06h,0,3.0,1,0
2020-12-13 06:00:00,0.0,5.0,373.0,4.2,1.1,12,hiver,06h-09h,0,1.0,0,0
2020-12-13 09:00:00,0.0,5.0,359.0,4.3,1.5,12,hiver,09h-12h,0,0.0,0,0
2020-12-13 12:00:00,1.0,5.0,351.0,3.6,1.1,12,hiver,12h-15h,0,0.0,0,0
2020-12-13 15:00:00,1.0,5.0,349.0,3.4,1.6,12,hiver,15h-18h,0,1.0,0,0
2020-12-13 18:00:00,2.0,5.0,353.0,5.6,1.6,12,hiver,18h-21h,0,1.0,0,0
2020-12-13 21:00:00,1.0,5.0,342.0,6.1,-0.2,12,hiver,21h-24h,0,2.0,1,0
2020-12-14 00:00:00,0.0,3.0,350.0,5.8,1.5,12,hiver,00h-03h,0,1.0,0,0
2020-12-14 03:00:00,0.0,3.0,358.0,4.5,-0.5,12,hiver,03h-06h,0,0.0,1,0
2020-12-14 06:00:00,0.0,3.0,360.0,6.0,1.1,12,hiver,06h-09h,0,0.0,0,0
2020-12-14 09:00:00,1.0,3.0,341.0,4.4,0.3,12,hiver,09h-12h,0,0.0,0,0
2020-12-14 12:00:00,0.0,3.0,336.0,4.4,-0.4,12,hiver,12h-15h,0,1.0,1,0
2020-12-14 15:00:00,1.0,3.0,361.0,9.1,-1.7,12,hiver,15h-18h,0,0.0,1,0
2020-12-14 18:00:00,2.0,3.0,358.0,10.7,-0.7,12,hiver,18h-21h,0,1.0,1,0
2020-12-14 21:00:00,1.0,3.0,348.0,3.1,-1.9,12,hiver,21h-24h,0,2.0,1,0
2020-12-15 00:00:00,2.0,3.0,340.0,3.9,-0.9,12,hiver,00h-03h,0,1.0,1,0
2020-12-15 03:00:00,0.0,3.0,343.0,2.7,-0.6,12,hiver,03h-06h,0,2.0,1,0
2020-12-15 06:00:00,1.0,3.0,337.0,4.6,-1.1,12,hiver,06h-09h,0,0.0,1,0
2020-12-15 09:00:00,0.0,3.0,339.0,3.7,-1.1,12,hiver,09h-12h,0,1.0,1,0
2020-12-15 12:00:00,0.0,3.0,329.0,5.0,-1.1,12,hiver,12h-15h,0,0.0,1,0
2020-12-15 15:00:00,0.0,3.0,295.0,7.9,-0.4,12,hiver,15h-18h,0,0.0,1,0
2020-12-15 18:00:00,1.0,3.0,288.0,10.4,-0.2,12,hiver,18h-21h,0,0.0,1,0
2020-12-15 21:00:00,1.0,3.0,282.0,11.7,-0.9,12,hiver,21h-24h,0,1.0,1,0
2020-12-16 00:00:00,1.0,3.0,275.0,12.2,-1.3,12,hiver,00h-03h,0,1.0,1,0
2020-12-16 03:00:00,1.0,3.0,289.0,7.0,-2.4,12,hiver,03h-06h,0,1.0,1,0
2020-12-16 06:00:00,0.0,3.0,287.0,12.7,0.5,12,hiver,06h-09h,0,1.0,0,0
2020-12-16 09:00:00,0.0,3.0,283.0,15.2,0.5,12,hiver,09h-12h,0,0.0,0,0
2020-12-16 12:00:00,0.0,3.0,280.0,13.6,-0.8,12,hiver,12h-15h,0,0.0,1,0
2020-12-16 15:00:00,1.0,3.0,286.0,12.1,-1.5,12,hiver,15h-18h,0,0.0,1,0
2020-12-16 18:00:00,1.0,3.0,284.0,13.5,-2.0,12,hiver,18h-21h,0,1.0,1,0
2020-12-16 21:00:00,1.0,3.0,276.0,9.0,0.0,12,hiver,21h-24h,0,1.0,0,0
2020-12-17 00:00:00,1.0,2.0,279.0,9.1,0.4,12,hiver,00h-03h,0,1.0,0,0
2020-12-17 03:00:00,1.0,2.0,276.0,10.2,2.5,12,hiver,03h-06h,0,1.0,0,0
2020-12-17 06:00:00,0.0,2.0,284.0,12.6,0.9,12,hiver,06h-09h,0,1.0,0,0
2020-12-17 09:00:00,0.0,2.0,282.0,11.2,0.5,12,hiver,09h-12h,0,0.0,0,0
2020-12-17 12:00:00,0.0,2.0,276.0,9.8,0.7,12,hiver,12h-15h,0,0.0,0,0
2020-12-17 15:00:00,0.0,2.0,284.0,10.6,-0.1,12,hiver,15h-18h,0,0.0,1,0
2020-12-17 18:00:00,0.0,2.0,284.0,10.3,0.4,12,hiver,18h-21h,0,0.0,0,0
2020-12-17 21:00:00,1.0,2.0,282.0,11.8,-0.7,12,hiver,21h-24h,0,0.0,1,0
2020-12-18 00:00:00,0.0,3.0,261.0,7.7,-0.7,12,hiver,00h-03h,0,1.0,1,0
2020-12-18 03:00:00,0.0,3.0,277.0,12.4,-2.6,12,hiver,03h-06h,0,0.0,1,0
2020-12-18 06:00:00,1.0,3.0,286.0,13.3,-1.9,12,hiver,06h-09h,0,0.0,1,0
2020-12-18 09:00:00,1.0,3.0,284.0,14.1,0.7,12,hiver,09h-12h,0,1.0,0,0
2020-12-18 12:00:00,1.0,3.0,291.0,11.4,3.1,12,hiver,12h-15h,0,1.0,0,0
2020-12-18 15:00:00,1.0,3.0,291.0,12.7,-3.8,12,hiver,15h-18h,0,1.0,1,0
2020-12-18 18:00:00,1.0,3.0,294.0,13.1,1.3,12,hiver,18h-21h,0,1.0,0,0
2020-12-18 21:00:00,0.0,3.0,288.0,12.9,1.6,12,hiver,21h-24h,0,1.0,0,0
2020-12-19 00:00:00,1.0,5.0,288.0,14.2,-1.6,12,hiver,00h-03h,0,0.0,1,0
2020-12-19 03:00:00,0.0,5.0,288.0,17.7,-1.1,12,hiver,03h-06h,0,1.0,1,0
2020-12-19 06:00:00,1.0,5.0,292.0,19.0,0.6,12,hiver,06h-09h,0,0.0,0,0
2020-12-19 09:00:00,2.0,5.0,319.0,31.8,0.9,12,hiver,09h-12h,0,1.0,0,0
2020-12-19 12:00:00,2.0,5.0,334.0,20.2,0.9,12,hiver,12h-15h,0,2.0,0,0
2020-12-19 15:00:00,1.0,5.0,328.0,12.1,1.3,12,hiver,15h-18h,0,2.0,0,0
2020-12-19 18:00:00,1.0,5.0,327.0,5.8,-1.3,12,hiver,18h-21h,0,1.0,1,0
2020-12-19 21:00:00,1.0,5.0,347.0,7.4,1.8,12,hiver,21h-24h,0,1.0,0,0
2020-12-20 00:00:00,1.0,4.0,339.0,3.5,0.3,12,hiver,00h-03h,0,1.0,0,0
2020-12-20 03:00:00,1.0,4.0,381.0,3.4,0.6,12,hiver,03h-06h,0,1.0,0,0
2020-12-20 06:00:00,2.0,4.0,380.0,2.9,-1.6,12,hiver,06h-09h,0,1.0,1,0
2020-12-20 09:00:00,1.0,4.0,347.0,2.3,-0.9,12,hiver,09h-12h,0,2.0,1,0
2020-12-20 12:00:00,1.0,4.0,362.0,2.4,-1.6,12,hiver,12h-15h,0,1.0,1,0
2020-12-20 15:00:00,1.0,4.0,364.0,5.5,-0.6,12,hiver,15h-18h,0,1.0,1,0
2020-12-20 18:00:00,0.0,4.0,374.0,5.5,1.4,12,hiver,18h-21h,0,1.0,0,0
2020-12-20 21:00:00,1.0,4.0,377.0,6.1,-0.0,12,hiver,21h-24h,0,0.0,0,0
2020-12-21 00:00:00,2.0,12.0,377.0,6.8,2.6,12,hiver,00h-03h,0,1.0,0,0
2020-12-21 03:00:00,3.0,12.0,376.0,8.9,-3.5,12,hiver,03h-06h,0,2.0,1,0
2020-12-21 06:00:00,2.0,12.0,382.0,9.5,-3.7,12,hiver,06h-09h,0,3.0,1,0
2020-12-21 09:00:00,2.0,12.0,374.0,20.6,-0.9,12,hiver,09h-12h,0,2.0,1,0
2020-12-21 12:00:00,2.0,12.0,376.0,9.9,2.0,12,hiver,12h-15h,0,2.0,0,0
2020-12-21 15:00:00,1.0,12.0,386.0,5.3,5.9,12,hiver,15h-18h,0,2.0,0,0
2020-12-21 18:00:00,2.0,12.0,375.0,5.3,-1.0,12,hiver,18h-21h,0,1.0,1,0
2020-12-21 21:00:00,4.0,12.0,388.0,8.5,-5.8,12,hiver,21h-24h,0,2.0,1,0
2020-12-22 00:00:00,3.0,13.0,449.0,17.4,6.4,12,hiver,00h-03h,0,4.0,0,0
2020-12-22 03:00:00,3.0,13.0,551.0,5.8,0.4,12,hiver,03h-06h,0,3.0,0,0
2020-12-22 06:00:00,3.0,13.0,555.0,5.7,-1.7,12,hiver,06h-09h,0,3.0,1,0
2020-12-22 09:00:00,3.0,13.0,490.0,4.0,-0.9,12,hiver,09h-12h,0,3.0,1,0
2020-12-22 12:00:00,2.0,13.0,551.0,4.8,0.2,12,hiver,12h-15h,0,3.0,0,0
2020-12-22 15:00:00,3.0,13.0,538.0,4.7,2.4,12,hiver,15h-18h,0,2.0,0,0
2020-12-22 18:00:00,3.0,13.0,553.0,3.2,0.2,12,hiver,18h-21h,0,3.0,0,0
2020-12-22 21:00:00,2.0,13.0,569.0,3.2,-0.1,12,hiver,21h-24h,0,3.0,1,0
2020-12-23 00:00:00,3.0,12.0,556.0,3.9,-0.6,12,hiver,00h-03h,0,2.0,1,0
2020-12-23 03:00:00,4.0,12.0,548.0,4.9,-0.1,12,hiver,03h-06h,0,3.0,1,0
2020-12-23 06:00:00,3.0,12.0,602.0,2.5,0.6,12,hiver,06h-09h,0,4.0,0,0
2020-12-23 09:00:00,3.0,12.0,634.0,2.8,-2.4,12,hiver,09h-12h,0,3.0,1,0
2020-12-23 12:00:00,2.0,12.0,611.0,2.9,0.1,12,hiver,12h-15h,0,3.0,0,0
2020-12-23 15:00:00,1.0,12.0,563.0,2.7,-0.5,12,hiver,15h-18h,0,2.0,1,0
2020-12-23 18:00:00,2.0,12.0,515.0,2.9,-0.1,12,hiver,18h-21h,0,1.0,1,0
2020-12-23 21:00:00,2.0,12.0,523.0,3.2,0.9,12,hiver,21h-24h,0,2.0,0,0
2020-12-24 00:00:00,1.0,10.0,546.0,3.4,1.1,12,hiver,00h-03h,0,2.0,0,0
2020-12-24 03:00:00,3.0,10.0,548.0,3.2,-0.6,12,hiver,03h-06h,0,1.0,1,0
2020-12-24 06:00:00,2.0,10.0,548.0,3.2,-1.3,12,hiver,06h-09h,0,3.0,1,0
2020-12-24 09:00:00,2.0,10.0,580.0,3.0,-0.6,12,hiver,09h-12h,0,2.0,1,0
2020-12-24 12:00:00,3.0,10.0,578.0,2.9,-1.5,12,hiver,12h-15h,0,2.0,1,0
2020-12-24 15:00:00,3.0,10.0,561.0,3.1,-1.6,12,hiver,15h-18h,0,3.0,1,0
2020-12-24 18:00:00,1.0,10.0,539.0,2.1,0.1,12,hiver,18h-21h,0,3.0,0,0
2020-12-24 21:00:00,2.0,10.0,526.0,2.5,0.8,12,hiver,21h-24h,0,1.0,0,0
2020-12-25 00:00:00,3.0,5.0,523.0,3.3,-1.6,12,hiver,00h-03h,0,2.0,1,0
2020-12-25 03:00:00,2.0,5.0,507.0,2.9,-0.8,12,hiver,03h-06h,0,3.0,1,0
2020-12-25 06:00:00,1.0,5.0,501.0,3.2,0.5,12,hiver,06h-09h,0,2.0,0,0
2020-12-25 09:00:00,1.0,5.0,503.0,2.8,1.7,12,hiver,09h-12h,0,1.0,0,0
2020-12-25 12:00:00,2.0,5.0,479.0,3.9,-2.0,12,hiver,12h-15h,0,1.0,1,0
2020-12-25 15:00:00,1.0,5.0,464.0,5.1,-1.9,12,hiver,15h-18h,0,2.0,1,0
2020-12-25 18:00:00,0.0,5.0,444.0,3.6,1.3,12,hiver,18h-21h,0,1.0,0,0
2020-12-25 21:00:00,0.0,5.0,445.0,2.7,0.9,12,hiver,21h-24h,0,0.0,0,0
2020-12-26 00:00:00,0.0,4.0,431.0,3.1,-1.0,12,hiver,00h-03h,0,0.0,1,0
2020-12-26 03:00:00,2.0,4.0,435.0,3.0,-0.8,12,hiver,03h-06h,0,0.0,1,0
2020-12-26 06:00:00,1.0,4.0,411.0,2.7,0.2,12,hiver,06h-09h,0,2.0,0,0
2020-12-26 09:00:00,0.0,4.0,426.0,3.2,1.0,12,hiver,09h-12h,0,1.0,0,0
2020-12-26 12:00:00,1.0,4.0,425.0,3.8,0.7,12,hiver,12h-15h,0,0.0,0,0
2020-12-26 15:00:00,1.0,4.0,427.0,4.3,-1.1,12,hiver,15h-18h,0,1.0,1,0
2020-12-26 18:00:00,2.0,4.0,417.0,5.2,-0.9,12,hiver,18h-21h,0,1.0,1,0
2020-12-26 21:00:00,2.0,4.0,422.0,7.3,1.1,12,hiver,21h-24h,0,2.0,0,0
2020-12-27 00:00:00,2.0,6.0,420.0,9.0,0.6,12,hiver,00h-03h,0,2.0,0,0
2020-12-27 03:00:00,2.0,6.0,448.0,3.8,-1.3,12,hiver,03h-06h,0,2.0,1,0
2020-12-27 06:00:00,1.0,6.0,450.0,4.3,-0.6,12,hiver,06h-09h,0,2.0,1,0
2020-12-27 09:00:00,2.0,6.0,448.0,2.8,0.6,12,hiver,09h-12h,0,1.0,0,0
2020-12-27 12:00:00,2.0,6.0,451.0,8.9,-0.8,12,hiver,12h-15h,0,2.0,1,0
2020-12-27 15:00:00,1.0,6.0,485.0,4.4,2.7,12,hiver,15h-18h,0,2.0,0,0
2020-12-27 18:00:00,1.0,6.0,493.0,5.3,1.3,12,hiver,18h-21h,0,1.0,0,0
2020-12-27 21:00:00,2.0,6.0,484.0,4.5,-0.0,12,hiver,21h-24h,0,1.0,0,0
2020-12-28 00:00:00,2.0,7.0,497.0,4.5,-2.6,12,hiver,00h-03h,0,2.0,1,0
2020-12-28 03:00:00,2.0,7.0,513.0,5.2,0.5,12,hiver,03h-06h,0,2.0,0,0
2020-12-28 06:00:00,2.0,7.0,514.0,3.4,-0.9,12,hiver,06h-09h,0,2.0,1,0
2020-12-28 09:00:00,2.0,7.0,517.0,2.3,0.9,12,hiver,09h-12h,0,2.0,0,0
2020-12-28 12:00:00,2.0,7.0,505.0,2.8,-1.1,12,hiver,12h-15h,0,2.0,1,0
2020-12-28 15:00:00,1.0,7.0,469.0,3.6,1.4,12,hiver,15h-18h,0,2.0,0,0
2020-12-28 18:00:00,1.0,7.0,469.0,4.1,0.1,12,hiver,18h-21h,0,1.0,0,0
2020-12-28 21:00:00,2.0,7.0,447.0,3.6,-0.3,12,hiver,21h-24h,0,1.0,1,0
2020-12-29 00:00:00,3.0,7.0,455.0,4.8,-2.0,12,hiver,00h-03h,0,2.0,1,0
2020-12-29 03:00:00,2.0,7.0,480.0,4.7,-1.8,12,hiver,03h-06h,0,3.0,1,0
2020-12-29 06:00:00,1.0,7.0,465.0,5.0,1.0,12,hiver,06h-09h,0,2.0,0,0
2020-12-29 09:00:00,1.0,7.0,470.0,3.2,1.7,12,hiver,09h-12h,0,1.0,0,0
2020-12-29 12:00:00,1.0,7.0,457.0,3.7,2.8,12,hiver,12h-15h,0,1.0,0,0
2020-12-29 15:00:00,2.0,7.0,484.0,4.0,1.6,12,hiver,15h-18h,0,1.0,0,0
2020-12-29 18:00:00,1.0,7.0,467.0,4.0,0.7,12,hiver,18h-21h,0,2.0,0,0
2020-12-29 21:00:00,3.0,7.0,463.0,4.4,-1.5,12,hiver,21h-24h,0,1.0,1,0
2020-12-31 00:00:00,2.0,5.0,445.0,2.8,-2.3,12,hiver,00h-03h,0,3.0,1,0
2020-12-31 03:00:00,1.0,5.0,436.0,2.6,0.9,12,hiver,03h-06h,0,2.0,0,0
2020-12-31 06:00:00,0.0,5.0,433.0,2.7,0.7,12,hiver,06h-09h,0,1.0,0,0
2020-12-31 09:00:00,1.0,5.0,415.0,2.5,-1.8,12,hiver,09h-12h,0,0.0,1,0
2020-12-31 12:00:00,0.0,5.0,396.0,3.3,1.9,12,hiver,12h-15h,0,1.0,0,0
2020-12-31 15:00:00,0.0,5.0,398.0,3.5,-0.4,12,hiver,15h-18h,0,0.0,1,0
2020-12-31 18:00:00,1.0,5.0,387.0,3.8,-0.4,12,hiver,18h-21h,0,0.0,1,0
2020-12-31 21:00:00,1.0,5.0,373.0,4.4,-0.1,12,hiver,21h-24h,0,1.0,1,0
2021-01-01 00:00:00,0.0,4.0,365.0,4.4,1.6,1,hiver,00h-03h,0,1.0,0,0
2021-01-01 03:00:00,0.0,4.0,358.0,4.2,1.8,1,hiver,03h-06h,0,0.0,0,0
2021-01-01 06:00:00,1.0,4.0,355.0,4.5,0.5,1,hiver,06h-09h,0,0.0,0,0
2021-01-01 09:00:00,1.0,4.0,362.0,5.2,1.3,1,hiver,09h-12h,0,1.0,0,0
2021-01-01 12:00:00,0.0,4.0,353.0,5.1,0.6,1,hiver,12h-15h,0,1.0,0,0
2021-01-01 15:00:00,1.0,4.0,346.0,4.8,1.6,1,hiver,15h-18h,0,0.0,0,0
2021-01-01 18:00:00,1.0,4.0,344.0,4.5,-0.1,1,hiver,18h-21h,0,1.0,1,0
2021-01-01 21:00:00,1.0,4.0,338.0,4.9,0.5,1,hiver,21h-24h,0,1.0,0,0
2021-01-03 00:00:00,0.0,2.0,313.0,6.4,1.0,1,hiver,00h-03h,0,1.0,0,0
2021-01-03 03:00:00,1.0,2.0,315.0,8.1,0.2,1,hiver,03h-06h,0,0.0,0,0
2021-01-03 06:00:00,0.0,2.0,309.0,7.5,-0.2,1,hiver,06h-09h,0,1.0,1,0
2021-01-03 09:00:00,0.0,2.0,310.0,7.3,0.9,1,hiver,09h-12h,0,0.0,0,0
2021-01-03 12:00:00,0.0,2.0,308.0,7.1,-0.2,1,hiver,12h-15h,0,0.0,1,0
2021-01-03 15:00:00,1.0,2.0,301.0,8.3,0.3,1,hiver,15h-18h,0,0.0,0,0
2021-01-03 18:00:00,0.0,2.0,299.0,7.0,0.2,1,hiver,18h-21h,0,1.0,0,0
2021-01-03 21:00:00,1.0,2.0,294.0,7.4,0.1,1,hiver,21h-24h,0,0.0,0,0
2021-01-04 00:00:00,1.0,3.0,300.0,8.8,1.7,1,hiver,00h-03h,0,1.0,0,0
2021-01-04 03:00:00,0.0,3.0,291.0,10.9,-1.1,1,hiver,03h-06h,0,1.0,1,0
2021-01-04 06:00:00,1.0,3.0,299.0,10.4,-1.3,1,hiver,06h-09h,0,0.0,1,0
2021-01-04 09:00:00,1.0,3.0,309.0,9.2,-1.6,1,hiver,09h-12h,0,1.0,1,0
2021-01-04 12:00:00,0.0,3.0,300.0,7.8,2.9,1,hiver,12h-15h,0,1.0,0,0
2021-01-04 15:00:00,0.0,3.0,292.0,6.5,-0.1,1,hiver,15h-18h,0,0.0,1,0
2021-01-04 18:00:00,1.0,3.0,285.0,7.4,1.2,1,hiver,18h-21h,0,0.0,0,0
2021-01-04 21:00:00,1.0,3.0,293.0,9.6,-0.9,1,hiver,21h-24h,0,1.0,1,0
2021-01-05 00:00:00,2.0,11.0,306.0,13.1,-0.1,1,hiver,00h-03h,0,1.0,1,0
2021-01-05 03:00:00,1.0,11.0,312.0,9.6,-0.2,1,hiver,03h-06h,0,2.0,1,0
2021-01-05 06:00:00,1.0,11.0,297.0,8.3,0.2,1,hiver,06h-09h,0,1.0,0,0
2021-01-05 09:00:00,1.0,11.0,293.0,8.8,1.8,1,hiver,09h-12h,0,1.0,0,0
2021-01-05 12:00:00,4.0,11.0,347.0,17.5,-1.1,1,hiver,12h-15h,0,1.0,1,0
2021-01-05 15:00:00,3.0,11.0,415.0,15.5,-0.6,1,hiver,15h-18h,0,4.0,1,0
2021-01-05 18:00:00,2.0,11.0,453.0,11.1,4.4,1,hiver,18h-21h,0,3.0,0,0
2021-01-05 21:00:00,3.0,11.0,451.0,11.8,0.5,1,hiver,21h-24h,0,2.0,0,0
2021-01-06 00:00:00,3.0,11.0,434.0,14.5,3.5,1,hiver,00h-03h,0,3.0,0,0
2021-01-06 03:00:00,3.0,11.0,464.0,11.9,-1.6,1,hiver,03h-06h,0,3.0,1,0
2021-01-06 06:00:00,4.0,11.0,525.0,7.9,-1.0,1,hiver,06h-09h,0,3.0,1,0
2021-01-06 09:00:00,2.0,11.0,558.0,5.1,0.2,1,hiver,09h-12h,0,4.0,0,0
2021-01-06 12:00:00,2.0,11.0,587.0,2.7,-3.4,1,hiver,12h-15h,0,2.0,1,0
2021-01-06 15:00:00,1.0,11.0,530.0,2.6,-0.8,1,hiver,15h-18h,0,2.0,1,0
2021-01-06 18:00:00,1.0,11.0,518.0,2.3,-1.3,1,hiver,18h-21h,0,1.0,1,0
2021-01-06 21:00:00,1.0,11.0,483.0,2.7,-1.3,1,hiver,21h-24h,0,1.0,1,0
2021-01-07 00:00:00,1.0,6.0,492.0,3.2,-1.0,1,hiver,00h-03h,0,1.0,1,0
2021-01-07 03:00:00,2.0,6.0,478.0,2.5,-0.1,1,hiver,03h-06h,0,1.0,1,0
2021-01-07 06:00:00,1.0,6.0,472.0,3.4,-0.9,1,hiver,06h-09h,0,2.0,1,0
2021-01-07 09:00:00,1.0,6.0,470.0,2.9,0.6,1,hiver,09h-12h,0,1.0,0,0
2021-01-07 12:00:00,1.0,6.0,451.0,3.0,-0.1,1,hiver,12h-15h,0,1.0,1,0
2021-01-07 15:00:00,1.0,6.0,420.0,3.1,-0.6,1,hiver,15h-18h,0,1.0,1,0
2021-01-07 18:00:00,1.0,6.0,413.0,3.4,0.2,1,hiver,18h-21h,0,1.0,0,0
2021-01-07 21:00:00,3.0,6.0,407.0,3.3,-1.7,1,hiver,21h-24h,0,1.0,1,0
2021-01-08 00:00:00,1.0,2.0,408.0,3.9,0.6,1,hiver,00h-03h,0,3.0,0,0
2021-01-08 03:00:00,0.0,2.0,402.0,3.8,-0.5,1,hiver,03h-06h,0,1.0,1,0
2021-01-08 06:00:00,0.0,2.0,381.0,3.3,1.6,1,hiver,06h-09h,0,0.0,0,0
2021-01-08 09:00:00,0.0,2.0,373.0,3.4,1.2,1,hiver,09h-12h,0,0.0,0,0
2021-01-08 12:00:00,1.0,2.0,359.0,3.6,0.4,1,hiver,12h-15h,0,0.0,0,0
2021-01-08 15:00:00,0.0,2.0,375.0,4.2,-0.3,1,hiver,15h-18h,0,1.0,1,0
2021-01-08 18:00:00,0.0,2.0,355.0,4.3,0.7,1,hiver,18h-21h,0,0.0,0,0
2021-01-08 21:00:00,0.0,2.0,340.0,3.4,0.1,1,hiver,21h-24h,0,0.0,0,0
2021-01-09 00:00:00,1.0,3.0,339.0,4.8,-1.0,1,hiver,00h-03h,0,0.0,1,0
2021-01-09 03:00:00,1.0,3.0,332.0,5.6,-0.8,1,hiver,03h-06h,0,1.0,1,0
2021-01-09 06:00:00,1.0,3.0,326.0,5.2,0.5,1,hiver,06h-09h,0,1.0,0,0
2021-01-09 09:00:00,1.0,3.0,325.0,6.0,1.1,1,hiver,09h-12h,0,1.0,0,0
2021-01-09 12:00:00,0.0,3.0,320.0,6.6,0.9,1,hiver,12h-15h,0,1.0,0,0
2021-01-09 15:00:00,0.0,3.0,317.0,7.0,1.9,1,hiver,15h-18h,0,0.0,0,0
2021-01-09 18:00:00,0.0,3.0,314.0,4.1,0.3,1,hiver,18h-21h,0,0.0,0,0
2021-01-09 21:00:00,0.0,3.0,314.0,3.7,-1.3,1,hiver,21h-24h,0,0.0,1,0
2021-01-10 00:00:00,1.0,3.0,307.0,5.7,-0.5,1,hiver,00h-03h,0,0.0,1,0
2021-01-10 03:00:00,1.0,3.0,311.0,,-1.5,1,hiver,03h-06h,0,1.0,1,0
2021-01-10 06:00:00,1.0,3.0,304.0,,-0.3,1,hiver,06h-09h,0,1.0,1,0
2021-01-10 09:00:00,0.0,3.0,317.0,,0.5,1,hiver,09h-12h,0,1.0,0,0
2021-01-10 12:00:00,0.0,3.0,308.0,,-0.9,1,hiver,12h-15h,0,0.0,1,0
2021-01-10 15:00:00,1.0,3.0,312.0,,-2.2,1,hiver,15h-18h,0,0.0,1,0
2021-01-10 18:00:00,1.0,3.0,312.0,10.4,-3.5,1,hiver,18h-21h,0,1.0,1,0
2021-01-10 21:00:00,1.0,3.0,304.0,11.0,-2.4,1,hiver,21h-24h,0,1.0,1,0
2021-01-11 00:00:00,1.0,14.0,303.0,11.4,-1.3,1,hiver,00h-03h,0,1.0,1,0
2021-01-11 03:00:00,0.0,14.0,295.0,11.7,-1.4,1,hiver,03h-06h,0,1.0,1,0
2021-01-11 06:00:00,0.0,14.0,287.0,11.4,-0.8,1,hiver,06h-09h,0,0.0,1,0
2021-01-11 09:00:00,2.0,14.0,290.0,13.8,-0.7,1,hiver,09h-12h,0,0.0,1,0
2021-01-11 12:00:00,4.0,14.0,349.0,49.1,-1.4,1,hiver,12h-15h,0,2.0,1,0
2021-01-11 15:00:00,4.0,14.0,386.0,13.7,3.8,1,hiver,15h-18h,0,4.0,0,0
2021-01-11 18:00:00,4.0,14.0,397.0,13.3,1.1,1,hiver,18h-21h,0,4.0,0,0
2021-01-11 21:00:00,4.0,14.0,413.0,11.5,-2.4,1,hiver,21h-24h,0,4.0,1,0
2021-01-12 00:00:00,4.0,9.0,465.0,4.1,-3.2,1,hiver,00h-03h,0,4.0,1,0
2021-01-12 03:00:00,3.0,9.0,458.0,4.3,1.0,1,hiver,03h-06h,0,4.0,0,0
2021-01-12 06:00:00,2.0,9.0,455.0,5.5,-0.8,1,hiver,06h-09h,0,3.0,1,0
2021-01-12 09:00:00,2.0,9.0,463.0,5.2,-1.4,1,hiver,09h-12h,0,2.0,1,0
2021-01-12 12:00:00,1.0,9.0,457.0,5.1,-0.5,1,hiver,12h-15h,0,2.0,1,0
2021-01-12 15:00:00,1.0,9.0,429.0,4.1,2.4,1,hiver,15h-18h,0,1.0,0,0
2021-01-12 18:00:00,1.0,9.0,429.0,5.0,2.4,1,hiver,18h-21h,0,1.0,0,0
2021-01-12 21:00:00,1.0,9.0,410.0,5.2,2.3,1,hiver,21h-24h,0,1.0,0,0
2021-01-13 00:00:00,1.0,4.0,423.0,4.1,4.4,1,hiver,00h-03h,0,1.0,0,0
2021-01-13 03:00:00,1.0,4.0,429.0,4.2,1.7,1,hiver,03h-06h,0,1.0,0,0
2021-01-13 06:00:00,1.0,4.0,405.0,3.9,-0.3,1,hiver,06h-09h,0,1.0,1,0
2021-01-13 09:00:00,1.0,4.0,422.0,2.5,-2.0,1,hiver,09h-12h,0,1.0,1,0
2021-01-13 12:00:00,1.0,4.0,394.0,,-1.5,1,hiver,12h-15h,0,1.0,1,0
2021-01-13 15:00:00,1.0,4.0,385.0,,-1.7,1,hiver,15h-18h,0,1.0,1,0
2021-01-13 18:00:00,1.0,4.0,392.0,4.3,-0.3,1,hiver,18h-21h,0,1.0,1,0
2021-01-13 21:00:00,1.0,4.0,388.0,5.6,-0.1,1,hiver,21h-24h,0,1.0,1,0
2021-01-14 00:00:00,0.0,2.0,371.0,6.9,0.3,1,hiver,00h-03h,0,1.0,0,0
2021-01-14 03:00:00,0.0,2.0,370.0,7.5,2.6,1,hiver,03h-06h,0,0.0,0,0
2021-01-14 06:00:00,0.0,2.0,367.0,6.2,0.2,1,hiver,06h-09h,0,0.0,0,0
2021-01-14 09:00:00,1.0,2.0,372.0,7.1,0.5,1,hiver,09h-12h,0,0.0,0,0
2021-01-14 12:00:00,0.0,2.0,369.0,7.9,-0.4,1,hiver,12h-15h,0,1.0,1,0
2021-01-14 15:00:00,0.0,2.0,352.0,9.4,-0.1,1,hiver,15h-18h,0,0.0,1,0
2021-01-14 18:00:00,0.0,2.0,344.0,8.8,1.6,1,hiver,18h-21h,0,0.0,0,0
2021-01-14 21:00:00,1.0,2.0,328.0,10.2,1.5,1,hiver,21h-24h,0,0.0,0,0
2021-01-15 00:00:00,2.0,3.0,312.0,10.4,-1.9,1,hiver,00h-03h,0,1.0,1,0
2021-01-15 03:00:00,0.0,3.0,300.0,10.0,1.1,1,hiver,03h-06h,0,2.0,0,0
2021-01-15 06:00:00,0.0,3.0,298.0,9.8,0.7,1,hiver,06h-09h,0,0.0,0,0
2021-01-15 09:00:00,0.0,3.0,296.0,7.6,1.5,1,hiver,09h-12h,0,0.0,0,0
2021-01-15 12:00:00,0.0,3.0,296.0,8.2,0.1,1,hiver,12h-15h,0,0.0,0,0
2021-01-15 15:00:00,1.0,3.0,297.0,9.2,-2.2,1,hiver,15h-18h,0,0.0,1,0
2021-01-15 18:00:00,1.0,3.0,304.0,14.2,-0.5,1,hiver,18h-21h,0,1.0,1,0
2021-01-15 21:00:00,0.0,3.0,311.0,12.1,0.1,1,hiver,21h-24h,0,1.0,0,0
2021-01-16 00:00:00,1.0,4.0,303.0,13.4,0.5,1,hiver,00h-03h,0,0.0,0,0
2021-01-16 03:00:00,2.0,4.0,305.0,13.3,-0.3,1,hiver,03h-06h,0,1.0,1,0
2021-01-16 06:00:00,1.0,4.0,299.0,11.8,-1.0,1,hiver,06h-09h,0,2.0,1,0
2021-01-16 09:00:00,1.0,4.0,308.0,8.1,1.8,1,hiver,09h-12h,0,1.0,0,0
2021-01-16 12:00:00,1.0,4.0,326.0,6.7,1.1,1,hiver,12h-15h,0,1.0,0,0
2021-01-16 15:00:00,1.0,4.0,322.0,5.9,-0.6,1,hiver,15h-18h,0,1.0,1,0
2021-01-16 18:00:00,1.0,4.0,311.0,7.0,-1.1,1,hiver,18h-21h,0,1.0,1,0
2021-01-16 21:00:00,1.0,4.0,306.0,7.3,-2.0,1,hiver,21h-24h,0,1.0,1,0
2021-01-17 00:00:00,1.0,3.0,305.0,6.8,-0.8,1,hiver,00h-03h,0,1.0,1,0
2021-01-17 03:00:00,2.0,3.0,306.0,7.2,-3.2,1,hiver,03h-06h,0,1.0,1,0
2021-01-17 06:00:00,0.0,3.0,292.0,11.7,-1.2,1,hiver,06h-09h,0,2.0,1,0
2021-01-17 09:00:00,0.0,3.0,286.0,12.5,-0.2,1,hiver,09h-12h,0,0.0,1,0
2021-01-17 12:00:00,1.0,3.0,283.0,11.7,0.5,1,hiver,12h-15h,0,0.0,0,0
2021-01-17 15:00:00,0.0,3.0,284.0,10.3,0.9,1,hiver,15h-18h,0,1.0,0,0
2021-01-17 18:00:00,0.0,3.0,286.0,9.3,-1.3,1,hiver,18h-21h,0,0.0,1,0
2021-01-17 21:00:00,1.0,3.0,272.0,10.7,-0.2,1,hiver,21h-24h,0,0.0,1,0
2021-01-18 00:00:00,1.0,4.0,284.0,9.1,-3.2,1,hiver,00h-03h,0,1.0,1,0
2021-01-18 03:00:00,2.0,4.0,278.0,11.0,-1.9,1,hiver,03h-06h,0,1.0,1,0
2021-01-18 06:00:00,0.0,4.0,282.0,14.7,0.7,1,hiver,06h-09h,0,2.0,0,0
2021-01-18 09:00:00,0.0,4.0,279.0,12.9,0.1,1,hiver,09h-12h,0,0.0,0,0
2021-01-18 12:00:00,1.0,4.0,279.0,14.6,0.1,1,hiver,12h-15h,0,0.0,0,0
2021-01-18 15:00:00,0.0,4.0,282.0,16.7,-0.8,1,hiver,15h-18h,0,1.0,1,0
2021-01-18 18:00:00,1.0,4.0,287.0,17.0,-4.0,1,hiver,18h-21h,0,0.0,1,0
2021-01-18 21:00:00,2.0,4.0,300.0,10.6,-4.3,1,hiver,21h-24h,0,1.0,1,0
2021-01-19 00:00:00,3.0,6.0,306.0,15.3,-4.8,1,hiver,00h-03h,0,2.0,1,0
2021-01-19 03:00:00,2.0,6.0,300.0,10.3,-3.8,1,hiver,03h-06h,0,3.0,1,0
2021-01-19 06:00:00,1.0,6.0,305.0,9.1,1.0,1,hiver,06h-09h,0,2.0,0,0
2021-01-19 09:00:00,1.0,6.0,311.0,10.3,1.5,1,hiver,09h-12h,0,1.0,0,0
2021-01-19 12:00:00,2.0,6.0,313.0,12.1,-1.0,1,hiver,12h-15h,0,1.0,1,0
2021-01-19 15:00:00,1.0,6.0,327.0,13.7,-0.6,1,hiver,15h-18h,0,2.0,1,0
2021-01-19 18:00:00,1.0,6.0,332.0,12.6,-1.1,1,hiver,18h-21h,0,1.0,1,0
2021-01-19 21:00:00,1.0,6.0,318.0,14.0,1.3,1,hiver,21h-24h,0,1.0,0,0
2021-01-20 00:00:00,1.0,6.0,309.0,14.6,2.9,1,hiver,00h-03h,0,1.0,0,0
2021-01-20 03:00:00,1.0,6.0,328.0,13.4,3.5,1,hiver,03h-06h,0,1.0,0,0
2021-01-20 06:00:00,3.0,6.0,338.0,12.4,-2.9,1,hiver,06h-09h,0,1.0,1,0
2021-01-20 09:00:00,2.0,6.0,341.0,13.6,-0.8,1,hiver,09h-12h,0,3.0,1,0
2021-01-20 12:00:00,2.0,6.0,336.0,12.2,-1.3,1,hiver,12h-15h,0,2.0,1,0
2021-01-20 15:00:00,2.0,6.0,337.0,13.5,-0.4,1,hiver,15h-18h,0,2.0,1,0
2021-01-20 18:00:00,1.0,6.0,340.0,12.1,-0.3,1,hiver,18h-21h,0,2.0,1,0
2021-01-20 21:00:00,1.0,6.0,350.0,7.6,2.5,1,hiver,21h-24h,0,1.0,0,0
2021-01-21 00:00:00,0.0,3.0,337.0,10.2,-0.0,1,hiver,00h-03h,0,1.0,0,0
2021-01-21 03:00:00,1.0,3.0,319.0,10.2,-0.6,1,hiver,03h-06h,0,0.0,1,0
2021-01-21 06:00:00,0.0,3.0,322.0,10.8,-1.1,1,hiver,06h-09h,0,1.0,1,0
2021-01-21 09:00:00,1.0,3.0,320.0,13.2,0.8,1,hiver,09h-12h,0,0.0,0,0
2021-01-21 12:00:00,0.0,3.0,315.0,11.2,1.3,1,hiver,12h-15h,0,1.0,0,0
2021-01-21 15:00:00,0.0,3.0,301.0,7.4,-1.4,1,hiver,15h-18h,0,0.0,1,0
2021-01-21 18:00:00,0.0,3.0,292.0,9.1,0.1,1,hiver,18h-21h,0,0.0,0,0
2021-01-21 21:00:00,1.0,3.0,296.0,9.1,0.4,1,hiver,21h-24h,0,0.0,0,0
2021-01-22 00:00:00,1.0,4.0,300.0,8.9,-0.4,1,hiver,00h-03h,0,1.0,1,0
2021-01-22 03:00:00,0.0,4.0,303.0,8.2,-1.9,1,hiver,03h-06h,0,1.0,1,0
2021-01-22 06:00:00,0.0,4.0,301.0,10.2,1.2,1,hiver,06h-09h,0,0.0,0,0
2021-01-22 09:00:00,0.0,4.0,305.0,11.9,1.3,1,hiver,09h-12h,0,0.0,0,0
2021-01-22 12:00:00,1.0,4.0,307.0,13.2,0.2,1,hiver,12h-15h,0,0.0,0,0
2021-01-22 15:00:00,1.0,4.0,327.0,13.0,-1.5,1,hiver,15h-18h,0,1.0,1,0
2021-01-22 18:00:00,1.0,4.0,335.0,12.5,-2.0,1,hiver,18h-21h,0,1.0,1,0
2021-01-22 21:00:00,1.0,4.0,341.0,9.1,-1.8,1,hiver,21h-24h,0,1.0,1,0
2021-01-23 00:00:00,1.0,5.0,338.0,8.8,2.5,1,hiver,00h-03h,0,1.0,0,0
2021-01-23 03:00:00,0.0,5.0,339.0,9.9,1.2,1,hiver,03h-06h,0,1.0,0,0
2021-01-23 06:00:00,1.0,5.0,337.0,12.2,1.2,1,hiver,06h-09h,0,0.0,0,0
2021-01-23 09:00:00,2.0,5.0,326.0,14.3,-3.0,1,hiver,09h-12h,0,1.0,1,0
2021-01-23 12:00:00,0.0,5.0,323.0,16.2,-5.9,1,hiver,12h-15h,0,2.0,1,0
2021-01-23 15:00:00,1.0,5.0,320.0,12.1,1.6,1,hiver,15h-18h,0,0.0,0,0
2021-01-23 18:00:00,1.0,5.0,349.0,16.4,1.0,1,hiver,18h-21h,0,1.0,0,0
2021-01-23 21:00:00,2.0,5.0,356.0,9.8,0.3,1,hiver,21h-24h,0,1.0,0,0
2021-01-24 00:00:00,1.0,5.0,391.0,6.2,4.8,1,hiver,00h-03h,0,2.0,0,0
2021-01-24 03:00:00,2.0,5.0,360.0,6.7,-0.5,1,hiver,03h-06h,0,1.0,1,0
2021-01-24 06:00:00,2.0,5.0,366.0,4.3,-1.7,1,hiver,06h-09h,0,2.0,1,0
2021-01-24 09:00:00,0.0,5.0,358.0,4.5,0.2,1,hiver,09h-12h,0,2.0,0,0
2021-01-24 12:00:00,1.0,5.0,353.0,5.8,0.2,1,hiver,12h-15h,0,0.0,0,0
2021-01-24 15:00:00,1.0,5.0,377.0,14.0,4.9,1,hiver,15h-18h,0,1.0,0,0
2021-01-24 18:00:00,2.0,5.0,376.0,16.8,-1.6,1,hiver,18h-21h,0,1.0,1,0
2021-01-24 21:00:00,2.0,5.0,366.0,13.9,-5.1,1,hiver,21h-24h,0,2.0,1,0
2021-01-25 00:00:00,2.0,17.0,371.0,10.5,4.4,1,hiver,00h-03h,0,2.0,0,0
2021-01-25 03:00:00,1.0,17.0,397.0,10.7,0.1,1,hiver,03h-06h,0,2.0,0,0
2021-01-25 06:00:00,4.0,17.0,433.0,12.1,-5.1,1,hiver,06h-09h,0,1.0,1,0
2021-01-25 09:00:00,4.0,17.0,510.0,4.9,-3.9,1,hiver,09h-12h,0,4.0,1,0
2021-01-25 12:00:00,2.0,17.0,498.0,5.6,4.5,1,hiver,12h-15h,0,4.0,0,0
2021-01-25 15:00:00,3.0,17.0,475.0,5.2,-1.1,1,hiver,15h-18h,0,2.0,1,0
2021-01-25 18:00:00,3.0,17.0,490.0,6.0,-1.5,1,hiver,18h-21h,0,3.0,1,0
2021-01-25 21:00:00,5.0,17.0,536.0,4.8,-7.2,1,hiver,21h-24h,0,3.0,1,1
2021-01-26 00:00:00,4.0,12.0,536.0,5.4,3.7,1,hiver,00h-03h,0,5.0,0,0
2021-01-26 03:00:00,4.0,12.0,621.0,2.8,-3.5,1,hiver,03h-06h,0,4.0,1,0
2021-01-26 06:00:00,2.0,12.0,595.0,1.4,1.6,1,hiver,06h-09h,0,4.0,0,0
2021-01-26 09:00:00,1.0,12.0,561.0,1.1,-1.2,1,hiver,09h-12h,0,2.0,1,0
2021-01-26 12:00:00,2.0,12.0,510.0,1.7,-1.4,1,hiver,12h-15h,0,1.0,1,0
2021-01-26 15:00:00,2.0,12.0,497.0,3.2,-0.9,1,hiver,15h-18h,0,2.0,1,0
2021-01-26 18:00:00,2.0,12.0,524.0,3.7,-3.0,1,hiver,18h-21h,0,2.0,1,0
2021-01-26 21:00:00,2.0,12.0,540.0,3.3,-2.7,1,hiver,21h-24h,0,2.0,1,0
2021-01-27 00:00:00,3.0,11.0,526.0,2.6,-0.9,1,hiver,00h-03h,0,2.0,1,0
2021-01-27 03:00:00,3.0,11.0,538.0,2.4,-1.5,1,hiver,03h-06h,0,3.0,1,0
2021-01-27 06:00:00,2.0,11.0,557.0,2.6,-0.5,1,hiver,06h-09h,0,3.0,1,0
2021-01-27 09:00:00,2.0,11.0,543.0,2.7,-0.2,1,hiver,09h-12h,0,2.0,1,0
2021-01-27 12:00:00,2.0,11.0,543.0,2.5,-0.8,1,hiver,12h-15h,0,2.0,1,0
2021-01-27 15:00:00,3.0,11.0,562.0,2.1,-1.6,1,hiver,15h-18h,0,2.0,1,0
2021-01-27 18:00:00,1.0,11.0,518.0,2.3,0.1,1,hiver,18h-21h,0,3.0,0,0
2021-01-27 21:00:00,3.0,11.0,543.0,2.7,-2.9,1,hiver,21h-24h,0,1.0,1,0
2021-01-28 00:00:00,3.0,5.0,532.0,2.4,-2.1,1,hiver,00h-03h,0,3.0,1,0
2021-01-28 03:00:00,1.0,5.0,511.0,1.8,-1.7,1,hiver,03h-06h,0,3.0,1,0
2021-01-28 06:00:00,1.0,5.0,478.0,1.6,-0.3,1,hiver,06h-09h,0,1.0,1,0
2021-01-28 09:00:00,1.0,5.0,450.0,2.0,0.5,1,hiver,09h-12h,0,1.0,0,0
2021-01-28 12:00:00,0.0,5.0,438.0,1.8,1.5,1,hiver,12h-15h,0,1.0,0,0
2021-01-28 15:00:00,0.0,5.0,425.0,1.6,0.9,1,hiver,15h-18h,0,0.0,0,0
2021-01-28 18:00:00,0.0,5.0,397.0,2.7,1.3,1,hiver,18h-21h,0,0.0,0,0
2021-01-28 21:00:00,0.0,5.0,402.0,3.3,0.1,1,hiver,21h-24h,0,0.0,0,0
2021-01-29 00:00:00,1.0,3.0,390.0,3.2,0.4,1,hiver,00h-03h,0,0.0,0,0
2021-01-29 03:00:00,2.0,3.0,401.0,3.5,-0.9,1,hiver,03h-06h,0,1.0,1,0
2021-01-29 06:00:00,1.0,3.0,389.0,3.7,-1.3,1,hiver,06h-09h,0,2.0,1,0
2021-01-29 09:00:00,0.0,3.0,371.0,3.9,-0.4,1,hiver,09h-12h,0,1.0,1,0
2021-01-29 12:00:00,1.0,3.0,365.0,4.3,-0.7,1,hiver,12h-15h,0,0.0,1,0
2021-01-29 15:00:00,0.0,3.0,369.0,4.6,-1.7,1,hiver,15h-18h,0,1.0,1,0
2021-01-29 18:00:00,0.0,3.0,363.0,4.4,-0.8,1,hiver,18h-21h,0,0.0,1,0
2021-01-29 21:00:00,1.0,3.0,349.0,4.8,-1.6,1,hiver,21h-24h,0,0.0,1,0
2021-01-30 00:00:00,0.0,2.0,342.0,4.4,1.3,1,hiver,00h-03h,0,1.0,0,0
2021-01-30 03:00:00,1.0,2.0,333.0,4.7,-0.7,1,hiver,03h-06h,0,0.0,1,0
2021-01-30 06:00:00,0.0,2.0,330.0,4.6,-0.9,1,hiver,06h-09h,0,1.0,1,0
2021-01-30 09:00:00,0.0,2.0,338.0,4.8,-1.2,1,hiver,09h-12h,0,0.0,1,0
2021-01-30 12:00:00,1.0,2.0,339.0,5.5,-1.5,1,hiver,12h-15h,0,0.0,1,0
2021-01-30 15:00:00,1.0,2.0,331.0,5.5,-1.7,1,hiver,15h-18h,0,1.0,1,0
2021-01-30 18:00:00,0.0,2.0,314.0,5.5,-1.1,1,hiver,18h-21h,0,1.0,1,0
2021-01-30 21:00:00,0.0,2.0,314.0,6.5,-1.7,1,hiver,21h-24h,0,0.0,1,0
2021-01-31 00:00:00,1.0,1.0,309.0,8.1,-1.1,1,hiver,00h-03h,0,0.0,1,0
2021-01-31 03:00:00,0.0,1.0,306.0,10.0,0.1,1,hiver,03h-06h,0,1.0,0,0
2021-01-31 06:00:00,0.0,1.0,307.0,9.6,0.9,1,hiver,06h-09h,0,0.0,0,0
2021-01-31 09:00:00,0.0,1.0,312.0,9.7,1.0,1,hiver,09h-12h,0,0.0,0,0
2021-01-31 12:00:00,0.0,1.0,311.0,11.6,1.4,1,hiver,12h-15h,0,0.0,0,0
2021-01-31 15:00:00,0.0,1.0,314.0,13.1,0.8,1,hiver,15h-18h,0,0.0,0,0
2021-01-31 18:00:00,0.0,1.0,322.0,10.7,2.0,1,hiver,18h-21h,0,0.0,0,0
2021-01-31 21:00:00,1.0,1.0,324.0,8.8,1.7,1,hiver,21h-24h,0,0.0,0,0
2021-02-01 00:00:00,2.0,5.0,332.0,9.0,-2.0,2,hiver,00h-03h,0,1.0,1,0
2021-02-01 03:00:00,2.0,5.0,326.0,9.6,-3.0,2,hiver,03h-06h,0,2.0,1,0
2021-02-01 06:00:00,0.0,5.0,319.0,8.4,2.5,2,hiver,06h-09h,0,2.0,0,0
2021-02-01 09:00:00,0.0,5.0,318.0,9.8,2.5,2,hiver,09h-12h,0,0.0,0,0
2021-02-01 12:00:00,1.0,5.0,320.0,10.3,-2.5,2,hiver,12h-15h,0,0.0,1,0
2021-02-01 15:00:00,2.0,5.0,325.0,,-3.7,2,hiver,15h-18h,0,1.0,1,0
2021-02-01 18:00:00,2.0,5.0,331.0,15.4,-0.5,2,hiver,18h-21h,0,2.0,1,0
2021-02-01 21:00:00,2.0,5.0,340.0,23.9,5.6,2,hiver,21h-24h,0,2.0,0,0
2021-02-02 00:00:00,4.0,17.0,366.0,48.7,-3.9,2,hiver,00h-03h,0,2.0,1,0
2021-02-02 03:00:00,4.0,17.0,409.0,19.1,3.8,2,hiver,03h-06h,0,4.0,0,0
2021-02-02 06:00:00,4.0,17.0,436.0,15.3,-2.6,2,hiver,06h-09h,0,4.0,1,0
2021-02-02 09:00:00,3.0,17.0,508.0,9.7,-1.1,2,hiver,09h-12h,0,4.0,1,0
2021-02-02 12:00:00,4.0,17.0,523.0,6.1,-3.4,2,hiver,12h-15h,0,3.0,1,0
2021-02-02 15:00:00,3.0,17.0,512.0,5.4,1.0,2,hiver,15h-18h,0,4.0,0,0
2021-02-02 18:00:00,2.0,17.0,540.0,4.7,5.7,2,hiver,18h-21h,0,3.0,0,0
2021-02-02 21:00:00,2.0,17.0,519.0,5.1,1.9,2,hiver,21h-24h,0,2.0,0,0
2021-02-03 00:00:00,3.0,14.0,558.0,4.6,-3.3,2,hiver,00h-03h,0,2.0,1,0
2021-02-03 03:00:00,3.0,14.0,580.0,3.6,-1.4,2,hiver,03h-06h,0,3.0,1,0
2021-02-03 06:00:00,2.0,14.0,597.0,4.0,-0.2,2,hiver,06h-09h,0,3.0,1,0
2021-02-03 09:00:00,2.0,14.0,541.0,4.0,1.9,2,hiver,09h-12h,0,2.0,0,0
2021-02-03 12:00:00,1.0,14.0,534.0,4.7,2.7,2,hiver,12h-15h,0,2.0,0,0
2021-02-03 15:00:00,3.0,14.0,531.0,3.9,-3.0,2,hiver,15h-18h,0,1.0,1,0
2021-02-03 18:00:00,4.0,14.0,498.0,5.8,-5.5,2,hiver,18h-21h,0,3.0,1,0
2021-02-03 21:00:00,3.0,14.0,499.0,5.4,1.4,2,hiver,21h-24h,0,4.0,0,0
2021-02-04 00:00:00,2.0,7.0,493.0,4.8,-2.8,2,hiver,00h-03h,0,3.0,1,0
2021-02-04 03:00:00,3.0,7.0,492.0,3.8,-0.9,2,hiver,03h-06h,0,2.0,1,0
2021-02-04 06:00:00,3.0,7.0,514.0,3.3,-0.9,2,hiver,06h-09h,0,3.0,1,0
2021-02-04 09:00:00,2.0,7.0,502.0,3.5,-0.8,2,hiver,09h-12h,0,3.0,1,0
2021-02-04 12:00:00,2.0,7.0,473.0,3.1,-2.1,2,hiver,12h-15h,0,2.0,1,0
2021-02-04 15:00:00,0.0,7.0,457.0,3.0,1.8,2,hiver,15h-18h,0,2.0,0,0
2021-02-04 18:00:00,1.0,7.0,443.0,3.1,1.2,2,hiver,18h-21h,0,0.0,0,0
2021-02-04 21:00:00,2.0,7.0,439.0,3.2,0.3,2,hiver,21h-24h,0,1.0,0,0
2021-02-05 00:00:00,3.0,6.0,445.0,3.3,-2.5,2,hiver,00h-03h,0,2.0,1,0
2021-02-05 03:00:00,2.0,6.0,436.0,3.3,-2.0,2,hiver,03h-06h,0,3.0,1,0
2021-02-05 06:00:00,2.0,6.0,403.0,2.5,-1.0,2,hiver,06h-09h,0,2.0,1,0
2021-02-05 09:00:00,2.0,6.0,407.0,2.2,-1.7,2,hiver,09h-12h,0,2.0,1,0
2021-02-05 12:00:00,1.0,6.0,406.0,3.1,-2.5,2,hiver,12h-15h,0,2.0,1,0
2021-02-05 15:00:00,1.0,6.0,387.0,2.8,-0.9,2,hiver,15h-18h,0,1.0,1,0
2021-02-05 18:00:00,1.0,6.0,385.0,2.8,-2.0,2,hiver,18h-21h,0,1.0,1,0
2021-02-05 21:00:00,1.0,6.0,398.0,3.8,-1.9,2,hiver,21h-24h,0,1.0,1,0
2021-02-06 00:00:00,1.0,7.0,384.0,4.0,-0.1,2,hiver,00h-03h,0,1.0,1,0
2021-02-06 03:00:00,0.0,7.0,365.0,3.1,0.2,2,hiver,03h-06h,0,1.0,0,0
2021-02-06 06:00:00,0.0,7.0,368.0,3.6,0.9,2,hiver,06h-09h,0,0.0,0,0
2021-02-06 09:00:00,0.0,7.0,365.0,3.8,1.6,2,hiver,09h-12h,0,0.0,0,0
2021-02-06 12:00:00,2.0,7.0,364.0,5.2,-1.6,2,hiver,12h-15h,0,0.0,1,0
2021-02-06 15:00:00,3.0,7.0,394.0,13.6,-1.6,2,hiver,15h-18h,0,2.0,1,0
2021-02-06 18:00:00,4.0,7.0,417.0,9.9,-4.5,2,hiver,18h-21h,0,3.0,1,0
2021-02-06 21:00:00,2.0,7.0,442.0,8.0,3.5,2,hiver,21h-24h,0,4.0,0,0
2021-02-07 00:00:00,5.0,21.0,487.0,11.9,-2.5,2,hiver,00h-03h,0,2.0,1,1
2021-02-07 03:00:00,5.0,21.0,507.0,9.4,-4.5,2,hiver,03h-06h,0,5.0,1,1
2021-02-07 06:00:00,4.0,21.0,517.0,7.6,1.7,2,hiver,06h-09h,0,5.0,0,0
2021-02-07 09:00:00,4.0,21.0,520.0,4.7,-3.2,2,hiver,09h-12h,0,4.0,1,0
2021-02-07 12:00:00,3.0,21.0,517.0,3.7,1.4,2,hiver,12h-15h,0,4.0,0,0
2021-02-07 15:00:00,2.0,21.0,538.0,3.1,-0.0,2,hiver,15h-18h,0,3.0,0,0
2021-02-07 18:00:00,2.0,21.0,544.0,3.6,1.5,2,hiver,18h-21h,0,2.0,0,0
2021-02-07 21:00:00,2.0,21.0,520.0,3.8,1.2,2,hiver,21h-24h,0,2.0,0,0
2021-02-08 00:00:00,1.0,6.0,538.0,3.5,2.1,2,hiver,00h-03h,0,2.0,0,0
2021-02-08 03:00:00,2.0,6.0,499.0,3.9,1.3,2,hiver,03h-06h,0,1.0,0,0
2021-02-08 06:00:00,1.0,6.0,476.0,3.8,1.3,2,hiver,06h-09h,0,2.0,0,0
2021-02-08 09:00:00,2.0,6.0,456.0,3.9,-1.8,2,hiver,09h-12h,0,1.0,1,0
2021-02-08 12:00:00,1.0,6.0,414.0,5.1,2.0,2,hiver,12h-15h,0,2.0,0,0
2021-02-08 15:00:00,1.0,6.0,404.0,6.4,-0.6,2,hiver,15h-18h,0,1.0,1,0
2021-02-08 18:00:00,1.0,6.0,418.0,9.1,3.5,2,hiver,18h-21h,0,1.0,0,0
2021-02-08 21:00:00,3.0,6.0,464.0,6.4,0.1,2,hiver,21h-24h,0,1.0,0,0
2021-02-09 00:00:00,2.0,4.0,459.0,6.1,0.3,2,hiver,00h-03h,0,3.0,0,0
2021-02-09 03:00:00,2.0,4.0,449.0,4.8,2.1,2,hiver,03h-06h,0,2.0,0,0
2021-02-09 06:00:00,2.0,4.0,442.0,3.1,-0.5,2,hiver,06h-09h,0,2.0,1,0
2021-02-09 09:00:00,2.0,4.0,477.0,3.0,-0.5,2,hiver,09h-12h,0,2.0,1,0
2021-02-09 12:00:00,1.0,4.0,462.0,2.6,2.1,2,hiver,12h-15h,0,2.0,0,0
2021-02-09 15:00:00,0.0,4.0,448.0,2.3,0.7,2,hiver,15h-18h,0,1.0,0,0
2021-02-09 18:00:00,0.0,4.0,423.0,2.0,2.2,2,hiver,18h-21h,0,0.0,0,0
2021-02-09 21:00:00,0.0,4.0,406.0,2.3,1.6,2,hiver,21h-24h,0,0.0,0,0
2021-02-10 00:00:00,1.0,3.0,390.0,2.2,1.4,2,hiver,00h-03h,0,0.0,0,0
2021-02-10 03:00:00,0.0,3.0,416.0,3.4,2.6,2,hiver,03h-06h,0,1.0,0,0
2021-02-10 06:00:00,1.0,3.0,426.0,3.7,0.4,2,hiver,06h-09h,0,0.0,0,0
2021-02-10 09:00:00,1.0,3.0,415.0,3.5,-0.0,2,hiver,09h-12h,0,1.0,0,0
2021-02-10 12:00:00,1.0,3.0,413.0,3.2,-1.3,2,hiver,12h-15h,0,1.0,1,0
2021-02-10 15:00:00,0.0,3.0,387.0,2.8,-1.1,2,hiver,15h-18h,0,1.0,1,0
2021-02-10 18:00:00,0.0,3.0,332.0,2.3,-0.3,2,hiver,18h-21h,0,0.0,1,0
2021-02-10 21:00:00,0.0,3.0,328.0,2.4,0.5,2,hiver,21h-24h,0,0.0,0,0
2021-02-11 00:00:00,1.0,4.0,333.0,3.3,0.1,2,hiver,00h-03h,0,0.0,0,0
2021-02-11 03:00:00,1.0,4.0,334.0,5.9,-1.3,2,hiver,03h-06h,0,1.0,1,0
2021-02-11 06:00:00,2.0,4.0,336.0,7.8,-1.2,2,hiver,06h-09h,0,1.0,1,0
2021-02-11 09:00:00,1.0,4.0,337.0,9.0,-3.1,2,hiver,09h-12h,0,2.0,1,0
2021-02-11 12:00:00,1.0,4.0,344.0,13.0,2.3,2,hiver,12h-15h,0,1.0,0,0
2021-02-11 15:00:00,1.0,4.0,340.0,10.5,2.7,2,hiver,15h-18h,0,1.0,0,0
2021-02-11 18:00:00,0.0,4.0,339.0,7.3,3.0,2,hiver,18h-21h,0,1.0,0,0
2021-02-11 21:00:00,0.0,4.0,334.0,8.0,1.6,2,hiver,21h-24h,0,0.0,0,0
2021-02-12 00:00:00,0.0,5.0,350.0,9.1,3.4,2,hiver,00h-03h,0,0.0,0,0
2021-02-12 03:00:00,1.0,5.0,332.0,9.0,0.3,2,hiver,03h-06h,0,0.0,0,0
2021-02-12 06:00:00,0.0,5.0,338.0,9.9,1.5,2,hiver,06h-09h,0,1.0,0,0
2021-02-12 09:00:00,0.0,5.0,329.0,7.9,0.4,2,hiver,09h-12h,0,0.0,0,0
2021-02-12 12:00:00,1.0,5.0,328.0,8.2,-0.2,2,hiver,12h-15h,0,0.0,1,0
2021-02-12 15:00:00,2.0,5.0,312.0,7.3,-0.7,2,hiver,15h-18h,0,1.0,1,0
2021-02-12 18:00:00,2.0,5.0,331.0,11.6,-4.0,2,hiver,18h-21h,0,2.0,1,0
2021-02-12 21:00:00,3.0,5.0,340.0,11.1,-3.0,2,hiver,21h-24h,0,2.0,1,0
2021-02-13 00:00:00,3.0,13.0,346.0,11.9,0.1,2,hiver,00h-03h,0,3.0,0,0
2021-02-13 03:00:00,3.0,13.0,393.0,19.8,0.8,2,hiver,03h-06h,0,3.0,0,0
2021-02-13 06:00:00,2.0,13.0,507.0,8.8,0.8,2,hiver,06h-09h,0,3.0,0,0
2021-02-13 09:00:00,4.0,13.0,508.0,6.7,-4.4,2,hiver,09h-12h,0,2.0,1,0
2021-02-13 12:00:00,3.0,13.0,507.0,6.7,-1.4,2,hiver,12h-15h,0,4.0,1,0
2021-02-13 15:00:00,1.0,13.0,482.0,6.0,1.0,2,hiver,15h-18h,0,3.0,0,0
2021-02-13 18:00:00,1.0,13.0,464.0,3.0,0.3,2,hiver,18h-21h,0,1.0,0,0
2021-02-13 21:00:00,2.0,13.0,467.0,2.2,-3.2,2,hiver,21h-24h,0,1.0,1,0
2021-02-14 00:00:00,2.0,4.0,452.0,1.9,-1.2,2,hiver,00h-03h,0,2.0,1,0
2021-02-14 03:00:00,1.0,4.0,443.0,2.1,-2.0,2,hiver,03h-06h,0,2.0,1,0
2021-02-14 06:00:00,2.0,4.0,419.0,3.3,-1.3,2,hiver,06h-09h,0,1.0,1,0
2021-02-14 09:00:00,1.0,4.0,393.0,4.4,0.4,2,hiver,09h-12h,0,2.0,0,0
2021-02-14 12:00:00,1.0,4.0,365.0,4.5,-1.3,2,hiver,12h-15h,0,1.0,1,0
2021-02-14 15:00:00,1.0,4.0,367.0,3.4,0.3,2,hiver,15h-18h,0,1.0,0,0
2021-02-14 18:00:00,1.0,4.0,350.0,4.0,-0.7,2,hiver,18h-21h,0,1.0,1,0
2021-02-14 21:00:00,0.0,4.0,339.0,3.9,1.1,2,hiver,21h-24h,0,1.0,0,0
2021-02-15 00:00:00,1.0,5.0,322.0,3.5,-0.4,2,hiver,00h-03h,0,0.0,1,0
2021-02-15 03:00:00,0.0,5.0,334.0,3.9,-0.2,2,hiver,03h-06h,0,1.0,1,0
2021-02-15 06:00:00,2.0,5.0,334.0,3.5,-2.1,2,hiver,06h-09h,0,0.0,1,0
2021-02-15 09:00:00,1.0,5.0,336.0,5.1,0.2,2,hiver,09h-12h,0,2.0,0,0
2021-02-15 12:00:00,1.0,5.0,330.0,7.9,-1.2,2,hiver,12h-15h,0,1.0,1,0
2021-02-15 15:00:00,1.0,5.0,338.0,11.0,-0.7,2,hiver,15h-18h,0,1.0,1,0
2021-02-15 18:00:00,2.0,5.0,340.0,13.8,-2.8,2,hiver,18h-21h,0,1.0,1,0
2021-02-15 21:00:00,3.0,5.0,347.0,12.1,-5.4,2,hiver,21h-24h,0,2.0,1,0
2021-02-16 00:00:00,2.0,15.0,332.0,12.0,0.6,2,hiver,00h-03h,0,3.0,0,0
2021-02-16 03:00:00,4.0,15.0,342.0,16.7,-2.9,2,hiver,03h-06h,0,2.0,1,0
2021-02-16 06:00:00,4.0,15.0,366.0,9.5,-7.2,2,hiver,06h-09h,0,4.0,1,0
2021-02-16 09:00:00,4.0,15.0,348.0,12.6,-4.2,2,hiver,09h-12h,0,4.0,1,0
2021-02-16 12:00:00,2.0,15.0,354.0,16.0,-0.7,2,hiver,12h-15h,0,4.0,1,0
2021-02-16 15:00:00,3.0,15.0,360.0,17.0,-0.0,2,hiver,15h-18h,0,2.0,0,0
2021-02-16 18:00:00,2.0,15.0,412.0,7.1,6.2,2,hiver,18h-21h,0,3.0,0,0
2021-02-16 21:00:00,1.0,15.0,431.0,7.2,4.9,2,hiver,21h-24h,0,2.0,0,0
2021-02-17 00:00:00,2.0,8.0,415.0,8.0,4.4,2,hiver,00h-03h,0,1.0,0,0
2021-02-17 03:00:00,3.0,8.0,416.0,5.2,1.3,2,hiver,03h-06h,0,2.0,0,0
2021-02-17 06:00:00,2.0,8.0,435.0,3.3,-2.9,2,hiver,06h-09h,0,3.0,1,0
2021-02-17 09:00:00,2.0,8.0,430.0,3.4,0.1,2,hiver,09h-12h,0,2.0,0,0
2021-02-17 12:00:00,2.0,8.0,425.0,5.0,-2.0,2,hiver,12h-15h,0,2.0,1,0
2021-02-17 15:00:00,2.0,8.0,397.0,3.5,-1.4,2,hiver,15h-18h,0,2.0,1,0
2021-02-17 18:00:00,2.0,8.0,400.0,5.3,-1.1,2,hiver,18h-21h,0,2.0,1,0
2021-02-17 21:00:00,2.0,8.0,408.0,4.8,-1.7,2,hiver,21h-24h,0,2.0,1,0
2021-02-18 00:00:00,3.0,5.0,390.0,4.3,-0.2,2,hiver,00h-03h,0,2.0,1,0
2021-02-18 03:00:00,2.0,5.0,384.0,4.3,-1.3,2,hiver,03h-06h,0,3.0,1,0
2021-02-18 06:00:00,1.0,5.0,381.0,5.0,0.4,2,hiver,06h-09h,0,2.0,0,0
2021-02-18 09:00:00,1.0,5.0,380.0,5.2,-1.9,2,hiver,09h-12h,0,1.0,1,0
2021-02-18 12:00:00,1.0,5.0,375.0,5.5,0.7,2,hiver,12h-15h,0,1.0,0,0
2021-02-18 15:00:00,0.0,5.0,368.0,4.3,1.4,2,hiver,15h-18h,0,1.0,0,0
2021-02-18 18:00:00,0.0,5.0,370.0,3.7,1.1,2,hiver,18h-21h,0,0.0,0,0
2021-02-18 21:00:00,1.0,5.0,368.0,4.1,0.9,2,hiver,21h-24h,0,0.0,0,0
2021-02-19 00:00:00,2.0,17.0,369.0,4.5,-1.7,2,hiver,00h-03h,0,1.0,1,0
2021-02-19 03:00:00,1.0,17.0,375.0,6.3,-1.2,2,hiver,03h-06h,0,2.0,1,0
2021-02-19 06:00:00,2.0,17.0,382.0,6.9,-3.7,2,hiver,06h-09h,0,1.0,1,0
2021-02-19 09:00:00,2.0,17.0,378.0,10.6,2.6,2,hiver,09h-12h,0,2.0,0,0
2021-02-19 12:00:00,4.0,17.0,388.0,18.2,-1.8,2,hiver,12h-15h,0,2.0,1,0
2021-02-19 15:00:00,4.0,17.0,396.0,9.4,-4.9,2,hiver,15h-18h,0,4.0,1,0
2021-02-19 18:00:00,4.0,17.0,399.0,9.6,-1.7,2,hiver,18h-21h,0,4.0,1,0
2021-02-19 21:00:00,4.0,17.0,509.0,8.0,-8.2,2,hiver,21h-24h,0,4.0,1,0
2021-02-20 00:00:00,3.0,20.0,422.0,10.2,4.4,2,hiver,00h-03h,0,4.0,0,0
2021-02-20 03:00:00,3.0,20.0,487.0,5.8,3.7,2,hiver,03h-06h,0,3.0,0,0
2021-02-20 06:00:00,4.0,20.0,494.0,7.5,-4.9,2,hiver,06h-09h,0,3.0,1,0
2021-02-20 09:00:00,3.0,20.0,486.0,9.0,1.0,2,hiver,09h-12h,0,4.0,0,0
2021-02-20 12:00:00,3.0,20.0,563.0,7.6,0.2,2,hiver,12h-15h,0,3.0,0,0
2021-02-20 15:00:00,4.0,20.0,577.0,5.7,-3.4,2,hiver,15h-18h,0,3.0,1,0
2021-02-20 18:00:00,4.0,20.0,585.0,4.1,-2.6,2,hiver,18h-21h,0,4.0,1,0
2021-02-20 21:00:00,4.0,20.0,568.0,3.8,-2.6,2,hiver,21h-24h,0,4.0,1,0
2021-02-21 00:00:00,4.0,20.0,561.0,3.8,-1.2,2,hiver,00h-03h,0,4.0,1,0
2021-02-21 03:00:00,4.0,20.0,555.0,3.8,-3.3,2,hiver,03h-06h,0,4.0,1,0
2021-02-21 06:00:00,4.0,20.0,555.0,4.2,-0.6,2,hiver,06h-09h,0,4.0,1,0
2021-02-21 09:00:00,4.0,20.0,571.0,3.8,-2.0,2,hiver,09h-12h,0,4.0,1,0
2021-02-21 12:00:00,4.0,20.0,591.0,3.1,-3.7,2,hiver,12h-15h,0,4.0,1,0
2021-02-21 15:00:00,2.0,20.0,593.0,2.7,2.8,2,hiver,15h-18h,0,4.0,0,0
2021-02-21 18:00:00,2.0,20.0,586.0,2.8,1.7,2,hiver,18h-21h,0,2.0,0,0
2021-02-21 21:00:00,3.0,20.0,587.0,2.5,3.9,2,hiver,21h-24h,0,2.0,0,0
2021-02-22 00:00:00,4.0,17.0,582.0,2.7,-4.2,2,hiver,00h-03h,0,3.0,1,0
2021-02-22 03:00:00,4.0,17.0,559.0,2.6,-2.6,2,hiver,03h-06h,0,4.0,1,0
2021-02-22 06:00:00,3.0,17.0,554.0,2.8,-1.1,2,hiver,06h-09h,0,4.0,1,0
2021-02-22 09:00:00,3.0,17.0,587.0,3.0,-0.2,2,hiver,09h-12h,0,3.0,1,0
2021-02-22 12:00:00,3.0,17.0,561.0,2.9,-0.4,2,hiver,12h-15h,0,3.0,1,0
2021-02-22 15:00:00,2.0,17.0,548.0,3.0,1.0,2,hiver,15h-18h,0,3.0,0,0
2021-02-22 18:00:00,3.0,17.0,567.0,3.0,1.7,2,hiver,18h-21h,0,2.0,0,0
2021-02-22 21:00:00,3.0,17.0,568.0,3.4,3.2,2,hiver,21h-24h,0,3.0,0,0
2021-02-23 00:00:00,4.0,12.0,564.0,3.4,-1.9,2,hiver,00h-03h,0,3.0,1,0
2021-02-23 03:00:00,3.0,12.0,575.0,4.0,0.4,2,hiver,03h-06h,0,4.0,0,0
2021-02-23 06:00:00,3.0,12.0,597.0,3.8,-0.7,2,hiver,06h-09h,0,3.0,1,0
2021-02-23 09:00:00,3.0,12.0,577.0,3.3,-1.8,2,hiver,09h-12h,0,3.0,1,0
2021-02-23 12:00:00,3.0,12.0,578.0,5.0,-1.5,2,hiver,12h-15h,0,3.0,1,0
2021-02-23 15:00:00,2.0,12.0,563.0,5.1,1.0,2,hiver,15h-18h,0,3.0,0,0
2021-02-23 18:00:00,2.0,12.0,537.0,4.3,0.6,2,hiver,18h-21h,0,2.0,0,0
2021-02-23 21:00:00,1.0,12.0,518.0,5.0,-1.8,2,hiver,21h-24h,0,2.0,1,0
2021-02-24 00:00:00,3.0,21.0,500.0,5.9,-1.1,2,hiver,00h-03h,0,1.0,1,0
2021-02-24 03:00:00,3.0,21.0,481.0,9.1,-0.0,2,hiver,03h-06h,0,3.0,0,0
2021-02-24 06:00:00,4.0,21.0,473.0,3.8,-4.8,2,hiver,06h-09h,0,3.0,1,0
2021-02-24 09:00:00,3.0,21.0,504.0,3.4,-4.9,2,hiver,09h-12h,0,4.0,1,0
2021-02-24 12:00:00,2.0,21.0,476.0,4.2,4.2,2,hiver,12h-15h,0,3.0,0,0
2021-02-24 15:00:00,4.0,21.0,463.0,5.6,1.8,2,hiver,15h-18h,0,2.0,0,0
2021-02-24 18:00:00,4.0,21.0,486.0,8.4,-3.6,2,hiver,18h-21h,0,4.0,1,0
2021-02-24 21:00:00,4.0,21.0,498.0,6.1,-4.3,2,hiver,21h-24h,0,4.0,1,0
2021-02-25 00:00:00,4.0,13.0,480.0,6.5,-0.5,2,hiver,00h-03h,0,4.0,1,0
2021-02-25 03:00:00,3.0,13.0,479.0,4.9,-3.9,2,hiver,03h-06h,0,4.0,1,0
2021-02-25 06:00:00,3.0,13.0,480.0,5.1,-2.1,2,hiver,06h-09h,0,3.0,1,0
2021-02-25 09:00:00,2.0,13.0,459.0,5.9,-4.1,2,hiver,09h-12h,0,3.0,1,0
2021-02-25 12:00:00,1.0,13.0,435.0,6.0,1.6,2,hiver,12h-15h,0,2.0,0,0
2021-02-25 15:00:00,3.0,13.0,456.0,6.2,-1.9,2,hiver,15h-18h,0,1.0,1,0
2021-02-25 18:00:00,3.0,13.0,447.0,4.9,-1.5,2,hiver,18h-21h,0,3.0,1,0
2021-02-25 21:00:00,3.0,13.0,452.0,4.0,-0.5,2,hiver,21h-24h,0,3.0,1,0
2021-02-26 00:00:00,3.0,11.0,436.0,4.0,1.2,2,hiver,00h-03h,0,3.0,0,0
2021-02-26 03:00:00,3.0,11.0,433.0,3.6,0.3,2,hiver,03h-06h,0,3.0,0,0
2021-02-26 06:00:00,1.0,11.0,416.0,2.8,-0.8,2,hiver,06h-09h,0,3.0,1,0
2021-02-26 09:00:00,3.0,11.0,415.0,3.2,-2.2,2,hiver,09h-12h,0,1.0,1,0
2021-02-26 12:00:00,2.0,11.0,412.0,4.6,0.6,2,hiver,12h-15h,0,3.0,0,0
2021-02-26 15:00:00,2.0,11.0,454.0,14.1,1.3,2,hiver,15h-18h,0,2.0,0,0
2021-02-26 18:00:00,3.0,11.0,459.0,17.3,1.3,2,hiver,18h-21h,0,2.0,0,0
2021-02-26 21:00:00,2.0,11.0,462.0,12.6,-1.5,2,hiver,21h-24h,0,3.0,1,0
2021-02-27 00:00:00,1.0,4.0,456.0,8.8,0.6,2,hiver,00h-03h,0,2.0,0,0
2021-02-27 03:00:00,2.0,4.0,443.0,9.3,0.2,2,hiver,03h-06h,0,1.0,0,0
2021-02-27 06:00:00,2.0,4.0,427.0,7.8,-0.3,2,hiver,06h-09h,0,2.0,1,0
2021-02-27 09:00:00,1.0,4.0,416.0,6.1,0.6,2,hiver,09h-12h,0,2.0,0,0
2021-02-27 12:00:00,1.0,4.0,388.0,5.3,-1.1,2,hiver,12h-15h,0,1.0,1,0
2021-02-27 15:00:00,1.0,4.0,384.0,4.5,0.2,2,hiver,15h-18h,0,1.0,0,0
2021-02-27 18:00:00,1.0,4.0,381.0,4.7,1.1,2,hiver,18h-21h,0,1.0,0,0
2021-02-27 21:00:00,1.0,4.0,373.0,5.0,1.3,2,hiver,21h-24h,0,1.0,0,0
2021-02-28 00:00:00,1.0,6.0,375.0,4.9,2.0,2,hiver,00h-03h,0,1.0,0,0
2021-02-28 03:00:00,2.0,6.0,371.0,4.8,0.8,2,hiver,03h-06h,0,1.0,0,0
2021-02-28 06:00:00,1.0,6.0,372.0,5.3,1.3,2,hiver,06h-09h,0,2.0,0,0
2021-02-28 09:00:00,0.0,6.0,370.0,5.3,2.4,2,hiver,09h-12h,0,1.0,0,0
2021-02-28 12:00:00,1.0,6.0,366.0,6.1,-1.1,2,hiver,12h-15h,0,0.0,1,0
2021-02-28 15:00:00,1.0,6.0,366.0,7.1,-0.2,2,hiver,15h-18h,0,1.0,1,0
2021-02-28 18:00:00,2.0,6.0,356.0,6.9,-2.6,2,hiver,18h-21h,0,1.0,1,0
2021-02-28 21:00:00,3.0,6.0,353.0,7.4,-4.0,2,hiver,21h-24h,0,2.0,1,0
2021-03-01 00:00:00,3.0,26.0,390.0,16.8,-2.3,3,printemps,00h-03h,0,3.0,1,0
2021-03-01 03:00:00,6.0,26.0,391.0,15.4,-10.5,3,printemps,03h-06h,0,3.0,1,1
2021-03-01 06:00:00,5.0,26.0,489.0,9.4,-0.9,3,printemps,06h-09h,0,6.0,1,1
2021-03-01 09:00:00,4.0,26.0,496.0,6.9,-3.3,3,printemps,09h-12h,0,5.0,1,0
2021-03-01 12:00:00,2.0,26.0,469.0,9.1,-1.2,3,printemps,12h-15h,0,4.0,1,0
2021-03-01 15:00:00,2.0,26.0,420.0,6.3,-1.2,3,printemps,15h-18h,0,2.0,1,0
2021-03-01 18:00:00,3.0,26.0,394.0,4.6,-3.6,3,printemps,18h-21h,0,2.0,1,0
2021-03-01 21:00:00,2.0,26.0,378.0,6.4,-0.7,3,printemps,21h-24h,0,3.0,1,0
2021-03-02 00:00:00,2.0,20.0,382.0,8.6,-2.0,3,printemps,00h-03h,0,2.0,1,0
2021-03-02 03:00:00,3.0,20.0,389.0,9.6,-0.1,3,printemps,03h-06h,0,2.0,1,0
2021-03-02 06:00:00,3.0,20.0,433.0,12.0,-2.7,3,printemps,06h-09h,0,3.0,1,0
2021-03-02 09:00:00,2.0,20.0,548.0,8.1,3.3,3,printemps,09h-12h,0,3.0,0,0
2021-03-02 12:00:00,3.0,20.0,563.0,7.2,-0.1,3,printemps,12h-15h,0,2.0,1,0
2021-03-02 15:00:00,4.0,20.0,549.0,6.8,0.7,3,printemps,15h-18h,0,3.0,0,0
2021-03-02 18:00:00,5.0,20.0,616.0,5.1,-0.5,3,printemps,18h-21h,0,4.0,1,1
2021-03-02 21:00:00,4.0,20.0,655.0,4.5,-3.3,3,printemps,21h-24h,0,5.0,1,0
2021-03-03 00:00:00,5.0,23.0,632.0,4.1,1.6,3,printemps,00h-03h,0,4.0,0,1
2021-03-03 03:00:00,5.0,23.0,656.0,3.8,-2.5,3,printemps,03h-06h,0,5.0,1,1
2021-03-03 06:00:00,5.0,23.0,660.0,3.3,-3.5,3,printemps,06h-09h,0,5.0,1,1
2021-03-03 09:00:00,3.0,23.0,664.0,3.4,-2.1,3,printemps,09h-12h,0,5.0,1,0
2021-03-03 12:00:00,3.0,23.0,630.0,3.5,-0.7,3,printemps,12h-15h,0,3.0,1,0
2021-03-03 15:00:00,2.0,23.0,586.0,2.8,0.3,3,printemps,15h-18h,0,3.0,0,0
2021-03-03 18:00:00,2.0,23.0,583.0,3.1,1.9,3,printemps,18h-21h,0,2.0,0,0
2021-03-03 21:00:00,3.0,23.0,591.0,3.8,0.2,3,printemps,21h-24h,0,2.0,0,0
2021-03-04 00:00:00,4.0,11.0,584.0,3.0,-1.9,3,printemps,00h-03h,0,3.0,1,0
2021-03-04 03:00:00,3.0,11.0,559.0,2.4,-1.0,3,printemps,03h-06h,0,4.0,1,0
2021-03-04 06:00:00,1.0,11.0,560.0,2.2,-0.6,3,printemps,06h-09h,0,3.0,1,0
2021-03-04 09:00:00,1.0,11.0,539.0,2.4,0.7,3,printemps,09h-12h,0,1.0,0,0
2021-03-04 12:00:00,2.0,11.0,499.0,3.5,2.8,3,printemps,12h-15h,0,1.0,0,0
2021-03-04 15:00:00,2.0,11.0,474.0,3.6,-0.6,3,printemps,15h-18h,0,2.0,1,0
2021-03-04 18:00:00,2.0,11.0,474.0,3.7,-2.3,3,printemps,18h-21h,0,2.0,1,0
2021-03-04 21:00:00,3.0,11.0,482.0,2.1,-0.9,3,printemps,21h-24h,0,2.0,1,0
2021-03-05 00:00:00,2.0,5.0,448.0,2.6,-1.7,3,printemps,00h-03h,0,3.0,1,0
2021-03-05 03:00:00,2.0,5.0,418.0,3.6,-1.2,3,printemps,03h-06h,0,2.0,1,0
2021-03-05 06:00:00,2.0,5.0,421.0,5.0,-0.1,3,printemps,06h-09h,0,2.0,1,0
2021-03-05 09:00:00,2.0,5.0,404.0,7.0,-1.7,3,printemps,09h-12h,0,2.0,1,0
2021-03-05 12:00:00,1.0,5.0,384.0,6.3,-0.2,3,printemps,12h-15h,0,2.0,1,0
2021-03-05 15:00:00,0.0,5.0,382.0,5.6,1.0,3,printemps,15h-18h,0,1.0,0,0
2021-03-05 18:00:00,2.0,5.0,396.0,7.5,-1.3,3,printemps,18h-21h,0,0.0,1,0
2021-03-05 21:00:00,2.0,5.0,388.0,11.1,-1.1,3,printemps,21h-24h,0,2.0,1,0
2021-03-06 00:00:00,4.0,16.0,375.0,14.8,0.2,3,printemps,00h-03h,0,2.0,0,0
2021-03-06 03:00:00,4.0,16.0,398.0,30.4,-0.3,3,printemps,03h-06h,0,4.0,1,0
2021-03-06 06:00:00,3.0,16.0,514.0,5.7,1.6,3,printemps,06h-09h,0,4.0,0,0
2021-03-06 09:00:00,3.0,16.0,500.0,10.6,0.9,3,printemps,09h-12h,0,3.0,0,0
2021-03-06 12:00:00,3.0,16.0,527.0,7.1,1.6,3,printemps,12h-15h,0,3.0,0,0
2021-03-06 15:00:00,1.0,16.0,581.0,4.2,-0.8,3,printemps,15h-18h,0,3.0,1,0
2021-03-06 18:00:00,2.0,16.0,562.0,4.1,1.3,3,printemps,18h-21h,0,1.0,0,0
2021-03-06 21:00:00,2.0,16.0,530.0,4.1,2.0,3,printemps,21h-24h,0,2.0,0,0
2021-03-07 00:00:00,3.0,10.0,553.0,3.0,3.2,3,printemps,00h-03h,0,2.0,0,0
2021-03-07 03:00:00,2.0,10.0,527.0,2.3,-0.3,3,printemps,03h-06h,0,3.0,1,0
2021-03-07 06:00:00,1.0,10.0,551.0,2.8,3.4,3,printemps,06h-09h,0,2.0,0,0
2021-03-07 09:00:00,2.0,10.0,505.0,1.9,-0.7,3,printemps,09h-12h,0,1.0,1,0
2021-03-07 12:00:00,0.0,10.0,484.0,1.7,2.1,3,printemps,12h-15h,0,2.0,0,0
2021-03-07 15:00:00,3.0,10.0,481.0,1.7,0.3,3,printemps,15h-18h,0,0.0,0,0
2021-03-07 18:00:00,1.0,10.0,493.0,2.0,0.4,3,printemps,18h-21h,0,3.0,0,0
2021-03-07 21:00:00,4.0,10.0,491.0,1.9,-3.2,3,printemps,21h-24h,0,1.0,1,0
2021-03-08 00:00:00,1.0,6.0,483.0,1.4,1.5,3,printemps,00h-03h,0,4.0,0,0
2021-03-08 03:00:00,1.0,6.0,491.0,1.9,2.5,3,printemps,03h-06h,0,1.0,0,0
2021-03-08 06:00:00,1.0,6.0,492.0,1.7,2.5,3,printemps,06h-09h,0,1.0,0,0
2021-03-08 09:00:00,1.0,6.0,475.0,2.3,3.4,3,printemps,09h-12h,0,1.0,0,0
2021-03-08 12:00:00,1.0,6.0,494.0,3.2,0.5,3,printemps,12h-15h,0,1.0,0,0
2021-03-08 15:00:00,1.0,6.0,516.0,3.2,-0.2,3,printemps,15h-18h,0,1.0,1,0
2021-03-08 18:00:00,3.0,6.0,513.0,2.0,-2.1,3,printemps,18h-21h,0,1.0,1,0
2021-03-08 21:00:00,2.0,6.0,490.0,1.8,-1.5,3,printemps,21h-24h,0,3.0,1,0
2021-03-09 00:00:00,2.0,3.0,532.0,2.2,0.5,3,printemps,00h-03h,0,2.0,0,0
2021-03-09 03:00:00,0.0,3.0,470.0,1.9,2.0,3,printemps,03h-06h,0,2.0,0,0
2021-03-09 06:00:00,1.0,3.0,470.0,1.7,1.6,3,printemps,06h-09h,0,0.0,0,0
2021-03-09 09:00:00,1.0,3.0,474.0,1.8,0.1,3,printemps,09h-12h,0,1.0,0,0
2021-03-09 12:00:00,1.0,3.0,429.0,1.7,-0.4,3,printemps,12h-15h,0,1.0,1,0
2021-03-09 15:00:00,1.0,3.0,427.0,2.4,-0.0,3,printemps,15h-18h,0,1.0,0,0
2021-03-09 18:00:00,1.0,3.0,409.0,4.2,-0.5,3,printemps,18h-21h,0,1.0,1,0
2021-03-09 21:00:00,0.0,3.0,393.0,3.5,1.8,3,printemps,21h-24h,0,1.0,0,0
2021-03-10 00:00:00,0.0,2.0,379.0,2.4,1.3,3,printemps,00h-03h,0,0.0,0,0
2021-03-10 03:00:00,0.0,2.0,394.0,2.6,1.6,3,printemps,03h-06h,0,0.0,0,0
2021-03-10 06:00:00,0.0,2.0,366.0,2.2,1.2,3,printemps,06h-09h,0,0.0,0,0
2021-03-10 09:00:00,0.0,2.0,379.0,2.7,1.1,3,printemps,09h-12h,0,0.0,0,0
2021-03-10 12:00:00,0.0,2.0,379.0,4.3,1.7,3,printemps,12h-15h,0,0.0,0,0
2021-03-10 15:00:00,0.0,2.0,382.0,4.4,1.8,3,printemps,15h-18h,0,0.0,0,0
2021-03-10 18:00:00,2.0,2.0,378.0,5.1,1.7,3,printemps,18h-21h,0,0.0,0,0
2021-03-10 21:00:00,1.0,2.0,358.0,3.3,2.3,3,printemps,21h-24h,0,2.0,0,0
2021-03-11 00:00:00,0.0,4.0,391.0,3.5,2.7,3,printemps,00h-03h,0,1.0,0,0
2021-03-11 03:00:00,1.0,4.0,359.0,2.8,1.2,3,printemps,03h-06h,0,0.0,0,0
2021-03-11 06:00:00,1.0,4.0,354.0,4.1,0.8,3,printemps,06h-09h,0,1.0,0,0
2021-03-11 09:00:00,1.0,4.0,363.0,2.5,1.0,3,printemps,09h-12h,0,1.0,0,0
2021-03-11 12:00:00,0.0,4.0,357.0,2.4,1.7,3,printemps,12h-15h,0,1.0,0,0
2021-03-11 15:00:00,1.0,4.0,366.0,3.5,1.0,3,printemps,15h-18h,0,0.0,0,0
2021-03-11 18:00:00,1.0,4.0,353.0,4.2,3.0,3,printemps,18h-21h,0,1.0,0,0
2021-03-11 21:00:00,3.0,4.0,381.0,10.2,-0.5,3,printemps,21h-24h,0,1.0,1,0
2021-03-12 00:00:00,3.0,12.0,369.0,4.1,-0.5,3,printemps,00h-03h,0,3.0,1,0
2021-03-12 03:00:00,2.0,12.0,362.0,10.6,-1.0,3,printemps,03h-06h,0,3.0,1,0
2021-03-12 06:00:00,3.0,12.0,351.0,6.5,-7.7,3,printemps,06h-09h,0,2.0,1,0
2021-03-12 09:00:00,2.0,12.0,340.0,6.8,-5.8,3,printemps,09h-12h,0,3.0,1,0
2021-03-12 12:00:00,2.0,12.0,333.0,9.3,1.0,3,printemps,12h-15h,0,2.0,0,0
2021-03-12 15:00:00,3.0,12.0,333.0,9.0,-3.4,3,printemps,15h-18h,0,2.0,1,0
2021-03-12 18:00:00,3.0,12.0,352.0,13.1,-5.4,3,printemps,18h-21h,0,3.0,1,0
2021-03-12 21:00:00,3.0,12.0,357.0,19.6,-5.0,3,printemps,21h-24h,0,3.0,1,0
2021-03-13 00:00:00,3.0,17.0,352.0,18.5,2.7,3,printemps,00h-03h,0,3.0,0,0
2021-03-13 03:00:00,4.0,17.0,363.0,27.2,-1.4,3,printemps,03h-06h,0,3.0,1,0
2021-03-13 06:00:00,3.0,17.0,368.0,10.8,1.8,3,printemps,06h-09h,0,4.0,0,0
2021-03-13 09:00:00,3.0,17.0,377.0,20.1,-2.3,3,printemps,09h-12h,0,3.0,1,0
2021-03-13 12:00:00,2.0,17.0,382.0,20.0,8.7,3,printemps,12h-15h,0,3.0,0,0
2021-03-13 15:00:00,3.0,17.0,443.0,10.0,3.3,3,printemps,15h-18h,0,2.0,0,0
2021-03-13 18:00:00,3.0,17.0,515.0,6.7,3.7,3,printemps,18h-21h,0,3.0,0,0
2021-03-13 21:00:00,4.0,17.0,552.0,5.0,0.1,3,printemps,21h-24h,0,3.0,0,0
2021-03-14 00:00:00,4.0,25.0,564.0,5.0,-0.7,3,printemps,00h-03h,0,4.0,1,0
2021-03-14 03:00:00,5.0,25.0,571.0,4.7,-2.9,3,printemps,03h-06h,0,4.0,1,1
2021-03-14 06:00:00,4.0,25.0,559.0,4.5,-3.1,3,printemps,06h-09h,0,5.0,1,0
2021-03-14 09:00:00,4.0,25.0,580.0,3.5,-2.5,3,printemps,09h-12h,0,4.0,1,0
2021-03-14 12:00:00,3.0,25.0,554.0,4.0,1.8,3,printemps,12h-15h,0,4.0,0,0
2021-03-14 15:00:00,3.0,25.0,524.0,3.9,-2.8,3,printemps,15h-18h,0,3.0,1,0
2021-03-14 18:00:00,3.0,25.0,563.0,3.8,-1.7,3,printemps,18h-21h,0,3.0,1,0
2021-03-14 21:00:00,4.0,25.0,543.0,3.6,-3.1,3,printemps,21h-24h,0,3.0,1,0
2021-03-15 00:00:00,3.0,7.0,545.0,4.3,-0.8,3,printemps,00h-03h,0,4.0,1,0
2021-03-15 03:00:00,2.0,7.0,539.0,4.7,0.3,3,printemps,03h-06h,0,3.0,0,0
2021-03-15 06:00:00,2.0,7.0,495.0,3.0,-0.7,3,printemps,06h-09h,0,2.0,1,0
2021-03-15 09:00:00,2.0,7.0,487.0,3.3,0.3,3,printemps,09h-12h,0,2.0,0,0
2021-03-15 12:00:00,1.0,7.0,469.0,2.7,-0.2,3,printemps,12h-15h,0,2.0,1,0
2021-03-15 15:00:00,2.0,7.0,482.0,3.0,0.6,3,printemps,15h-18h,0,1.0,0,0
2021-03-15 18:00:00,1.0,7.0,437.0,2.3,-0.5,3,printemps,18h-21h,0,2.0,1,0
2021-03-15 21:00:00,1.0,7.0,426.0,2.1,-0.5,3,printemps,21h-24h,0,1.0,1,0
2021-03-16 00:00:00,1.0,4.0,416.0,2.1,-0.1,3,printemps,00h-03h,0,1.0,1,0
2021-03-16 03:00:00,2.0,4.0,413.0,2.5,-0.9,3,printemps,03h-06h,0,1.0,1,0
2021-03-16 06:00:00,0.0,4.0,411.0,1.9,-0.0,3,printemps,06h-09h,0,2.0,0,0
2021-03-16 09:00:00,1.0,4.0,405.0,2.5,0.3,3,printemps,09h-12h,0,0.0,0,0
2021-03-16 12:00:00,1.0,4.0,387.0,4.7,0.5,3,printemps,12h-15h,0,1.0,0,0
2021-03-16 15:00:00,1.0,4.0,374.0,3.6,-0.5,3,printemps,15h-18h,0,1.0,1,0
2021-03-16 18:00:00,1.0,4.0,377.0,4.7,-1.3,3,printemps,18h-21h,0,1.0,1,0
2021-03-16 21:00:00,1.0,4.0,373.0,3.6,1.0,3,printemps,21h-24h,0,1.0,0,0
2021-03-17 00:00:00,2.0,5.0,383.0,6.2,-1.1,3,printemps,00h-03h,0,1.0,1,0
2021-03-17 03:00:00,1.0,5.0,369.0,5.9,0.3,3,printemps,03h-06h,0,2.0,0,0
2021-03-17 06:00:00,0.0,5.0,353.0,5.5,1.9,3,printemps,06h-09h,0,1.0,0,0
2021-03-17 09:00:00,0.0,5.0,354.0,6.6,2.4,3,printemps,09h-12h,0,0.0,0,0
2021-03-17 12:00:00,1.0,5.0,351.0,7.8,2.2,3,printemps,12h-15h,0,0.0,0,0
2021-03-17 15:00:00,2.0,5.0,344.0,9.7,-4.2,3,printemps,15h-18h,0,1.0,1,0
2021-03-17 18:00:00,1.0,5.0,332.0,8.2,-1.9,3,printemps,18h-21h,0,2.0,1,0
2021-03-17 21:00:00,1.0,5.0,325.0,6.4,1.6,3,printemps,21h-24h,0,1.0,0,0
2021-03-18 00:00:00,2.0,4.0,328.0,9.1,1.4,3,printemps,00h-03h,0,1.0,0,0
2021-03-18 03:00:00,2.0,4.0,337.0,12.6,0.5,3,printemps,03h-06h,0,2.0,0,0
2021-03-18 06:00:00,1.0,4.0,339.0,15.5,0.7,3,printemps,06h-09h,0,2.0,0,0
2021-03-18 09:00:00,2.0,4.0,336.0,12.9,0.7,3,printemps,09h-12h,0,1.0,0,0
2021-03-18 12:00:00,0.0,4.0,336.0,10.0,0.6,3,printemps,12h-15h,0,2.0,0,0
2021-03-18 15:00:00,0.0,4.0,326.0,5.7,2.7,3,printemps,15h-18h,0,0.0,0,0
2021-03-18 18:00:00,0.0,4.0,318.0,5.5,-0.7,3,printemps,18h-21h,0,0.0,1,0
2021-03-18 21:00:00,1.0,4.0,319.0,6.1,-2.1,3,printemps,21h-24h,0,0.0,1,0
2021-03-19 00:00:00,2.0,6.0,316.0,6.7,-1.9,3,printemps,00h-03h,0,1.0,1,0
2021-03-19 03:00:00,3.0,6.0,322.0,9.6,-3.5,3,printemps,03h-06h,0,2.0,1,0
2021-03-19 06:00:00,2.0,6.0,320.0,8.9,-3.2,3,printemps,06h-09h,0,3.0,1,0
2021-03-19 09:00:00,2.0,6.0,313.0,9.5,-1.9,3,printemps,09h-12h,0,2.0,1,0
2021-03-19 12:00:00,1.0,6.0,308.0,10.4,-1.2,3,printemps,12h-15h,0,2.0,1,0
2021-03-19 15:00:00,0.0,6.0,306.0,10.5,-2.7,3,printemps,15h-18h,0,1.0,1,0
2021-03-19 18:00:00,1.0,6.0,301.0,11.2,-1.9,3,printemps,18h-21h,0,0.0,1,0
2021-03-19 21:00:00,2.0,6.0,303.0,13.3,-2.6,3,printemps,21h-24h,0,1.0,1,0
2021-03-20 00:00:00,2.0,29.0,331.0,39.1,-2.0,3,printemps,00h-03h,0,2.0,1,0
2021-03-20 03:00:00,3.0,29.0,369.0,38.5,11.3,3,printemps,03h-06h,0,2.0,0,0
2021-03-20 06:00:00,6.0,29.0,442.0,13.5,,3,printemps,06h-09h,0,3.0,0,1
2021-03-20 09:00:00,5.0,29.0,468.0,12.5,,3,printemps,09h-12h,0,6.0,0,1
2021-03-20 12:00:00,4.0,29.0,631.0,3.4,,3,printemps,12h-15h,0,5.0,0,0
2021-03-20 15:00:00,4.0,29.0,633.0,3.1,,3,printemps,15h-18h,0,4.0,0,0
2021-03-20 18:00:00,3.0,29.0,635.0,2.6,2.9,3,printemps,18h-21h,0,4.0,0,0
2021-03-20 21:00:00,4.0,29.0,653.0,2.1,-1.8,3,printemps,21h-24h,0,3.0,1,0
2021-03-21 00:00:00,4.0,24.0,608.0,1.6,-2.1,3,printemps,00h-03h,0,4.0,1,0
2021-03-21 03:00:00,4.0,24.0,585.0,1.4,0.5,3,printemps,03h-06h,0,4.0,0,0
2021-03-21 06:00:00,1.0,24.0,578.0,1.6,0.9,3,printemps,06h-09h,0,4.0,0,0
2021-03-21 09:00:00,2.0,24.0,599.0,3.3,5.0,3,printemps,09h-12h,0,1.0,0,0
2021-03-21 12:00:00,4.0,24.0,566.0,3.5,-1.7,3,printemps,12h-15h,0,2.0,1,0
2021-03-21 15:00:00,5.0,24.0,634.0,4.4,-1.0,3,printemps,15h-18h,0,4.0,1,1
2021-03-21 18:00:00,5.0,24.0,644.0,3.2,-2.5,3,printemps,18h-21h,0,5.0,1,1
2021-03-21 21:00:00,3.0,24.0,664.0,1.7,-1.8,3,printemps,21h-24h,0,5.0,1,0
2021-03-22 00:00:00,3.0,8.0,654.0,1.7,1.5,3,printemps,00h-03h,0,3.0,0,0
2021-03-22 03:00:00,3.0,8.0,649.0,1.9,-0.6,3,printemps,03h-06h,0,3.0,1,0
2021-03-22 06:00:00,2.0,8.0,662.0,1.7,-1.2,3,printemps,06h-09h,0,3.0,1,0
2021-03-22 09:00:00,2.0,8.0,630.0,1.7,-0.3,3,printemps,09h-12h,0,2.0,1,0
2021-03-22 12:00:00,1.0,8.0,598.0,1.8,-0.2,3,printemps,12h-15h,0,2.0,1,0
2021-03-22 15:00:00,1.0,8.0,570.0,1.8,-0.6,3,printemps,15h-18h,0,1.0,1,0
2021-03-22 18:00:00,1.0,8.0,552.0,1.7,1.1,3,printemps,18h-21h,0,1.0,0,0
2021-03-22 21:00:00,1.0,8.0,559.0,2.4,0.3,3,printemps,21h-24h,0,1.0,0,0
2021-03-23 00:00:00,3.0,11.0,538.0,2.5,-1.1,3,printemps,00h-03h,0,1.0,1,0
2021-03-23 03:00:00,4.0,11.0,524.0,2.7,-2.0,3,printemps,03h-06h,0,3.0,1,0
2021-03-23 06:00:00,2.0,11.0,512.0,2.8,-0.6,3,printemps,06h-09h,0,4.0,1,0
2021-03-23 09:00:00,2.0,11.0,506.0,2.9,-0.2,3,printemps,09h-12h,0,2.0,1,0
2021-03-23 12:00:00,2.0,11.0,494.0,3.1,-0.2,3,printemps,12h-15h,0,2.0,1,0
2021-03-23 15:00:00,2.0,11.0,480.0,2.7,-2.6,3,printemps,15h-18h,0,2.0,1,0
2021-03-23 18:00:00,2.0,11.0,480.0,3.5,-2.7,3,printemps,18h-21h,0,2.0,1,0
2021-03-23 21:00:00,3.0,11.0,469.0,4.2,-2.7,3,printemps,21h-24h,0,2.0,1,0
2021-03-24 00:00:00,3.0,11.0,457.0,4.8,-2.9,3,printemps,00h-03h,0,3.0,1,0
2021-03-24 03:00:00,3.0,11.0,445.0,8.5,-1.1,3,printemps,03h-06h,0,3.0,1,0
2021-03-24 06:00:00,3.0,11.0,433.0,3.0,-2.7,3,printemps,06h-09h,0,3.0,1,0
2021-03-24 09:00:00,2.0,11.0,412.0,3.2,-3.1,3,printemps,09h-12h,0,3.0,1,0
2021-03-24 12:00:00,2.0,11.0,393.0,6.8,-1.1,3,printemps,12h-15h,0,2.0,1,0
2021-03-24 15:00:00,1.0,11.0,379.0,8.7,1.2,3,printemps,15h-18h,0,2.0,0,0
2021-03-24 18:00:00,2.0,11.0,370.0,11.4,1.1,3,printemps,18h-21h,0,1.0,0,0
2021-03-24 21:00:00,3.0,11.0,424.0,6.1,-4.9,3,printemps,21h-24h,0,2.0,1,0
2021-03-25 00:00:00,5.0,18.0,430.0,8.9,-2.2,3,printemps,00h-03h,0,3.0,1,1
2021-03-25 03:00:00,4.0,18.0,429.0,10.7,-2.6,3,printemps,03h-06h,0,5.0,1,0
2021-03-25 06:00:00,4.0,18.0,422.0,9.6,-1.5,3,printemps,06h-09h,0,4.0,1,0
2021-03-25 09:00:00,2.0,18.0,413.0,8.5,0.0,3,printemps,09h-12h,0,4.0,0,0
2021-03-25 12:00:00,3.0,18.0,406.0,9.2,-4.4,3,printemps,12h-15h,0,2.0,1,0
2021-03-25 15:00:00,1.0,18.0,407.0,8.5,3.8,3,printemps,15h-18h,0,3.0,0,0
2021-03-25 18:00:00,1.0,18.0,386.0,6.3,0.0,3,printemps,18h-21h,0,1.0,0,0
2021-03-25 21:00:00,3.0,18.0,427.0,6.2,-2.3,3,printemps,21h-24h,0,1.0,1,0
2021-03-26 00:00:00,4.0,12.0,469.0,4.4,-2.8,3,printemps,00h-03h,0,3.0,1,0
2021-03-26 03:00:00,3.0,12.0,449.0,4.1,-2.5,3,printemps,03h-06h,0,4.0,1,0
2021-03-26 06:00:00,3.0,12.0,431.0,3.8,-2.9,3,printemps,06h-09h,0,3.0,1,0
2021-03-26 09:00:00,3.0,12.0,421.0,3.2,-2.1,3,printemps,09h-12h,0,3.0,1,0
2021-03-26 12:00:00,1.0,12.0,407.0,3.1,-3.3,3,printemps,12h-15h,0,3.0,1,0
2021-03-26 15:00:00,2.0,12.0,394.0,3.8,-2.5,3,printemps,15h-18h,0,1.0,1,0
2021-03-26 18:00:00,2.0,12.0,403.0,4.4,-1.6,3,printemps,18h-21h,0,2.0,1,0
2021-03-26 21:00:00,2.0,12.0,388.0,4.6,-1.8,3,printemps,21h-24h,0,2.0,1,0
2021-03-27 00:00:00,1.0,9.0,385.0,3.6,2.1,3,printemps,00h-03h,0,2.0,0,0
2021-03-27 03:00:00,1.0,9.0,382.0,4.6,1.8,3,printemps,03h-06h,0,1.0,0,0
2021-03-27 06:00:00,1.0,9.0,367.0,4.6,-0.5,3,printemps,06h-09h,0,1.0,1,0
2021-03-27 09:00:00,1.0,9.0,355.0,4.4,-0.3,3,printemps,09h-12h,0,1.0,1,0
2021-03-27 12:00:00,0.0,9.0,349.0,3.7,0.8,3,printemps,12h-15h,0,1.0,0,0
2021-03-27 15:00:00,1.0,9.0,341.0,3.2,-0.9,3,printemps,15h-18h,0,0.0,1,0
2021-03-27 18:00:00,3.0,9.0,376.0,4.6,3.2,3,printemps,18h-21h,0,1.0,0,0
2021-03-27 21:00:00,4.0,9.0,406.0,17.8,-3.1,3,printemps,21h-24h,0,3.0,1,0
2021-03-28 00:00:00,3.0,6.0,396.0,5.2,-2.1,3,printemps,00h-03h,0,4.0,1,0
2021-03-28 03:00:00,1.0,6.0,391.0,4.1,1.0,3,printemps,03h-06h,0,3.0,0,0
2021-03-28 06:00:00,1.0,6.0,434.0,4.0,1.2,3,printemps,06h-09h,0,1.0,0,0
2021-03-28 09:00:00,1.0,6.0,423.0,3.4,-0.2,3,printemps,09h-12h,0,1.0,1,0
2021-03-28 12:00:00,1.0,6.0,376.0,4.7,-0.4,3,printemps,12h-15h,0,1.0,1,0
2021-03-28 15:00:00,0.0,6.0,372.0,4.7,-1.1,3,printemps,15h-18h,0,1.0,1,0
2021-03-28 18:00:00,1.0,6.0,376.0,3.9,0.4,3,printemps,18h-21h,0,0.0,0,0
2021-03-28 21:00:00,1.0,6.0,362.0,3.9,-1.4,3,printemps,21h-24h,0,1.0,1,0
2021-03-29 00:00:00,1.0,4.0,346.0,4.1,-0.5,3,printemps,00h-03h,0,1.0,1,0
2021-03-29 03:00:00,2.0,4.0,344.0,4.6,-2.1,3,printemps,03h-06h,0,1.0,1,0
2021-03-29 06:00:00,1.0,4.0,342.0,5.3,-1.7,3,printemps,06h-09h,0,2.0,1,0
2021-03-29 09:00:00,1.0,4.0,337.0,5.6,-1.3,3,printemps,09h-12h,0,1.0,1,0
2021-03-29 12:00:00,1.0,4.0,328.0,6.1,-1.1,3,printemps,12h-15h,0,1.0,1,0
2021-03-29 15:00:00,1.0,4.0,330.0,5.9,-1.8,3,printemps,15h-18h,0,1.0,1,0
2021-03-29 18:00:00,1.0,4.0,337.0,5.7,-2.1,3,printemps,18h-21h,0,1.0,1,0
2021-03-29 21:00:00,1.0,4.0,342.0,5.3,-0.8,3,printemps,21h-24h,0,1.0,1,0
2021-03-30 00:00:00,0.0,3.0,333.0,5.0,-1.4,3,printemps,00h-03h,0,1.0,1,0
2021-03-30 03:00:00,1.0,3.0,335.0,4.7,-1.1,3,printemps,03h-06h,0,0.0,1,0
2021-03-30 06:00:00,1.0,3.0,345.0,5.4,0.3,3,printemps,06h-09h,0,1.0,0,0
2021-03-30 09:00:00,1.0,3.0,335.0,6.0,0.6,3,printemps,09h-12h,0,1.0,0,0
2021-03-30 12:00:00,1.0,3.0,322.0,10.8,0.3,3,printemps,12h-15h,0,1.0,0,0
2021-03-30 15:00:00,1.0,3.0,312.0,11.2,-0.9,3,printemps,15h-18h,0,1.0,1,0
2021-03-30 18:00:00,1.0,3.0,332.0,6.3,-2.0,3,printemps,18h-21h,0,1.0,1,0
2021-03-30 21:00:00,2.0,3.0,378.0,6.8,-1.2,3,printemps,21h-24h,0,1.0,1,0
2021-03-31 00:00:00,3.0,17.0,389.0,5.8,-1.1,3,printemps,00h-03h,0,2.0,1,0
2021-03-31 03:00:00,3.0,17.0,378.0,8.9,-1.4,3,printemps,03h-06h,0,3.0,1,0
2021-03-31 06:00:00,2.0,17.0,360.0,5.7,-4.7,3,printemps,06h-09h,0,3.0,1,0
2021-03-31 09:00:00,3.0,17.0,344.0,6.5,-3.8,3,printemps,09h-12h,0,2.0,1,0
2021-03-31 12:00:00,2.0,17.0,353.0,9.4,-2.0,3,printemps,12h-15h,0,3.0,1,0
2021-03-31 15:00:00,3.0,17.0,355.0,10.4,0.9,3,printemps,15h-18h,0,2.0,0,0
2021-03-31 18:00:00,2.0,17.0,371.0,10.1,0.5,3,printemps,18h-21h,0,3.0,0,0
2021-03-31 21:00:00,3.0,17.0,378.0,9.2,-1.4,3,printemps,21h-24h,0,2.0,1,0
2021-04-01 00:00:00,3.0,8.0,378.0,8.9,1.9,4,printemps,00h-03h,0,3.0,0,0
2021-04-01 03:00:00,3.0,8.0,397.0,7.8,-3.6,4,printemps,03h-06h,0,3.0,1,0
2021-04-01 06:00:00,2.0,8.0,411.0,7.3,-1.5,4,printemps,06h-09h,0,3.0,1,0
2021-04-01 09:00:00,2.0,8.0,401.0,6.0,-0.4,4,printemps,09h-12h,0,2.0,1,0
2021-04-01 12:00:00,0.0,8.0,396.0,5.8,1.7,4,printemps,12h-15h,0,2.0,0,0
2021-04-01 15:00:00,1.0,8.0,388.0,5.0,1.4,4,printemps,15h-18h,0,0.0,0,0
2021-04-01 18:00:00,2.0,8.0,388.0,5.5,-2.0,4,printemps,18h-21h,0,1.0,1,0
2021-04-01 21:00:00,2.0,8.0,376.0,6.0,-4.2,4,printemps,21h-24h,0,2.0,1,0
2021-04-02 00:00:00,2.0,6.0,375.0,6.6,-2.9,4,printemps,00h-03h,0,2.0,1,0
2021-04-02 03:00:00,1.0,6.0,368.0,6.4,0.6,4,printemps,03h-06h,0,2.0,0,0
2021-04-02 06:00:00,1.0,6.0,362.0,5.8,0.4,4,printemps,06h-09h,0,1.0,0,0
2021-04-02 09:00:00,1.0,6.0,355.0,5.6,0.6,4,printemps,09h-12h,0,1.0,0,0
2021-04-02 12:00:00,1.0,6.0,362.0,6.1,-2.2,4,printemps,12h-15h,0,1.0,1,0
2021-04-02 15:00:00,3.0,6.0,386.0,9.0,-4.2,4,printemps,15h-18h,0,1.0,1,0
2021-04-02 18:00:00,2.0,6.0,387.0,9.2,1.6,4,printemps,18h-21h,0,3.0,0,0
2021-04-02 21:00:00,1.0,6.0,383.0,6.4,5.2,4,printemps,21h-24h,0,2.0,0,0
2021-04-03 00:00:00,2.0,4.0,388.0,5.7,-1.4,4,printemps,00h-03h,0,1.0,1,0
2021-04-03 03:00:00,2.0,4.0,383.0,5.3,-1.0,4,printemps,03h-06h,0,2.0,1,0
2021-04-03 06:00:00,1.0,4.0,366.0,4.7,-0.0,4,printemps,06h-09h,0,2.0,0,0
2021-04-03 09:00:00,1.0,4.0,364.0,4.9,-0.1,4,printemps,09h-12h,0,1.0,1,0
2021-04-03 12:00:00,1.0,4.0,362.0,3.6,-2.1,4,printemps,12h-15h,0,1.0,1,0
2021-04-03 15:00:00,0.0,4.0,362.0,3.4,0.3,4,printemps,15h-18h,0,1.0,0,0
2021-04-03 18:00:00,1.0,4.0,351.0,4.2,1.2,4,printemps,18h-21h,0,0.0,0,0
2021-04-03 21:00:00,1.0,4.0,334.0,3.7,-1.3,4,printemps,21h-24h,0,1.0,1,0
2021-04-04 00:00:00,1.0,3.0,322.0,3.8,0.1,4,printemps,00h-03h,0,1.0,0,0
2021-04-04 03:00:00,0.0,3.0,314.0,3.3,-0.2,4,printemps,03h-06h,0,1.0,1,0
2021-04-04 06:00:00,1.0,3.0,318.0,4.3,0.3,4,printemps,06h-09h,0,0.0,0,0
2021-04-04 09:00:00,0.0,3.0,304.0,3.5,-0.6,4,printemps,09h-12h,0,1.0,1,0
2021-04-04 12:00:00,1.0,3.0,307.0,5.4,-1.6,4,printemps,12h-15h,0,0.0,1,0
2021-04-04 15:00:00,1.0,3.0,310.0,6.3,-1.0,4,printemps,15h-18h,0,1.0,1,0
2021-04-04 18:00:00,0.0,3.0,301.0,6.6,-0.0,4,printemps,18h-21h,0,1.0,0,0
2021-04-04 21:00:00,1.0,3.0,298.0,8.3,-0.1,4,printemps,21h-24h,0,0.0,1,0
2021-04-05 00:00:00,1.0,5.0,300.0,11.2,0.6,4,printemps,00h-03h,0,1.0,0,0
2021-04-05 03:00:00,1.0,5.0,306.0,15.6,1.6,4,printemps,03h-06h,0,1.0,0,0
2021-04-05 06:00:00,1.0,5.0,301.0,18.2,0.8,4,printemps,06h-09h,0,1.0,0,0
2021-04-05 09:00:00,1.0,5.0,312.0,23.3,5.1,4,printemps,09h-12h,0,1.0,0,0
2021-04-05 12:00:00,3.0,5.0,314.0,9.4,-5.9,4,printemps,12h-15h,0,1.0,1,0
2021-04-05 15:00:00,1.0,5.0,334.0,7.6,-2.2,4,printemps,15h-18h,0,3.0,1,0
2021-04-05 18:00:00,0.0,5.0,328.0,7.5,3.7,4,printemps,18h-21h,0,1.0,0,0
2021-04-05 21:00:00,1.0,5.0,337.0,10.6,5.5,4,printemps,21h-24h,0,0.0,0,0
2021-04-06 00:00:00,0.0,3.0,335.0,10.6,2.4,4,printemps,00h-03h,0,1.0,0,0
2021-04-06 03:00:00,0.0,3.0,332.0,9.3,5.7,4,printemps,03h-06h,0,0.0,0,0
2021-04-06 06:00:00,0.0,3.0,323.0,11.5,6.2,4,printemps,06h-09h,0,0.0,0,0
2021-04-06 09:00:00,0.0,3.0,315.0,9.3,5.9,4,printemps,09h-12h,0,0.0,0,0
2021-04-06 12:00:00,1.0,3.0,312.0,11.9,-0.4,4,printemps,12h-15h,0,0.0,1,0
2021-04-06 15:00:00,0.0,3.0,306.0,10.7,-0.1,4,printemps,15h-18h,0,1.0,1,0
2021-04-06 18:00:00,1.0,3.0,310.0,9.9,-1.2,4,printemps,18h-21h,0,0.0,1,0
2021-04-06 21:00:00,1.0,3.0,320.0,9.5,3.6,4,printemps,21h-24h,0,1.0,0,0
2021-04-07 00:00:00,1.0,17.0,321.0,5.1,5.9,4,printemps,00h-03h,0,1.0,0,0
2021-04-07 03:00:00,2.0,17.0,319.0,7.5,3.7,4,printemps,03h-06h,0,1.0,0,0
2021-04-07 06:00:00,3.0,17.0,9999.0,,,4,printemps,06h-09h,0,2.0,0,0
2021-04-07 09:00:00,4.0,17.0,9999.0,,,4,printemps,09h-12h,0,3.0,0,0
2021-04-07 12:00:00,4.0,17.0,9999.0,,,4,printemps,12h-15h,0,4.0,0,0
2021-04-07 15:00:00,5.0,17.0,9999.0,,,4,printemps,15h-18h,0,4.0,0,1
2021-04-07 18:00:00,3.0,17.0,9999.0,,,4,printemps,18h-21h,0,5.0,0,0
2021-04-07 21:00:00,2.0,17.0,9999.0,,,4,printemps,21h-24h,0,3.0,0,0
2021-04-08 00:00:00,1.0,5.0,468.0,4.7,3.2,4,printemps,00h-03h,0,2.0,0,0
2021-04-08 03:00:00,1.0,5.0,471.0,3.3,0.2,4,printemps,03h-06h,0,1.0,0,0
2021-04-08 06:00:00,0.0,5.0,482.0,2.5,2.1,4,printemps,06h-09h,0,1.0,0,0
2021-04-08 09:00:00,2.0,5.0,473.0,2.4,0.1,4,printemps,09h-12h,0,0.0,0,0
2021-04-08 12:00:00,2.0,5.0,458.0,2.7,0.6,4,printemps,12h-15h,0,2.0,0,0
2021-04-08 15:00:00,1.0,5.0,442.0,3.0,-0.2,4,printemps,15h-18h,0,2.0,1,0
2021-04-08 18:00:00,2.0,5.0,426.0,3.5,-0.2,4,printemps,18h-21h,0,1.0,1,0
2021-04-08 21:00:00,1.0,5.0,418.0,3.8,1.4,4,printemps,21h-24h,0,2.0,0,0
2021-04-09 00:00:00,0.0,3.0,407.0,4.1,2.8,4,printemps,00h-03h,0,1.0,0,0
2021-04-09 03:00:00,2.0,3.0,399.0,4.3,-1.4,4,printemps,03h-06h,0,0.0,1,0
2021-04-09 06:00:00,0.0,3.0,404.0,5.0,2.4,4,printemps,06h-09h,0,2.0,0,0
2021-04-09 09:00:00,1.0,3.0,392.0,4.4,0.4,4,printemps,09h-12h,0,0.0,0,0
2021-04-09 12:00:00,1.0,3.0,382.0,4.0,0.5,4,printemps,12h-15h,0,1.0,0,0
2021-04-09 15:00:00,1.0,3.0,396.0,3.6,0.5,4,printemps,15h-18h,0,1.0,0,0
2021-04-09 18:00:00,0.0,3.0,405.0,3.5,1.0,4,printemps,18h-21h,0,1.0,0,0
2021-04-09 21:00:00,0.0,3.0,387.0,4.0,-1.0,4,printemps,21h-24h,0,0.0,1,0
2021-04-10 00:00:00,1.0,5.0,372.0,3.5,0.3,4,printemps,00h-03h,0,0.0,0,0
2021-04-10 03:00:00,1.0,5.0,371.0,3.3,0.2,4,printemps,03h-06h,0,1.0,0,0
2021-04-10 06:00:00,1.0,5.0,347.0,2.5,-0.1,4,printemps,06h-09h,0,1.0,1,0
2021-04-10 09:00:00,1.0,5.0,341.0,2.8,-2.8,4,printemps,09h-12h,0,1.0,1,0
2021-04-10 12:00:00,1.0,5.0,327.0,3.0,-2.0,4,printemps,12h-15h,0,1.0,1,0
2021-04-10 15:00:00,2.0,5.0,331.0,3.1,-3.6,4,printemps,15h-18h,0,1.0,1,0
2021-04-10 18:00:00,1.0,5.0,342.0,5.6,3.2,4,printemps,18h-21h,0,2.0,0,0
2021-04-10 21:00:00,2.0,5.0,341.0,4.9,-3.8,4,printemps,21h-24h,0,1.0,1,0
2021-04-11 00:00:00,2.0,6.0,335.0,6.3,0.1,4,printemps,00h-03h,0,2.0,0,0
2021-04-11 03:00:00,2.0,6.0,349.0,12.1,-3.3,4,printemps,03h-06h,0,2.0,1,0
2021-04-11 06:00:00,2.0,6.0,356.0,6.8,-2.1,4,printemps,06h-09h,0,2.0,1,0
2021-04-11 09:00:00,1.0,6.0,361.0,7.4,-1.1,4,printemps,09h-12h,0,2.0,1,0
2021-04-11 12:00:00,1.0,6.0,354.0,7.1,0.8,4,printemps,12h-15h,0,1.0,0,0
2021-04-11 15:00:00,1.0,6.0,350.0,7.4,1.1,4,printemps,15h-18h,0,1.0,0,0
2021-04-11 18:00:00,2.0,6.0,341.0,6.8,-2.3,4,printemps,18h-21h,0,1.0,1,0
2021-04-11 21:00:00,2.0,6.0,357.0,6.8,0.3,4,printemps,21h-24h,0,2.0,0,0
2021-04-12 00:00:00,1.0,5.0,342.0,6.0,1.0,4,printemps,00h-03h,0,2.0,0,0
2021-04-12 03:00:00,1.0,5.0,349.0,6.8,0.1,4,printemps,03h-06h,0,1.0,0,0
2021-04-12 06:00:00,1.0,5.0,355.0,6.6,-1.3,4,printemps,06h-09h,0,1.0,1,0
2021-04-12 09:00:00,2.0,5.0,349.0,6.2,-0.8,4,printemps,09h-12h,0,1.0,1,0
2021-04-12 12:00:00,1.0,5.0,365.0,8.0,1.8,4,printemps,12h-15h,0,2.0,0,0
2021-04-12 15:00:00,2.0,5.0,377.0,8.5,-1.8,4,printemps,15h-18h,0,1.0,1,0
2021-04-12 18:00:00,1.0,5.0,372.0,7.7,-1.5,4,printemps,18h-21h,0,2.0,1,0
2021-04-12 21:00:00,0.0,5.0,370.0,7.2,-0.5,4,printemps,21h-24h,0,1.0,1,0
2021-04-13 00:00:00,0.0,5.0,373.0,8.0,1.6,4,printemps,00h-03h,0,0.0,0,0
2021-04-13 03:00:00,2.0,5.0,365.0,8.0,-1.0,4,printemps,03h-06h,0,0.0,1,0
2021-04-13 06:00:00,1.0,5.0,355.0,7.4,-1.6,4,printemps,06h-09h,0,2.0,1,0
2021-04-13 09:00:00,2.0,5.0,357.0,6.8,-2.0,4,printemps,09h-12h,0,1.0,1,0
2021-04-13 12:00:00,2.0,5.0,362.0,7.8,-2.4,4,printemps,12h-15h,0,2.0,1,0
2021-04-13 15:00:00,2.0,5.0,357.0,8.3,0.1,4,printemps,15h-18h,0,2.0,0,0
2021-04-13 18:00:00,1.0,5.0,353.0,10.7,0.7,4,printemps,18h-21h,0,2.0,0,0
2021-04-13 21:00:00,2.0,5.0,343.0,4.5,3.1,4,printemps,21h-24h,0,1.0,0,0
2021-04-14 00:00:00,1.0,7.0,357.0,6.4,2.4,4,printemps,00h-03h,0,2.0,0,0
2021-04-14 03:00:00,1.0,7.0,369.0,9.9,2.9,4,printemps,03h-06h,0,1.0,0,0
2021-04-14 06:00:00,1.0,7.0,385.0,5.6,2.4,4,printemps,06h-09h,0,1.0,0,0
2021-04-14 09:00:00,2.0,7.0,386.0,4.3,-0.7,4,printemps,09h-12h,0,1.0,1,0
2021-04-14 12:00:00,1.0,7.0,412.0,5.0,-0.3,4,printemps,12h-15h,0,2.0,1,0
2021-04-14 15:00:00,1.0,7.0,451.0,5.8,-0.8,4,printemps,15h-18h,0,1.0,1,0
2021-04-14 18:00:00,2.0,7.0,411.0,7.1,2.8,4,printemps,18h-21h,0,1.0,0,0
2021-04-14 21:00:00,4.0,7.0,414.0,12.4,-1.2,4,printemps,21h-24h,0,2.0,1,0
2021-04-15 00:00:00,3.0,13.0,395.0,12.3,0.1,4,printemps,00h-03h,0,4.0,0,0
2021-04-15 03:00:00,3.0,13.0,371.0,15.4,0.8,4,printemps,03h-06h,0,3.0,0,0
2021-04-15 06:00:00,5.0,13.0,391.0,7.9,-0.7,4,printemps,06h-09h,0,3.0,1,1
2021-04-15 09:00:00,1.0,13.0,377.0,14.7,8.0,4,printemps,09h-12h,0,5.0,0,0
2021-04-15 12:00:00,2.0,13.0,371.0,12.1,8.3,4,printemps,12h-15h,0,1.0,0,0
2021-04-15 15:00:00,2.0,13.0,341.0,13.0,2.0,4,printemps,15h-18h,0,2.0,0,0
2021-04-15 18:00:00,1.0,13.0,360.0,9.8,1.2,4,printemps,18h-21h,0,2.0,0,0
2021-04-15 21:00:00,2.0,13.0,353.0,9.8,2.5,4,printemps,21h-24h,0,1.0,0,0
2021-04-16 00:00:00,2.0,19.0,380.0,19.3,-1.0,4,printemps,00h-03h,0,2.0,1,0
2021-04-16 03:00:00,3.0,19.0,407.0,5.4,-1.4,4,printemps,03h-06h,0,2.0,1,0
2021-04-16 06:00:00,3.0,19.0,410.0,5.0,-3.9,4,printemps,06h-09h,0,3.0,1,0
2021-04-16 09:00:00,3.0,19.0,421.0,5.7,1.9,4,printemps,09h-12h,0,3.0,0,0
2021-04-16 12:00:00,3.0,19.0,463.0,5.1,-5.3,4,printemps,12h-15h,0,3.0,1,0
2021-04-16 15:00:00,3.0,19.0,431.0,8.8,3.0,4,printemps,15h-18h,0,3.0,0,0
2021-04-16 18:00:00,5.0,19.0,426.0,7.2,-10.7,4,printemps,18h-21h,0,3.0,1,1
2021-04-16 21:00:00,4.0,19.0,443.0,4.7,-4.6,4,printemps,21h-24h,0,5.0,1,0
2021-04-17 00:00:00,5.0,29.0,456.0,4.8,-3.7,4,printemps,00h-03h,0,4.0,1,1
2021-04-17 03:00:00,5.0,29.0,528.0,5.6,-4.7,4,printemps,03h-06h,0,5.0,1,1
2021-04-17 06:00:00,5.0,29.0,582.0,5.2,-1.3,4,printemps,06h-09h,0,5.0,1,1
2021-04-17 09:00:00,4.0,29.0,586.0,4.6,-1.4,4,printemps,09h-12h,0,5.0,1,0
2021-04-17 12:00:00,4.0,29.0,528.0,6.8,-0.7,4,printemps,12h-15h,0,4.0,1,0
2021-04-17 15:00:00,3.0,29.0,608.0,5.1,-1.4,4,printemps,15h-18h,0,4.0,1,0
2021-04-17 18:00:00,3.0,29.0,593.0,3.2,-0.2,4,printemps,18h-21h,0,3.0,1,0
2021-04-17 21:00:00,4.0,29.0,625.0,3.3,2.5,4,printemps,21h-24h,0,3.0,0,0
2021-04-18 00:00:00,4.0,16.0,634.0,3.5,-2.0,4,printemps,00h-03h,0,4.0,1,0
2021-04-18 03:00:00,4.0,16.0,640.0,3.2,-0.0,4,printemps,03h-06h,0,4.0,0,0
2021-04-18 06:00:00,3.0,16.0,654.0,3.1,-1.9,4,printemps,06h-09h,0,4.0,1,0
2021-04-18 09:00:00,3.0,16.0,647.0,2.9,-2.2,4,printemps,09h-12h,0,3.0,1,0
2021-04-18 12:00:00,2.0,16.0,615.0,1.9,-1.9,4,printemps,12h-15h,0,3.0,1,0
2021-04-18 15:00:00,2.0,16.0,543.0,2.1,-1.3,4,printemps,15h-18h,0,2.0,1,0
2021-04-18 18:00:00,3.0,16.0,541.0,3.6,-1.3,4,printemps,18h-21h,0,2.0,1,0
2021-04-18 21:00:00,4.0,16.0,560.0,7.4,-2.9,4,printemps,21h-24h,0,3.0,1,0
2021-04-19 00:00:00,4.0,18.0,566.0,5.7,-2.2,4,printemps,00h-03h,0,4.0,1,0
2021-04-19 03:00:00,4.0,18.0,594.0,5.0,-2.7,4,printemps,03h-06h,0,4.0,1,0
2021-04-19 06:00:00,3.0,18.0,627.0,2.7,0.1,4,printemps,06h-09h,0,4.0,0,0
2021-04-19 09:00:00,3.0,18.0,631.0,3.6,-1.7,4,printemps,09h-12h,0,3.0,1,0
2021-04-19 12:00:00,3.0,18.0,623.0,3.2,0.8,4,printemps,12h-15h,0,3.0,0,0
2021-04-19 15:00:00,3.0,18.0,620.0,3.2,-0.0,4,printemps,15h-18h,0,3.0,0,0
2021-04-19 18:00:00,4.0,18.0,620.0,3.1,-1.4,4,printemps,18h-21h,0,3.0,1,0
2021-04-19 21:00:00,3.0,18.0,616.0,3.2,-2.1,4,printemps,21h-24h,0,4.0,1,0
2021-04-20 00:00:00,3.0,13.0,654.0,3.6,-0.5,4,printemps,00h-03h,0,3.0,1,0
2021-04-20 03:00:00,3.0,13.0,630.0,3.9,-1.8,4,printemps,03h-06h,0,3.0,1,0
2021-04-20 06:00:00,2.0,13.0,627.0,2.9,0.3,4,printemps,06h-09h,0,3.0,0,0
2021-04-20 09:00:00,3.0,13.0,605.0,2.9,-1.9,4,printemps,09h-12h,0,2.0,1,0
2021-04-20 12:00:00,2.0,13.0,591.0,2.9,-1.6,4,printemps,12h-15h,0,3.0,1,0
2021-04-20 15:00:00,2.0,13.0,585.0,2.5,-0.4,4,printemps,15h-18h,0,2.0,1,0
2021-04-20 18:00:00,3.0,13.0,612.0,2.4,-2.5,4,printemps,18h-21h,0,2.0,1,0
2021-04-20 21:00:00,3.0,13.0,603.0,2.7,-2.4,4,printemps,21h-24h,0,3.0,1,0
2021-04-21 00:00:00,2.0,7.0,560.0,2.9,2.3,4,printemps,00h-03h,0,3.0,0,0
2021-04-21 03:00:00,3.0,7.0,527.0,1.9,0.2,4,printemps,03h-06h,0,2.0,0,0
2021-04-21 06:00:00,2.0,7.0,570.0,2.4,-2.5,4,printemps,06h-09h,0,3.0,1,0
2021-04-21 09:00:00,2.0,7.0,547.0,2.5,0.2,4,printemps,09h-12h,0,2.0,0,0
2021-04-21 12:00:00,2.0,7.0,533.0,3.1,-1.0,4,printemps,12h-15h,0,2.0,1,0
2021-04-21 15:00:00,0.0,7.0,524.0,1.8,-0.2,4,printemps,15h-18h,0,2.0,1,0
2021-04-21 18:00:00,1.0,7.0,491.0,1.5,-0.1,4,printemps,18h-21h,0,0.0,1,0
2021-04-21 21:00:00,1.0,7.0,479.0,1.8,0.4,4,printemps,21h-24h,0,1.0,0,0
2021-04-22 00:00:00,2.0,5.0,462.0,2.1,-0.8,4,printemps,00h-03h,0,1.0,1,0
2021-04-22 03:00:00,2.0,5.0,454.0,2.5,-1.6,4,printemps,03h-06h,0,2.0,1,0
2021-04-22 06:00:00,2.0,5.0,440.0,2.9,-1.0,4,printemps,06h-09h,0,2.0,1,0
2021-04-22 09:00:00,2.0,5.0,450.0,5.2,-1.5,4,printemps,09h-12h,0,2.0,1,0
2021-04-22 12:00:00,2.0,5.0,423.0,5.3,-2.5,4,printemps,12h-15h,0,2.0,1,0
2021-04-22 15:00:00,0.0,5.0,412.0,4.3,2.1,4,printemps,15h-18h,0,2.0,0,0
2021-04-22 18:00:00,0.0,5.0,411.0,4.4,2.0,4,printemps,18h-21h,0,0.0,0,0
2021-04-22 21:00:00,2.0,5.0,411.0,5.3,-2.1,4,printemps,21h-24h,0,0.0,1,0
2021-04-23 00:00:00,3.0,15.0,388.0,5.2,-0.7,4,printemps,00h-03h,0,2.0,1,0
2021-04-23 03:00:00,3.0,15.0,392.0,6.1,-1.4,4,printemps,03h-06h,0,3.0,1,0
2021-04-23 06:00:00,3.0,15.0,402.0,6.0,-1.2,4,printemps,06h-09h,0,3.0,1,0
2021-04-23 09:00:00,2.0,15.0,404.0,6.8,-1.6,4,printemps,09h-12h,0,3.0,1,0
2021-04-23 12:00:00,1.0,15.0,384.0,6.7,-0.8,4,printemps,12h-15h,0,2.0,1,0
2021-04-23 15:00:00,3.0,15.0,386.0,8.9,-2.9,4,printemps,15h-18h,0,1.0,1,0
2021-04-23 18:00:00,3.0,15.0,371.0,10.6,-0.0,4,printemps,18h-21h,0,3.0,0,0
2021-04-23 21:00:00,5.0,15.0,397.0,12.9,-1.8,4,printemps,21h-24h,0,3.0,1,1
2021-04-24 00:00:00,3.0,10.0,453.0,8.4,-1.2,4,printemps,00h-03h,0,5.0,1,0
2021-04-24 03:00:00,3.0,10.0,480.0,4.5,-1.9,4,printemps,03h-06h,0,3.0,1,0
2021-04-24 06:00:00,2.0,10.0,470.0,4.0,-1.0,4,printemps,06h-09h,0,3.0,1,0
2021-04-24 09:00:00,2.0,10.0,477.0,3.3,-2.1,4,printemps,09h-12h,0,2.0,1,0
2021-04-24 12:00:00,2.0,10.0,454.0,2.6,-2.0,4,printemps,12h-15h,0,2.0,1,0
2021-04-24 15:00:00,1.0,10.0,445.0,2.9,-0.1,4,printemps,15h-18h,0,2.0,1,0
2021-04-24 18:00:00,2.0,10.0,439.0,2.9,-3.2,4,printemps,18h-21h,0,1.0,1,0
2021-04-24 21:00:00,3.0,10.0,432.0,3.6,-1.5,4,printemps,21h-24h,0,2.0,1,0
2021-04-25 00:00:00,5.0,20.0,481.0,8.2,-6.6,4,printemps,00h-03h,0,3.0,1,1
2021-04-25 03:00:00,4.0,20.0,463.0,3.9,-5.4,4,printemps,03h-06h,0,5.0,1,0
2021-04-25 06:00:00,3.0,20.0,484.0,4.2,2.5,4,printemps,06h-09h,0,4.0,0,0
2021-04-25 09:00:00,3.0,20.0,463.0,4.9,-3.8,4,printemps,09h-12h,0,3.0,1,0
2021-04-25 12:00:00,3.0,20.0,477.0,2.5,-1.7,4,printemps,12h-15h,0,3.0,1,0
2021-04-25 15:00:00,2.0,20.0,500.0,1.7,-0.4,4,printemps,15h-18h,0,3.0,1,0
2021-04-25 18:00:00,3.0,20.0,481.0,3.1,1.6,4,printemps,18h-21h,0,2.0,0,0
2021-04-25 21:00:00,2.0,20.0,495.0,3.3,-0.3,4,printemps,21h-24h,0,3.0,1,0
2021-04-26 00:00:00,4.0,14.0,489.0,3.3,-5.6,4,printemps,00h-03h,0,2.0,1,0
2021-04-26 03:00:00,5.0,14.0,477.0,2.9,-6.7,4,printemps,03h-06h,0,4.0,1,1
2021-04-26 06:00:00,3.0,14.0,464.0,3.5,-0.2,4,printemps,06h-09h,0,5.0,1,0
2021-04-26 09:00:00,1.0,14.0,455.0,3.9,2.2,4,printemps,09h-12h,0,3.0,0,0
2021-04-26 12:00:00,2.0,14.0,453.0,2.9,-1.6,4,printemps,12h-15h,0,1.0,1,0
2021-04-26 15:00:00,1.0,14.0,474.0,3.9,4.1,4,printemps,15h-18h,0,2.0,0,0
2021-04-26 18:00:00,1.0,14.0,465.0,2.6,1.3,4,printemps,18h-21h,0,1.0,0,0
2021-04-26 21:00:00,2.0,14.0,481.0,3.0,-0.0,4,printemps,21h-24h,0,1.0,0,0
2021-04-27 00:00:00,3.0,8.0,456.0,1.8,-3.7,4,printemps,00h-03h,0,2.0,1,0
2021-04-27 03:00:00,3.0,8.0,457.0,3.0,-2.0,4,printemps,03h-06h,0,3.0,1,0
2021-04-27 06:00:00,2.0,8.0,454.0,2.1,-1.7,4,printemps,06h-09h,0,3.0,1,0
2021-04-27 09:00:00,2.0,8.0,480.0,1.9,-1.4,4,printemps,09h-12h,0,2.0,1,0
2021-04-27 12:00:00,1.0,8.0,445.0,2.1,-2.1,4,printemps,12h-15h,0,2.0,1,0
2021-04-27 15:00:00,1.0,8.0,430.0,1.1,-0.9,4,printemps,15h-18h,0,1.0,1,0
2021-04-27 18:00:00,0.0,8.0,441.0,1.0,-0.6,4,printemps,18h-21h,0,1.0,1,0
2021-04-27 21:00:00,1.0,8.0,427.0,1.3,-1.7,4,printemps,21h-24h,0,0.0,1,0
2021-04-28 00:00:00,2.0,3.0,424.0,1.9,-1.1,4,printemps,00h-03h,0,1.0,1,0
2021-04-28 03:00:00,1.0,3.0,401.0,2.5,-0.2,4,printemps,03h-06h,0,2.0,1,0
2021-04-28 06:00:00,1.0,3.0,376.0,1.9,-0.5,4,printemps,06h-09h,0,1.0,1,0
2021-04-28 09:00:00,1.0,3.0,377.0,1.9,-0.7,4,printemps,09h-12h,0,1.0,1,0
2021-04-28 12:00:00,1.0,3.0,370.0,3.4,0.4,4,printemps,12h-15h,0,1.0,0,0
2021-04-28 15:00:00,0.0,3.0,365.0,3.8,1.7,4,printemps,15h-18h,0,1.0,0,0
2021-04-28 18:00:00,0.0,3.0,354.0,4.8,-0.7,4,printemps,18h-21h,0,0.0,1,0
2021-04-28 21:00:00,1.0,3.0,348.0,4.6,-0.9,4,printemps,21h-24h,0,0.0,1,0
2021-04-29 00:00:00,2.0,6.0,340.0,4.8,-0.9,4,printemps,00h-03h,0,1.0,1,0
2021-04-29 03:00:00,2.0,6.0,340.0,5.3,-0.5,4,printemps,03h-06h,0,2.0,1,0
2021-04-29 06:00:00,2.0,6.0,336.0,5.5,-0.8,4,printemps,06h-09h,0,2.0,1,0
2021-04-29 09:00:00,2.0,6.0,334.0,5.5,-2.3,4,printemps,09h-12h,0,2.0,1,0
2021-04-29 12:00:00,2.0,6.0,332.0,6.3,-3.7,4,printemps,12h-15h,0,2.0,1,0
2021-04-29 15:00:00,1.0,6.0,332.0,8.1,-1.6,4,printemps,15h-18h,0,2.0,1,0
2021-04-29 18:00:00,2.0,6.0,331.0,8.4,1.8,4,printemps,18h-21h,0,1.0,0,0
2021-04-29 21:00:00,1.0,6.0,347.0,13.8,2.8,4,printemps,21h-24h,0,2.0,0,0
2021-04-30 00:00:00,1.0,6.0,331.0,12.4,2.5,4,printemps,00h-03h,0,1.0,0,0
2021-04-30 03:00:00,2.0,6.0,321.0,13.5,1.2,4,printemps,03h-06h,0,1.0,0,0
2021-04-30 06:00:00,1.0,6.0,325.0,12.1,2.0,4,printemps,06h-09h,0,2.0,0,0
2021-04-30 09:00:00,1.0,6.0,322.0,13.5,1.9,4,printemps,09h-12h,0,1.0,0,0
2021-04-30 12:00:00,1.0,6.0,309.0,8.2,3.1,4,printemps,12h-15h,0,1.0,0,0
2021-04-30 15:00:00,2.0,6.0,339.0,10.9,2.9,4,printemps,15h-18h,0,1.0,0,0
2021-04-30 18:00:00,2.0,6.0,344.0,12.2,3.2,4,printemps,18h-21h,0,2.0,0,0
2021-04-30 21:00:00,2.0,6.0,333.0,12.8,2.3,4,printemps,21h-24h,0,2.0,0,0
2021-05-01 00:00:00,2.0,5.0,327.0,18.3,1.8,5,printemps,00h-03h,0,2.0,0,0
2021-05-01 03:00:00,1.0,5.0,333.0,5.0,4.4,5,printemps,03h-06h,0,2.0,0,0
2021-05-01 06:00:00,1.0,5.0,325.0,10.2,3.2,5,printemps,06h-09h,0,1.0,0,0
2021-05-01 09:00:00,2.0,5.0,312.0,14.0,-1.4,5,printemps,09h-12h,0,1.0,1,0
2021-05-01 12:00:00,1.0,5.0,314.0,9.9,4.9,5,printemps,12h-15h,0,2.0,0,0
2021-05-01 15:00:00,1.0,5.0,339.0,8.0,0.5,5,printemps,15h-18h,0,1.0,0,0
2021-05-01 18:00:00,1.0,5.0,373.0,10.2,-0.6,5,printemps,18h-21h,0,1.0,1,0
2021-05-01 21:00:00,2.0,5.0,376.0,10.4,0.9,5,printemps,21h-24h,0,1.0,0,0
2021-05-02 00:00:00,3.0,10.0,356.0,7.5,1.1,5,printemps,00h-03h,0,2.0,0,0
2021-05-02 03:00:00,3.0,10.0,370.0,7.2,-6.1,5,printemps,03h-06h,0,3.0,1,0
2021-05-02 06:00:00,3.0,10.0,353.0,7.3,-1.3,5,printemps,06h-09h,0,3.0,1,0
2021-05-02 09:00:00,1.0,10.0,354.0,10.8,1.5,5,printemps,09h-12h,0,3.0,0,0
2021-05-02 12:00:00,1.0,10.0,345.0,9.2,3.7,5,printemps,12h-15h,0,1.0,0,0
2021-05-02 15:00:00,2.0,10.0,327.0,15.7,6.1,5,printemps,15h-18h,0,1.0,0,0
2021-05-02 18:00:00,2.0,10.0,338.0,12.8,5.8,5,printemps,18h-21h,0,2.0,0,0
2021-05-02 21:00:00,2.0,10.0,346.0,17.2,5.2,5,printemps,21h-24h,0,2.0,0,0
2021-05-03 00:00:00,2.0,5.0,370.0,23.1,7.7,5,printemps,00h-03h,0,2.0,0,0
2021-05-03 03:00:00,1.0,5.0,373.0,10.4,3.7,5,printemps,03h-06h,0,2.0,0,0
2021-05-03 06:00:00,2.0,5.0,372.0,10.3,6.0,5,printemps,06h-09h,0,1.0,0,0
2021-05-03 09:00:00,2.0,5.0,395.0,5.4,2.9,5,printemps,09h-12h,0,2.0,0,0
2021-05-03 12:00:00,1.0,5.0,417.0,3.6,0.8,5,printemps,12h-15h,0,2.0,0,0
2021-05-03 15:00:00,1.0,5.0,437.0,2.3,0.3,5,printemps,15h-18h,0,1.0,0,0
2021-05-03 18:00:00,1.0,5.0,436.0,1.4,0.2,5,printemps,18h-21h,0,1.0,0,0
2021-05-03 21:00:00,1.0,5.0,441.0,1.8,1.5,5,printemps,21h-24h,0,1.0,0,0
2021-05-04 00:00:00,2.0,4.0,433.0,2.1,1.8,5,printemps,00h-03h,0,1.0,0,0
2021-05-04 03:00:00,1.0,4.0,441.0,3.8,2.8,5,printemps,03h-06h,0,2.0,0,0
2021-05-04 06:00:00,1.0,4.0,407.0,5.3,4.0,5,printemps,06h-09h,0,1.0,0,0
2021-05-04 09:00:00,1.0,4.0,409.0,6.7,-0.1,5,printemps,09h-12h,0,1.0,1,0
2021-05-04 12:00:00,1.0,4.0,424.0,3.6,1.4,5,printemps,12h-15h,0,1.0,0,0
2021-05-04 15:00:00,0.0,4.0,430.0,3.7,1.3,5,printemps,15h-18h,0,1.0,0,0
2021-05-04 18:00:00,1.0,4.0,428.0,4.3,-1.5,5,printemps,18h-21h,0,0.0,1,0
2021-05-04 21:00:00,1.0,4.0,422.0,4.8,1.9,5,printemps,21h-24h,0,1.0,0,0
2021-05-05 00:00:00,1.0,2.0,408.0,4.8,1.5,5,printemps,00h-03h,0,1.0,0,0
2021-05-05 03:00:00,1.0,2.0,407.0,4.4,1.6,5,printemps,03h-06h,0,1.0,0,0
2021-05-05 06:00:00,0.0,2.0,393.0,3.4,0.5,5,printemps,06h-09h,0,1.0,0,0
2021-05-05 09:00:00,0.0,2.0,384.0,3.8,1.0,5,printemps,09h-12h,0,0.0,0,0
2021-05-05 12:00:00,1.0,2.0,364.0,2.9,0.5,5,printemps,12h-15h,0,0.0,0,0
2021-05-05 15:00:00,0.0,2.0,343.0,3.3,1.7,5,printemps,15h-18h,0,1.0,0,0
2021-05-05 18:00:00,1.0,2.0,329.0,2.9,1.4,5,printemps,18h-21h,0,0.0,0,0
2021-05-05 21:00:00,1.0,2.0,347.0,6.3,-0.7,5,printemps,21h-24h,0,1.0,1,0
2021-05-06 00:00:00,1.0,4.0,348.0,7.7,-0.5,5,printemps,00h-03h,0,1.0,1,0
2021-05-06 03:00:00,1.0,4.0,339.0,7.7,0.8,5,printemps,03h-06h,0,1.0,0,0
2021-05-06 06:00:00,1.0,4.0,331.0,6.8,-1.4,5,printemps,06h-09h,0,1.0,1,0
2021-05-06 09:00:00,1.0,4.0,334.0,4.5,-0.2,5,printemps,09h-12h,0,1.0,1,0
2021-05-06 12:00:00,2.0,4.0,327.0,5.7,-3.0,5,printemps,12h-15h,0,1.0,1,0
2021-05-06 15:00:00,1.0,4.0,328.0,5.4,-1.4,5,printemps,15h-18h,0,2.0,1,0
2021-05-06 18:00:00,1.0,4.0,336.0,5.3,2.0,5,printemps,18h-21h,0,1.0,0,0
2021-05-06 21:00:00,0.0,4.0,327.0,5.2,3.5,5,printemps,21h-24h,0,1.0,0,0
2021-05-07 00:00:00,0.0,3.0,317.0,4.2,4.2,5,printemps,00h-03h,0,0.0,0,0
2021-05-07 03:00:00,1.0,3.0,308.0,4.1,3.4,5,printemps,03h-06h,0,0.0,0,0
2021-05-07 06:00:00,0.0,3.0,301.0,5.0,2.2,5,printemps,06h-09h,0,1.0,0,0
2021-05-07 09:00:00,0.0,3.0,302.0,6.5,1.2,5,printemps,09h-12h,0,0.0,0,0
2021-05-07 12:00:00,1.0,3.0,309.0,7.3,-1.2,5,printemps,12h-15h,0,0.0,1,0
2021-05-07 15:00:00,1.0,3.0,301.0,6.8,2.7,5,printemps,15h-18h,0,1.0,0,0
2021-05-07 18:00:00,1.0,3.0,299.0,4.8,0.9,5,printemps,18h-21h,0,1.0,0,0
2021-05-07 21:00:00,1.0,3.0,301.0,6.3,3.0,5,printemps,21h-24h,0,1.0,0,0
2021-05-08 00:00:00,1.0,3.0,326.0,4.3,0.0,5,printemps,00h-03h,0,1.0,0,0
2021-05-08 03:00:00,0.0,3.0,322.0,3.6,1.4,5,printemps,03h-06h,0,1.0,0,0
2021-05-08 06:00:00,1.0,3.0,321.0,3.0,0.7,5,printemps,06h-09h,0,0.0,0,0
2021-05-08 09:00:00,2.0,3.0,341.0,3.5,-2.1,5,printemps,09h-12h,0,1.0,1,0
2021-05-08 12:00:00,1.0,3.0,312.0,4.2,-2.0,5,printemps,12h-15h,0,2.0,1,0
2021-05-08 15:00:00,0.0,3.0,318.0,4.3,2.7,5,printemps,15h-18h,0,1.0,0,0
2021-05-08 18:00:00,0.0,3.0,326.0,4.2,0.4,5,printemps,18h-21h,0,0.0,0,0
2021-05-08 21:00:00,0.0,3.0,328.0,5.1,1.9,5,printemps,21h-24h,0,0.0,0,0
2021-05-09 00:00:00,0.0,4.0,316.0,3.7,2.3,5,printemps,00h-03h,0,0.0,0,0
2021-05-09 03:00:00,1.0,4.0,318.0,4.8,1.4,5,printemps,03h-06h,0,0.0,0,0
2021-05-09 06:00:00,1.0,4.0,315.0,4.2,2.1,5,printemps,06h-09h,0,1.0,0,0
2021-05-09 09:00:00,0.0,4.0,320.0,8.3,1.6,5,printemps,09h-12h,0,1.0,0,0
2021-05-09 12:00:00,1.0,4.0,323.0,5.2,1.1,5,printemps,12h-15h,0,0.0,0,0
2021-05-09 15:00:00,1.0,4.0,341.0,12.6,-0.2,5,printemps,15h-18h,0,1.0,1,0
2021-05-09 18:00:00,0.0,4.0,346.0,10.3,3.9,5,printemps,18h-21h,0,1.0,0,0
2021-05-09 21:00:00,2.0,4.0,340.0,13.1,5.0,5,printemps,21h-24h,0,0.0,0,0
2021-05-10 00:00:00,2.0,6.0,344.0,12.7,8.5,5,printemps,00h-03h,0,2.0,0,0
2021-05-10 03:00:00,2.0,6.0,347.0,21.2,9.4,5,printemps,03h-06h,0,2.0,0,0
2021-05-10 06:00:00,2.0,6.0,362.0,10.1,4.9,5,printemps,06h-09h,0,2.0,0,0
2021-05-10 09:00:00,2.0,6.0,353.0,14.0,6.5,5,printemps,09h-12h,0,2.0,0,0
2021-05-10 12:00:00,2.0,6.0,350.0,6.7,-2.2,5,printemps,12h-15h,0,2.0,1,0
2021-05-10 15:00:00,1.0,6.0,345.0,6.7,-2.7,5,printemps,15h-18h,0,2.0,1,0
2021-05-10 18:00:00,2.0,6.0,352.0,6.1,-1.1,5,printemps,18h-21h,0,1.0,1,0
2021-05-10 21:00:00,2.0,6.0,340.0,5.1,-3.2,5,printemps,21h-24h,0,2.0,1,0
2021-05-11 00:00:00,2.0,3.0,345.0,8.4,-0.5,5,printemps,00h-03h,0,2.0,1,0
2021-05-11 03:00:00,1.0,3.0,350.0,9.6,0.7,5,printemps,03h-06h,0,2.0,0,0
2021-05-11 06:00:00,1.0,3.0,351.0,9.1,1.1,5,printemps,06h-09h,0,1.0,0,0
2021-05-11 09:00:00,1.0,3.0,346.0,6.5,0.9,5,printemps,09h-12h,0,1.0,0,0
2021-05-11 12:00:00,1.0,3.0,345.0,5.4,3.0,5,printemps,12h-15h,0,1.0,0,0
2021-05-11 15:00:00,1.0,3.0,331.0,5.0,1.2,5,printemps,15h-18h,0,1.0,0,0
2021-05-11 18:00:00,0.0,3.0,341.0,5.8,1.0,5,printemps,18h-21h,0,1.0,0,0
2021-05-11 21:00:00,0.0,3.0,339.0,6.2,0.0,5,printemps,21h-24h,0,0.0,0,0
2021-05-12 00:00:00,1.0,41.0,325.0,6.1,1.3,5,printemps,00h-03h,0,0.0,0,0
2021-05-12 03:00:00,1.0,41.0,321.0,6.6,0.9,5,printemps,03h-06h,0,1.0,0,0
2021-05-12 06:00:00,4.0,41.0,339.0,10.5,-2.1,5,printemps,06h-09h,0,1.0,1,0
2021-05-12 09:00:00,4.0,41.0,448.0,14.2,15.9,5,printemps,09h-12h,0,4.0,0,0
2021-05-12 12:00:00,7.0,41.0,454.0,23.3,-12.8,5,printemps,12h-15h,0,4.0,1,1
2021-05-12 15:00:00,7.0,41.0,425.0,16.7,-4.3,5,printemps,15h-18h,0,7.0,1,1
2021-05-12 18:00:00,3.0,41.0,457.0,4.9,2.1,5,printemps,18h-21h,0,7.0,0,0
2021-05-12 21:00:00,3.0,41.0,467.0,2.8,-2.8,5,printemps,21h-24h,0,3.0,1,0
2021-05-13 00:00:00,2.0,7.0,511.0,0.9,-1.3,5,printemps,00h-03h,0,3.0,1,0
2021-05-13 03:00:00,2.0,7.0,471.0,2.1,-1.0,5,printemps,03h-06h,0,2.0,1,0
2021-05-13 06:00:00,2.0,7.0,450.0,4.4,3.8,5,printemps,06h-09h,0,2.0,0,0
2021-05-13 09:00:00,2.0,7.0,427.0,4.1,5.1,5,printemps,09h-12h,0,2.0,0,0
2021-05-13 12:00:00,2.0,7.0,427.0,7.4,3.6,5,printemps,12h-15h,0,2.0,0,0
2021-05-13 15:00:00,1.0,7.0,427.0,2.4,-1.1,5,printemps,15h-18h,0,2.0,1,0
2021-05-13 18:00:00,2.0,7.0,424.0,2.1,-0.4,5,printemps,18h-21h,0,1.0,1,0
2021-05-13 21:00:00,2.0,7.0,415.0,2.7,-1.4,5,printemps,21h-24h,0,2.0,1,0
2021-05-14 00:00:00,0.0,4.0,402.0,3.3,0.1,5,printemps,00h-03h,0,2.0,0,0
2021-05-14 03:00:00,1.0,4.0,403.0,3.4,0.9,5,printemps,03h-06h,0,0.0,0,0
2021-05-14 06:00:00,1.0,4.0,398.0,4.0,1.2,5,printemps,06h-09h,0,1.0,0,0
2021-05-14 09:00:00,1.0,4.0,389.0,4.4,1.6,5,printemps,09h-12h,0,1.0,0,0
2021-05-14 12:00:00,1.0,4.0,373.0,4.6,2.3,5,printemps,12h-15h,0,1.0,0,0
2021-05-14 15:00:00,1.0,4.0,365.0,5.1,1.3,5,printemps,15h-18h,0,1.0,0,0
2021-05-14 18:00:00,2.0,4.0,379.0,7.8,-0.5,5,printemps,18h-21h,0,1.0,1,0
2021-05-14 21:00:00,2.0,4.0,387.0,5.9,0.1,5,printemps,21h-24h,0,2.0,0,0
2021-05-16 00:00:00,1.0,5.0,416.0,3.3,-1.3,5,printemps,00h-03h,0,2.0,1,0
2021-05-16 03:00:00,0.0,5.0,378.0,1.9,1.0,5,printemps,03h-06h,0,1.0,0,0
2021-05-16 06:00:00,1.0,5.0,370.0,2.9,-1.0,5,printemps,06h-09h,0,0.0,1,0
2021-05-16 09:00:00,2.0,5.0,366.0,3.4,-1.7,5,printemps,09h-12h,0,1.0,1,0
2021-05-16 12:00:00,2.0,5.0,356.0,6.6,-0.4,5,printemps,12h-15h,0,2.0,1,0
2021-05-16 15:00:00,1.0,5.0,339.0,5.6,-0.9,5,printemps,15h-18h,0,2.0,1,0
2021-05-16 18:00:00,2.0,5.0,331.0,6.3,-3.8,5,printemps,18h-21h,0,1.0,1,0
2021-05-16 21:00:00,1.0,5.0,357.0,1.3,0.1,5,printemps,21h-24h,0,2.0,0,0
2021-05-17 00:00:00,1.0,6.0,347.0,1.6,-0.5,5,printemps,00h-03h,0,1.0,1,0
2021-05-17 03:00:00,1.0,6.0,370.0,3.4,0.4,5,printemps,03h-06h,0,1.0,0,0
2021-05-17 06:00:00,2.0,6.0,388.0,2.2,-1.2,5,printemps,06h-09h,0,1.0,1,0
2021-05-17 09:00:00,1.0,6.0,383.0,2.2,0.1,5,printemps,09h-12h,0,2.0,0,0
2021-05-17 12:00:00,1.0,6.0,371.0,2.7,0.2,5,printemps,12h-15h,0,1.0,0,0
2021-05-17 15:00:00,2.0,6.0,334.0,3.9,0.5,5,printemps,15h-18h,0,1.0,0,0
2021-05-17 18:00:00,2.0,6.0,358.0,11.5,-4.0,5,printemps,18h-21h,0,2.0,1,0
2021-05-17 21:00:00,2.0,6.0,365.0,13.6,-0.6,5,printemps,21h-24h,0,2.0,1,0
2021-05-18 00:00:00,3.0,10.0,375.0,11.7,0.6,5,printemps,00h-03h,0,2.0,0,0
2021-05-18 03:00:00,4.0,10.0,381.0,5.2,-4.0,5,printemps,03h-06h,0,3.0,1,0
2021-05-18 06:00:00,3.0,10.0,379.0,15.0,-3.1,5,printemps,06h-09h,0,4.0,1,0
2021-05-18 09:00:00,2.0,10.0,377.0,11.0,-2.5,5,printemps,09h-12h,0,3.0,1,0
2021-05-18 12:00:00,2.0,10.0,392.0,12.9,0.3,5,printemps,12h-15h,0,2.0,0,0
2021-05-18 15:00:00,1.0,10.0,391.0,7.5,-0.4,5,printemps,15h-18h,0,2.0,1,0
2021-05-18 18:00:00,1.0,10.0,379.0,6.7,2.5,5,printemps,18h-21h,0,1.0,0,0
2021-05-18 21:00:00,1.0,10.0,373.0,7.5,0.6,5,printemps,21h-24h,0,1.0,0,0
2021-05-19 00:00:00,2.0,6.0,363.0,7.9,0.8,5,printemps,00h-03h,0,1.0,0,0
2021-05-19 03:00:00,1.0,6.0,368.0,12.0,4.2,5,printemps,03h-06h,0,2.0,0,0
2021-05-19 06:00:00,1.0,6.0,354.0,8.7,4.5,5,printemps,06h-09h,0,1.0,0,0
2021-05-19 09:00:00,1.0,6.0,376.0,10.8,5.1,5,printemps,09h-12h,0,1.0,0,0
2021-05-19 12:00:00,1.0,6.0,363.0,11.3,2.5,5,printemps,12h-15h,0,1.0,0,0
2021-05-19 15:00:00,1.0,6.0,368.0,12.3,1.5,5,printemps,15h-18h,0,1.0,0,0
2021-05-19 18:00:00,1.0,6.0,354.0,9.5,-0.5,5,printemps,18h-21h,0,1.0,1,0
2021-05-19 21:00:00,3.0,6.0,348.0,10.7,-2.6,5,printemps,21h-24h,0,1.0,1,0
2021-05-20 00:00:00,3.0,24.0,357.0,13.0,-3.0,5,printemps,00h-03h,0,3.0,1,0
2021-05-20 03:00:00,2.0,24.0,338.0,10.7,-2.5,5,printemps,03h-06h,0,3.0,1,0
2021-05-20 06:00:00,3.0,24.0,352.0,12.9,-4.8,5,printemps,06h-09h,0,2.0,1,0
2021-05-20 09:00:00,4.0,24.0,369.0,20.3,-3.4,5,printemps,09h-12h,0,3.0,1,0
2021-05-20 12:00:00,5.0,24.0,407.0,16.7,4.4,5,printemps,12h-15h,0,4.0,0,1
2021-05-20 15:00:00,4.0,24.0,505.0,7.1,-1.6,5,printemps,15h-18h,0,5.0,1,0
2021-05-20 18:00:00,4.0,24.0,498.0,4.7,-2.7,5,printemps,18h-21h,0,4.0,1,0
2021-05-20 21:00:00,4.0,24.0,550.0,2.4,-1.8,5,printemps,21h-24h,0,4.0,1,0
2021-05-21 00:00:00,3.0,7.0,565.0,2.2,-2.7,5,printemps,00h-03h,0,4.0,1,0
2021-05-21 03:00:00,2.0,7.0,564.0,2.7,1.1,5,printemps,03h-06h,0,3.0,0,0
2021-05-21 06:00:00,2.0,7.0,568.0,2.7,1.0,5,printemps,06h-09h,0,2.0,0,0
2021-05-21 09:00:00,2.0,7.0,548.0,2.2,-0.8,5,printemps,09h-12h,0,2.0,1,0
2021-05-21 12:00:00,1.0,7.0,548.0,2.2,0.3,5,printemps,12h-15h,0,2.0,0,0
2021-05-21 15:00:00,1.0,7.0,514.0,2.1,0.4,5,printemps,15h-18h,0,1.0,0,0
2021-05-21 18:00:00,1.0,7.0,513.0,2.0,0.1,5,printemps,18h-21h,0,1.0,0,0
2021-05-21 21:00:00,1.0,7.0,479.0,1.7,0.3,5,printemps,21h-24h,0,1.0,0,0
2021-05-23 00:00:00,1.0,4.0,423.0,1.9,1.2,5,printemps,00h-03h,0,1.0,0,0
2021-05-23 03:00:00,2.0,4.0,416.0,1.5,-1.4,5,printemps,03h-06h,0,1.0,1,0
2021-05-23 06:00:00,1.0,4.0,409.0,1.8,-1.2,5,printemps,06h-09h,0,2.0,1,0
2021-05-23 09:00:00,1.0,4.0,397.0,2.0,-0.5,5,printemps,09h-12h,0,1.0,1,0
2021-05-23 12:00:00,1.0,4.0,392.0,1.7,-0.8,5,printemps,12h-15h,0,1.0,1,0
2021-05-23 15:00:00,1.0,4.0,382.0,2.0,-0.8,5,printemps,15h-18h,0,1.0,1,0
2021-05-23 18:00:00,1.0,4.0,385.0,2.4,-1.6,5,printemps,18h-21h,0,1.0,1,0
2021-05-23 21:00:00,2.0,4.0,388.0,2.6,-1.0,5,printemps,21h-24h,0,1.0,1,0
2021-05-24 00:00:00,2.0,4.0,385.0,3.1,-1.8,5,printemps,00h-03h,0,2.0,1,0
2021-05-24 03:00:00,1.0,4.0,347.0,2.1,-0.9,5,printemps,03h-06h,0,2.0,1,0
2021-05-24 06:00:00,1.0,4.0,341.0,2.1,-0.3,5,printemps,06h-09h,0,1.0,1,0
2021-05-24 09:00:00,1.0,4.0,342.0,2.5,0.3,5,printemps,09h-12h,0,1.0,0,0
2021-05-24 12:00:00,1.0,4.0,356.0,3.1,-0.9,5,printemps,12h-15h,0,1.0,1,0
2021-05-24 15:00:00,0.0,4.0,350.0,3.2,-0.2,5,printemps,15h-18h,0,1.0,1,0
2021-05-24 18:00:00,0.0,4.0,342.0,3.6,0.3,5,printemps,18h-21h,0,0.0,0,0
2021-05-24 21:00:00,1.0,4.0,331.0,3.6,-0.1,5,printemps,21h-24h,0,0.0,1,0
2021-05-25 00:00:00,0.0,3.0,329.0,4.6,-0.6,5,printemps,00h-03h,0,1.0,1,0
2021-05-25 03:00:00,1.0,3.0,317.0,5.2,0.2,5,printemps,03h-06h,0,0.0,0,0
2021-05-25 06:00:00,0.0,3.0,308.0,4.9,0.3,5,printemps,06h-09h,0,1.0,0,0
2021-05-25 09:00:00,1.0,3.0,319.0,7.2,-1.3,5,printemps,09h-12h,0,0.0,1,0
2021-05-25 12:00:00,1.0,3.0,316.0,7.4,0.1,5,printemps,12h-15h,0,1.0,0,0
2021-05-25 15:00:00,1.0,3.0,320.0,7.1,-0.3,5,printemps,15h-18h,0,1.0,1,0
2021-05-25 18:00:00,0.0,3.0,330.0,8.3,0.6,5,printemps,18h-21h,0,1.0,0,0
2021-05-25 21:00:00,2.0,3.0,330.0,7.1,-2.4,5,printemps,21h-24h,0,0.0,1,0
2021-05-28 00:00:00,1.0,3.0,419.0,3.5,2.5,5,printemps,00h-03h,0,2.0,0,0
2021-05-28 03:00:00,1.0,3.0,422.0,2.9,0.9,5,printemps,03h-06h,0,1.0,0,0
2021-05-28 06:00:00,0.0,3.0,401.0,1.3,2.6,5,printemps,06h-09h,0,1.0,0,0
2021-05-28 09:00:00,1.0,3.0,421.0,2.1,0.8,5,printemps,09h-12h,0,0.0,0,0
2021-05-28 12:00:00,1.0,3.0,418.0,2.1,0.6,5,printemps,12h-15h,0,1.0,0,0
2021-05-28 15:00:00,0.0,3.0,396.0,1.9,1.8,5,printemps,15h-18h,0,1.0,0,0
2021-05-28 18:00:00,0.0,3.0,423.0,1.9,1.9,5,printemps,18h-21h,0,0.0,0,0
2021-05-28 21:00:00,1.0,3.0,433.0,2.2,2.5,5,printemps,21h-24h,0,0.0,0,0
2021-05-29 00:00:00,1.0,7.0,376.0,1.9,1.5,5,printemps,00h-03h,0,1.0,0,0
2021-05-29 03:00:00,1.0,7.0,380.0,1.9,2.6,5,printemps,03h-06h,0,1.0,0,0
2021-05-29 06:00:00,1.0,7.0,406.0,3.2,0.4,5,printemps,06h-09h,0,1.0,0,0
2021-05-29 09:00:00,2.0,7.0,415.0,3.1,-2.6,5,printemps,09h-12h,0,1.0,1,0
2021-05-29 12:00:00,2.0,7.0,406.0,2.5,-3.8,5,printemps,12h-15h,0,2.0,1,0
2021-05-29 15:00:00,1.0,7.0,403.0,2.5,-1.6,5,printemps,15h-18h,0,2.0,1,0
2021-05-29 18:00:00,3.0,7.0,418.0,2.8,0.4,5,printemps,18h-21h,0,1.0,0,0
2021-05-29 21:00:00,2.0,7.0,448.0,7.0,2.6,5,printemps,21h-24h,0,3.0,0,0
2021-05-30 00:00:00,2.0,6.0,457.0,3.5,2.1,5,printemps,00h-03h,0,2.0,0,0
2021-05-30 03:00:00,1.0,6.0,465.0,4.1,1.9,5,printemps,03h-06h,0,2.0,0,0
2021-05-30 06:00:00,1.0,6.0,429.0,1.7,-0.5,5,printemps,06h-09h,0,1.0,1,0
2021-05-30 09:00:00,1.0,6.0,481.0,4.9,3.0,5,printemps,09h-12h,0,1.0,0,0
2021-05-30 12:00:00,1.0,6.0,455.0,5.5,2.0,5,printemps,12h-15h,0,1.0,0,0
2021-05-30 15:00:00,1.0,6.0,448.0,4.5,-0.3,5,printemps,15h-18h,0,1.0,1,0
2021-05-30 18:00:00,1.0,6.0,432.0,5.2,-1.1,5,printemps,18h-21h,0,1.0,1,0
2021-05-30 21:00:00,3.0,6.0,385.0,3.0,-0.8,5,printemps,21h-24h,0,1.0,1,0
2021-05-31 00:00:00,1.0,3.0,408.0,4.6,-0.3,5,printemps,00h-03h,0,3.0,1,0
2021-05-31 03:00:00,1.0,3.0,405.0,4.2,-1.2,5,printemps,03h-06h,0,1.0,1,0
2021-05-31 06:00:00,1.0,3.0,388.0,4.2,-1.0,5,printemps,06h-09h,0,1.0,1,0
2021-05-31 09:00:00,1.0,3.0,380.0,3.9,0.2,5,printemps,09h-12h,0,1.0,0,0
2021-05-31 12:00:00,1.0,3.0,370.0,4.0,1.2,5,printemps,12h-15h,0,1.0,0,0
2021-05-31 15:00:00,1.0,3.0,358.0,2.8,-0.2,5,printemps,15h-18h,0,1.0,1,0
2021-05-31 18:00:00,0.0,3.0,355.0,3.1,0.3,5,printemps,18h-21h,0,1.0,0,0
2021-05-31 21:00:00,0.0,3.0,352.0,3.0,-0.3,5,printemps,21h-24h,0,0.0,1,0
2021-06-01 00:00:00,1.0,3.0,325.0,2.0,-1.4,6,ete,00h-03h,0,0.0,1,0
2021-06-01 03:00:00,1.0,3.0,317.0,2.1,-0.9,6,ete,03h-06h,0,1.0,1,0
2021-06-01 06:00:00,1.0,3.0,325.0,3.7,-0.1,6,ete,06h-09h,0,1.0,1,0
2021-06-01 09:00:00,0.0,3.0,316.0,4.7,-0.6,6,ete,09h-12h,0,1.0,1,0
2021-06-01 12:00:00,1.0,3.0,309.0,4.7,-0.3,6,ete,12h-15h,0,0.0,1,0
2021-06-01 15:00:00,0.0,3.0,299.0,4.8,0.1,6,ete,15h-18h,0,1.0,0,0
2021-06-01 18:00:00,1.0,3.0,298.0,5.6,-1.1,6,ete,18h-21h,0,0.0,1,0
2021-06-01 21:00:00,0.0,3.0,296.0,5.2,-0.3,6,ete,21h-24h,0,1.0,1,0
2021-06-02 00:00:00,1.0,5.0,292.0,5.6,-1.0,6,ete,00h-03h,0,0.0,1,0
2021-06-02 03:00:00,1.0,5.0,294.0,6.1,-1.7,6,ete,03h-06h,0,1.0,1,0
2021-06-02 06:00:00,1.0,5.0,292.0,7.3,-1.1,6,ete,06h-09h,0,1.0,1,0
2021-06-02 09:00:00,1.0,5.0,291.0,8.0,0.3,6,ete,09h-12h,0,1.0,0,0
2021-06-02 12:00:00,3.0,5.0,291.0,8.1,-0.7,6,ete,12h-15h,0,1.0,1,0
2021-06-02 15:00:00,2.0,5.0,327.0,27.2,-2.6,6,ete,15h-18h,0,3.0,1,0
2021-06-02 18:00:00,1.0,5.0,305.0,31.4,-1.7,6,ete,18h-21h,0,2.0,1,0
2021-06-02 21:00:00,1.0,5.0,299.0,25.9,0.7,6,ete,21h-24h,0,1.0,0,0
2021-06-03 00:00:00,2.0,6.0,309.0,28.7,1.5,6,ete,00h-03h,0,1.0,0,0
2021-06-03 03:00:00,2.0,6.0,306.0,25.1,-2.7,6,ete,03h-06h,0,2.0,1,0
2021-06-03 06:00:00,3.0,6.0,303.0,32.4,-2.3,6,ete,06h-09h,0,2.0,1,0
2021-06-03 09:00:00,2.0,6.0,286.0,16.5,1.0,6,ete,09h-12h,0,3.0,0,0
2021-06-03 12:00:00,1.0,6.0,289.0,16.5,-2.2,6,ete,12h-15h,0,2.0,1,0
2021-06-03 15:00:00,1.0,6.0,286.0,13.9,-1.4,6,ete,15h-18h,0,1.0,1,0
2021-06-03 18:00:00,1.0,6.0,297.0,12.1,2.5,6,ete,18h-21h,0,1.0,0,0
2021-06-03 21:00:00,0.0,6.0,303.0,9.1,4.8,6,ete,21h-24h,0,1.0,0,0
2021-06-04 00:00:00,2.0,5.0,315.0,7.6,2.5,6,ete,00h-03h,0,0.0,0,0
2021-06-04 03:00:00,1.0,5.0,317.0,8.0,-1.8,6,ete,03h-06h,0,2.0,1,0
2021-06-04 06:00:00,1.0,5.0,327.0,6.0,2.1,6,ete,06h-09h,0,1.0,0,0
2021-06-04 09:00:00,1.0,5.0,320.0,6.2,-0.2,6,ete,09h-12h,0,1.0,1,0
2021-06-04 12:00:00,1.0,5.0,317.0,6.2,0.3,6,ete,12h-15h,0,1.0,0,0
2021-06-04 15:00:00,1.0,5.0,376.0,2.8,1.4,6,ete,15h-18h,0,1.0,0,0
2021-06-04 18:00:00,1.0,5.0,412.0,3.0,-1.2,6,ete,18h-21h,0,1.0,1,0
2021-06-04 21:00:00,1.0,5.0,424.0,1.9,-0.6,6,ete,21h-24h,0,1.0,1,0
2021-06-05 00:00:00,0.0,4.0,399.0,2.0,1.2,6,ete,00h-03h,0,1.0,0,0
2021-06-05 03:00:00,1.0,4.0,383.0,3.4,0.2,6,ete,03h-06h,0,0.0,0,0
2021-06-05 06:00:00,1.0,4.0,362.0,4.0,2.4,6,ete,06h-09h,0,1.0,0,0
2021-06-05 09:00:00,1.0,4.0,360.0,4.3,1.7,6,ete,09h-12h,0,1.0,0,0
2021-06-05 12:00:00,1.0,4.0,345.0,3.5,2.6,6,ete,12h-15h,0,1.0,0,0
2021-06-05 15:00:00,1.0,4.0,334.0,6.4,0.2,6,ete,15h-18h,0,1.0,0,0
2021-06-05 18:00:00,1.0,4.0,333.0,10.6,-1.5,6,ete,18h-21h,0,1.0,1,0
2021-06-05 21:00:00,2.0,4.0,328.0,10.6,-1.6,6,ete,21h-24h,0,1.0,1,0
2021-06-06 00:00:00,2.0,5.0,331.0,6.6,-2.5,6,ete,00h-03h,0,2.0,1,0
2021-06-06 03:00:00,1.0,5.0,340.0,5.0,-1.9,6,ete,03h-06h,0,2.0,1,0
2021-06-06 06:00:00,1.0,5.0,329.0,4.9,0.2,6,ete,06h-09h,0,1.0,0,0
2021-06-06 09:00:00,1.0,5.0,329.0,3.7,1.2,6,ete,09h-12h,0,1.0,0,0
2021-06-06 12:00:00,1.0,5.0,326.0,4.8,1.5,6,ete,12h-15h,0,1.0,0,0
2021-06-06 15:00:00,1.0,5.0,326.0,4.1,2.6,6,ete,15h-18h,0,1.0,0,0
2021-06-06 18:00:00,1.0,5.0,327.0,6.6,2.8,6,ete,18h-21h,0,1.0,0,0
2021-06-06 21:00:00,2.0,5.0,336.0,9.1,2.1,6,ete,21h-24h,0,1.0,0,0
2021-06-07 00:00:00,1.0,12.0,323.0,6.2,2.6,6,ete,00h-03h,0,2.0,0,0
2021-06-07 03:00:00,1.0,12.0,309.0,5.0,1.2,6,ete,03h-06h,0,1.0,0,0
2021-06-07 06:00:00,2.0,12.0,344.0,18.4,-0.5,6,ete,06h-09h,0,1.0,1,0
2021-06-07 09:00:00,2.0,12.0,359.0,26.3,7.2,6,ete,09h-12h,0,2.0,0,0
2021-06-07 12:00:00,3.0,12.0,377.0,12.3,1.4,6,ete,12h-15h,0,2.0,0,0
2021-06-07 15:00:00,3.0,12.0,395.0,15.2,3.8,6,ete,15h-18h,0,3.0,0,0
2021-06-07 18:00:00,3.0,12.0,491.0,4.6,-4.1,6,ete,18h-21h,0,3.0,1,0
2021-06-07 21:00:00,4.0,12.0,469.0,5.3,-0.4,6,ete,21h-24h,0,3.0,1,0
2021-06-08 00:00:00,2.0,5.0,482.0,2.7,0.3,6,ete,00h-03h,0,4.0,0,0
2021-06-08 03:00:00,2.0,5.0,518.0,1.8,0.4,6,ete,03h-06h,0,2.0,0,0
2021-06-08 06:00:00,2.0,5.0,499.0,1.2,-0.5,6,ete,06h-09h,0,2.0,1,0
2021-06-08 09:00:00,1.0,5.0,490.0,1.2,-0.4,6,ete,09h-12h,0,2.0,1,0
2021-06-08 12:00:00,1.0,5.0,479.0,1.7,-0.7,6,ete,12h-15h,0,1.0,1,0
2021-06-08 15:00:00,1.0,5.0,437.0,3.1,0.7,6,ete,15h-18h,0,1.0,0,0
2021-06-08 18:00:00,1.0,5.0,418.0,3.3,-0.4,6,ete,18h-21h,0,1.0,1,0
2021-06-08 21:00:00,1.0,5.0,401.0,4.2,0.7,6,ete,21h-24h,0,1.0,0,0
2021-06-09 00:00:00,1.0,4.0,421.0,3.6,-1.2,6,ete,00h-03h,0,1.0,1,0
2021-06-09 03:00:00,2.0,4.0,393.0,4.0,-1.9,6,ete,03h-06h,0,1.0,1,0
2021-06-09 06:00:00,2.0,4.0,378.0,4.3,-1.8,6,ete,06h-09h,0,2.0,1,0
2021-06-09 09:00:00,1.0,4.0,385.0,4.4,-1.3,6,ete,09h-12h,0,2.0,1,0
2021-06-09 12:00:00,1.0,4.0,382.0,4.2,-0.5,6,ete,12h-15h,0,1.0,1,0
2021-06-09 15:00:00,1.0,4.0,367.0,4.2,-0.0,6,ete,15h-18h,0,1.0,0,0
2021-06-09 18:00:00,1.0,4.0,365.0,4.5,0.4,6,ete,18h-21h,0,1.0,0,0
2021-06-09 21:00:00,0.0,4.0,364.0,3.6,0.1,6,ete,21h-24h,0,1.0,0,0
2021-06-10 00:00:00,1.0,5.0,365.0,3.2,-0.4,6,ete,00h-03h,0,0.0,1,0
2021-06-10 03:00:00,1.0,5.0,358.0,4.1,-0.7,6,ete,03h-06h,0,1.0,1,0
2021-06-10 06:00:00,0.0,5.0,358.0,4.9,1.1,6,ete,06h-09h,0,1.0,0,0
2021-06-10 09:00:00,1.0,5.0,353.0,6.4,0.1,6,ete,09h-12h,0,0.0,0,0
2021-06-10 12:00:00,1.0,5.0,345.0,7.6,0.0,6,ete,12h-15h,0,1.0,0,0
2021-06-10 15:00:00,2.0,5.0,339.0,5.6,1.3,6,ete,15h-18h,0,1.0,0,0
2021-06-10 18:00:00,2.0,5.0,335.0,7.5,3.3,6,ete,18h-21h,0,2.0,0,0
2021-06-10 21:00:00,2.0,5.0,356.0,7.0,-2.1,6,ete,21h-24h,0,2.0,1,0
2021-06-11 00:00:00,3.0,10.0,334.0,7.4,-1.7,6,ete,00h-03h,0,2.0,1,0
2021-06-11 03:00:00,3.0,10.0,360.0,5.0,-6.9,6,ete,03h-06h,0,3.0,1,0
2021-06-11 06:00:00,2.0,10.0,359.0,6.3,-6.6,6,ete,06h-09h,0,3.0,1,0
2021-06-11 09:00:00,2.0,10.0,358.0,6.0,-7.0,6,ete,09h-12h,0,2.0,1,0
2021-06-11 12:00:00,3.0,10.0,357.0,7.3,-7.1,6,ete,12h-15h,0,2.0,1,0
2021-06-11 15:00:00,2.0,10.0,333.0,8.3,-1.5,6,ete,15h-18h,0,3.0,1,0
2021-06-11 18:00:00,2.0,10.0,343.0,5.5,1.5,6,ete,18h-21h,0,2.0,0,0
2021-06-11 21:00:00,2.0,10.0,339.0,6.9,-0.9,6,ete,21h-24h,0,2.0,1,0
2021-06-12 00:00:00,3.0,10.0,345.0,10.6,-6.2,6,ete,00h-03h,0,2.0,1,0
2021-06-12 03:00:00,4.0,10.0,348.0,13.1,-4.1,6,ete,03h-06h,0,3.0,1,0
2021-06-12 06:00:00,2.0,10.0,341.0,11.6,2.3,6,ete,06h-09h,0,4.0,0,0
2021-06-12 09:00:00,2.0,10.0,354.0,15.3,0.9,6,ete,09h-12h,0,2.0,0,0
2021-06-12 12:00:00,2.0,10.0,358.0,16.2,3.7,6,ete,12h-15h,0,2.0,0,0
2021-06-12 15:00:00,2.0,10.0,389.0,5.5,1.8,6,ete,15h-18h,0,2.0,0,0
2021-06-12 18:00:00,1.0,10.0,428.0,5.4,1.8,6,ete,18h-21h,0,2.0,0,0
2021-06-12 21:00:00,2.0,10.0,454.0,3.6,3.9,6,ete,21h-24h,0,1.0,0,0
2021-06-13 00:00:00,3.0,7.0,464.0,4.5,-4.1,6,ete,00h-03h,0,2.0,1,0
2021-06-13 03:00:00,3.0,7.0,477.0,3.7,-1.6,6,ete,03h-06h,0,3.0,1,0
2021-06-13 06:00:00,1.0,7.0,471.0,2.6,1.2,6,ete,06h-09h,0,3.0,0,0
2021-06-13 09:00:00,1.0,7.0,464.0,3.0,2.7,6,ete,09h-12h,0,1.0,0,0
2021-06-13 12:00:00,1.0,7.0,445.0,3.7,2.4,6,ete,12h-15h,0,1.0,0,0
2021-06-13 15:00:00,1.0,7.0,442.0,4.4,3.1,6,ete,15h-18h,0,1.0,0,0
2021-06-13 18:00:00,1.0,7.0,432.0,4.0,3.0,6,ete,18h-21h,0,1.0,0,0
2021-06-13 21:00:00,1.0,7.0,436.0,3.3,2.8,6,ete,21h-24h,0,1.0,0,0
2021-06-14 00:00:00,1.0,4.0,433.0,2.7,1.1,6,ete,00h-03h,0,1.0,0,0
2021-06-14 03:00:00,1.0,4.0,426.0,2.5,1.5,6,ete,03h-06h,0,1.0,0,0
2021-06-14 06:00:00,1.0,4.0,424.0,2.5,-0.8,6,ete,06h-09h,0,1.0,1,0
2021-06-14 09:00:00,1.0,4.0,418.0,3.1,-2.1,6,ete,09h-12h,0,1.0,1,0
2021-06-14 12:00:00,1.0,4.0,388.0,3.5,-0.8,6,ete,12h-15h,0,1.0,1,0
2021-06-14 15:00:00,1.0,4.0,369.0,2.8,1.2,6,ete,15h-18h,0,1.0,0,0
2021-06-14 18:00:00,1.0,4.0,353.0,3.0,-0.1,6,ete,18h-21h,0,1.0,1,0
2021-06-14 21:00:00,2.0,4.0,344.0,10.1,-1.3,6,ete,21h-24h,0,1.0,1,0
2021-06-15 00:00:00,2.0,17.0,330.0,22.4,0.4,6,ete,00h-03h,0,2.0,0,0
2021-06-15 03:00:00,2.0,17.0,348.0,7.9,2.6,6,ete,03h-06h,0,2.0,0,0
2021-06-15 06:00:00,2.0,17.0,361.0,8.2,3.4,6,ete,06h-09h,0,2.0,0,0
2021-06-15 09:00:00,2.0,17.0,388.0,22.3,3.0,6,ete,09h-12h,0,2.0,0,0
2021-06-15 12:00:00,3.0,17.0,384.0,42.2,-2.4,6,ete,12h-15h,0,2.0,1,0
2021-06-15 15:00:00,3.0,17.0,561.0,6.8,-0.3,6,ete,15h-18h,0,3.0,1,0
2021-06-15 18:00:00,5.0,17.0,550.0,7.6,-0.3,6,ete,18h-21h,0,3.0,1,1
2021-06-15 21:00:00,4.0,17.0,559.0,4.7,-3.6,6,ete,21h-24h,0,5.0,1,0
2021-06-17 00:00:00,2.0,7.0,561.0,1.9,-0.2,6,ete,00h-03h,0,4.0,1,0
2021-06-17 03:00:00,2.0,7.0,571.0,2.2,-0.8,6,ete,03h-06h,0,2.0,1,0
2021-06-17 06:00:00,3.0,7.0,537.0,2.2,-0.2,6,ete,06h-09h,0,2.0,1,0
2021-06-17 09:00:00,2.0,7.0,530.0,2.5,0.2,6,ete,09h-12h,0,3.0,0,0
2021-06-17 12:00:00,1.0,7.0,530.0,2.9,1.6,6,ete,12h-15h,0,2.0,0,0
2021-06-17 15:00:00,2.0,7.0,531.0,2.4,-1.2,6,ete,15h-18h,0,1.0,1,0
2021-06-17 18:00:00,1.0,7.0,526.0,2.5,-0.7,6,ete,18h-21h,0,2.0,1,0
2021-06-17 21:00:00,1.0,7.0,516.0,2.8,1.6,6,ete,21h-24h,0,1.0,0,0
2021-06-18 00:00:00,2.0,7.0,501.0,2.5,-1.6,6,ete,00h-03h,0,1.0,1,0
2021-06-18 03:00:00,2.0,7.0,500.0,2.6,-2.8,6,ete,03h-06h,0,2.0,1,0
2021-06-18 06:00:00,2.0,7.0,506.0,2.7,-1.6,6,ete,06h-09h,0,2.0,1,0
2021-06-18 09:00:00,2.0,7.0,481.0,2.9,-1.9,6,ete,09h-12h,0,2.0,1,0
2021-06-18 12:00:00,2.0,7.0,482.0,2.9,-1.4,6,ete,12h-15h,0,2.0,1,0
2021-06-18 15:00:00,1.0,7.0,470.0,2.2,0.9,6,ete,15h-18h,0,2.0,0,0
2021-06-18 18:00:00,1.0,7.0,486.0,2.5,-0.1,6,ete,18h-21h,0,1.0,1,0
2021-06-18 21:00:00,2.0,7.0,471.0,1.6,0.4,6,ete,21h-24h,0,1.0,0,0
2021-06-19 00:00:00,2.0,4.0,478.0,1.7,-0.6,6,ete,00h-03h,0,2.0,1,0
2021-06-19 03:00:00,1.0,4.0,477.0,1.8,-1.0,6,ete,03h-06h,0,2.0,1,0
2021-06-19 06:00:00,1.0,4.0,473.0,1.7,-0.4,6,ete,06h-09h,0,1.0,1,0
2021-06-19 09:00:00,1.0,4.0,465.0,2.0,-0.4,6,ete,09h-12h,0,1.0,1,0
2021-06-19 12:00:00,1.0,4.0,454.0,1.8,0.7,6,ete,12h-15h,0,1.0,0,0
2021-06-19 15:00:00,1.0,4.0,439.0,1.9,-0.6,6,ete,15h-18h,0,1.0,1,0
2021-06-19 18:00:00,1.0,4.0,416.0,1.5,0.7,6,ete,18h-21h,0,1.0,0,0
2021-06-19 21:00:00,1.0,4.0,436.0,2.2,1.4,6,ete,21h-24h,0,1.0,0,0
2021-06-20 00:00:00,1.0,4.0,433.0,2.7,0.8,6,ete,00h-03h,0,1.0,0,0
2021-06-20 03:00:00,1.0,4.0,419.0,2.8,0.0,6,ete,03h-06h,0,1.0,0,0
2021-06-20 06:00:00,1.0,4.0,425.0,3.1,1.7,6,ete,06h-09h,0,1.0,0,0
2021-06-20 09:00:00,1.0,4.0,401.0,2.1,-0.2,6,ete,09h-12h,0,1.0,1,0
2021-06-20 12:00:00,1.0,4.0,388.0,2.5,0.6,6,ete,12h-15h,0,1.0,0,0
2021-06-20 15:00:00,0.0,4.0,404.0,3.9,1.9,6,ete,15h-18h,0,1.0,0,0
2021-06-20 18:00:00,1.0,4.0,407.0,5.1,1.4,6,ete,18h-21h,0,0.0,0,0
2021-06-20 21:00:00,3.0,4.0,398.0,4.3,-2.6,6,ete,21h-24h,0,1.0,1,0
2021-06-21 00:00:00,1.0,4.0,375.0,8.1,-2.4,6,ete,00h-03h,0,3.0,1,0
2021-06-21 03:00:00,1.0,4.0,369.0,8.2,0.6,6,ete,03h-06h,0,1.0,0,0
2021-06-21 06:00:00,1.0,4.0,364.0,8.4,1.7,6,ete,06h-09h,0,1.0,0,0
2021-06-21 09:00:00,1.0,4.0,356.0,6.0,0.8,6,ete,09h-12h,0,1.0,0,0
2021-06-21 12:00:00,1.0,4.0,361.0,4.9,0.4,6,ete,12h-15h,0,1.0,0,0
2021-06-21 15:00:00,1.0,4.0,357.0,4.2,0.9,6,ete,15h-18h,0,1.0,0,0
2021-06-21 18:00:00,1.0,4.0,363.0,4.1,-0.2,6,ete,18h-21h,0,1.0,1,0
2021-06-21 21:00:00,1.0,4.0,340.0,3.5,-0.1,6,ete,21h-24h,0,1.0,1,0
2021-06-22 00:00:00,1.0,7.0,368.0,4.6,-1.1,6,ete,00h-03h,0,1.0,1,0
2021-06-22 03:00:00,3.0,7.0,386.0,10.4,-1.9,6,ete,03h-06h,0,1.0,1,0
2021-06-22 06:00:00,2.0,7.0,373.0,4.1,-1.2,6,ete,06h-09h,0,3.0,1,0
2021-06-22 09:00:00,2.0,7.0,366.0,5.2,0.1,6,ete,09h-12h,0,2.0,0,0
2021-06-22 12:00:00,2.0,7.0,344.0,5.6,0.4,6,ete,12h-15h,0,2.0,0,0
2021-06-22 15:00:00,1.0,7.0,346.0,12.4,2.5,6,ete,15h-18h,0,2.0,0,0
2021-06-22 18:00:00,1.0,7.0,344.0,6.1,3.0,6,ete,18h-21h,0,1.0,0,0
2021-06-22 21:00:00,2.0,7.0,353.0,5.7,-3.0,6,ete,21h-24h,0,1.0,1,0
2021-06-23 00:00:00,2.0,4.0,355.0,6.8,-0.4,6,ete,00h-03h,0,2.0,1,0
2021-06-23 03:00:00,1.0,4.0,348.0,5.3,1.3,6,ete,03h-06h,0,2.0,0,0
2021-06-23 06:00:00,1.0,4.0,340.0,3.7,-0.1,6,ete,06h-09h,0,1.0,1,0
2021-06-23 09:00:00,1.0,4.0,345.0,5.6,0.3,6,ete,09h-12h,0,1.0,0,0
2021-06-23 12:00:00,1.0,4.0,359.0,5.9,1.7,6,ete,12h-15h,0,1.0,0,0
2021-06-23 15:00:00,1.0,4.0,353.0,3.6,1.9,6,ete,15h-18h,0,1.0,0,0
2021-06-23 18:00:00,1.0,4.0,347.0,3.4,-0.4,6,ete,18h-21h,0,1.0,1,0
2021-06-23 21:00:00,0.0,4.0,340.0,3.6,1.1,6,ete,21h-24h,0,1.0,0,0
2021-06-24 00:00:00,0.0,5.0,335.0,3.6,2.4,6,ete,00h-03h,0,0.0,0,0
2021-06-24 03:00:00,1.0,5.0,336.0,4.3,-0.5,6,ete,03h-06h,0,0.0,1,0
2021-06-24 06:00:00,2.0,5.0,336.0,4.8,-1.6,6,ete,06h-09h,0,1.0,1,0
2021-06-24 09:00:00,1.0,5.0,336.0,5.5,-1.1,6,ete,09h-12h,0,2.0,1,0
2021-06-24 12:00:00,1.0,5.0,347.0,7.8,-0.8,6,ete,12h-15h,0,1.0,1,0
2021-06-24 15:00:00,1.0,5.0,363.0,9.6,3.1,6,ete,15h-18h,0,1.0,0,0
2021-06-24 18:00:00,2.0,5.0,375.0,9.2,2.3,6,ete,18h-21h,0,1.0,0,0
2021-06-24 21:00:00,3.0,5.0,374.0,8.2,0.4,6,ete,21h-24h,0,2.0,0,0
2021-06-25 00:00:00,3.0,7.0,356.0,8.4,4.2,6,ete,00h-03h,0,3.0,0,0
2021-06-25 03:00:00,2.0,7.0,371.0,6.9,3.5,6,ete,03h-06h,0,3.0,0,0
2021-06-25 06:00:00,2.0,7.0,372.0,4.8,2.3,6,ete,06h-09h,0,2.0,0,0
2021-06-25 09:00:00,2.0,7.0,412.0,5.4,-1.2,6,ete,09h-12h,0,2.0,1,0
2021-06-25 12:00:00,1.0,7.0,387.0,4.5,-0.4,6,ete,12h-15h,0,2.0,1,0
2021-06-25 15:00:00,1.0,7.0,393.0,3.9,1.4,6,ete,15h-18h,0,1.0,0,0
2021-06-25 18:00:00,1.0,7.0,389.0,4.0,1.5,6,ete,18h-21h,0,1.0,0,0
2021-06-25 21:00:00,1.0,7.0,9999.0,,,6,ete,21h-24h,0,1.0,0,0
2021-06-26 00:00:00,1.0,4.0,9999.0,,,6,ete,00h-03h,0,1.0,0,0
2021-06-26 03:00:00,0.0,4.0,9999.0,,-0.8,6,ete,03h-06h,0,1.0,1,0
2021-06-26 06:00:00,1.0,4.0,388.0,4.0,0.1,6,ete,06h-09h,0,0.0,0,0
2021-06-26 09:00:00,2.0,4.0,377.0,3.9,-2.0,6,ete,09h-12h,0,1.0,1,0
2021-06-26 12:00:00,1.0,4.0,380.0,4.5,-2.8,6,ete,12h-15h,0,2.0,1,0
2021-06-26 15:00:00,1.0,4.0,377.0,4.6,0.9,6,ete,15h-18h,0,1.0,0,0
2021-06-26 18:00:00,1.0,4.0,9999.0,,,6,ete,18h-21h,0,1.0,0,0
2021-06-26 21:00:00,0.0,4.0,9999.0,,,6,ete,21h-24h,0,1.0,0,0
2021-06-27 00:00:00,0.0,4.0,9999.0,,,6,ete,00h-03h,0,0.0,0,0
2021-06-27 03:00:00,1.0,4.0,9999.0,,,6,ete,03h-06h,0,0.0,0,0
2021-06-27 06:00:00,1.0,4.0,9999.0,,,6,ete,06h-09h,0,1.0,0,0
2021-06-27 09:00:00,1.0,4.0,9999.0,,,6,ete,09h-12h,0,1.0,0,0
2021-06-27 12:00:00,1.0,4.0,9999.0,,,6,ete,12h-15h,0,1.0,0,0
2021-06-27 15:00:00,1.0,4.0,9999.0,,,6,ete,15h-18h,0,1.0,0,0
2021-06-27 18:00:00,1.0,4.0,9999.0,,,6,ete,18h-21h,0,1.0,0,0
2021-06-27 21:00:00,1.0,4.0,339.0,5.2,0.5,6,ete,21h-24h,0,1.0,0,0
2021-06-28 00:00:00,1.0,4.0,358.0,6.9,0.9,6,ete,00h-03h,0,1.0,0,0
2021-06-28 03:00:00,0.0,4.0,353.0,5.7,1.5,6,ete,03h-06h,0,1.0,0,0
2021-06-28 06:00:00,1.0,4.0,355.0,4.3,-0.6,6,ete,06h-09h,0,0.0,1,0
2021-06-28 09:00:00,1.0,4.0,340.0,5.2,-0.4,6,ete,09h-12h,0,1.0,1,0
2021-06-28 12:00:00,1.0,4.0,335.0,4.2,-0.8,6,ete,12h-15h,0,1.0,1,0
2021-06-28 15:00:00,1.0,4.0,341.0,4.4,-0.2,6,ete,15h-18h,0,1.0,1,0
2021-06-28 18:00:00,1.0,4.0,325.0,4.7,0.5,6,ete,18h-21h,0,1.0,0,0
2021-06-28 21:00:00,1.0,4.0,319.0,5.0,0.4,6,ete,21h-24h,0,1.0,0,0
2021-06-29 00:00:00,1.0,5.0,319.0,5.4,1.4,6,ete,00h-03h,0,1.0,0,0
2021-06-29 03:00:00,0.0,5.0,325.0,4.9,0.9,6,ete,03h-06h,0,1.0,0,0
2021-06-29 06:00:00,1.0,5.0,323.0,4.6,-0.0,6,ete,06h-09h,0,0.0,0,0
2021-06-29 09:00:00,1.0,5.0,327.0,5.5,2.2,6,ete,09h-12h,0,1.0,0,0
2021-06-29 12:00:00,1.0,5.0,329.0,7.2,-0.6,6,ete,12h-15h,0,1.0,1,0
2021-06-29 15:00:00,2.0,5.0,327.0,8.7,0.5,6,ete,15h-18h,0,1.0,0,0
2021-06-29 18:00:00,2.0,5.0,341.0,6.3,-1.3,6,ete,18h-21h,0,2.0,1,0
2021-06-29 21:00:00,1.0,5.0,337.0,6.3,0.3,6,ete,21h-24h,0,2.0,0,0
2021-06-30 00:00:00,0.0,5.0,345.0,7.0,2.3,6,ete,00h-03h,0,1.0,0,0
2021-06-30 03:00:00,2.0,5.0,346.0,13.2,-0.4,6,ete,03h-06h,0,0.0,1,0
2021-06-30 06:00:00,3.0,5.0,348.0,19.0,-3.5,6,ete,06h-09h,0,2.0,1,0
2021-06-30 09:00:00,3.0,5.0,365.0,16.3,1.5,6,ete,09h-12h,0,3.0,0,0
2021-06-30 12:00:00,2.0,5.0,366.0,4.1,0.7,6,ete,12h-15h,0,3.0,0,0
2021-06-30 15:00:00,3.0,5.0,402.0,7.7,2.2,6,ete,15h-18h,0,2.0,0,0
2021-06-30 18:00:00,4.0,5.0,478.0,6.1,-1.9,6,ete,18h-21h,0,3.0,1,0
2021-06-30 21:00:00,4.0,5.0,511.0,6.4,-3.3,6,ete,21h-24h,0,4.0,1,0
2021-07-01 00:00:00,3.0,7.0,509.0,9.6,-1.2,7,ete,00h-03h,0,4.0,1,0
2021-07-01 03:00:00,3.0,7.0,486.0,10.4,7.0,7,ete,03h-06h,0,3.0,0,0
2021-07-01 06:00:00,1.0,7.0,506.0,6.7,6.2,7,ete,06h-09h,0,3.0,0,0
2021-07-01 09:00:00,1.0,7.0,501.0,1.1,1.8,7,ete,09h-12h,0,1.0,0,0
2021-07-01 12:00:00,1.0,7.0,515.0,1.8,3.8,7,ete,12h-15h,0,1.0,0,0
2021-07-01 15:00:00,1.0,7.0,513.0,2.0,5.1,7,ete,15h-18h,0,1.0,0,0
2021-07-01 18:00:00,1.0,7.0,501.0,2.7,2.7,7,ete,18h-21h,0,1.0,0,0
2021-07-01 21:00:00,1.0,7.0,433.0,1.7,4.2,7,ete,21h-24h,0,1.0,0,0
2021-07-02 00:00:00,1.0,5.0,465.0,2.2,-0.6,7,ete,00h-03h,0,1.0,1,0
2021-07-02 03:00:00,1.0,5.0,462.0,1.6,1.4,7,ete,03h-06h,0,1.0,0,0
2021-07-02 06:00:00,2.0,5.0,426.0,2.8,0.6,7,ete,06h-09h,0,1.0,0,0
2021-07-02 09:00:00,1.0,5.0,422.0,3.3,-0.1,7,ete,09h-12h,0,2.0,1,0
2021-07-02 12:00:00,1.0,5.0,425.0,3.4,0.8,7,ete,12h-15h,0,1.0,0,0
2021-07-02 15:00:00,2.0,5.0,456.0,3.9,-1.2,7,ete,15h-18h,0,1.0,1,0
2021-07-02 18:00:00,1.0,5.0,463.0,2.0,0.6,7,ete,18h-21h,0,2.0,0,0
2021-07-02 21:00:00,1.0,5.0,532.0,1.9,-0.5,7,ete,21h-24h,0,1.0,1,0
2021-07-03 00:00:00,2.0,4.0,528.0,1.3,-0.1,7,ete,00h-03h,0,1.0,1,0
2021-07-03 03:00:00,1.0,4.0,512.0,1.4,-1.2,7,ete,03h-06h,0,2.0,1,0
2021-07-03 06:00:00,2.0,4.0,501.0,1.2,-2.0,7,ete,06h-09h,0,1.0,1,0
2021-07-03 09:00:00,1.0,4.0,444.0,1.5,-1.1,7,ete,09h-12h,0,2.0,1,0
2021-07-03 12:00:00,1.0,4.0,440.0,1.0,-0.1,7,ete,12h-15h,0,1.0,1,0
2021-07-03 15:00:00,1.0,4.0,431.0,3.0,0.2,7,ete,15h-18h,0,1.0,0,0
2021-07-03 18:00:00,0.0,4.0,365.0,3.1,0.4,7,ete,18h-21h,0,1.0,0,0
2021-07-03 21:00:00,0.0,4.0,360.0,2.1,-0.2,7,ete,21h-24h,0,0.0,1,0
2021-07-04 00:00:00,1.0,3.0,362.0,3.5,-0.1,7,ete,00h-03h,0,0.0,1,0
2021-07-04 03:00:00,1.0,3.0,363.0,3.9,-2.3,7,ete,03h-06h,0,1.0,1,0
2021-07-04 06:00:00,1.0,3.0,346.0,4.4,-1.4,7,ete,06h-09h,0,1.0,1,0
2021-07-04 09:00:00,1.0,3.0,351.0,6.0,1.3,7,ete,09h-12h,0,1.0,0,0
2021-07-04 12:00:00,1.0,3.0,347.0,5.5,1.0,7,ete,12h-15h,0,1.0,0,0
2021-07-04 15:00:00,1.0,3.0,342.0,5.7,1.1,7,ete,15h-18h,0,1.0,0,0
2021-07-04 18:00:00,0.0,3.0,329.0,4.7,0.8,7,ete,18h-21h,0,1.0,0,0
2021-07-04 21:00:00,1.0,3.0,321.0,4.5,0.6,7,ete,21h-24h,0,0.0,0,0
2021-07-05 00:00:00,2.0,7.0,316.0,4.2,0.5,7,ete,00h-03h,0,1.0,0,0
2021-07-05 03:00:00,1.0,7.0,336.0,10.7,0.1,7,ete,03h-06h,0,2.0,0,0
2021-07-05 06:00:00,1.0,7.0,349.0,10.8,4.8,7,ete,06h-09h,0,1.0,0,0
2021-07-05 09:00:00,2.0,7.0,343.0,9.5,4.2,7,ete,09h-12h,0,1.0,0,0
2021-07-05 12:00:00,2.0,7.0,336.0,4.8,-0.8,7,ete,12h-15h,0,2.0,1,0
2021-07-05 15:00:00,2.0,7.0,340.0,5.8,-5.0,7,ete,15h-18h,0,2.0,1,0
2021-07-05 18:00:00,3.0,7.0,337.0,6.6,-6.8,7,ete,18h-21h,0,2.0,1,0
2021-07-05 21:00:00,2.0,7.0,338.0,8.4,-6.8,7,ete,21h-24h,0,3.0,1,0
2021-07-06 00:00:00,2.0,8.0,339.0,13.2,-4.3,7,ete,00h-03h,0,2.0,1,0
2021-07-06 03:00:00,2.0,8.0,335.0,7.8,-0.1,7,ete,03h-06h,0,2.0,1,0
2021-07-06 06:00:00,3.0,8.0,335.0,8.4,-0.9,7,ete,06h-09h,0,2.0,1,0
2021-07-06 09:00:00,2.0,8.0,357.0,6.1,2.1,7,ete,09h-12h,0,3.0,0,0
2021-07-06 12:00:00,3.0,8.0,364.0,6.8,-4.3,7,ete,12h-15h,0,2.0,1,0
2021-07-06 15:00:00,1.0,8.0,369.0,6.9,0.8,7,ete,15h-18h,0,3.0,0,0
2021-07-06 18:00:00,2.0,8.0,368.0,5.7,-1.0,7,ete,18h-21h,0,1.0,1,0
2021-07-06 21:00:00,1.0,8.0,379.0,4.6,1.2,7,ete,21h-24h,0,2.0,0,0
2021-07-07 00:00:00,1.0,6.0,367.0,5.6,1.8,7,ete,00h-03h,0,1.0,0,0
2021-07-07 03:00:00,1.0,6.0,380.0,4.9,-1.6,7,ete,03h-06h,0,1.0,1,0
2021-07-07 06:00:00,2.0,6.0,382.0,4.7,-4.5,7,ete,06h-09h,0,1.0,1,0
2021-07-07 09:00:00,2.0,6.0,356.0,11.0,0.1,7,ete,09h-12h,0,2.0,0,0
2021-07-07 12:00:00,1.0,6.0,339.0,11.7,0.6,7,ete,12h-15h,0,2.0,0,0
2021-07-07 15:00:00,1.0,6.0,335.0,12.5,-0.2,7,ete,15h-18h,0,1.0,1,0
2021-07-07 18:00:00,1.0,6.0,324.0,9.9,-2.2,7,ete,18h-21h,0,1.0,1,0
2021-07-07 21:00:00,2.0,6.0,9999.0,,,7,ete,21h-24h,0,1.0,0,0
2021-07-08 00:00:00,2.0,5.0,9999.0,,,7,ete,00h-03h,0,2.0,0,0
2021-07-08 03:00:00,1.0,5.0,9999.0,,,7,ete,03h-06h,0,2.0,0,0
2021-07-08 06:00:00,2.0,5.0,9999.0,,,7,ete,06h-09h,0,1.0,0,0
2021-07-08 09:00:00,1.0,5.0,9999.0,,,7,ete,09h-12h,0,2.0,0,0
2021-07-08 12:00:00,1.0,5.0,9999.0,,,7,ete,12h-15h,0,1.0,0,0
2021-07-08 15:00:00,1.0,5.0,9999.0,,,7,ete,15h-18h,0,1.0,0,0
2021-07-08 18:00:00,1.0,5.0,9999.0,,,7,ete,18h-21h,0,1.0,0,0
2021-07-08 21:00:00,1.0,5.0,318.0,9.6,-0.2,7,ete,21h-24h,0,1.0,1,0
2021-07-09 00:00:00,2.0,5.0,328.0,7.2,-2.1,7,ete,00h-03h,0,1.0,1,0
2021-07-09 03:00:00,2.0,5.0,337.0,7.6,-1.4,7,ete,03h-06h,0,2.0,1,0
2021-07-09 06:00:00,2.0,5.0,336.0,6.5,-1.6,7,ete,06h-09h,0,2.0,1,0
2021-07-09 09:00:00,1.0,5.0,337.0,6.6,-1.5,7,ete,09h-12h,0,2.0,1,0
2021-07-09 12:00:00,1.0,5.0,334.0,7.1,0.8,7,ete,12h-15h,0,1.0,0,0
2021-07-09 15:00:00,1.0,5.0,330.0,7.9,3.3,7,ete,15h-18h,0,1.0,0,0
2021-07-09 18:00:00,0.0,5.0,307.0,6.0,4.2,7,ete,18h-21h,0,1.0,0,0
2021-07-09 21:00:00,2.0,5.0,326.0,10.6,3.6,7,ete,21h-24h,0,0.0,0,0
2021-07-10 00:00:00,3.0,6.0,354.0,19.8,-2.1,7,ete,00h-03h,0,2.0,1,0
2021-07-10 03:00:00,2.0,6.0,331.0,9.0,-5.7,7,ete,03h-06h,0,3.0,1,0
2021-07-10 06:00:00,1.0,6.0,324.0,11.7,2.7,7,ete,06h-09h,0,2.0,0,0
2021-07-10 09:00:00,1.0,6.0,387.0,4.9,5.9,7,ete,09h-12h,0,1.0,0,0
2021-07-10 12:00:00,1.0,6.0,372.0,3.6,2.1,7,ete,12h-15h,0,1.0,0,0
2021-07-10 15:00:00,1.0,6.0,389.0,4.1,-3.1,7,ete,15h-18h,0,1.0,1,0
2021-07-10 18:00:00,2.0,6.0,427.0,3.6,0.2,7,ete,18h-21h,0,1.0,0,0
2021-07-10 21:00:00,2.0,6.0,416.0,6.0,-0.6,7,ete,21h-24h,0,2.0,1,0
2021-07-11 00:00:00,1.0,4.0,421.0,4.0,0.8,7,ete,00h-03h,0,2.0,0,0
2021-07-11 03:00:00,0.0,4.0,416.0,3.6,3.0,7,ete,03h-06h,0,1.0,0,0
2021-07-11 06:00:00,0.0,4.0,400.0,3.5,2.4,7,ete,06h-09h,0,0.0,0,0
2021-07-11 09:00:00,1.0,4.0,383.0,4.7,-0.3,7,ete,09h-12h,0,0.0,1,0
2021-07-11 12:00:00,1.0,4.0,358.0,7.0,1.5,7,ete,12h-15h,0,1.0,0,0
2021-07-11 15:00:00,1.0,4.0,358.0,8.1,0.5,7,ete,15h-18h,0,1.0,0,0
2021-07-11 18:00:00,1.0,4.0,329.0,10.3,0.8,7,ete,18h-21h,0,1.0,0,0
2021-07-11 21:00:00,1.0,4.0,317.0,8.1,-0.1,7,ete,21h-24h,0,1.0,1,0
2021-07-12 00:00:00,1.0,7.0,313.0,10.9,0.4,7,ete,00h-03h,0,1.0,0,0
2021-07-12 03:00:00,1.0,7.0,319.0,11.7,3.5,7,ete,03h-06h,0,1.0,0,0
2021-07-12 06:00:00,1.0,7.0,318.0,13.7,-1.5,7,ete,06h-09h,0,1.0,1,0
2021-07-12 09:00:00,1.0,7.0,303.0,22.7,-1.5,7,ete,09h-12h,0,1.0,1,0
2021-07-12 12:00:00,2.0,7.0,300.0,13.5,0.8,7,ete,12h-15h,0,1.0,0,0
2021-07-12 15:00:00,2.0,7.0,339.0,22.6,-2.8,7,ete,15h-18h,0,2.0,1,0
2021-07-12 18:00:00,2.0,7.0,324.0,16.5,-1.8,7,ete,18h-21h,0,2.0,1,0
2021-07-12 21:00:00,3.0,7.0,329.0,11.1,5.6,7,ete,21h-24h,0,2.0,0,0
2021-07-13 00:00:00,2.0,5.0,9999.0,,,7,ete,00h-03h,0,3.0,0,0
2021-07-13 03:00:00,1.0,5.0,9999.0,,,7,ete,03h-06h,0,2.0,0,0
2021-07-13 06:00:00,1.0,5.0,9999.0,,,7,ete,06h-09h,0,1.0,0,0
2021-07-13 09:00:00,1.0,5.0,9999.0,,,7,ete,09h-12h,0,1.0,0,0
2021-07-13 12:00:00,1.0,5.0,9999.0,,,7,ete,12h-15h,0,1.0,0,0
2021-07-13 15:00:00,1.0,5.0,9999.0,,,7,ete,15h-18h,0,1.0,0,0
2021-07-13 18:00:00,1.0,5.0,341.0,4.6,-1.4,7,ete,18h-21h,0,1.0,1,0
2021-07-13 21:00:00,1.0,5.0,334.0,2.5,-2.1,7,ete,21h-24h,0,1.0,1,0
2021-07-14 00:00:00,1.0,14.0,347.0,3.6,0.4,7,ete,00h-03h,0,1.0,0,0
2021-07-14 03:00:00,1.0,14.0,339.0,4.2,1.6,7,ete,03h-06h,0,1.0,0,0
2021-07-14 06:00:00,1.0,14.0,345.0,4.8,-2.5,7,ete,06h-09h,0,1.0,1,0
2021-07-14 09:00:00,2.0,14.0,338.0,8.9,0.6,7,ete,09h-12h,0,1.0,0,0
2021-07-14 12:00:00,3.0,14.0,368.0,24.0,2.3,7,ete,12h-15h,0,2.0,0,0
2021-07-14 15:00:00,4.0,14.0,360.0,24.7,-2.8,7,ete,15h-18h,0,3.0,1,0
2021-07-14 18:00:00,4.0,14.0,372.0,16.5,-5.9,7,ete,18h-21h,0,4.0,1,0
2021-07-14 21:00:00,3.0,14.0,395.0,11.1,-3.7,7,ete,21h-24h,0,4.0,1,0
2021-07-15 00:00:00,2.0,10.0,380.0,5.2,-1.3,7,ete,00h-03h,0,3.0,1,0
2021-07-15 03:00:00,3.0,10.0,402.0,6.5,-2.1,7,ete,03h-06h,0,2.0,1,0
2021-07-15 06:00:00,2.0,10.0,428.0,4.1,-1.0,7,ete,06h-09h,0,3.0,1,0
2021-07-15 09:00:00,2.0,10.0,391.0,6.1,-1.5,7,ete,09h-12h,0,2.0,1,0
2021-07-15 12:00:00,2.0,10.0,449.0,6.6,-1.0,7,ete,12h-15h,0,2.0,1,0
2021-07-15 15:00:00,2.0,10.0,474.0,7.4,4.1,7,ete,15h-18h,0,2.0,0,0
2021-07-15 18:00:00,3.0,10.0,461.0,6.9,-0.2,7,ete,18h-21h,0,2.0,1,0
2021-07-15 21:00:00,3.0,10.0,506.0,3.4,-0.7,7,ete,21h-24h,0,3.0,1,0
2021-07-16 00:00:00,2.0,4.0,481.0,3.4,0.7,7,ete,00h-03h,0,3.0,0,0
2021-07-16 03:00:00,1.0,4.0,467.0,3.4,1.1,7,ete,03h-06h,0,2.0,0,0
2021-07-16 06:00:00,1.0,4.0,459.0,3.0,0.7,7,ete,06h-09h,0,1.0,0,0
2021-07-16 09:00:00,0.0,4.0,453.0,3.0,1.5,7,ete,09h-12h,0,1.0,0,0
2021-07-16 12:00:00,1.0,4.0,450.0,3.1,0.5,7,ete,12h-15h,0,0.0,0,0
2021-07-16 15:00:00,1.0,4.0,436.0,2.9,-1.5,7,ete,15h-18h,0,1.0,1,0
2021-07-16 18:00:00,2.0,4.0,419.0,3.4,-0.8,7,ete,18h-21h,0,1.0,1,0
2021-07-16 21:00:00,1.0,4.0,409.0,3.5,0.8,7,ete,21h-24h,0,2.0,0,0
2021-07-17 00:00:00,2.0,4.0,405.0,4.2,-2.1,7,ete,00h-03h,0,1.0,1,0
2021-07-17 03:00:00,1.0,4.0,403.0,4.1,0.0,7,ete,03h-06h,0,2.0,0,0
2021-07-17 06:00:00,1.0,4.0,412.0,4.5,1.1,7,ete,06h-09h,0,1.0,0,0
2021-07-17 09:00:00,1.0,4.0,405.0,5.5,1.4,7,ete,09h-12h,0,1.0,0,0
2021-07-17 12:00:00,1.0,4.0,412.0,5.1,0.3,7,ete,12h-15h,0,1.0,0,0
2021-07-17 15:00:00,2.0,4.0,414.0,7.2,-2.2,7,ete,15h-18h,0,1.0,1,0
2021-07-17 18:00:00,1.0,4.0,396.0,7.1,0.3,7,ete,18h-21h,0,2.0,0,0
2021-07-17 21:00:00,1.0,4.0,385.0,5.6,2.6,7,ete,21h-24h,0,1.0,0,0
2021-07-18 00:00:00,1.0,4.0,375.0,6.1,1.7,7,ete,00h-03h,0,1.0,0,0
2021-07-18 03:00:00,1.0,4.0,383.0,4.1,2.7,7,ete,03h-06h,0,1.0,0,0
2021-07-18 06:00:00,1.0,4.0,384.0,4.3,3.2,7,ete,06h-09h,0,1.0,0,0
2021-07-18 09:00:00,1.0,4.0,398.0,6.3,-1.9,7,ete,09h-12h,0,1.0,1,0
2021-07-18 12:00:00,1.0,4.0,395.0,5.7,0.9,7,ete,12h-15h,0,1.0,0,0
2021-07-18 15:00:00,1.0,4.0,388.0,5.3,1.6,7,ete,15h-18h,0,1.0,0,0
2021-07-18 18:00:00,0.0,4.0,373.0,4.7,1.4,7,ete,18h-21h,0,1.0,0,0
2021-07-18 21:00:00,2.0,4.0,373.0,5.7,1.3,7,ete,21h-24h,0,0.0,0,0
2021-07-20 00:00:00,3.0,10.0,477.0,2.5,-2.7,7,ete,00h-03h,0,2.0,1,0
2021-07-20 03:00:00,2.0,10.0,447.0,1.8,1.5,7,ete,03h-06h,0,3.0,0,0
2021-07-20 06:00:00,3.0,10.0,443.0,2.9,-0.4,7,ete,06h-09h,0,2.0,1,0
2021-07-20 09:00:00,2.0,10.0,465.0,4.9,0.1,7,ete,09h-12h,0,3.0,0,0
2021-07-20 12:00:00,1.0,10.0,468.0,3.9,2.0,7,ete,12h-15h,0,2.0,0,0
2021-07-20 15:00:00,2.0,10.0,466.0,3.5,0.2,7,ete,15h-18h,0,1.0,0,0
2021-07-20 18:00:00,3.0,10.0,496.0,4.5,-3.0,7,ete,18h-21h,0,2.0,1,0
2021-07-20 21:00:00,3.0,10.0,486.0,4.5,-3.7,7,ete,21h-24h,0,3.0,1,0
2021-07-21 00:00:00,2.0,6.0,485.0,3.7,3.3,7,ete,00h-03h,0,3.0,0,0
2021-07-21 03:00:00,2.0,6.0,468.0,3.0,0.7,7,ete,03h-06h,0,2.0,0,0
2021-07-21 06:00:00,1.0,6.0,461.0,2.8,2.0,7,ete,06h-09h,0,2.0,0,0
2021-07-21 09:00:00,2.0,6.0,496.0,2.5,-1.3,7,ete,09h-12h,0,1.0,1,0
2021-07-21 12:00:00,2.0,6.0,465.0,1.7,-2.3,7,ete,12h-15h,0,2.0,1,0
2021-07-21 15:00:00,2.0,6.0,479.0,1.9,-2.9,7,ete,15h-18h,0,2.0,1,0
2021-07-21 18:00:00,1.0,6.0,448.0,1.2,0.7,7,ete,18h-21h,0,2.0,0,0
2021-07-21 21:00:00,0.0,6.0,419.0,1.3,-0.1,7,ete,21h-24h,0,1.0,1,0
2021-07-22 00:00:00,2.0,11.0,404.0,0.7,-2.3,7,ete,00h-03h,0,0.0,1,0
2021-07-22 03:00:00,2.0,11.0,390.0,1.3,-1.0,7,ete,03h-06h,0,2.0,1,0
2021-07-22 06:00:00,4.0,11.0,428.0,4.8,-5.0,7,ete,06h-09h,0,2.0,1,0
2021-07-22 09:00:00,4.0,11.0,437.0,5.2,-6.6,7,ete,09h-12h,0,4.0,1,0
2021-07-22 12:00:00,3.0,11.0,413.0,2.8,-1.7,7,ete,12h-15h,0,4.0,1,0
2021-07-22 15:00:00,1.0,11.0,403.0,2.6,1.1,7,ete,15h-18h,0,3.0,0,0
2021-07-22 18:00:00,1.0,11.0,392.0,2.8,0.8,7,ete,18h-21h,0,1.0,0,0
2021-07-22 21:00:00,1.0,11.0,412.0,2.1,1.1,7,ete,21h-24h,0,1.0,0,0
2021-07-23 00:00:00,1.0,4.0,395.0,3.0,0.7,7,ete,00h-03h,0,1.0,0,0
2021-07-23 03:00:00,1.0,4.0,380.0,2.5,1.4,7,ete,03h-06h,0,1.0,0,0
2021-07-23 06:00:00,1.0,4.0,382.0,3.8,0.2,7,ete,06h-09h,0,1.0,0,0
2021-07-23 09:00:00,1.0,4.0,361.0,3.7,-0.8,7,ete,09h-12h,0,1.0,1,0
2021-07-23 12:00:00,1.0,4.0,370.0,3.8,0.4,7,ete,12h-15h,0,1.0,0,0
2021-07-23 15:00:00,1.0,4.0,362.0,3.8,-0.3,7,ete,15h-18h,0,1.0,1,0
2021-07-23 18:00:00,1.0,4.0,361.0,4.0,0.0,7,ete,18h-21h,0,1.0,0,0
2021-07-23 21:00:00,2.0,4.0,373.0,4.3,0.6,7,ete,21h-24h,0,1.0,0,0
2021-07-24 00:00:00,1.0,4.0,365.0,5.1,2.2,7,ete,00h-03h,0,2.0,0,0
2021-07-24 03:00:00,2.0,4.0,361.0,5.2,-0.7,7,ete,03h-06h,0,1.0,1,0
2021-07-24 06:00:00,1.0,4.0,362.0,4.8,-1.4,7,ete,06h-09h,0,2.0,1,0
2021-07-24 09:00:00,2.0,4.0,358.0,4.4,-1.8,7,ete,09h-12h,0,1.0,1,0
2021-07-24 12:00:00,1.0,4.0,356.0,4.7,-2.3,7,ete,12h-15h,0,2.0,1,0
2021-07-24 15:00:00,1.0,4.0,336.0,5.1,-1.3,7,ete,15h-18h,0,1.0,1,0
2021-07-24 18:00:00,0.0,4.0,331.0,4.9,-0.8,7,ete,18h-21h,0,1.0,1,0
2021-07-24 21:00:00,1.0,4.0,322.0,5.1,-1.7,7,ete,21h-24h,0,0.0,1,0
2021-07-25 00:00:00,0.0,3.0,309.0,5.4,1.9,7,ete,00h-03h,0,1.0,0,0
2021-07-25 03:00:00,1.0,3.0,313.0,4.8,0.2,7,ete,03h-06h,0,0.0,0,0
2021-07-25 06:00:00,1.0,3.0,322.0,4.1,-0.3,7,ete,06h-09h,0,1.0,1,0
2021-07-25 09:00:00,1.0,3.0,357.0,4.8,-0.2,7,ete,09h-12h,0,1.0,1,0
2021-07-25 12:00:00,1.0,3.0,341.0,4.8,0.1,7,ete,12h-15h,0,1.0,0,0
2021-07-25 15:00:00,0.0,3.0,317.0,3.9,0.9,7,ete,15h-18h,0,1.0,0,0
2021-07-25 18:00:00,1.0,3.0,317.0,3.6,2.0,7,ete,18h-21h,0,0.0,0,0
2021-07-25 21:00:00,1.0,3.0,336.0,4.3,-0.0,7,ete,21h-24h,0,1.0,0,0
2021-07-26 00:00:00,1.0,4.0,347.0,4.4,-1.3,7,ete,00h-03h,0,1.0,1,0
2021-07-26 03:00:00,1.0,4.0,353.0,4.4,-2.5,7,ete,03h-06h,0,1.0,1,0
2021-07-26 06:00:00,1.0,4.0,330.0,4.3,-0.5,7,ete,06h-09h,0,1.0,1,0
2021-07-26 09:00:00,1.0,4.0,328.0,4.3,-0.2,7,ete,09h-12h,0,1.0,1,0
2021-07-26 12:00:00,1.0,4.0,314.0,3.6,-0.5,7,ete,12h-15h,0,1.0,1,0
2021-07-26 15:00:00,0.0,4.0,307.0,6.4,-0.2,7,ete,15h-18h,0,1.0,1,0
2021-07-26 18:00:00,1.0,4.0,308.0,6.1,-0.0,7,ete,18h-21h,0,0.0,0,0
2021-07-26 21:00:00,1.0,4.0,324.0,8.5,0.0,7,ete,21h-24h,0,1.0,0,0
2021-07-27 00:00:00,1.0,6.0,328.0,12.4,0.6,7,ete,00h-03h,0,1.0,0,0
2021-07-27 03:00:00,1.0,6.0,327.0,13.1,0.5,7,ete,03h-06h,0,1.0,0,0
2021-07-27 06:00:00,1.0,6.0,325.0,11.4,-0.3,7,ete,06h-09h,0,1.0,1,0
2021-07-27 09:00:00,2.0,6.0,322.0,11.9,1.4,7,ete,09h-12h,0,1.0,0,0
2021-07-27 12:00:00,1.0,6.0,318.0,7.9,-0.4,7,ete,12h-15h,0,2.0,1,0
2021-07-27 15:00:00,1.0,6.0,319.0,12.0,0.3,7,ete,15h-18h,0,1.0,0,0
2021-07-27 18:00:00,1.0,6.0,317.0,14.7,-0.1,7,ete,18h-21h,0,1.0,1,0
2021-07-27 21:00:00,3.0,6.0,329.0,27.3,5.6,7,ete,21h-24h,0,1.0,0,0
2021-07-28 00:00:00,4.0,13.0,337.0,26.4,-4.7,7,ete,00h-03h,0,3.0,1,0
2021-07-28 03:00:00,3.0,13.0,351.0,26.9,-0.4,7,ete,03h-06h,0,4.0,1,0
2021-07-28 06:00:00,3.0,13.0,400.0,11.3,-2.7,7,ete,06h-09h,0,3.0,1,0
2021-07-28 09:00:00,3.0,13.0,419.0,8.5,3.0,7,ete,09h-12h,0,3.0,0,0
2021-07-28 12:00:00,2.0,13.0,465.0,9.3,7.5,7,ete,12h-15h,0,3.0,0,0
2021-07-28 15:00:00,3.0,13.0,526.0,4.4,-1.2,7,ete,15h-18h,0,2.0,1,0
2021-07-28 18:00:00,3.0,13.0,516.0,3.8,-5.3,7,ete,18h-21h,0,3.0,1,0
2021-07-28 21:00:00,2.0,13.0,519.0,2.5,2.7,7,ete,21h-24h,0,3.0,0,0
2021-07-29 00:00:00,2.0,8.0,537.0,2.1,-0.6,7,ete,00h-03h,0,2.0,1,0
2021-07-29 03:00:00,3.0,8.0,537.0,1.9,-2.4,7,ete,03h-06h,0,2.0,1,0
2021-07-29 06:00:00,2.0,8.0,515.0,2.0,-1.5,7,ete,06h-09h,0,3.0,1,0
2021-07-29 09:00:00,2.0,8.0,526.0,1.9,-0.3,7,ete,09h-12h,0,2.0,1,0
2021-07-29 12:00:00,2.0,8.0,516.0,1.9,-0.2,7,ete,12h-15h,0,2.0,1,0
2021-07-29 15:00:00,1.0,8.0,500.0,2.0,1.8,7,ete,15h-18h,0,2.0,0,0
2021-07-29 18:00:00,1.0,8.0,519.0,2.9,0.8,7,ete,18h-21h,0,1.0,0,0
2021-07-29 21:00:00,2.0,8.0,479.0,2.7,0.7,7,ete,21h-24h,0,1.0,0,0
2021-07-30 00:00:00,1.0,6.0,473.0,2.6,-0.5,7,ete,00h-03h,0,2.0,1,0
2021-07-30 03:00:00,2.0,6.0,448.0,2.2,-0.2,7,ete,03h-06h,0,1.0,1,0
2021-07-30 06:00:00,2.0,6.0,434.0,2.8,-2.8,7,ete,06h-09h,0,2.0,1,0
2021-07-30 09:00:00,2.0,6.0,457.0,3.0,-0.8,7,ete,09h-12h,0,2.0,1,0
2021-07-30 12:00:00,2.0,6.0,452.0,3.0,2.1,7,ete,12h-15h,0,2.0,0,0
2021-07-30 15:00:00,1.0,6.0,485.0,8.4,0.6,7,ete,15h-18h,0,2.0,0,0
2021-07-30 18:00:00,1.0,6.0,9999.0,,,7,ete,18h-21h,0,1.0,0,0
2021-07-30 21:00:00,2.0,6.0,9999.0,,,7,ete,21h-24h,0,1.0,0,0
2021-07-31 00:00:00,2.0,6.0,9999.0,,,7,ete,00h-03h,0,2.0,0,0
2021-07-31 03:00:00,2.0,6.0,9999.0,,,7,ete,03h-06h,0,2.0,0,0
2021-07-31 06:00:00,2.0,6.0,9999.0,,,7,ete,06h-09h,0,2.0,0,0
2021-07-31 09:00:00,2.0,6.0,9999.0,,,7,ete,09h-12h,0,2.0,0,0
2021-07-31 12:00:00,2.0,6.0,9999.0,,,7,ete,12h-15h,0,2.0,0,0
2021-07-31 15:00:00,1.0,6.0,9999.0,,,7,ete,15h-18h,0,2.0,0,0
2021-07-31 18:00:00,2.0,6.0,9999.0,,,7,ete,18h-21h,0,1.0,0,0
2021-07-31 21:00:00,1.0,6.0,426.0,4.7,-0.0,7,ete,21h-24h,0,2.0,0,0
2021-08-01 00:00:00,2.0,4.0,414.0,3.2,-0.7,8,ete,00h-03h,0,1.0,1,0
2021-08-01 03:00:00,1.0,4.0,400.0,3.1,2.5,8,ete,03h-06h,0,2.0,0,0
2021-08-01 06:00:00,0.0,4.0,398.0,2.7,2.5,8,ete,06h-09h,0,1.0,0,0
2021-08-01 09:00:00,1.0,4.0,405.0,3.7,2.3,8,ete,09h-12h,0,0.0,0,0
2021-08-01 12:00:00,1.0,4.0,402.0,3.9,-0.9,8,ete,12h-15h,0,1.0,1,0
2021-08-01 15:00:00,1.0,4.0,384.0,3.7,-0.3,8,ete,15h-18h,0,1.0,1,0
2021-08-01 18:00:00,1.0,4.0,381.0,4.0,0.8,8,ete,18h-21h,0,1.0,0,0
2021-08-01 21:00:00,1.0,4.0,383.0,3.0,1.2,8,ete,21h-24h,0,1.0,0,0
2021-08-02 00:00:00,1.0,17.0,367.0,2.8,-1.8,8,ete,00h-03h,0,1.0,1,0
2021-08-02 03:00:00,1.0,17.0,360.0,2.3,0.6,8,ete,03h-06h,0,1.0,0,0
2021-08-02 06:00:00,0.0,17.0,360.0,3.0,0.5,8,ete,06h-09h,0,1.0,0,0
2021-08-02 09:00:00,2.0,17.0,362.0,3.4,-1.0,8,ete,09h-12h,0,0.0,1,0
2021-08-02 12:00:00,3.0,17.0,407.0,13.1,-0.6,8,ete,12h-15h,0,2.0,1,0
2021-08-02 15:00:00,4.0,17.0,387.0,21.9,-6.5,8,ete,15h-18h,0,3.0,1,0
2021-08-02 18:00:00,5.0,17.0,391.0,11.1,-4.9,8,ete,18h-21h,0,4.0,1,1
2021-08-02 21:00:00,4.0,17.0,396.0,18.0,1.3,8,ete,21h-24h,0,5.0,0,0
2021-08-03 00:00:00,4.0,10.0,385.0,20.7,0.9,8,ete,00h-03h,0,4.0,0,0
2021-08-03 03:00:00,2.0,10.0,378.0,8.0,5.4,8,ete,03h-06h,0,4.0,0,0
2021-08-03 06:00:00,3.0,10.0,347.0,5.2,-3.3,8,ete,06h-09h,0,2.0,1,0
2021-08-03 09:00:00,3.0,10.0,348.0,5.1,-3.8,8,ete,09h-12h,0,3.0,1,0
2021-08-03 12:00:00,2.0,10.0,354.0,4.7,-3.2,8,ete,12h-15h,0,3.0,1,0
2021-08-03 15:00:00,1.0,10.0,356.0,3.4,-2.8,8,ete,15h-18h,0,2.0,1,0
2021-08-03 18:00:00,1.0,10.0,336.0,3.0,-4.2,8,ete,18h-21h,0,1.0,1,0
2021-08-03 21:00:00,2.0,10.0,328.0,3.5,-4.4,8,ete,21h-24h,0,1.0,1,0
2021-08-04 00:00:00,2.0,5.0,327.0,2.7,-4.6,8,ete,00h-03h,0,2.0,1,0
2021-08-04 03:00:00,2.0,5.0,342.0,5.3,1.4,8,ete,03h-06h,0,2.0,0,0
2021-08-04 06:00:00,2.0,5.0,342.0,10.5,0.4,8,ete,06h-09h,0,2.0,0,0
2021-08-04 09:00:00,1.0,5.0,330.0,7.5,-0.4,8,ete,09h-12h,0,2.0,1,0
2021-08-04 12:00:00,1.0,5.0,344.0,10.0,0.5,8,ete,12h-15h,0,1.0,0,0
2021-08-04 15:00:00,1.0,5.0,341.0,7.8,0.6,8,ete,15h-18h,0,1.0,0,0
2021-08-04 18:00:00,0.0,5.0,340.0,7.7,1.1,8,ete,18h-21h,0,1.0,0,0
2021-08-04 21:00:00,0.0,5.0,334.0,7.6,1.2,8,ete,21h-24h,0,0.0,0,0
2021-08-05 00:00:00,0.0,3.0,321.0,6.6,1.2,8,ete,00h-03h,0,0.0,0,0
2021-08-05 03:00:00,0.0,3.0,313.0,4.6,1.7,8,ete,03h-06h,0,0.0,0,0
2021-08-05 06:00:00,0.0,3.0,309.0,4.7,1.2,8,ete,06h-09h,0,0.0,0,0
2021-08-05 09:00:00,0.0,3.0,292.0,4.9,0.5,8,ete,09h-12h,0,0.0,0,0
2021-08-05 12:00:00,1.0,3.0,297.0,5.6,-0.1,8,ete,12h-15h,0,0.0,1,0
2021-08-05 15:00:00,1.0,3.0,295.0,6.2,-0.2,8,ete,15h-18h,0,1.0,1,0
2021-08-05 18:00:00,1.0,3.0,305.0,8.9,0.1,8,ete,18h-21h,0,1.0,0,0
2021-08-05 21:00:00,0.0,3.0,300.0,10.0,2.9,8,ete,21h-24h,0,1.0,0,0
2021-08-06 00:00:00,1.0,7.0,281.0,7.4,-0.6,8,ete,00h-03h,0,0.0,1,0
2021-08-06 03:00:00,2.0,7.0,287.0,8.6,0.2,8,ete,03h-06h,0,1.0,0,0
2021-08-06 06:00:00,1.0,7.0,317.0,19.0,-0.2,8,ete,06h-09h,0,2.0,1,0
2021-08-06 09:00:00,1.0,7.0,315.0,18.1,1.8,8,ete,09h-12h,0,1.0,0,0
2021-08-06 12:00:00,2.0,7.0,309.0,16.7,-0.1,8,ete,12h-15h,0,1.0,1,0
2021-08-06 15:00:00,2.0,7.0,299.0,16.3,-5.2,8,ete,15h-18h,0,2.0,1,0
2021-08-06 18:00:00,2.0,7.0,306.0,18.7,-7.0,8,ete,18h-21h,0,2.0,1,0
2021-08-06 21:00:00,3.0,7.0,305.0,14.0,-7.9,8,ete,21h-24h,0,2.0,1,0
2021-08-07 00:00:00,3.0,11.0,337.0,14.2,-7.4,8,ete,00h-03h,0,3.0,1,0
2021-08-07 03:00:00,3.0,11.0,331.0,17.1,-6.6,8,ete,03h-06h,0,3.0,1,0
2021-08-07 06:00:00,2.0,11.0,351.0,11.3,2.4,8,ete,06h-09h,0,3.0,0,0
2021-08-07 09:00:00,3.0,11.0,390.0,14.6,-0.9,8,ete,09h-12h,0,2.0,1,0
2021-08-07 12:00:00,3.0,11.0,411.0,14.8,0.8,8,ete,12h-15h,0,3.0,0,0
2021-08-07 15:00:00,2.0,11.0,439.0,7.8,0.8,8,ete,15h-18h,0,3.0,0,0
2021-08-07 18:00:00,2.0,11.0,462.0,5.8,-3.7,8,ete,18h-21h,0,2.0,1,0
2021-08-07 21:00:00,2.0,11.0,430.0,4.9,-1.6,8,ete,21h-24h,0,2.0,1,0
2021-08-08 00:00:00,2.0,5.0,420.0,4.9,-2.1,8,ete,00h-03h,0,2.0,1,0
2021-08-08 03:00:00,1.0,5.0,414.0,5.5,0.4,8,ete,03h-06h,0,2.0,0,0
2021-08-08 06:00:00,1.0,5.0,411.0,5.4,0.4,8,ete,06h-09h,0,1.0,0,0
2021-08-08 09:00:00,1.0,5.0,402.0,5.4,0.9,8,ete,09h-12h,0,1.0,0,0
2021-08-08 12:00:00,2.0,5.0,386.0,7.2,-1.6,8,ete,12h-15h,0,1.0,1,0
2021-08-08 15:00:00,1.0,5.0,359.0,9.6,0.3,8,ete,15h-18h,0,2.0,0,0
2021-08-08 18:00:00,1.0,5.0,370.0,8.3,-2.0,8,ete,18h-21h,0,1.0,1,0
2021-08-08 21:00:00,2.0,5.0,356.0,9.2,0.3,8,ete,21h-24h,0,1.0,0,0
2021-08-09 00:00:00,1.0,5.0,353.0,11.1,-0.4,8,ete,00h-03h,0,2.0,1,0
2021-08-09 03:00:00,1.0,5.0,353.0,14.6,-0.7,8,ete,03h-06h,0,1.0,1,0
2021-08-09 06:00:00,2.0,5.0,350.0,17.1,-1.5,8,ete,06h-09h,0,1.0,1,0
2021-08-09 09:00:00,2.0,5.0,376.0,11.6,0.6,8,ete,09h-12h,0,2.0,0,0
2021-08-09 12:00:00,1.0,5.0,372.0,10.9,4.4,8,ete,12h-15h,0,2.0,0,0
2021-08-09 15:00:00,0.0,5.0,366.0,14.9,1.2,8,ete,15h-18h,0,1.0,0,0
2021-08-09 18:00:00,1.0,5.0,357.0,14.2,1.4,8,ete,18h-21h,0,0.0,0,0
2021-08-09 21:00:00,1.0,5.0,348.0,13.4,0.8,8,ete,21h-24h,0,1.0,0,0
2021-08-10 00:00:00,2.0,7.0,345.0,14.6,-0.9,8,ete,00h-03h,0,1.0,1,0
2021-08-10 03:00:00,2.0,7.0,374.0,16.5,-2.3,8,ete,03h-06h,0,2.0,1,0
2021-08-10 06:00:00,2.0,7.0,372.0,8.9,2.6,8,ete,06h-09h,0,2.0,0,0
2021-08-10 09:00:00,2.0,7.0,377.0,4.8,2.4,8,ete,09h-12h,0,2.0,0,0
2021-08-10 12:00:00,3.0,7.0,428.0,6.5,-1.7,8,ete,12h-15h,0,2.0,1,0
2021-08-10 15:00:00,1.0,7.0,440.0,5.0,-0.8,8,ete,15h-18h,0,3.0,1,0
2021-08-10 18:00:00,1.0,7.0,426.0,4.1,2.4,8,ete,18h-21h,0,1.0,0,0
2021-08-10 21:00:00,2.0,7.0,441.0,4.0,1.1,8,ete,21h-24h,0,1.0,0,0
2021-08-11 00:00:00,3.0,6.0,448.0,4.1,1.5,8,ete,00h-03h,0,2.0,0,0
2021-08-11 03:00:00,2.0,6.0,449.0,3.6,0.8,8,ete,03h-06h,0,3.0,0,0
2021-08-11 06:00:00,2.0,6.0,441.0,4.3,-0.8,8,ete,06h-09h,0,2.0,1,0
2021-08-11 09:00:00,1.0,6.0,476.0,3.9,-0.8,8,ete,09h-12h,0,2.0,1,0
2021-08-11 12:00:00,1.0,6.0,469.0,3.6,-1.6,8,ete,12h-15h,0,1.0,1,0
2021-08-11 15:00:00,1.0,6.0,439.0,3.1,1.5,8,ete,15h-18h,0,1.0,0,0
2021-08-11 18:00:00,1.0,6.0,432.0,3.1,0.2,8,ete,18h-21h,0,1.0,0,0
2021-08-11 21:00:00,1.0,6.0,432.0,2.9,0.1,8,ete,21h-24h,0,1.0,0,0
2021-08-12 00:00:00,1.0,4.0,421.0,3.5,0.1,8,ete,00h-03h,0,1.0,0,0
2021-08-12 03:00:00,1.0,4.0,421.0,3.4,1.2,8,ete,03h-06h,0,1.0,0,0
2021-08-12 06:00:00,1.0,4.0,419.0,3.9,0.3,8,ete,06h-09h,0,1.0,0,0
2021-08-12 09:00:00,1.0,4.0,407.0,3.1,1.9,8,ete,09h-12h,0,1.0,0,0
2021-08-12 12:00:00,1.0,4.0,392.0,2.9,-0.0,8,ete,12h-15h,0,1.0,0,0
2021-08-12 15:00:00,1.0,4.0,394.0,3.1,-2.5,8,ete,15h-18h,0,1.0,1,0
2021-08-12 18:00:00,1.0,4.0,401.0,5.8,-1.0,8,ete,18h-21h,0,1.0,1,0
2021-08-12 21:00:00,2.0,4.0,410.0,10.0,-0.8,8,ete,21h-24h,0,1.0,1,0
2021-08-13 00:00:00,2.0,6.0,383.0,9.0,-1.4,8,ete,00h-03h,0,2.0,1,0
2021-08-13 03:00:00,2.0,6.0,376.0,9.2,0.2,8,ete,03h-06h,0,2.0,0,0
2021-08-13 06:00:00,2.0,6.0,360.0,15.8,2.7,8,ete,06h-09h,0,2.0,0,0
2021-08-13 09:00:00,3.0,6.0,386.0,9.1,-1.4,8,ete,09h-12h,0,2.0,1,0
2021-08-13 12:00:00,1.0,6.0,389.0,10.6,-1.1,8,ete,12h-15h,0,3.0,1,0
2021-08-13 15:00:00,1.0,6.0,443.0,4.4,-3.2,8,ete,15h-18h,0,1.0,1,0
2021-08-13 18:00:00,1.0,6.0,449.0,2.6,1.0,8,ete,18h-21h,0,1.0,0,0
2021-08-13 21:00:00,1.0,6.0,421.0,3.0,-1.2,8,ete,21h-24h,0,1.0,1,0
2021-08-14 00:00:00,1.0,5.0,399.0,3.0,0.1,8,ete,00h-03h,0,1.0,0,0
2021-08-14 03:00:00,1.0,5.0,388.0,3.7,-1.3,8,ete,03h-06h,0,1.0,1,0
2021-08-14 06:00:00,2.0,5.0,378.0,3.2,-0.8,8,ete,06h-09h,0,1.0,1,0
2021-08-14 09:00:00,1.0,5.0,360.0,4.5,-0.3,8,ete,09h-12h,0,2.0,1,0
2021-08-14 12:00:00,1.0,5.0,353.0,5.7,2.8,8,ete,12h-15h,0,1.0,0,0
2021-08-14 15:00:00,1.0,5.0,351.0,7.0,-2.8,8,ete,15h-18h,0,1.0,1,0
2021-08-14 18:00:00,1.0,5.0,356.0,5.7,-1.7,8,ete,18h-21h,0,1.0,1,0
2021-08-14 21:00:00,1.0,5.0,360.0,4.2,3.4,8,ete,21h-24h,0,1.0,0,0
2021-08-15 00:00:00,3.0,10.0,360.0,4.7,-2.1,8,ete,00h-03h,0,1.0,1,0
2021-08-15 03:00:00,2.0,10.0,369.0,5.7,1.2,8,ete,03h-06h,0,3.0,0,0
2021-08-15 06:00:00,3.0,10.0,391.0,4.8,1.1,8,ete,06h-09h,0,2.0,0,0
2021-08-15 09:00:00,2.0,10.0,419.0,3.7,-3.5,8,ete,09h-12h,0,3.0,1,0
2021-08-15 12:00:00,2.0,10.0,426.0,3.5,-2.0,8,ete,12h-15h,0,2.0,1,0
2021-08-15 15:00:00,2.0,10.0,409.0,3.2,0.3,8,ete,15h-18h,0,2.0,0,0
2021-08-15 18:00:00,2.0,10.0,432.0,3.0,-0.6,8,ete,18h-21h,0,2.0,1,0
2021-08-15 21:00:00,3.0,10.0,472.0,3.3,-4.3,8,ete,21h-24h,0,2.0,1,0
2021-08-16 00:00:00,3.0,7.0,459.0,2.7,-2.3,8,ete,00h-03h,0,3.0,1,0
2021-08-16 03:00:00,3.0,7.0,450.0,2.8,3.0,8,ete,03h-06h,0,3.0,0,0
2021-08-16 06:00:00,1.0,7.0,440.0,2.1,1.0,8,ete,06h-09h,0,3.0,0,0
2021-08-16 09:00:00,1.0,7.0,424.0,1.8,0.4,8,ete,09h-12h,0,1.0,0,0
2021-08-16 12:00:00,2.0,7.0,473.0,2.1,-3.7,8,ete,12h-15h,0,1.0,1,0
2021-08-16 15:00:00,1.0,7.0,462.0,2.1,0.2,8,ete,15h-18h,0,2.0,0,0
2021-08-16 18:00:00,1.0,7.0,452.0,1.7,0.5,8,ete,18h-21h,0,1.0,0,0
2021-08-16 21:00:00,2.0,7.0,444.0,1.9,-0.5,8,ete,21h-24h,0,1.0,1,0
2021-08-17 00:00:00,1.0,5.0,431.0,2.2,-0.9,8,ete,00h-03h,0,2.0,1,0
2021-08-17 03:00:00,1.0,5.0,430.0,3.0,-0.1,8,ete,03h-06h,0,1.0,1,0
2021-08-17 06:00:00,1.0,5.0,424.0,2.1,0.6,8,ete,06h-09h,0,1.0,0,0
2021-08-17 09:00:00,3.0,5.0,454.0,3.0,-2.0,8,ete,09h-12h,0,1.0,1,0
2021-08-17 12:00:00,2.0,5.0,453.0,3.3,-1.4,8,ete,12h-15h,0,3.0,1,0
2021-08-17 15:00:00,1.0,5.0,446.0,3.6,-1.2,8,ete,15h-18h,0,2.0,1,0
2021-08-17 18:00:00,0.0,5.0,430.0,3.7,-0.3,8,ete,18h-21h,0,1.0,1,0
2021-08-17 21:00:00,2.0,5.0,442.0,3.4,-2.2,8,ete,21h-24h,0,0.0,1,0
2021-08-18 00:00:00,3.0,6.0,431.0,3.4,-2.5,8,ete,00h-03h,0,2.0,1,0
2021-08-18 03:00:00,2.0,6.0,410.0,2.6,-0.6,8,ete,03h-06h,0,3.0,1,0
2021-08-18 06:00:00,1.0,6.0,403.0,2.8,1.1,8,ete,06h-09h,0,2.0,0,0
2021-08-18 09:00:00,1.0,6.0,401.0,2.7,-0.2,8,ete,09h-12h,0,1.0,1,0
2021-08-18 12:00:00,2.0,6.0,386.0,2.3,-0.2,8,ete,12h-15h,0,1.0,1,0
2021-08-18 15:00:00,1.0,6.0,403.0,2.3,-1.5,8,ete,15h-18h,0,2.0,1,0
2021-08-18 18:00:00,1.0,6.0,382.0,2.5,-1.8,8,ete,18h-21h,0,1.0,1,0
2021-08-18 21:00:00,0.0,6.0,368.0,2.7,1.2,8,ete,21h-24h,0,1.0,0,0
2021-08-19 00:00:00,0.0,4.0,357.0,2.7,1.9,8,ete,00h-03h,0,0.0,0,0
2021-08-19 03:00:00,1.0,4.0,347.0,2.9,-0.6,8,ete,03h-06h,0,0.0,1,0
2021-08-19 06:00:00,1.0,4.0,341.0,3.0,-0.9,8,ete,06h-09h,0,1.0,1,0
2021-08-19 09:00:00,2.0,4.0,332.0,3.5,0.8,8,ete,09h-12h,0,1.0,0,0
2021-08-19 12:00:00,2.0,4.0,356.0,6.2,-4.9,8,ete,12h-15h,0,2.0,1,0
2021-08-19 15:00:00,1.0,4.0,354.0,7.5,-5.1,8,ete,15h-18h,0,2.0,1,0
2021-08-19 18:00:00,1.0,4.0,339.0,7.4,-0.9,8,ete,18h-21h,0,1.0,1,0
2021-08-19 21:00:00,1.0,4.0,9999.0,,-2.6,8,ete,21h-24h,0,1.0,1,0
2021-08-20 00:00:00,0.0,5.0,317.0,5.4,1.8,8,ete,00h-03h,0,1.0,0,0
2021-08-20 03:00:00,1.0,5.0,334.0,4.6,-1.1,8,ete,03h-06h,0,0.0,1,0
2021-08-20 06:00:00,2.0,5.0,334.0,5.1,-0.0,8,ete,06h-09h,0,1.0,0,0
2021-08-20 09:00:00,2.0,5.0,340.0,5.8,-5.1,8,ete,09h-12h,0,2.0,1,0
2021-08-20 12:00:00,2.0,5.0,338.0,6.4,-6.7,8,ete,12h-15h,0,2.0,1,0
2021-08-20 15:00:00,2.0,5.0,324.0,6.9,-2.8,8,ete,15h-18h,0,2.0,1,0
2021-08-20 18:00:00,1.0,5.0,326.0,7.5,-2.5,8,ete,18h-21h,0,2.0,1,0
2021-08-20 21:00:00,0.0,5.0,314.0,6.7,3.9,8,ete,21h-24h,0,1.0,0,0
2021-08-21 00:00:00,0.0,3.0,306.0,5.4,5.2,8,ete,00h-03h,0,0.0,0,0
2021-08-21 03:00:00,0.0,3.0,316.0,5.4,5.0,8,ete,03h-06h,0,0.0,0,0
2021-08-21 06:00:00,1.0,3.0,326.0,2.9,4.2,8,ete,06h-09h,0,0.0,0,0
2021-08-21 09:00:00,1.0,3.0,356.0,12.6,-0.2,8,ete,09h-12h,0,1.0,1,0
2021-08-21 12:00:00,2.0,3.0,343.0,3.1,-0.3,8,ete,12h-15h,0,1.0,1,0
2021-08-21 15:00:00,1.0,3.0,344.0,6.2,-0.2,8,ete,15h-18h,0,2.0,1,0
2021-08-21 18:00:00,1.0,3.0,337.0,10.4,0.5,8,ete,18h-21h,0,1.0,0,0
2021-08-21 21:00:00,0.0,3.0,337.0,8.7,-0.3,8,ete,21h-24h,0,1.0,1,0
2021-08-22 00:00:00,1.0,3.0,333.0,9.0,-0.0,8,ete,00h-03h,0,0.0,0,0
2021-08-22 03:00:00,1.0,3.0,322.0,9.8,-0.6,8,ete,03h-06h,0,1.0,1,0
2021-08-22 06:00:00,1.0,3.0,318.0,10.2,-0.1,8,ete,06h-09h,0,1.0,1,0
2021-08-22 09:00:00,1.0,3.0,317.0,11.7,1.6,8,ete,09h-12h,0,1.0,0,0
2021-08-22 12:00:00,1.0,3.0,318.0,9.8,2.0,8,ete,12h-15h,0,1.0,0,0
2021-08-22 15:00:00,1.0,3.0,310.0,10.6,-0.8,8,ete,15h-18h,0,1.0,1,0
2021-08-22 18:00:00,0.0,3.0,307.0,10.9,-0.3,8,ete,18h-21h,0,1.0,1,0
2021-08-22 21:00:00,0.0,3.0,306.0,14.5,1.1,8,ete,21h-24h,0,0.0,0,0
2021-08-23 00:00:00,0.0,4.0,305.0,13.6,0.6,8,ete,00h-03h,0,0.0,0,0
2021-08-23 03:00:00,1.0,4.0,300.0,14.4,0.3,8,ete,03h-06h,0,0.0,0,0
2021-08-23 06:00:00,1.0,4.0,303.0,10.2,-0.5,8,ete,06h-09h,0,1.0,1,0
2021-08-23 09:00:00,1.0,4.0,299.0,10.2,0.1,8,ete,09h-12h,0,1.0,0,0
2021-08-23 12:00:00,1.0,4.0,305.0,12.6,3.9,8,ete,12h-15h,0,1.0,0,0
2021-08-23 15:00:00,1.0,4.0,295.0,10.9,2.4,8,ete,15h-18h,0,1.0,0,0
2021-08-23 18:00:00,1.0,4.0,301.0,11.0,2.9,8,ete,18h-21h,0,1.0,0,0
2021-08-23 21:00:00,2.0,4.0,297.0,10.6,-0.8,8,ete,21h-24h,0,1.0,1,0
2021-08-24 00:00:00,0.0,5.0,300.0,11.8,-0.7,8,ete,00h-03h,0,2.0,1,0
2021-08-24 03:00:00,1.0,5.0,303.0,11.9,1.2,8,ete,03h-06h,0,0.0,0,0
2021-08-24 06:00:00,1.0,5.0,295.0,13.2,-0.6,8,ete,06h-09h,0,1.0,1,0
2021-08-24 09:00:00,2.0,5.0,304.0,10.6,-3.9,8,ete,09h-12h,0,1.0,1,0
2021-08-24 12:00:00,1.0,5.0,313.0,15.9,2.5,8,ete,12h-15h,0,2.0,0,0
2021-08-24 15:00:00,1.0,5.0,315.0,17.3,4.6,8,ete,15h-18h,0,1.0,0,0
2021-08-24 18:00:00,2.0,5.0,320.0,19.1,-3.1,8,ete,18h-21h,0,1.0,1,0
2021-08-24 21:00:00,2.0,5.0,344.0,19.1,2.9,8,ete,21h-24h,0,2.0,0,0
2021-08-25 00:00:00,2.0,9.0,355.0,9.0,7.3,8,ete,00h-03h,0,2.0,0,0
2021-08-25 03:00:00,3.0,9.0,388.0,8.1,-6.2,8,ete,03h-06h,0,2.0,1,0
2021-08-25 06:00:00,3.0,9.0,374.0,6.5,-0.3,8,ete,06h-09h,0,3.0,1,0
2021-08-25 09:00:00,2.0,9.0,381.0,6.6,-0.6,8,ete,09h-12h,0,3.0,1,0
2021-08-25 12:00:00,2.0,9.0,379.0,5.5,-3.1,8,ete,12h-15h,0,2.0,1,0
2021-08-25 15:00:00,2.0,9.0,379.0,5.6,-3.2,8,ete,15h-18h,0,2.0,1,0
2021-08-25 18:00:00,1.0,9.0,379.0,4.0,0.8,8,ete,18h-21h,0,2.0,0,0
2021-08-25 21:00:00,1.0,9.0,380.0,4.9,2.4,8,ete,21h-24h,0,1.0,0,0
2021-08-26 00:00:00,2.0,6.0,387.0,4.6,-1.3,8,ete,00h-03h,0,1.0,1,0
2021-08-26 03:00:00,2.0,6.0,391.0,4.6,-0.9,8,ete,03h-06h,0,2.0,1,0
2021-08-26 06:00:00,2.0,6.0,397.0,4.3,-1.3,8,ete,06h-09h,0,2.0,1,0
2021-08-26 09:00:00,2.0,6.0,376.0,4.0,-2.4,8,ete,09h-12h,0,2.0,1,0
2021-08-26 12:00:00,1.0,6.0,386.0,3.9,-2.1,8,ete,12h-15h,0,2.0,1,0
2021-08-26 15:00:00,1.0,6.0,377.0,4.0,0.3,8,ete,15h-18h,0,1.0,0,0
2021-08-26 18:00:00,1.0,6.0,375.0,4.3,-2.3,8,ete,18h-21h,0,1.0,1,0
2021-08-26 21:00:00,1.0,6.0,367.0,4.5,-1.5,8,ete,21h-24h,0,1.0,1,0
2021-08-28 00:00:00,5.0,14.0,369.0,1.9,-7.9,8,ete,00h-03h,0,1.0,1,1
2021-08-28 03:00:00,3.0,14.0,351.0,1.1,-5.4,8,ete,03h-06h,0,5.0,1,0
2021-08-28 06:00:00,4.0,14.0,354.0,0.6,-5.0,8,ete,06h-09h,0,3.0,1,0
2021-08-28 09:00:00,3.0,14.0,377.0,3.9,-2.8,8,ete,09h-12h,0,4.0,1,0
2021-08-28 12:00:00,2.0,14.0,366.0,8.1,-3.2,8,ete,12h-15h,0,3.0,1,0
2021-08-28 15:00:00,2.0,14.0,368.0,4.3,-1.0,8,ete,15h-18h,0,2.0,1,0
2021-08-28 18:00:00,1.0,14.0,365.0,3.7,3.9,8,ete,18h-21h,0,2.0,0,0
2021-08-28 21:00:00,1.0,14.0,368.0,4.3,5.0,8,ete,21h-24h,0,1.0,0,0
2021-08-29 00:00:00,2.0,8.0,373.0,7.0,1.0,8,ete,00h-03h,0,1.0,0,0
2021-08-29 03:00:00,2.0,8.0,380.0,11.1,-0.7,8,ete,03h-06h,0,2.0,1,0
2021-08-29 06:00:00,1.0,8.0,371.0,12.4,-0.1,8,ete,06h-09h,0,2.0,1,0
2021-08-29 09:00:00,1.0,8.0,356.0,8.5,1.0,8,ete,09h-12h,0,1.0,0,0
2021-08-29 12:00:00,1.0,8.0,358.0,7.6,2.1,8,ete,12h-15h,0,1.0,0,0
2021-08-29 15:00:00,2.0,8.0,370.0,8.0,-2.8,8,ete,15h-18h,0,1.0,1,0
2021-08-29 18:00:00,3.0,8.0,386.0,10.5,3.6,8,ete,18h-21h,0,2.0,0,0
2021-08-29 21:00:00,3.0,8.0,412.0,12.2,1.8,8,ete,21h-24h,0,3.0,0,0
2021-08-30 00:00:00,1.0,7.0,399.0,9.6,3.4,8,ete,00h-03h,0,3.0,0,0
2021-08-30 03:00:00,3.0,7.0,408.0,8.3,0.8,8,ete,03h-06h,0,1.0,0,0
2021-08-30 06:00:00,2.0,7.0,410.0,11.6,1.4,8,ete,06h-09h,0,3.0,0,0
2021-08-30 09:00:00,2.0,7.0,406.0,11.5,0.6,8,ete,09h-12h,0,2.0,0,0
2021-08-30 12:00:00,2.0,7.0,401.0,4.8,0.4,8,ete,12h-15h,0,2.0,0,0
2021-08-30 15:00:00,1.0,7.0,387.0,5.4,2.2,8,ete,15h-18h,0,2.0,0,0
2021-08-30 18:00:00,1.0,7.0,388.0,6.0,-0.6,8,ete,18h-21h,0,1.0,1,0
2021-08-30 21:00:00,3.0,7.0,408.0,5.0,-1.5,8,ete,21h-24h,0,1.0,1,0
2021-08-31 00:00:00,3.0,7.0,397.0,4.6,-2.8,8,ete,00h-03h,0,3.0,1,0
2021-08-31 03:00:00,3.0,7.0,393.0,4.3,-2.4,8,ete,03h-06h,0,3.0,1,0
2021-08-31 06:00:00,2.0,7.0,395.0,7.2,-2.2,8,ete,06h-09h,0,3.0,1,0
2021-08-31 09:00:00,1.0,7.0,392.0,8.6,-1.5,8,ete,09h-12h,0,2.0,1,0
2021-08-31 12:00:00,1.0,7.0,380.0,6.8,-2.8,8,ete,12h-15h,0,1.0,1,0
2021-08-31 15:00:00,1.0,7.0,370.0,6.3,-1.5,8,ete,15h-18h,0,1.0,1,0
2021-08-31 18:00:00,0.0,7.0,355.0,6.5,1.1,8,ete,18h-21h,0,1.0,0,0
2021-08-31 21:00:00,2.0,7.0,349.0,7.8,0.3,8,ete,21h-24h,0,0.0,0,0
2021-09-01 00:00:00,2.0,5.0,350.0,6.7,-1.8,9,automne,00h-03h,0,2.0,1,0
2021-09-01 03:00:00,1.0,5.0,350.0,8.8,-1.1,9,automne,03h-06h,0,2.0,1,0
2021-09-01 06:00:00,1.0,5.0,344.0,7.5,-1.8,9,automne,06h-09h,0,1.0,1,0
2021-09-01 09:00:00,2.0,5.0,334.0,9.6,-2.3,9,automne,09h-12h,0,1.0,1,0
2021-09-01 12:00:00,1.0,5.0,340.0,7.7,-1.3,9,automne,12h-15h,0,2.0,1,0
2021-09-01 15:00:00,1.0,5.0,351.0,6.0,-2.2,9,automne,15h-18h,0,1.0,1,0
2021-09-01 18:00:00,0.0,5.0,355.0,5.0,-0.9,9,automne,18h-21h,0,1.0,1,0
2021-09-01 21:00:00,0.0,5.0,364.0,5.4,-0.2,9,automne,21h-24h,0,0.0,1,0
2021-09-02 00:00:00,1.0,4.0,355.0,5.3,-0.0,9,automne,00h-03h,0,0.0,0,0
2021-09-02 03:00:00,1.0,4.0,357.0,5.2,-0.9,9,automne,03h-06h,0,1.0,1,0
2021-09-02 06:00:00,1.0,4.0,345.0,5.1,-0.4,9,automne,06h-09h,0,1.0,1,0
2021-09-02 09:00:00,1.0,4.0,342.0,7.5,3.3,9,automne,09h-12h,0,1.0,0,0
2021-09-02 12:00:00,2.0,4.0,350.0,6.3,1.2,9,automne,12h-15h,0,1.0,0,0
2021-09-02 15:00:00,1.0,4.0,360.0,6.7,-0.7,9,automne,15h-18h,0,2.0,1,0
2021-09-02 18:00:00,1.0,4.0,367.0,6.1,-1.0,9,automne,18h-21h,0,1.0,1,0
2021-09-02 21:00:00,0.0,4.0,365.0,6.8,2.3,9,automne,21h-24h,0,1.0,0,0
2021-09-03 00:00:00,1.0,6.0,367.0,6.1,-1.5,9,automne,00h-03h,0,0.0,1,0
2021-09-03 03:00:00,1.0,6.0,388.0,8.8,2.5,9,automne,03h-06h,0,1.0,0,0
2021-09-03 06:00:00,2.0,6.0,383.0,8.2,1.2,9,automne,06h-09h,0,1.0,0,0
2021-09-03 09:00:00,3.0,6.0,391.0,9.2,-5.2,9,automne,09h-12h,0,2.0,1,0
2021-09-03 12:00:00,2.0,6.0,395.0,9.1,-4.0,9,automne,12h-15h,0,3.0,1,0
2021-09-03 15:00:00,2.0,6.0,406.0,6.2,-1.6,9,automne,15h-18h,0,2.0,1,0
2021-09-03 18:00:00,1.0,6.0,398.0,6.5,0.9,9,automne,18h-21h,0,2.0,0,0
2021-09-03 21:00:00,2.0,6.0,402.0,5.4,-0.5,9,automne,21h-24h,0,1.0,1,0
2021-09-04 00:00:00,2.0,5.0,396.0,7.8,-0.7,9,automne,00h-03h,0,2.0,1,0
2021-09-04 03:00:00,1.0,5.0,427.0,4.2,1.2,9,automne,03h-06h,0,2.0,0,0
2021-09-04 06:00:00,2.0,5.0,414.0,5.8,-1.4,9,automne,06h-09h,0,1.0,1,0
2021-09-04 09:00:00,2.0,5.0,426.0,7.7,-3.0,9,automne,09h-12h,0,2.0,1,0
2021-09-04 12:00:00,1.0,5.0,393.0,5.9,3.1,9,automne,12h-15h,0,2.0,0,0
2021-09-04 15:00:00,1.0,5.0,388.0,6.8,1.6,9,automne,15h-18h,0,1.0,0,0
2021-09-04 18:00:00,1.0,5.0,373.0,6.9,-0.2,9,automne,18h-21h,0,1.0,1,0
2021-09-04 21:00:00,2.0,5.0,374.0,7.0,0.0,9,automne,21h-24h,0,1.0,0,0
2021-09-05 00:00:00,2.0,6.0,369.0,6.5,-1.4,9,automne,00h-03h,0,2.0,1,0
2021-09-05 03:00:00,3.0,6.0,365.0,6.0,-0.3,9,automne,03h-06h,0,2.0,1,0
2021-09-05 06:00:00,1.0,6.0,350.0,6.9,-2.1,9,automne,06h-09h,0,3.0,1,0
2021-09-05 09:00:00,2.0,6.0,347.0,7.1,-1.9,9,automne,09h-12h,0,1.0,1,0
2021-09-05 12:00:00,2.0,6.0,322.0,6.4,-3.6,9,automne,12h-15h,0,2.0,1,0
2021-09-05 15:00:00,1.0,6.0,318.0,10.2,2.6,9,automne,15h-18h,0,2.0,0,0
2021-09-05 18:00:00,0.0,6.0,315.0,9.4,2.4,9,automne,18h-21h,0,1.0,0,0
2021-09-05 21:00:00,1.0,6.0,312.0,9.9,-0.4,9,automne,21h-24h,0,0.0,1,0
2021-09-06 00:00:00,2.0,6.0,310.0,8.6,-2.4,9,automne,00h-03h,0,1.0,1,0
2021-09-06 03:00:00,3.0,6.0,313.0,8.7,-2.5,9,automne,03h-06h,0,2.0,1,0
2021-09-06 06:00:00,1.0,6.0,329.0,7.8,0.5,9,automne,06h-09h,0,3.0,0,0
2021-09-06 09:00:00,2.0,6.0,328.0,7.4,-1.8,9,automne,09h-12h,0,1.0,1,0
2021-09-06 12:00:00,1.0,6.0,321.0,8.1,-1.2,9,automne,12h-15h,0,2.0,1,0
2021-09-06 15:00:00,1.0,6.0,321.0,8.8,-3.7,9,automne,15h-18h,0,1.0,1,0
2021-09-06 18:00:00,1.0,6.0,315.0,12.1,-2.6,9,automne,18h-21h,0,1.0,1,0
2021-09-06 21:00:00,2.0,6.0,307.0,8.7,-3.7,9,automne,21h-24h,0,1.0,1,0
2021-09-07 00:00:00,1.0,8.0,295.0,5.5,-0.6,9,automne,00h-03h,0,2.0,1,0
2021-09-07 03:00:00,1.0,8.0,306.0,7.3,1.4,9,automne,03h-06h,0,1.0,0,0
2021-09-07 06:00:00,2.0,8.0,293.0,7.3,0.4,9,automne,06h-09h,0,1.0,0,0
2021-09-07 09:00:00,3.0,8.0,306.0,9.8,-1.1,9,automne,09h-12h,0,2.0,1,0
2021-09-07 12:00:00,2.0,8.0,308.0,8.8,0.7,9,automne,12h-15h,0,3.0,0,0
2021-09-07 15:00:00,2.0,8.0,372.0,27.5,0.9,9,automne,15h-18h,0,2.0,0,0
2021-09-07 18:00:00,3.0,8.0,363.0,12.8,-0.5,9,automne,18h-21h,0,2.0,1,0
2021-09-07 21:00:00,3.0,8.0,361.0,13.4,-0.2,9,automne,21h-24h,0,3.0,1,0
2021-09-08 00:00:00,4.0,14.0,351.0,12.4,-1.8,9,automne,00h-03h,0,3.0,1,0
2021-09-08 03:00:00,2.0,14.0,349.0,11.6,1.7,9,automne,03h-06h,0,4.0,0,0
2021-09-08 06:00:00,3.0,14.0,372.0,16.0,5.6,9,automne,06h-09h,0,2.0,0,0
2021-09-08 09:00:00,4.0,14.0,407.0,19.7,0.9,9,automne,09h-12h,0,3.0,0,0
2021-09-08 12:00:00,3.0,14.0,411.0,6.8,-1.1,9,automne,12h-15h,0,4.0,1,0
2021-09-08 15:00:00,2.0,14.0,388.0,4.8,-0.4,9,automne,15h-18h,0,3.0,1,0
2021-09-08 18:00:00,2.0,14.0,393.0,4.8,-1.2,9,automne,18h-21h,0,2.0,1,0
2021-09-08 21:00:00,1.0,14.0,390.0,4.0,-2.1,9,automne,21h-24h,0,2.0,1,0
2021-09-09 00:00:00,1.0,6.0,393.0,4.5,2.1,9,automne,00h-03h,0,1.0,0,0
2021-09-09 03:00:00,2.0,6.0,401.0,3.3,-0.7,9,automne,03h-06h,0,1.0,1,0
2021-09-09 06:00:00,2.0,6.0,398.0,2.7,-1.4,9,automne,06h-09h,0,2.0,1,0
2021-09-09 09:00:00,2.0,6.0,405.0,2.3,-1.5,9,automne,09h-12h,0,2.0,1,0
2021-09-09 12:00:00,1.0,6.0,397.0,2.0,-0.7,9,automne,12h-15h,0,2.0,1,0
2021-09-09 15:00:00,1.0,6.0,369.0,2.8,-1.2,9,automne,15h-18h,0,1.0,1,0
2021-09-09 18:00:00,1.0,6.0,375.0,3.7,-1.1,9,automne,18h-21h,0,1.0,1,0
2021-09-09 21:00:00,2.0,6.0,363.0,3.0,-0.1,9,automne,21h-24h,0,1.0,1,0
2021-09-10 00:00:00,1.0,9.0,363.0,7.9,-0.8,9,automne,00h-03h,0,2.0,1,0
2021-09-10 03:00:00,2.0,9.0,374.0,11.8,-2.8,9,automne,03h-06h,0,1.0,1,0
2021-09-10 06:00:00,2.0,9.0,369.0,7.8,3.6,9,automne,06h-09h,0,2.0,0,0
2021-09-10 09:00:00,1.0,9.0,367.0,4.1,5.3,9,automne,09h-12h,0,2.0,0,0
2021-09-10 12:00:00,1.0,9.0,362.0,9.1,5.0,9,automne,12h-15h,0,1.0,0,0
2021-09-10 15:00:00,1.0,9.0,354.0,19.9,3.6,9,automne,15h-18h,0,1.0,0,0
2021-09-10 18:00:00,3.0,9.0,356.0,16.1,0.7,9,automne,18h-21h,0,1.0,0,0
2021-09-10 21:00:00,4.0,9.0,351.0,21.2,-4.1,9,automne,21h-24h,0,3.0,1,0
2021-09-11 00:00:00,3.0,7.0,355.0,4.5,-0.9,9,automne,00h-03h,0,4.0,1,0
2021-09-11 03:00:00,1.0,7.0,343.0,7.7,2.0,9,automne,03h-06h,0,3.0,0,0
2021-09-11 06:00:00,2.0,7.0,348.0,7.6,0.9,9,automne,06h-09h,0,1.0,0,0
2021-09-11 09:00:00,1.0,7.0,338.0,8.2,1.0,9,automne,09h-12h,0,2.0,0,0
2021-09-11 12:00:00,1.0,7.0,328.0,9.3,-2.0,9,automne,12h-15h,0,1.0,1,0
2021-09-11 15:00:00,1.0,7.0,323.0,12.6,2.0,9,automne,15h-18h,0,1.0,0,0
2021-09-11 18:00:00,2.0,7.0,335.0,11.8,7.6,9,automne,18h-21h,0,1.0,0,0
2021-09-11 21:00:00,2.0,7.0,316.0,3.1,10.1,9,automne,21h-24h,0,2.0,0,0
2021-09-12 00:00:00,1.0,6.0,317.0,10.0,7.2,9,automne,00h-03h,0,2.0,0,0
2021-09-12 03:00:00,1.0,6.0,311.0,5.7,7.2,9,automne,03h-06h,0,1.0,0,0
2021-09-12 06:00:00,2.0,6.0,327.0,5.8,0.0,9,automne,06h-09h,0,1.0,0,0
2021-09-12 09:00:00,2.0,6.0,338.0,5.8,-4.4,9,automne,09h-12h,0,2.0,1,0
2021-09-12 12:00:00,2.0,6.0,357.0,6.1,-4.1,9,automne,12h-15h,0,2.0,1,0
2021-09-12 15:00:00,2.0,6.0,373.0,4.3,-1.7,9,automne,15h-18h,0,2.0,1,0
2021-09-12 18:00:00,1.0,6.0,392.0,7.4,1.3,9,automne,18h-21h,0,2.0,0,0
2021-09-12 21:00:00,2.0,6.0,399.0,13.1,2.1,9,automne,21h-24h,0,1.0,0,0
2021-09-13 00:00:00,1.0,9.0,411.0,6.5,2.7,9,automne,00h-03h,0,2.0,0,0
2021-09-13 03:00:00,1.0,9.0,424.0,5.3,3.5,9,automne,03h-06h,0,1.0,0,0
2021-09-13 06:00:00,3.0,9.0,452.0,5.4,-1.1,9,automne,06h-09h,0,1.0,1,0
2021-09-13 09:00:00,2.0,9.0,437.0,4.7,0.8,9,automne,09h-12h,0,3.0,0,0
2021-09-13 12:00:00,3.0,9.0,461.0,4.4,-1.8,9,automne,12h-15h,0,2.0,1,0
2021-09-13 15:00:00,2.0,9.0,456.0,3.8,0.6,9,automne,15h-18h,0,3.0,0,0
2021-09-13 18:00:00,1.0,9.0,471.0,1.8,1.0,9,automne,18h-21h,0,2.0,0,0
2021-09-13 21:00:00,3.0,9.0,474.0,1.8,-1.2,9,automne,21h-24h,0,1.0,1,0
2021-09-14 00:00:00,2.0,6.0,464.0,1.7,-1.9,9,automne,00h-03h,0,3.0,1,0
2021-09-14 03:00:00,0.0,6.0,458.0,1.4,-0.4,9,automne,03h-06h,0,2.0,1,0
2021-09-14 06:00:00,2.0,6.0,438.0,2.3,-1.8,9,automne,06h-09h,0,0.0,1,0
2021-09-14 09:00:00,2.0,6.0,453.0,3.3,-1.3,9,automne,09h-12h,0,2.0,1,0
2021-09-14 12:00:00,2.0,6.0,448.0,3.0,-3.4,9,automne,12h-15h,0,2.0,1,0
2021-09-14 15:00:00,2.0,6.0,463.0,3.3,-1.4,9,automne,15h-18h,0,2.0,1,0
2021-09-14 18:00:00,2.0,6.0,425.0,2.7,-1.1,9,automne,18h-21h,0,2.0,1,0
2021-09-14 21:00:00,1.0,6.0,421.0,3.2,0.1,9,automne,21h-24h,0,2.0,0,0
2021-09-15 00:00:00,2.0,6.0,431.0,3.1,-0.1,9,automne,00h-03h,0,1.0,1,0
2021-09-15 03:00:00,2.0,6.0,437.0,3.4,-1.1,9,automne,03h-06h,0,2.0,1,0
2021-09-15 06:00:00,2.0,6.0,425.0,3.3,-0.6,9,automne,06h-09h,0,2.0,1,0
2021-09-15 09:00:00,2.0,6.0,404.0,2.7,-1.7,9,automne,09h-12h,0,2.0,1,0
2021-09-15 12:00:00,1.0,6.0,375.0,2.0,-1.0,9,automne,12h-15h,0,2.0,1,0
2021-09-15 15:00:00,1.0,6.0,382.0,4.6,-0.1,9,automne,15h-18h,0,1.0,1,0
2021-09-15 18:00:00,1.0,6.0,371.0,4.5,-0.8,9,automne,18h-21h,0,1.0,1,0
2021-09-15 21:00:00,2.0,6.0,348.0,2.9,-1.4,9,automne,21h-24h,0,1.0,1,0
2021-09-16 00:00:00,1.0,3.0,347.0,3.4,0.8,9,automne,00h-03h,0,2.0,0,0
2021-09-16 03:00:00,2.0,3.0,361.0,4.6,-0.5,9,automne,03h-06h,0,1.0,1,0
2021-09-16 06:00:00,1.0,3.0,339.0,6.0,-1.0,9,automne,06h-09h,0,2.0,1,0
2021-09-16 09:00:00,0.0,3.0,326.0,4.7,1.5,9,automne,09h-12h,0,1.0,0,0
2021-09-16 12:00:00,1.0,3.0,346.0,4.0,1.4,9,automne,12h-15h,0,0.0,0,0
2021-09-16 15:00:00,1.0,3.0,361.0,4.3,-1.2,9,automne,15h-18h,0,1.0,1,0
2021-09-16 18:00:00,1.0,3.0,349.0,3.1,0.0,9,automne,18h-21h,0,1.0,0,0
2021-09-16 21:00:00,1.0,3.0,326.0,3.0,-0.3,9,automne,21h-24h,0,1.0,1,0
2021-09-17 00:00:00,2.0,24.0,323.0,3.1,1.9,9,automne,00h-03h,0,1.0,0,0
2021-09-17 03:00:00,4.0,24.0,359.0,8.1,-5.7,9,automne,03h-06h,0,2.0,1,0
2021-09-17 06:00:00,1.0,24.0,327.0,4.8,3.0,9,automne,06h-09h,0,4.0,0,0
2021-09-17 09:00:00,4.0,24.0,333.0,8.2,3.4,9,automne,09h-12h,0,1.0,0,0
2021-09-17 12:00:00,2.0,24.0,358.0,8.8,-4.0,9,automne,12h-15h,0,4.0,1,0
2021-09-17 15:00:00,3.0,24.0,347.0,9.6,-2.7,9,automne,15h-18h,0,2.0,1,0
2021-09-17 18:00:00,5.0,24.0,401.0,30.0,-6.9,9,automne,18h-21h,0,3.0,1,1
2021-09-17 21:00:00,5.0,24.0,405.0,34.9,6.6,9,automne,21h-24h,0,5.0,0,1
2021-09-18 00:00:00,3.0,11.0,399.0,14.5,5.9,9,automne,00h-03h,0,5.0,0,0
2021-09-18 03:00:00,4.0,11.0,415.0,17.3,0.9,9,automne,03h-06h,0,3.0,0,0
2021-09-18 06:00:00,3.0,11.0,416.0,12.4,1.9,9,automne,06h-09h,0,4.0,0,0
2021-09-18 09:00:00,3.0,11.0,368.0,8.3,0.3,9,automne,09h-12h,0,3.0,0,0
2021-09-18 12:00:00,2.0,11.0,390.0,15.3,-2.3,9,automne,12h-15h,0,3.0,1,0
2021-09-18 15:00:00,1.0,11.0,403.0,7.4,4.7,9,automne,15h-18h,0,2.0,0,0
2021-09-18 18:00:00,0.0,11.0,400.0,6.0,2.3,9,automne,18h-21h,0,1.0,0,0
2021-09-18 21:00:00,1.0,11.0,402.0,5.1,0.8,9,automne,21h-24h,0,0.0,0,0
2021-09-19 00:00:00,1.0,3.0,389.0,5.1,1.8,9,automne,00h-03h,0,1.0,0,0
2021-09-19 03:00:00,0.0,3.0,381.0,4.2,2.3,9,automne,03h-06h,0,1.0,0,0
2021-09-19 06:00:00,0.0,3.0,351.0,3.1,2.2,9,automne,06h-09h,0,0.0,0,0
2021-09-19 09:00:00,1.0,3.0,351.0,4.3,1.6,9,automne,09h-12h,0,0.0,0,0
2021-09-19 12:00:00,1.0,3.0,349.0,5.1,2.4,9,automne,12h-15h,0,1.0,0,0
2021-09-19 15:00:00,0.0,3.0,341.0,4.3,2.3,9,automne,15h-18h,0,1.0,0,0
2021-09-19 18:00:00,1.0,3.0,322.0,3.3,-1.3,9,automne,18h-21h,0,0.0,1,0
2021-09-19 21:00:00,0.0,3.0,322.0,3.6,1.6,9,automne,21h-24h,0,1.0,0,0
2021-09-20 00:00:00,1.0,3.0,311.0,2.8,0.6,9,automne,00h-03h,0,0.0,0,0
2021-09-20 03:00:00,1.0,3.0,309.0,3.8,-1.8,9,automne,03h-06h,0,1.0,1,0
2021-09-20 06:00:00,0.0,3.0,308.0,3.6,1.7,9,automne,06h-09h,0,1.0,0,0
2021-09-20 09:00:00,1.0,3.0,314.0,5.8,-1.9,9,automne,09h-12h,0,0.0,1,0
2021-09-20 12:00:00,1.0,3.0,321.0,6.7,1.6,9,automne,12h-15h,0,1.0,0,0
2021-09-20 15:00:00,1.0,3.0,320.0,6.6,0.2,9,automne,15h-18h,0,1.0,0,0
2021-09-20 18:00:00,0.0,3.0,315.0,8.0,1.1,9,automne,18h-21h,0,1.0,0,0
2021-09-20 21:00:00,1.0,3.0,316.0,9.1,-2.0,9,automne,21h-24h,0,0.0,1,0
2021-09-21 00:00:00,3.0,8.0,322.0,6.6,-2.5,9,automne,00h-03h,0,1.0,1,0
2021-09-21 03:00:00,0.0,8.0,334.0,10.3,1.9,9,automne,03h-06h,0,3.0,0,0
2021-09-21 06:00:00,1.0,8.0,337.0,9.7,2.1,9,automne,06h-09h,0,0.0,0,0
2021-09-21 09:00:00,1.0,8.0,325.0,18.3,1.2,9,automne,09h-12h,0,1.0,0,0
2021-09-21 12:00:00,1.0,8.0,313.0,18.6,-0.0,9,automne,12h-15h,0,1.0,0,0
2021-09-21 15:00:00,3.0,8.0,315.0,22.4,-0.1,9,automne,15h-18h,0,1.0,1,0
2021-09-21 18:00:00,2.0,8.0,321.0,20.5,-4.0,9,automne,18h-21h,0,3.0,1,0
2021-09-21 21:00:00,3.0,8.0,327.0,17.5,-6.8,9,automne,21h-24h,0,2.0,1,0
2021-09-22 00:00:00,4.0,12.0,338.0,27.3,-0.3,9,automne,00h-03h,0,3.0,1,0
2021-09-22 03:00:00,2.0,12.0,359.0,7.9,-3.8,9,automne,03h-06h,0,4.0,1,0
2021-09-22 06:00:00,4.0,12.0,372.0,8.4,-4.4,9,automne,06h-09h,0,2.0,1,0
2021-09-22 09:00:00,3.0,12.0,378.0,6.4,-2.0,9,automne,09h-12h,0,4.0,1,0
2021-09-22 12:00:00,1.0,12.0,393.0,4.9,,9,automne,12h-15h,0,3.0,0,0
2021-09-22 15:00:00,1.0,12.0,376.0,4.0,,9,automne,15h-18h,0,1.0,0,0
2021-09-22 18:00:00,1.0,12.0,371.0,5.0,,9,automne,18h-21h,0,1.0,0,0
2021-09-22 21:00:00,2.0,12.0,367.0,6.1,,9,automne,21h-24h,0,1.0,0,0
2021-09-23 00:00:00,3.0,11.0,371.0,6.9,,9,automne,00h-03h,0,2.0,0,0
2021-09-23 03:00:00,3.0,11.0,372.0,7.4,,9,automne,03h-06h,0,3.0,0,0
2021-09-23 06:00:00,4.0,11.0,374.0,10.2,-1.6,9,automne,06h-09h,0,3.0,1,0
2021-09-23 09:00:00,2.0,11.0,365.0,9.2,1.1,9,automne,09h-12h,0,4.0,0,0
2021-09-23 12:00:00,2.0,11.0,375.0,14.4,-0.7,9,automne,12h-15h,0,2.0,1,0
2021-09-23 15:00:00,2.0,11.0,395.0,18.4,0.8,9,automne,15h-18h,0,2.0,0,0
2021-09-23 18:00:00,2.0,11.0,382.0,8.6,4.5,9,automne,18h-21h,0,2.0,0,0
2021-09-23 21:00:00,1.0,11.0,371.0,8.5,1.5,9,automne,21h-24h,0,2.0,0,0
2021-09-24 00:00:00,3.0,8.0,388.0,8.6,4.0,9,automne,00h-03h,0,1.0,0,0
2021-09-24 03:00:00,2.0,8.0,453.0,7.9,-0.5,9,automne,03h-06h,0,3.0,1,0
2021-09-24 06:00:00,2.0,8.0,466.0,5.9,0.9,9,automne,06h-09h,0,2.0,0,0
2021-09-24 09:00:00,1.0,8.0,464.0,4.5,3.6,9,automne,09h-12h,0,2.0,0,0
2021-09-24 12:00:00,1.0,8.0,477.0,3.7,3.6,9,automne,12h-15h,0,1.0,0,0
2021-09-24 15:00:00,3.0,8.0,457.0,2.4,-1.9,9,automne,15h-18h,0,1.0,1,0
2021-09-24 18:00:00,1.0,8.0,475.0,3.1,1.9,9,automne,18h-21h,0,3.0,0,0
2021-09-24 21:00:00,1.0,8.0,455.0,2.2,0.6,9,automne,21h-24h,0,1.0,0,0
2021-09-25 00:00:00,2.0,7.0,486.0,2.6,1.3,9,automne,00h-03h,0,1.0,0,0
2021-09-25 03:00:00,3.0,7.0,520.0,3.0,0.1,9,automne,03h-06h,0,2.0,0,0
2021-09-25 06:00:00,2.0,7.0,549.0,3.5,2.0,9,automne,06h-09h,0,3.0,0,0
2021-09-25 09:00:00,2.0,7.0,547.0,3.1,1.1,9,automne,09h-12h,0,2.0,0,0
2021-09-25 12:00:00,1.0,7.0,514.0,2.2,0.6,9,automne,12h-15h,0,2.0,0,0
2021-09-25 15:00:00,1.0,7.0,477.0,1.7,1.7,9,automne,15h-18h,0,1.0,0,0
2021-09-25 18:00:00,1.0,7.0,488.0,2.4,-0.1,9,automne,18h-21h,0,1.0,1,0
2021-09-25 21:00:00,2.0,7.0,478.0,2.0,-1.3,9,automne,21h-24h,0,1.0,1,0
2021-09-26 00:00:00,1.0,3.0,457.0,2.1,0.8,9,automne,00h-03h,0,2.0,0,0
2021-09-26 03:00:00,0.0,3.0,440.0,2.3,1.5,9,automne,03h-06h,0,1.0,0,0
2021-09-26 06:00:00,0.0,3.0,426.0,1.6,1.1,9,automne,06h-09h,0,0.0,0,0
2021-09-26 09:00:00,1.0,3.0,417.0,2.3,2.2,9,automne,09h-12h,0,0.0,0,0
2021-09-26 12:00:00,0.0,3.0,422.0,2.9,1.0,9,automne,12h-15h,0,1.0,0,0
2021-09-26 15:00:00,0.0,3.0,403.0,1.6,2.4,9,automne,15h-18h,0,0.0,0,0
2021-09-26 18:00:00,1.0,3.0,384.0,3.3,1.2,9,automne,18h-21h,0,0.0,0,0
2021-09-26 21:00:00,1.0,3.0,383.0,5.2,1.8,9,automne,21h-24h,0,1.0,0,0
2021-09-27 00:00:00,3.0,7.0,389.0,8.4,2.8,9,automne,00h-03h,0,1.0,0,0
2021-09-27 03:00:00,2.0,7.0,389.0,9.4,-0.9,9,automne,03h-06h,0,3.0,1,0
2021-09-27 06:00:00,2.0,7.0,397.0,12.0,1.8,9,automne,06h-09h,0,2.0,0,0
2021-09-27 09:00:00,1.0,7.0,386.0,8.8,2.0,9,automne,09h-12h,0,2.0,0,0
2021-09-27 12:00:00,1.0,7.0,373.0,8.7,2.3,9,automne,12h-15h,0,1.0,0,0
2021-09-27 15:00:00,2.0,7.0,369.0,9.4,0.7,9,automne,15h-18h,0,1.0,0,0
2021-09-27 18:00:00,1.0,7.0,385.0,13.4,5.9,9,automne,18h-21h,0,2.0,0,0
2021-09-27 21:00:00,3.0,7.0,384.0,15.7,7.1,9,automne,21h-24h,0,1.0,0,0
2021-09-28 00:00:00,2.0,10.0,444.0,8.3,7.4,9,automne,00h-03h,0,3.0,0,0
2021-09-28 03:00:00,2.0,10.0,468.0,6.7,2.3,9,automne,03h-06h,0,2.0,0,0
2021-09-28 06:00:00,2.0,10.0,474.0,5.0,-1.2,9,automne,06h-09h,0,2.0,1,0
2021-09-28 09:00:00,3.0,10.0,508.0,2.5,-2.2,9,automne,09h-12h,0,2.0,1,0
2021-09-28 12:00:00,2.0,10.0,493.0,2.0,-1.1,9,automne,12h-15h,0,3.0,1,0
2021-09-28 15:00:00,2.0,10.0,483.0,2.4,-0.7,9,automne,15h-18h,0,2.0,1,0
2021-09-28 18:00:00,3.0,10.0,510.0,3.5,-2.1,9,automne,18h-21h,0,2.0,1,0
2021-09-28 21:00:00,3.0,10.0,499.0,3.2,0.2,9,automne,21h-24h,0,3.0,0,0
2021-09-29 00:00:00,1.0,5.0,9999.0,,,9,automne,00h-03h,0,3.0,0,0
2021-09-29 03:00:00,0.0,5.0,9999.0,,,9,automne,03h-06h,0,1.0,0,0
2021-09-29 06:00:00,1.0,5.0,9999.0,,,9,automne,06h-09h,0,0.0,0,0
2021-09-29 09:00:00,2.0,5.0,9999.0,,,9,automne,09h-12h,0,1.0,0,0
2021-09-29 12:00:00,2.0,5.0,9999.0,,,9,automne,12h-15h,0,2.0,0,0
2021-09-29 15:00:00,1.0,5.0,402.0,2.7,-2.0,9,automne,15h-18h,0,2.0,1,0
2021-09-29 18:00:00,2.0,5.0,401.0,8.5,-0.6,9,automne,18h-21h,0,1.0,1,0
2021-09-29 21:00:00,1.0,5.0,392.0,8.1,1.3,9,automne,21h-24h,0,2.0,0,0
2021-09-30 00:00:00,2.0,5.0,388.0,10.6,1.1,9,automne,00h-03h,0,1.0,0,0
2021-09-30 03:00:00,1.0,5.0,396.0,9.1,1.8,9,automne,03h-06h,0,2.0,0,0
2021-09-30 06:00:00,1.0,5.0,384.0,9.3,1.6,9,automne,06h-09h,0,1.0,0,0
2021-09-30 09:00:00,1.0,5.0,385.0,11.5,0.7,9,automne,09h-12h,0,1.0,0,0
2021-09-30 12:00:00,1.0,5.0,386.0,6.8,1.0,9,automne,12h-15h,0,1.0,0,0
2021-09-30 15:00:00,2.0,5.0,396.0,13.1,-1.1,9,automne,15h-18h,0,1.0,1,0
2021-09-30 18:00:00,4.0,5.0,426.0,32.2,-0.3,9,automne,18h-21h,0,2.0,1,0
2021-09-30 21:00:00,3.0,5.0,466.0,7.8,2.8,9,automne,21h-24h,0,4.0,0,0
2021-10-01 00:00:00,3.0,15.0,544.0,4.0,-1.1,10,automne,00h-03h,0,3.0,1,0
2021-10-01 03:00:00,3.0,15.0,499.0,3.6,-0.1,10,automne,03h-06h,0,3.0,1,0
2021-10-01 06:00:00,4.0,15.0,487.0,4.4,-2.5,10,automne,06h-09h,0,3.0,1,0
2021-10-01 09:00:00,4.0,15.0,558.0,5.4,-1.5,10,automne,09h-12h,0,4.0,1,0
2021-10-01 12:00:00,4.0,15.0,519.0,11.6,-2.4,10,automne,12h-15h,0,4.0,1,0
2021-10-01 15:00:00,2.0,15.0,526.0,3.5,-0.6,10,automne,15h-18h,0,4.0,1,0
2021-10-01 18:00:00,2.0,15.0,530.0,1.7,3.7,10,automne,18h-21h,0,2.0,0,0
2021-10-01 21:00:00,0.0,15.0,495.0,1.4,6.3,10,automne,21h-24h,0,2.0,0,0
2021-10-02 00:00:00,0.0,8.0,461.0,1.9,6.2,10,automne,00h-03h,0,0.0,0,0
2021-10-02 03:00:00,0.0,8.0,442.0,1.7,5.5,10,automne,03h-06h,0,0.0,0,0
2021-10-02 06:00:00,2.0,8.0,436.0,1.4,3.0,10,automne,06h-09h,0,0.0,0,0
2021-10-02 09:00:00,4.0,8.0,448.0,2.4,-5.3,10,automne,09h-12h,0,2.0,1,0
2021-10-02 12:00:00,3.0,8.0,429.0,15.7,-4.2,10,automne,12h-15h,0,4.0,1,0
2021-10-02 15:00:00,2.0,8.0,399.0,2.5,1.3,10,automne,15h-18h,0,3.0,0,0
2021-10-02 18:00:00,1.0,8.0,413.0,2.8,0.6,10,automne,18h-21h,0,2.0,0,0
2021-10-02 21:00:00,0.0,8.0,403.0,2.2,1.1,10,automne,21h-24h,0,1.0,0,0
2021-10-03 00:00:00,1.0,6.0,411.0,2.4,1.3,10,automne,00h-03h,0,0.0,0,0
2021-10-03 03:00:00,2.0,6.0,413.0,3.2,-1.6,10,automne,03h-06h,0,1.0,1,0
2021-10-03 06:00:00,1.0,6.0,402.0,3.5,-0.1,10,automne,06h-09h,0,2.0,1,0
2021-10-03 09:00:00,2.0,6.0,403.0,4.2,-1.9,10,automne,09h-12h,0,1.0,1,0
2021-10-03 12:00:00,2.0,6.0,392.0,3.7,-2.3,10,automne,12h-15h,0,2.0,1,0
2021-10-03 15:00:00,2.0,6.0,384.0,4.9,0.2,10,automne,15h-18h,0,2.0,0,0
2021-10-03 18:00:00,1.0,6.0,393.0,5.1,-2.6,10,automne,18h-21h,0,2.0,1,0
2021-10-03 21:00:00,2.0,6.0,381.0,3.2,-3.2,10,automne,21h-24h,0,1.0,1,0
2021-10-04 00:00:00,3.0,6.0,377.0,6.5,-2.1,10,automne,00h-03h,0,2.0,1,0
2021-10-04 03:00:00,2.0,6.0,362.0,4.5,-2.5,10,automne,03h-06h,0,3.0,1,0
2021-10-04 06:00:00,1.0,6.0,362.0,4.0,-2.1,10,automne,06h-09h,0,2.0,1,0
2021-10-04 09:00:00,1.0,6.0,354.0,4.1,-1.4,10,automne,09h-12h,0,1.0,1,0
2021-10-04 12:00:00,1.0,6.0,355.0,4.4,-0.9,10,automne,12h-15h,0,1.0,1,0
2021-10-04 15:00:00,1.0,6.0,338.0,3.7,-1.3,10,automne,15h-18h,0,1.0,1,0
2021-10-04 18:00:00,1.0,6.0,337.0,5.4,-1.1,10,automne,18h-21h,0,1.0,1,0
2021-10-04 21:00:00,2.0,6.0,323.0,6.4,-0.7,10,automne,21h-24h,0,1.0,1,0
2021-10-05 00:00:00,2.0,5.0,327.0,6.1,-1.9,10,automne,00h-03h,0,2.0,1,0
2021-10-05 03:00:00,3.0,5.0,310.0,7.7,-2.1,10,automne,03h-06h,0,2.0,1,0
2021-10-05 06:00:00,1.0,5.0,301.0,5.8,-2.2,10,automne,06h-09h,0,3.0,1,0
2021-10-05 09:00:00,0.0,5.0,290.0,4.5,-1.6,10,automne,09h-12h,0,1.0,1,0
2021-10-05 12:00:00,1.0,5.0,290.0,4.1,-2.1,10,automne,12h-15h,0,0.0,1,0
2021-10-05 15:00:00,1.0,5.0,311.0,7.5,-1.8,10,automne,15h-18h,0,1.0,1,0
2021-10-05 18:00:00,0.0,5.0,303.0,7.7,0.3,10,automne,18h-21h,0,1.0,0,0
2021-10-05 21:00:00,1.0,5.0,299.0,6.9,2.2,10,automne,21h-24h,0,0.0,0,0
2021-10-06 00:00:00,2.0,8.0,306.0,11.9,-0.9,10,automne,00h-03h,0,1.0,1,0
2021-10-06 03:00:00,2.0,8.0,318.0,20.0,-0.8,10,automne,03h-06h,0,2.0,1,0
2021-10-06 06:00:00,1.0,8.0,323.0,26.6,-2.6,10,automne,06h-09h,0,2.0,1,0
2021-10-06 09:00:00,3.0,8.0,320.0,21.6,-3.7,10,automne,09h-12h,0,1.0,1,0
2021-10-06 12:00:00,2.0,8.0,337.0,22.3,-6.0,10,automne,12h-15h,0,3.0,1,0
2021-10-06 15:00:00,3.0,8.0,330.0,17.7,-7.9,10,automne,15h-18h,0,2.0,1,0
2021-10-06 18:00:00,2.0,8.0,327.0,14.0,-0.1,10,automne,18h-21h,0,3.0,1,0
2021-10-06 21:00:00,1.0,8.0,319.0,19.8,7.5,10,automne,21h-24h,0,2.0,0,0
2021-10-08 00:00:00,2.0,4.0,312.0,6.1,-0.7,10,automne,00h-03h,0,1.0,1,0
2021-10-08 03:00:00,1.0,4.0,311.0,6.9,-2.5,10,automne,03h-06h,0,2.0,1,0
2021-10-08 06:00:00,1.0,4.0,304.0,6.8,-2.2,10,automne,06h-09h,0,1.0,1,0
2021-10-08 09:00:00,1.0,4.0,299.0,6.9,-1.3,10,automne,09h-12h,0,1.0,1,0
2021-10-08 12:00:00,1.0,4.0,293.0,7.3,-0.4,10,automne,12h-15h,0,1.0,1,0
2021-10-08 15:00:00,0.0,4.0,296.0,7.2,-0.4,10,automne,15h-18h,0,1.0,1,0
2021-10-08 18:00:00,1.0,4.0,288.0,9.4,-0.7,10,automne,18h-21h,0,0.0,1,0
2021-10-08 21:00:00,1.0,4.0,288.0,10.0,-0.9,10,automne,21h-24h,0,1.0,1,0
2021-10-09 00:00:00,2.0,5.0,292.0,7.2,-2.5,10,automne,00h-03h,0,1.0,1,0
2021-10-09 03:00:00,2.0,5.0,286.0,7.2,-0.7,10,automne,03h-06h,0,2.0,1,0
2021-10-09 06:00:00,2.0,5.0,297.0,5.5,-3.2,10,automne,06h-09h,0,2.0,1,0
2021-10-09 09:00:00,2.0,5.0,286.0,4.9,-1.5,10,automne,09h-12h,0,2.0,1,0
2021-10-09 12:00:00,2.0,5.0,291.0,4.1,-3.3,10,automne,12h-15h,0,2.0,1,0
2021-10-09 15:00:00,1.0,5.0,300.0,7.7,-1.6,10,automne,15h-18h,0,2.0,1,0
2021-10-09 18:00:00,0.0,5.0,296.0,9.2,-2.3,10,automne,18h-21h,0,1.0,1,0
2021-10-09 21:00:00,1.0,5.0,297.0,6.2,-2.3,10,automne,21h-24h,0,0.0,1,0
2021-10-10 00:00:00,1.0,9.0,300.0,7.9,1.9,10,automne,00h-03h,0,1.0,0,0
2021-10-10 03:00:00,2.0,9.0,303.0,21.8,4.4,10,automne,03h-06h,0,1.0,0,0
2021-10-10 06:00:00,1.0,9.0,305.0,14.6,5.0,10,automne,06h-09h,0,2.0,0,0
2021-10-10 09:00:00,2.0,9.0,301.0,20.9,4.8,10,automne,09h-12h,0,1.0,0,0
2021-10-10 12:00:00,3.0,9.0,299.0,22.4,-7.1,10,automne,12h-15h,0,2.0,1,0
2021-10-10 15:00:00,2.0,9.0,314.0,15.1,-4.2,10,automne,15h-18h,0,3.0,1,0
2021-10-10 18:00:00,2.0,9.0,308.0,14.6,-4.4,10,automne,18h-21h,0,2.0,1,0
2021-10-10 21:00:00,4.0,9.0,333.0,12.9,-7.8,10,automne,21h-24h,0,2.0,1,0
2021-10-11 00:00:00,3.0,13.0,327.0,12.5,-1.4,10,automne,00h-03h,0,4.0,1,0
2021-10-11 03:00:00,3.0,13.0,343.0,9.0,-2.6,10,automne,03h-06h,0,3.0,1,0
2021-10-11 06:00:00,3.0,13.0,386.0,8.7,-2.9,10,automne,06h-09h,0,3.0,1,0
2021-10-11 09:00:00,2.0,13.0,389.0,7.5,-2.7,10,automne,09h-12h,0,3.0,1,0
2021-10-11 12:00:00,2.0,13.0,391.0,7.4,-1.8,10,automne,12h-15h,0,2.0,1,0
2021-10-11 15:00:00,1.0,13.0,382.0,7.1,-2.6,10,automne,15h-18h,0,2.0,1,0
2021-10-11 18:00:00,3.0,13.0,375.0,6.4,-2.6,10,automne,18h-21h,0,1.0,1,0
2021-10-11 21:00:00,3.0,13.0,374.0,5.1,-5.3,10,automne,21h-24h,0,3.0,1,0
2021-10-12 00:00:00,5.0,45.0,365.0,4.9,-5.5,10,automne,00h-03h,0,3.0,1,1
2021-10-12 03:00:00,6.0,45.0,435.0,23.5,-6.6,10,automne,03h-06h,0,5.0,1,1
2021-10-12 06:00:00,4.0,45.0,457.0,15.9,0.2,10,automne,06h-09h,0,6.0,0,0
2021-10-12 09:00:00,6.0,45.0,457.0,17.5,-0.6,10,automne,09h-12h,0,4.0,1,1
2021-10-12 12:00:00,4.0,45.0,454.0,21.0,-8.0,10,automne,12h-15h,0,6.0,1,0
2021-10-12 15:00:00,4.0,45.0,476.0,23.6,1.7,10,automne,15h-18h,0,4.0,0,0
2021-10-12 18:00:00,3.0,45.0,456.0,8.2,1.4,10,automne,18h-21h,0,4.0,0,0
2021-10-12 21:00:00,3.0,45.0,450.0,11.2,-0.0,10,automne,21h-24h,0,3.0,0,0
2021-10-13 00:00:00,3.0,6.0,456.0,5.0,-1.2,10,automne,00h-03h,0,3.0,1,0
2021-10-13 03:00:00,2.0,6.0,452.0,4.1,-0.8,10,automne,03h-06h,0,3.0,1,0
2021-10-13 06:00:00,2.0,6.0,442.0,2.0,0.5,10,automne,06h-09h,0,2.0,0,0
2021-10-13 09:00:00,0.0,6.0,428.0,2.2,-0.4,10,automne,09h-12h,0,2.0,1,0
2021-10-13 12:00:00,1.0,6.0,416.0,2.1,-0.2,10,automne,12h-15h,0,0.0,1,0
2021-10-13 15:00:00,1.0,6.0,405.0,5.0,0.4,10,automne,15h-18h,0,1.0,0,0
2021-10-13 18:00:00,0.0,6.0,401.0,2.5,0.1,10,automne,18h-21h,0,1.0,0,0
2021-10-13 21:00:00,0.0,6.0,399.0,4.8,0.7,10,automne,21h-24h,0,0.0,0,0
2021-10-14 00:00:00,2.0,7.0,399.0,6.6,-0.8,10,automne,00h-03h,0,0.0,1,0
2021-10-14 03:00:00,2.0,7.0,396.0,7.8,-0.6,10,automne,03h-06h,0,2.0,1,0
2021-10-14 06:00:00,1.0,7.0,399.0,8.3,-1.0,10,automne,06h-09h,0,2.0,1,0
2021-10-14 09:00:00,2.0,7.0,390.0,7.8,-1.2,10,automne,09h-12h,0,1.0,1,0
2021-10-14 12:00:00,1.0,7.0,380.0,5.4,-3.1,10,automne,12h-15h,0,2.0,1,0
2021-10-14 15:00:00,2.0,7.0,375.0,5.3,-3.2,10,automne,15h-18h,0,1.0,1,0
2021-10-14 18:00:00,2.0,7.0,375.0,7.5,-2.7,10,automne,18h-21h,0,2.0,1,0
2021-10-14 21:00:00,2.0,7.0,380.0,17.9,-3.3,10,automne,21h-24h,0,2.0,1,0
2021-10-15 00:00:00,2.0,6.0,373.0,16.9,-0.1,10,automne,00h-03h,0,2.0,1,0
2021-10-15 03:00:00,2.0,6.0,382.0,11.1,1.0,10,automne,03h-06h,0,2.0,0,0
2021-10-15 06:00:00,2.0,6.0,385.0,9.0,-1.5,10,automne,06h-09h,0,2.0,1,0
2021-10-15 09:00:00,2.0,6.0,374.0,8.6,0.0,10,automne,09h-12h,0,2.0,0,0
2021-10-15 12:00:00,0.0,6.0,349.0,8.6,1.3,10,automne,12h-15h,0,2.0,0,0
2021-10-15 15:00:00,0.0,6.0,344.0,7.8,1.5,10,automne,15h-18h,0,0.0,0,0
2021-10-15 18:00:00,1.0,6.0,351.0,8.1,2.2,10,automne,18h-21h,0,0.0,0,0
2021-10-15 21:00:00,2.0,6.0,347.0,6.9,-2.7,10,automne,21h-24h,0,1.0,1,0
2021-10-19 00:00:00,3.0,14.0,381.0,14.3,4.7,10,automne,00h-03h,0,2.0,0,0
2021-10-19 03:00:00,4.0,14.0,372.0,11.4,-3.2,10,automne,03h-06h,0,3.0,1,0
2021-10-19 06:00:00,2.0,14.0,359.0,10.3,-1.1,10,automne,06h-09h,0,4.0,1,0
2021-10-19 09:00:00,2.0,14.0,370.0,10.6,-1.2,10,automne,09h-12h,0,2.0,1,0
2021-10-19 12:00:00,2.0,14.0,370.0,7.8,3.4,10,automne,12h-15h,0,2.0,0,0
2021-10-19 15:00:00,4.0,14.0,402.0,26.3,1.5,10,automne,15h-18h,0,2.0,0,0
2021-10-19 18:00:00,4.0,14.0,402.0,23.3,-0.1,10,automne,18h-21h,0,4.0,1,0
2021-10-19 21:00:00,2.0,14.0,364.0,6.6,1.7,10,automne,21h-24h,0,4.0,0,0
2021-10-20 00:00:00,1.0,6.0,397.0,11.4,0.2,10,automne,00h-03h,0,2.0,0,0
2021-10-20 03:00:00,3.0,6.0,408.0,4.6,-0.9,10,automne,03h-06h,0,1.0,1,0
2021-10-20 06:00:00,1.0,6.0,396.0,9.5,1.9,10,automne,06h-09h,0,3.0,0,0
2021-10-20 09:00:00,1.0,6.0,405.0,9.1,2.7,10,automne,09h-12h,0,1.0,0,0
2021-10-20 12:00:00,2.0,6.0,382.0,10.9,-0.9,10,automne,12h-15h,0,1.0,1,0
2021-10-20 15:00:00,2.0,6.0,387.0,9.0,2.8,10,automne,15h-18h,0,2.0,0,0
2021-10-20 18:00:00,1.0,6.0,383.0,17.2,1.9,10,automne,18h-21h,0,2.0,0,0
2021-10-20 21:00:00,2.0,6.0,440.0,14.0,0.6,10,automne,21h-24h,0,1.0,0,0
2021-10-21 00:00:00,2.0,7.0,511.0,5.4,1.7,10,automne,00h-03h,0,2.0,0,0
2021-10-21 03:00:00,2.0,7.0,530.0,5.2,2.0,10,automne,03h-06h,0,2.0,0,0
2021-10-21 06:00:00,2.0,7.0,534.0,4.3,-0.7,10,automne,06h-09h,0,2.0,1,0
2021-10-21 09:00:00,2.0,7.0,516.0,4.5,2.2,10,automne,09h-12h,0,2.0,0,0
2021-10-21 12:00:00,1.0,7.0,512.0,3.7,2.1,10,automne,12h-15h,0,2.0,0,0
2021-10-21 15:00:00,2.0,7.0,497.0,3.7,-0.5,10,automne,15h-18h,0,1.0,1,0
2021-10-21 18:00:00,2.0,7.0,518.0,2.5,-0.7,10,automne,18h-21h,0,2.0,1,0
2021-10-21 21:00:00,2.0,7.0,487.0,2.1,-1.7,10,automne,21h-24h,0,2.0,1,0
2021-10-22 00:00:00,1.0,4.0,484.0,2.2,0.2,10,automne,00h-03h,0,2.0,0,0
2021-10-22 03:00:00,0.0,4.0,462.0,1.4,0.7,10,automne,03h-06h,0,1.0,0,0
2021-10-22 06:00:00,1.0,4.0,456.0,2.1,0.3,10,automne,06h-09h,0,0.0,0,0
2021-10-22 09:00:00,1.0,4.0,444.0,2.6,1.4,10,automne,09h-12h,0,1.0,0,0
2021-10-22 12:00:00,2.0,4.0,471.0,3.1,0.1,10,automne,12h-15h,0,1.0,0,0
2021-10-22 15:00:00,1.0,4.0,477.0,2.9,1.8,10,automne,15h-18h,0,2.0,0,0
2021-10-22 18:00:00,1.0,4.0,457.0,2.8,2.6,10,automne,18h-21h,0,1.0,0,0
2021-10-22 21:00:00,2.0,4.0,441.0,3.5,1.4,10,automne,21h-24h,0,1.0,0,0
2021-10-23 00:00:00,2.0,3.0,455.0,2.5,0.1,10,automne,00h-03h,0,2.0,0,0
2021-10-23 03:00:00,0.0,3.0,446.0,3.1,1.5,10,automne,03h-06h,0,2.0,0,0
2021-10-23 06:00:00,0.0,3.0,451.0,2.4,1.5,10,automne,06h-09h,0,0.0,0,0
2021-10-23 09:00:00,1.0,3.0,428.0,2.1,0.7,10,automne,09h-12h,0,0.0,0,0
2021-10-23 12:00:00,1.0,3.0,390.0,3.7,0.8,10,automne,12h-15h,0,1.0,0,0
2021-10-23 15:00:00,0.0,3.0,366.0,4.4,0.6,10,automne,15h-18h,0,1.0,0,0
2021-10-23 18:00:00,1.0,3.0,366.0,3.8,-0.6,10,automne,18h-21h,0,0.0,1,0
2021-10-23 21:00:00,1.0,3.0,353.0,4.3,0.3,10,automne,21h-24h,0,1.0,0,0
2021-10-24 00:00:00,1.0,4.0,366.0,7.1,0.0,10,automne,00h-03h,0,1.0,0,0
2021-10-24 03:00:00,1.0,4.0,354.0,8.3,-1.5,10,automne,03h-06h,0,1.0,1,0
2021-10-24 06:00:00,1.0,4.0,341.0,6.1,3.0,10,automne,06h-09h,0,1.0,0,0
2021-10-24 09:00:00,1.0,4.0,349.0,10.2,0.9,10,automne,09h-12h,0,1.0,0,0
2021-10-24 12:00:00,1.0,4.0,347.0,10.1,0.7,10,automne,12h-15h,0,1.0,0,0
2021-10-24 15:00:00,2.0,4.0,358.0,7.0,-2.4,10,automne,15h-18h,0,1.0,1,0
2021-10-24 18:00:00,1.0,4.0,347.0,5.9,-3.3,10,automne,18h-21h,0,2.0,1,0
2021-10-24 21:00:00,1.0,4.0,352.0,4.9,-1.6,10,automne,21h-24h,0,1.0,1,0
2021-10-25 00:00:00,1.0,5.0,329.0,5.2,0.1,10,automne,00h-03h,0,1.0,0,0
2021-10-25 03:00:00,2.0,5.0,330.0,6.0,-1.1,10,automne,03h-06h,0,1.0,1,0
2021-10-25 06:00:00,1.0,5.0,323.0,5.6,-1.1,10,automne,06h-09h,0,2.0,1,0
2021-10-25 09:00:00,1.0,5.0,336.0,5.8,-0.6,10,automne,09h-12h,0,1.0,1,0
2021-10-25 12:00:00,1.0,5.0,341.0,9.8,0.7,10,automne,12h-15h,0,1.0,0,0
2021-10-25 15:00:00,2.0,5.0,340.0,21.4,-1.0,10,automne,15h-18h,0,1.0,1,0
2021-10-25 18:00:00,1.0,5.0,338.0,11.3,3.4,10,automne,18h-21h,0,2.0,0,0
2021-10-25 21:00:00,1.0,5.0,333.0,7.3,3.5,10,automne,21h-24h,0,1.0,0,0
2021-10-26 00:00:00,2.0,5.0,326.0,7.4,2.8,10,automne,00h-03h,0,1.0,0,0
2021-10-26 03:00:00,2.0,5.0,338.0,11.1,-1.7,10,automne,03h-06h,0,2.0,1,0
2021-10-26 06:00:00,1.0,5.0,330.0,7.4,1.1,10,automne,06h-09h,0,2.0,0,0
2021-10-26 09:00:00,1.0,5.0,333.0,7.3,-0.4,10,automne,09h-12h,0,1.0,1,0
2021-10-26 12:00:00,1.0,5.0,348.0,7.7,0.1,10,automne,12h-15h,0,1.0,0,0
2021-10-26 15:00:00,1.0,5.0,354.0,7.5,0.9,10,automne,15h-18h,0,1.0,0,0
2021-10-26 18:00:00,0.0,5.0,337.0,7.9,3.3,10,automne,18h-21h,0,1.0,0,0
2021-10-26 21:00:00,2.0,5.0,345.0,6.5,-3.9,10,automne,21h-24h,0,0.0,1,0
2021-10-27 00:00:00,1.0,3.0,373.0,6.9,2.7,10,automne,00h-03h,0,2.0,0,0
2021-10-27 03:00:00,0.0,3.0,382.0,4.2,1.7,10,automne,03h-06h,0,1.0,0,0
2021-10-27 06:00:00,1.0,3.0,385.0,3.4,2.1,10,automne,06h-09h,0,0.0,0,0
2021-10-27 09:00:00,1.0,3.0,373.0,3.9,1.8,10,automne,09h-12h,0,1.0,0,0
2021-10-27 12:00:00,1.0,3.0,367.0,4.4,0.6,10,automne,12h-15h,0,1.0,0,0
2021-10-27 15:00:00,0.0,3.0,360.0,4.6,1.4,10,automne,15h-18h,0,1.0,0,0
2021-10-27 18:00:00,1.0,3.0,364.0,5.1,-0.7,10,automne,18h-21h,0,0.0,1,0
2021-10-27 21:00:00,1.0,3.0,358.0,4.8,0.2,10,automne,21h-24h,0,1.0,0,0
2021-10-28 00:00:00,0.0,3.0,348.0,4.5,-0.1,10,automne,00h-03h,0,1.0,1,0
2021-10-28 03:00:00,1.0,3.0,324.0,4.7,-0.3,10,automne,03h-06h,0,0.0,1,0
2021-10-28 06:00:00,0.0,3.0,317.0,5.5,-0.4,10,automne,06h-09h,0,1.0,1,0
2021-10-28 09:00:00,0.0,3.0,307.0,6.6,-0.7,10,automne,09h-12h,0,0.0,1,0
2021-10-28 12:00:00,0.0,3.0,311.0,8.5,1.7,10,automne,12h-15h,0,0.0,0,0
2021-10-28 15:00:00,2.0,3.0,303.0,10.9,-1.3,10,automne,15h-18h,0,0.0,1,0
2021-10-28 18:00:00,0.0,3.0,304.0,11.7,2.0,10,automne,18h-21h,0,2.0,0,0
2021-10-28 21:00:00,0.0,3.0,307.0,15.0,1.4,10,automne,21h-24h,0,0.0,0,0
2021-10-29 00:00:00,1.0,3.0,295.0,14.0,1.6,10,automne,00h-03h,0,0.0,0,0
2021-10-29 03:00:00,0.0,3.0,295.0,13.4,1.4,10,automne,03h-06h,0,1.0,0,0
2021-10-29 06:00:00,0.0,3.0,292.0,8.0,2.8,10,automne,06h-09h,0,0.0,0,0
2021-10-29 09:00:00,1.0,3.0,287.0,6.6,3.2,10,automne,09h-12h,0,0.0,0,0
2021-10-29 12:00:00,0.0,3.0,290.0,7.0,1.1,10,automne,12h-15h,0,1.0,0,0
2021-10-29 15:00:00,1.0,3.0,299.0,9.8,-1.2,10,automne,15h-18h,0,0.0,1,0
2021-10-29 18:00:00,1.0,3.0,298.0,18.1,-1.3,10,automne,18h-21h,0,1.0,1,0
2021-10-29 21:00:00,2.0,3.0,319.0,11.5,-3.5,10,automne,21h-24h,0,1.0,1,0
2021-10-30 00:00:00,2.0,10.0,325.0,12.0,-1.0,10,automne,00h-03h,0,2.0,1,0
2021-10-30 03:00:00,2.0,10.0,316.0,11.2,-0.2,10,automne,03h-06h,0,2.0,1,0
2021-10-30 06:00:00,2.0,10.0,310.0,10.9,-6.1,10,automne,06h-09h,0,2.0,1,0
2021-10-30 09:00:00,1.0,10.0,317.0,14.0,-0.1,10,automne,09h-12h,0,2.0,1,0
2021-10-30 12:00:00,1.0,10.0,323.0,15.5,4.0,10,automne,12h-15h,0,1.0,0,0
2021-10-30 15:00:00,2.0,10.0,327.0,25.6,-0.6,10,automne,15h-18h,0,1.0,1,0
2021-10-30 18:00:00,2.0,10.0,351.0,34.6,3.3,10,automne,18h-21h,0,2.0,0,0
2021-10-30 21:00:00,4.0,10.0,364.0,14.4,-6.4,10,automne,21h-24h,0,2.0,1,0
2021-10-31 00:00:00,4.0,20.0,377.0,7.8,-4.0,10,automne,00h-03h,0,4.0,1,0
2021-10-31 03:00:00,3.0,20.0,382.0,6.4,-2.1,10,automne,03h-06h,0,4.0,1,0
2021-10-31 06:00:00,3.0,20.0,375.0,6.6,0.7,10,automne,06h-09h,0,3.0,0,0
2021-10-31 09:00:00,3.0,20.0,369.0,7.4,1.0,10,automne,09h-12h,0,3.0,0,0
2021-10-31 12:00:00,5.0,20.0,445.0,16.2,-8.4,10,automne,12h-15h,0,3.0,1,1
2021-10-31 15:00:00,3.0,20.0,425.0,10.9,-1.4,10,automne,15h-18h,0,5.0,1,0
2021-10-31 18:00:00,3.0,20.0,436.0,9.6,0.9,10,automne,18h-21h,0,3.0,0,0
2021-10-31 21:00:00,4.0,20.0,439.0,6.8,-2.0,10,automne,21h-24h,0,3.0,1,0
2021-11-01 00:00:00,2.0,10.0,415.0,12.4,-0.3,11,automne,00h-03h,0,4.0,1,0
2021-11-01 03:00:00,3.0,10.0,405.0,10.6,-3.2,11,automne,03h-06h,0,2.0,1,0
2021-11-01 06:00:00,2.0,10.0,379.0,10.4,-2.5,11,automne,06h-09h,0,3.0,1,0
2021-11-01 09:00:00,2.0,10.0,359.0,10.2,-2.0,11,automne,09h-12h,0,2.0,1,0
2021-11-01 12:00:00,1.0,10.0,349.0,10.9,-0.2,11,automne,12h-15h,0,2.0,1,0
2021-11-01 15:00:00,1.0,10.0,351.0,23.7,-0.9,11,automne,15h-18h,0,1.0,1,0
2021-11-01 18:00:00,3.0,10.0,353.0,27.0,0.9,11,automne,18h-21h,0,1.0,0,0
2021-11-01 21:00:00,4.0,10.0,377.0,24.3,6.6,11,automne,21h-24h,0,3.0,0,0
2021-11-02 00:00:00,4.0,17.0,426.0,7.7,-4.6,11,automne,00h-03h,0,4.0,1,0
2021-11-02 03:00:00,4.0,17.0,531.0,3.5,-1.4,11,automne,03h-06h,0,4.0,1,0
2021-11-02 06:00:00,3.0,17.0,578.0,4.4,-1.3,11,automne,06h-09h,0,4.0,1,0
2021-11-02 09:00:00,4.0,17.0,574.0,3.6,0.8,11,automne,09h-12h,0,3.0,0,0
2021-11-02 12:00:00,3.0,17.0,620.0,4.7,3.0,11,automne,12h-15h,0,4.0,0,0
2021-11-02 15:00:00,2.0,17.0,621.0,3.1,0.8,11,automne,15h-18h,0,3.0,0,0
2021-11-02 18:00:00,2.0,17.0,595.0,3.0,-0.0,11,automne,18h-21h,0,2.0,0,0
2021-11-02 21:00:00,2.0,17.0,591.0,2.6,0.9,11,automne,21h-24h,0,2.0,0,0
2021-11-03 00:00:00,3.0,21.0,596.0,2.2,-1.1,11,automne,00h-03h,0,2.0,1,0
2021-11-03 03:00:00,1.0,21.0,539.0,1.5,0.5,11,automne,03h-06h,0,3.0,0,0
2021-11-03 06:00:00,2.0,21.0,539.0,1.8,-0.7,11,automne,06h-09h,0,1.0,1,0
2021-11-03 09:00:00,1.0,21.0,527.0,1.8,0.9,11,automne,09h-12h,0,2.0,0,0
2021-11-03 12:00:00,1.0,21.0,512.0,1.3,-1.1,11,automne,12h-15h,0,1.0,1,0
2021-11-03 15:00:00,0.0,21.0,498.0,0.8,-1.0,11,automne,15h-18h,0,1.0,1,0
2021-11-03 18:00:00,4.0,21.0,491.0,0.9,-0.1,11,automne,18h-21h,0,0.0,1,0
2021-11-03 21:00:00,7.0,21.0,725.0,9.9,-10.7,11,automne,21h-24h,0,4.0,1,1
2021-11-04 00:00:00,6.0,69.0,741.0,9.3,3.7,11,automne,00h-03h,0,7.0,0,1
2021-11-04 03:00:00,5.0,69.0,717.0,10.5,0.5,11,automne,03h-06h,0,6.0,0,1
2021-11-04 06:00:00,7.0,69.0,733.0,7.8,-11.5,11,automne,06h-09h,0,5.0,1,1
2021-11-04 09:00:00,7.0,69.0,698.0,8.1,-4.4,11,automne,09h-12h,0,7.0,1,1
2021-11-04 12:00:00,6.0,69.0,728.0,4.0,-2.7,11,automne,12h-15h,0,7.0,1,1
2021-11-04 15:00:00,4.0,69.0,642.0,2.4,3.7,11,automne,15h-18h,0,6.0,0,0
2021-11-04 18:00:00,2.0,69.0,628.0,2.6,7.1,11,automne,18h-21h,0,4.0,0,0
2021-11-04 21:00:00,2.0,69.0,612.0,2.4,8.9,11,automne,21h-24h,0,2.0,0,0
2021-11-05 00:00:00,2.0,13.0,611.0,1.6,10.7,11,automne,00h-03h,0,2.0,0,0
2021-11-05 03:00:00,4.0,13.0,564.0,1.4,11.3,11,automne,03h-06h,0,2.0,0,0
2021-11-05 06:00:00,3.0,13.0,585.0,14.8,5.3,11,automne,06h-09h,0,4.0,0,0
2021-11-05 09:00:00,1.0,13.0,606.0,3.4,6.4,11,automne,09h-12h,0,3.0,0,0
2021-11-05 12:00:00,3.0,13.0,616.0,3.6,5.0,11,automne,12h-15h,0,1.0,0,0
2021-11-05 15:00:00,4.0,13.0,566.0,3.3,-0.4,11,automne,15h-18h,0,3.0,1,0
2021-11-05 18:00:00,3.0,13.0,546.0,4.2,-0.4,11,automne,18h-21h,0,4.0,1,0
2021-11-05 21:00:00,3.0,13.0,536.0,5.2,0.8,11,automne,21h-24h,0,3.0,0,0
2021-11-06 00:00:00,4.0,18.0,558.0,18.8,7.0,11,automne,00h-03h,0,3.0,0,0
2021-11-06 03:00:00,3.0,18.0,622.0,8.1,1.4,11,automne,03h-06h,0,4.0,0,0
2021-11-06 06:00:00,3.0,18.0,607.0,9.9,0.1,11,automne,06h-09h,0,3.0,0,0
2021-11-06 09:00:00,3.0,18.0,584.0,6.7,-0.7,11,automne,09h-12h,0,3.0,1,0
2021-11-06 12:00:00,1.0,18.0,542.0,1.1,1.5,11,automne,12h-15h,0,3.0,0,0
2021-11-06 15:00:00,4.0,18.0,539.0,1.1,-2.2,11,automne,15h-18h,0,1.0,1,0
2021-11-06 18:00:00,3.0,18.0,528.0,1.4,-3.1,11,automne,18h-21h,0,4.0,1,0
2021-11-06 21:00:00,3.0,18.0,563.0,1.6,-1.9,11,automne,21h-24h,0,3.0,1,0
2021-11-07 00:00:00,4.0,6.0,531.0,7.0,-0.2,11,automne,00h-03h,0,3.0,1,0
2021-11-07 03:00:00,1.0,6.0,527.0,4.0,0.7,11,automne,03h-06h,0,4.0,0,0
2021-11-07 06:00:00,0.0,6.0,540.0,2.0,1.6,11,automne,06h-09h,0,1.0,0,0
2021-11-07 09:00:00,1.0,6.0,459.0,1.4,2.0,11,automne,09h-12h,0,0.0,0,0
2021-11-07 12:00:00,1.0,6.0,449.0,1.8,2.0,11,automne,12h-15h,0,1.0,0,0
2021-11-07 15:00:00,1.0,6.0,441.0,1.8,1.3,11,automne,15h-18h,0,1.0,0,0
2021-11-07 18:00:00,1.0,6.0,447.0,1.8,1.6,11,automne,18h-21h,0,1.0,0,0
2021-11-07 21:00:00,0.0,6.0,448.0,1.8,1.8,11,automne,21h-24h,0,1.0,0,0
2021-11-08 00:00:00,0.0,5.0,418.0,1.8,0.6,11,automne,00h-03h,0,0.0,0,0
2021-11-08 03:00:00,0.0,5.0,427.0,2.1,1.2,11,automne,03h-06h,0,0.0,0,0
2021-11-08 06:00:00,0.0,5.0,424.0,2.4,2.2,11,automne,06h-09h,0,0.0,0,0
2021-11-08 09:00:00,1.0,5.0,398.0,2.5,1.4,11,automne,09h-12h,0,0.0,0,0
2021-11-08 12:00:00,1.0,5.0,395.0,4.4,2.0,11,automne,12h-15h,0,1.0,0,0
2021-11-08 15:00:00,1.0,5.0,375.0,3.6,-0.3,11,automne,15h-18h,0,1.0,1,0
2021-11-08 18:00:00,2.0,5.0,398.0,8.0,0.1,11,automne,18h-21h,0,1.0,0,0
2021-11-08 21:00:00,3.0,5.0,398.0,11.1,-3.1,11,automne,21h-24h,0,2.0,1,0
2021-11-09 00:00:00,2.0,7.0,381.0,11.4,1.0,11,automne,00h-03h,0,3.0,0,0
2021-11-09 03:00:00,2.0,7.0,375.0,4.2,-1.6,11,automne,03h-06h,0,2.0,1,0
2021-11-09 06:00:00,2.0,7.0,374.0,5.2,-2.5,11,automne,06h-09h,0,2.0,1,0
2021-11-09 09:00:00,1.0,7.0,364.0,5.5,-1.9,11,automne,09h-12h,0,2.0,1,0
2021-11-09 12:00:00,1.0,7.0,350.0,4.7,-0.3,11,automne,12h-15h,0,1.0,1,0
2021-11-09 15:00:00,1.0,7.0,347.0,5.3,-0.3,11,automne,15h-18h,0,1.0,1,0
2021-11-09 18:00:00,2.0,7.0,357.0,7.5,-2.8,11,automne,18h-21h,0,1.0,1,0
2021-11-09 21:00:00,3.0,7.0,373.0,11.6,0.7,11,automne,21h-24h,0,2.0,0,0
2021-11-10 00:00:00,3.0,8.0,387.0,11.3,-2.8,11,automne,00h-03h,0,3.0,1,0
2021-11-10 03:00:00,2.0,8.0,400.0,9.1,1.6,11,automne,03h-06h,0,3.0,0,0
2021-11-10 06:00:00,3.0,8.0,413.0,7.4,-3.3,11,automne,06h-09h,0,2.0,1,0
2021-11-10 09:00:00,1.0,8.0,430.0,6.1,1.2,11,automne,09h-12h,0,3.0,0,0
2021-11-10 12:00:00,1.0,8.0,437.0,5.0,-2.8,11,automne,12h-15h,0,1.0,1,0
2021-11-10 15:00:00,1.0,8.0,428.0,4.6,1.7,11,automne,15h-18h,0,1.0,0,0
2021-11-10 18:00:00,2.0,8.0,417.0,4.1,1.1,11,automne,18h-21h,0,1.0,0,0
2021-11-10 21:00:00,1.0,8.0,404.0,5.0,0.8,11,automne,21h-24h,0,2.0,0,0
2021-11-11 00:00:00,1.0,4.0,401.0,4.9,-0.0,11,automne,00h-03h,0,1.0,0,0
2021-11-11 03:00:00,0.0,4.0,395.0,6.1,0.3,11,automne,03h-06h,0,1.0,0,0
2021-11-11 06:00:00,1.0,4.0,395.0,7.8,-0.4,11,automne,06h-09h,0,0.0,1,0
2021-11-11 09:00:00,1.0,4.0,386.0,6.4,-2.1,11,automne,09h-12h,0,1.0,1,0
2021-11-11 12:00:00,2.0,4.0,380.0,9.6,-2.9,11,automne,12h-15h,0,1.0,1,0
2021-11-11 15:00:00,1.0,4.0,372.0,11.0,2.3,11,automne,15h-18h,0,2.0,0,0
2021-11-11 18:00:00,1.0,4.0,363.0,4.1,3.0,11,automne,18h-21h,0,1.0,0,0
2021-11-11 21:00:00,1.0,4.0,358.0,5.3,1.3,11,automne,21h-24h,0,1.0,0,0
2021-11-12 00:00:00,1.0,4.0,402.0,4.5,1.3,11,automne,00h-03h,0,1.0,0,0
2021-11-12 03:00:00,2.0,4.0,391.0,4.8,1.0,11,automne,03h-06h,0,1.0,0,0
2021-11-12 06:00:00,1.0,4.0,389.0,5.7,2.2,11,automne,06h-09h,0,2.0,0,0
2021-11-12 09:00:00,1.0,4.0,385.0,5.6,1.5,11,automne,09h-12h,0,1.0,0,0
2021-11-12 12:00:00,1.0,4.0,367.0,5.6,2.0,11,automne,12h-15h,0,1.0,0,0
2021-11-12 15:00:00,0.0,4.0,357.0,4.5,0.7,11,automne,15h-18h,0,1.0,0,0
2021-11-12 18:00:00,0.0,4.0,350.0,4.4,0.9,11,automne,18h-21h,0,0.0,0,0
2021-11-12 21:00:00,1.0,4.0,346.0,4.5,-0.8,11,automne,21h-24h,0,0.0,1,0
2021-11-14 00:00:00,1.0,4.0,316.0,7.2,-1.4,11,automne,00h-03h,0,1.0,1,0
2021-11-14 03:00:00,1.0,4.0,327.0,10.7,-1.6,11,automne,03h-06h,0,1.0,1,0
2021-11-14 06:00:00,1.0,4.0,320.0,11.2,1.8,11,automne,06h-09h,0,1.0,0,0
2021-11-14 09:00:00,1.0,4.0,314.0,11.2,-0.5,11,automne,09h-12h,0,1.0,1,0
2021-11-14 12:00:00,1.0,4.0,314.0,10.7,-1.7,11,automne,12h-15h,0,1.0,1,0
2021-11-14 15:00:00,1.0,4.0,310.0,11.6,-2.3,11,automne,15h-18h,0,1.0,1,0
2021-11-14 18:00:00,0.0,4.0,302.0,10.3,-1.7,11,automne,18h-21h,0,1.0,1,0
2021-11-14 21:00:00,1.0,4.0,298.0,11.2,-1.8,11,automne,21h-24h,0,0.0,1,0
2021-11-15 00:00:00,0.0,9.0,294.0,12.2,-0.8,11,automne,00h-03h,0,1.0,1,0
2021-11-15 03:00:00,1.0,9.0,317.0,15.2,0.4,11,automne,03h-06h,0,0.0,0,0
2021-11-15 06:00:00,1.0,9.0,314.0,14.9,-2.7,11,automne,06h-09h,0,1.0,1,0
2021-11-15 09:00:00,1.0,9.0,319.0,11.6,2.5,11,automne,09h-12h,0,1.0,0,0
2021-11-15 12:00:00,1.0,9.0,317.0,12.7,-2.3,11,automne,12h-15h,0,1.0,1,0
2021-11-15 15:00:00,2.0,9.0,325.0,15.4,-3.6,11,automne,15h-18h,0,1.0,1,0
2021-11-15 18:00:00,4.0,9.0,374.0,31.3,0.3,11,automne,18h-21h,0,2.0,0,0
2021-11-15 21:00:00,4.0,9.0,413.0,29.1,9.7,11,automne,21h-24h,0,4.0,0,0
2021-11-16 00:00:00,4.0,13.0,511.0,12.8,4.7,11,automne,00h-03h,0,4.0,0,0
2021-11-16 03:00:00,4.0,13.0,612.0,7.0,-1.0,11,automne,03h-06h,0,4.0,1,0
2021-11-16 06:00:00,3.0,13.0,589.0,6.4,1.8,11,automne,06h-09h,0,4.0,0,0
2021-11-16 09:00:00,2.0,13.0,593.0,5.7,-0.5,11,automne,09h-12h,0,3.0,1,0
2021-11-16 12:00:00,2.0,13.0,610.0,2.8,0.7,11,automne,12h-15h,0,2.0,0,0
2021-11-16 15:00:00,2.0,13.0,615.0,3.2,1.0,11,automne,15h-18h,0,2.0,0,0
2021-11-16 18:00:00,2.0,13.0,623.0,3.0,2.2,11,automne,18h-21h,0,2.0,0,0
2021-11-16 21:00:00,2.0,13.0,567.0,2.4,1.5,11,automne,21h-24h,0,2.0,0,0
2021-11-17 00:00:00,4.0,12.0,620.0,5.2,-0.3,11,automne,00h-03h,0,2.0,1,0
2021-11-17 03:00:00,2.0,12.0,623.0,5.1,1.7,11,automne,03h-06h,0,4.0,0,0
2021-11-17 06:00:00,3.0,12.0,609.0,4.0,-0.0,11,automne,06h-09h,0,2.0,0,0
2021-11-17 09:00:00,3.0,12.0,605.0,4.2,-0.9,11,automne,09h-12h,0,3.0,1,0
2021-11-17 12:00:00,2.0,12.0,611.0,3.3,0.0,11,automne,12h-15h,0,3.0,0,0
2021-11-17 15:00:00,2.0,12.0,594.0,2.7,2.2,11,automne,15h-18h,0,2.0,0,0
2021-11-17 18:00:00,2.0,12.0,589.0,2.5,-1.1,11,automne,18h-21h,0,2.0,1,0
2021-11-17 21:00:00,3.0,12.0,561.0,2.7,-0.5,11,automne,21h-24h,0,2.0,1,0
2021-11-18 00:00:00,2.0,5.0,533.0,2.3,1.8,11,automne,00h-03h,0,3.0,0,0
2021-11-18 03:00:00,2.0,5.0,565.0,3.4,-1.5,11,automne,03h-06h,0,2.0,1,0
2021-11-18 06:00:00,1.0,5.0,532.0,3.2,-0.5,11,automne,06h-09h,0,2.0,1,0
2021-11-18 09:00:00,1.0,5.0,520.0,2.2,0.3,11,automne,09h-12h,0,1.0,0,0
2021-11-18 12:00:00,1.0,5.0,541.0,1.9,1.4,11,automne,12h-15h,0,1.0,0,0
2021-11-18 15:00:00,1.0,5.0,531.0,1.7,-1.5,11,automne,15h-18h,0,1.0,1,0
2021-11-18 18:00:00,1.0,5.0,518.0,1.6,-0.4,11,automne,18h-21h,0,1.0,1,0
2021-11-18 21:00:00,1.0,5.0,486.0,1.5,-1.3,11,automne,21h-24h,0,1.0,1,0
2021-11-19 00:00:00,1.0,5.0,473.0,1.7,0.7,11,automne,00h-03h,0,1.0,0,0
2021-11-19 03:00:00,1.0,5.0,500.0,3.0,0.6,11,automne,03h-06h,0,1.0,0,0
2021-11-19 06:00:00,1.0,5.0,484.0,3.4,-1.5,11,automne,06h-09h,0,1.0,1,0
2021-11-19 09:00:00,1.0,5.0,457.0,2.8,0.5,11,automne,09h-12h,0,1.0,0,0
2021-11-19 12:00:00,2.0,5.0,448.0,2.9,-0.5,11,automne,12h-15h,0,1.0,1,0
2021-11-19 15:00:00,1.0,5.0,443.0,3.4,1.1,11,automne,15h-18h,0,2.0,0,0
2021-11-19 18:00:00,2.0,5.0,429.0,4.2,-0.4,11,automne,18h-21h,0,1.0,1,0
2021-11-19 21:00:00,2.0,5.0,434.0,7.3,-1.0,11,automne,21h-24h,0,2.0,1,0
2021-11-20 00:00:00,2.0,10.0,435.0,10.4,1.8,11,automne,00h-03h,0,2.0,0,0
2021-11-20 03:00:00,1.0,10.0,415.0,7.7,0.0,11,automne,03h-06h,0,2.0,0,0
2021-11-20 06:00:00,2.0,10.0,497.0,5.3,-1.9,11,automne,06h-09h,0,1.0,1,0
2021-11-20 09:00:00,2.0,10.0,524.0,6.0,0.8,11,automne,09h-12h,0,2.0,0,0
2021-11-20 12:00:00,2.0,10.0,528.0,4.2,0.6,11,automne,12h-15h,0,2.0,0,0
2021-11-20 15:00:00,3.0,10.0,534.0,4.0,-1.8,11,automne,15h-18h,0,2.0,1,0
2021-11-20 18:00:00,2.0,10.0,544.0,4.4,0.3,11,automne,18h-21h,0,3.0,0,0
2021-11-20 21:00:00,3.0,10.0,549.0,4.2,1.4,11,automne,21h-24h,0,2.0,0,0
2021-11-21 00:00:00,3.0,12.0,586.0,4.6,-1.5,11,automne,00h-03h,0,3.0,1,0
2021-11-21 03:00:00,2.0,12.0,628.0,3.9,1.2,11,automne,03h-06h,0,3.0,0,0
2021-11-21 06:00:00,2.0,12.0,615.0,4.7,1.8,11,automne,06h-09h,0,2.0,0,0
2021-11-21 09:00:00,3.0,12.0,656.0,3.6,2.0,11,automne,09h-12h,0,2.0,0,0
2021-11-21 12:00:00,3.0,12.0,687.0,3.4,1.8,11,automne,12h-15h,0,3.0,0,0
2021-11-21 15:00:00,3.0,12.0,638.0,4.1,1.3,11,automne,15h-18h,0,3.0,0,0
2021-11-21 18:00:00,2.0,12.0,611.0,3.8,1.0,11,automne,18h-21h,0,3.0,0,0
2021-11-21 21:00:00,3.0,12.0,596.0,2.9,0.5,11,automne,21h-24h,0,2.0,0,0
2021-11-22 00:00:00,3.0,9.0,637.0,2.4,-0.9,11,automne,00h-03h,0,3.0,1,0
2021-11-22 03:00:00,3.0,9.0,605.0,2.0,-1.1,11,automne,03h-06h,0,3.0,1,0
2021-11-22 06:00:00,0.0,9.0,586.0,2.1,1.9,11,automne,06h-09h,0,3.0,0,0
2021-11-22 09:00:00,1.0,9.0,600.0,2.2,-0.0,11,automne,09h-12h,0,0.0,0,0
2021-11-22 12:00:00,1.0,9.0,584.0,2.1,1.5,11,automne,12h-15h,0,1.0,0,0
2021-11-22 15:00:00,2.0,9.0,550.0,2.1,-0.4,11,automne,15h-18h,0,1.0,1,0
2021-11-22 18:00:00,2.0,9.0,545.0,2.2,-2.3,11,automne,18h-21h,0,2.0,1,0
2021-11-22 21:00:00,2.0,9.0,535.0,2.3,-1.2,11,automne,21h-24h,0,2.0,1,0
2021-11-23 00:00:00,2.0,9.0,534.0,2.7,-0.3,11,automne,00h-03h,0,2.0,1,0
2021-11-23 03:00:00,2.0,9.0,514.0,3.5,-1.3,11,automne,03h-06h,0,2.0,1,0
2021-11-23 06:00:00,2.0,9.0,519.0,3.9,3.6,11,automne,06h-09h,0,2.0,0,0
2021-11-23 09:00:00,3.0,9.0,506.0,3.0,-2.9,11,automne,09h-12h,0,2.0,1,0
2021-11-23 12:00:00,2.0,9.0,509.0,3.0,-0.7,11,automne,12h-15h,0,3.0,1,0
2021-11-23 15:00:00,2.0,9.0,525.0,2.5,-2.4,11,automne,15h-18h,0,2.0,1,0
2021-11-23 18:00:00,2.0,9.0,503.0,2.5,-0.6,11,automne,18h-21h,0,2.0,1,0
2021-11-23 21:00:00,2.0,9.0,494.0,2.6,0.9,11,automne,21h-24h,0,2.0,0,0
2021-11-24 00:00:00,2.0,5.0,498.0,3.0,-0.6,11,automne,00h-03h,0,2.0,1,0
2021-11-24 03:00:00,2.0,5.0,485.0,3.5,1.6,11,automne,03h-06h,0,2.0,0,0
2021-11-24 06:00:00,2.0,5.0,480.0,4.0,0.8,11,automne,06h-09h,0,2.0,0,0
2021-11-24 09:00:00,1.0,5.0,488.0,3.7,0.8,11,automne,09h-12h,0,2.0,0,0
2021-11-24 12:00:00,1.0,5.0,460.0,3.9,3.0,11,automne,12h-15h,0,1.0,0,0
2021-11-24 15:00:00,1.0,5.0,460.0,4.4,1.2,11,automne,15h-18h,0,1.0,0,0
2021-11-24 18:00:00,1.0,5.0,450.0,3.7,3.8,11,automne,18h-21h,0,1.0,0,0
2021-11-24 21:00:00,1.0,5.0,440.0,3.6,-0.2,11,automne,21h-24h,0,1.0,1,0
2021-11-25 00:00:00,2.0,5.0,431.0,3.7,0.1,11,automne,00h-03h,0,1.0,0,0
2021-11-25 03:00:00,2.0,5.0,449.0,4.8,-1.5,11,automne,03h-06h,0,2.0,1,0
2021-11-25 06:00:00,1.0,5.0,459.0,5.2,-2.0,11,automne,06h-09h,0,2.0,1,0
2021-11-25 09:00:00,1.0,5.0,452.0,3.5,-0.5,11,automne,09h-12h,0,1.0,1,0
2021-11-25 12:00:00,1.0,5.0,449.0,2.6,0.6,11,automne,12h-15h,0,1.0,0,0
2021-11-25 15:00:00,1.0,5.0,443.0,2.9,-0.3,11,automne,15h-18h,0,1.0,1,0
2021-11-25 18:00:00,1.0,5.0,416.0,2.6,-0.4,11,automne,18h-21h,0,1.0,1,0
2021-11-25 21:00:00,1.0,5.0,408.0,2.4,-1.0,11,automne,21h-24h,0,1.0,1,0
2021-11-26 00:00:00,1.0,4.0,383.0,3.0,-1.0,11,automne,00h-03h,0,1.0,1,0
2021-11-26 03:00:00,1.0,4.0,368.0,3.5,-1.5,11,automne,03h-06h,0,1.0,1,0
2021-11-26 06:00:00,1.0,4.0,355.0,4.2,-1.4,11,automne,06h-09h,0,1.0,1,0
2021-11-26 09:00:00,1.0,4.0,357.0,6.4,0.8,11,automne,09h-12h,0,1.0,0,0
2021-11-26 12:00:00,1.0,4.0,356.0,7.1,-0.4,11,automne,12h-15h,0,1.0,1,0
2021-11-26 15:00:00,2.0,4.0,354.0,13.9,3.1,11,automne,15h-18h,0,1.0,0,0
2021-11-26 18:00:00,0.0,4.0,350.0,9.1,4.8,11,automne,18h-21h,0,2.0,0,0
2021-11-26 21:00:00,1.0,4.0,348.0,7.8,5.1,11,automne,21h-24h,0,0.0,0,0
2021-11-27 00:00:00,0.0,5.0,347.0,6.5,3.6,11,automne,00h-03h,0,1.0,0,0
2021-11-27 03:00:00,0.0,5.0,346.0,5.9,1.0,11,automne,03h-06h,0,0.0,0,0
2021-11-27 06:00:00,1.0,5.0,339.0,4.1,-1.7,11,automne,06h-09h,0,0.0,1,0
2021-11-27 09:00:00,1.0,5.0,342.0,4.6,3.8,11,automne,09h-12h,0,1.0,0,0
2021-11-27 12:00:00,1.0,5.0,353.0,3.9,-3.2,11,automne,12h-15h,0,1.0,1,0
2021-11-27 15:00:00,1.0,5.0,335.0,4.7,-2.0,11,automne,15h-18h,0,1.0,1,0
2021-11-27 18:00:00,1.0,5.0,322.0,5.9,-2.3,11,automne,18h-21h,0,1.0,1,0
2021-11-27 21:00:00,3.0,5.0,300.0,7.4,2.6,11,automne,21h-24h,0,1.0,0,0
2021-11-28 00:00:00,3.0,9.0,378.0,24.9,1.5,11,automne,00h-03h,0,3.0,0,0
2021-11-28 03:00:00,3.0,9.0,394.0,16.6,7.4,11,automne,03h-06h,0,3.0,0,0
2021-11-28 06:00:00,2.0,9.0,390.0,20.8,8.3,11,automne,06h-09h,0,3.0,0,0
2021-11-28 09:00:00,2.0,9.0,381.0,17.1,0.3,11,automne,09h-12h,0,2.0,0,0
2021-11-28 12:00:00,1.0,9.0,367.0,7.9,7.6,11,automne,12h-15h,0,2.0,0,0
2021-11-28 15:00:00,1.0,9.0,364.0,6.1,6.8,11,automne,15h-18h,0,1.0,0,0
2021-11-28 18:00:00,2.0,9.0,343.0,9.8,4.5,11,automne,18h-21h,0,1.0,0,0
2021-11-28 21:00:00,3.0,9.0,371.0,12.0,-2.8,11,automne,21h-24h,0,2.0,1,0
2021-11-29 00:00:00,4.0,9.0,372.0,12.7,-4.3,11,automne,00h-03h,0,3.0,1,0
2021-11-29 03:00:00,4.0,9.0,372.0,5.4,-6.6,11,automne,03h-06h,0,4.0,1,0
2021-11-29 06:00:00,1.0,9.0,374.0,7.6,-1.7,11,automne,06h-09h,0,4.0,1,0
2021-11-29 09:00:00,1.0,9.0,368.0,6.2,-2.3,11,automne,09h-12h,0,1.0,1,0
2021-11-29 12:00:00,1.0,9.0,363.0,5.8,-1.4,11,automne,12h-15h,0,1.0,1,0
2021-11-29 15:00:00,1.0,9.0,354.0,6.1,-2.1,11,automne,15h-18h,0,1.0,1,0
2021-11-29 18:00:00,2.0,9.0,366.0,7.9,-1.5,11,automne,18h-21h,0,1.0,1,0
2021-11-29 21:00:00,1.0,9.0,353.0,7.9,-0.9,11,automne,21h-24h,0,2.0,1,0
2021-11-30 00:00:00,1.0,11.0,350.0,8.0,-0.5,11,automne,00h-03h,0,1.0,1,0
2021-11-30 03:00:00,0.0,11.0,353.0,11.0,1.0,11,automne,03h-06h,0,1.0,0,0
2021-11-30 06:00:00,1.0,11.0,345.0,10.3,-1.2,11,automne,06h-09h,0,0.0,1,0
2021-11-30 09:00:00,0.0,11.0,339.0,6.4,-0.3,11,automne,09h-12h,0,1.0,1,0
2021-11-30 12:00:00,1.0,11.0,338.0,7.5,-1.3,11,automne,12h-15h,0,0.0,1,0
2021-11-30 15:00:00,1.0,11.0,358.0,15.0,2.6,11,automne,15h-18h,0,1.0,0,0
2021-11-30 18:00:00,2.0,11.0,367.0,24.1,4.8,11,automne,18h-21h,0,1.0,0,0
2021-11-30 21:00:00,5.0,11.0,423.0,10.1,-5.7,11,automne,21h-24h,0,2.0,1,1
2021-12-01 00:00:00,4.0,18.0,459.0,8.6,2.0,12,hiver,00h-03h,0,5.0,0,0
2021-12-01 03:00:00,4.0,18.0,502.0,6.5,1.7,12,hiver,03h-06h,0,4.0,0,0
2021-12-01 06:00:00,3.0,18.0,512.0,3.8,-0.2,12,hiver,06h-09h,0,4.0,1,0
2021-12-01 09:00:00,2.0,18.0,533.0,3.6,-3.9,12,hiver,09h-12h,0,3.0,1,0
2021-12-01 12:00:00,3.0,18.0,501.0,4.3,-3.2,12,hiver,12h-15h,0,2.0,1,0
2021-12-01 15:00:00,3.0,18.0,485.0,2.5,-1.3,12,hiver,15h-18h,0,3.0,1,0
2021-12-01 18:00:00,3.0,18.0,513.0,2.8,-2.3,12,hiver,18h-21h,0,3.0,1,0
2021-12-01 21:00:00,4.0,18.0,517.0,2.8,0.2,12,hiver,21h-24h,0,3.0,0,0
2021-12-02 00:00:00,2.0,10.0,512.0,4.0,0.1,12,hiver,00h-03h,0,4.0,0,0
2021-12-02 03:00:00,2.0,10.0,517.0,3.5,0.0,12,hiver,03h-06h,0,2.0,0,0
2021-12-02 06:00:00,3.0,10.0,515.0,2.3,-3.4,12,hiver,06h-09h,0,2.0,1,0
2021-12-02 09:00:00,1.0,10.0,465.0,2.3,2.1,12,hiver,09h-12h,0,3.0,0,0
2021-12-02 12:00:00,2.0,10.0,502.0,2.8,0.4,12,hiver,12h-15h,0,1.0,0,0
2021-12-02 15:00:00,3.0,10.0,502.0,3.2,-3.8,12,hiver,15h-18h,0,2.0,1,0
2021-12-02 18:00:00,2.0,10.0,483.0,3.3,-0.8,12,hiver,18h-21h,0,3.0,1,0
2021-12-02 21:00:00,2.0,10.0,484.0,3.0,-0.4,12,hiver,21h-24h,0,2.0,1,0
2021-12-03 00:00:00,1.0,8.0,471.0,2.6,0.8,12,hiver,00h-03h,0,2.0,0,0
2021-12-03 03:00:00,1.0,8.0,455.0,2.7,1.0,12,hiver,03h-06h,0,1.0,0,0
2021-12-03 06:00:00,1.0,8.0,440.0,3.0,0.2,12,hiver,06h-09h,0,1.0,0,0
2021-12-03 09:00:00,2.0,8.0,427.0,3.6,-1.2,12,hiver,09h-12h,0,1.0,1,0
2021-12-03 12:00:00,3.0,8.0,442.0,8.3,-3.9,12,hiver,12h-15h,0,2.0,1,0
2021-12-03 15:00:00,3.0,8.0,449.0,9.6,-2.0,12,hiver,15h-18h,0,3.0,1,0
2021-12-03 18:00:00,3.0,8.0,437.0,6.6,-2.5,12,hiver,18h-21h,0,3.0,1,0
2021-12-03 21:00:00,2.0,8.0,425.0,4.6,-0.1,12,hiver,21h-24h,0,3.0,1,0
2021-12-04 00:00:00,3.0,9.0,474.0,5.2,2.9,12,hiver,00h-03h,0,2.0,0,0
2021-12-04 03:00:00,3.0,9.0,527.0,3.5,1.4,12,hiver,03h-06h,0,3.0,0,0
2021-12-04 06:00:00,3.0,9.0,506.0,2.5,-0.9,12,hiver,06h-09h,0,3.0,1,0
2021-12-04 09:00:00,1.0,9.0,470.0,2.2,-0.3,12,hiver,09h-12h,0,3.0,1,0
2021-12-04 12:00:00,1.0,9.0,448.0,2.2,-1.0,12,hiver,12h-15h,0,1.0,1,0
2021-12-04 15:00:00,1.0,9.0,429.0,2.3,-1.1,12,hiver,15h-18h,0,1.0,1,0
2021-12-04 18:00:00,2.0,9.0,500.0,3.8,2.1,12,hiver,18h-21h,0,1.0,0,0
2021-12-04 21:00:00,1.0,9.0,467.0,4.8,-0.6,12,hiver,21h-24h,0,2.0,1,0
2021-12-05 00:00:00,2.0,9.0,451.0,3.6,0.3,12,hiver,00h-03h,0,1.0,0,0
2021-12-05 03:00:00,2.0,9.0,433.0,3.3,-1.7,12,hiver,03h-06h,0,2.0,1,0
2021-12-05 06:00:00,1.0,9.0,423.0,3.5,-1.0,12,hiver,06h-09h,0,2.0,1,0
2021-12-05 09:00:00,1.0,9.0,412.0,2.7,-0.5,12,hiver,09h-12h,0,1.0,1,0
2021-12-05 12:00:00,1.0,9.0,464.0,3.4,-1.6,12,hiver,12h-15h,0,1.0,1,0
2021-12-05 15:00:00,3.0,9.0,468.0,3.0,-3.4,12,hiver,15h-18h,0,1.0,1,0
2021-12-05 18:00:00,3.0,9.0,462.0,3.4,-3.7,12,hiver,18h-21h,0,3.0,1,0
2021-12-05 21:00:00,3.0,9.0,448.0,2.6,-1.4,12,hiver,21h-24h,0,3.0,1,0
2021-12-06 00:00:00,2.0,7.0,505.0,3.5,0.9,12,hiver,00h-03h,0,3.0,0,0
2021-12-06 03:00:00,1.0,7.0,497.0,3.6,4.6,12,hiver,03h-06h,0,2.0,0,0
2021-12-06 06:00:00,2.0,7.0,467.0,3.0,-0.4,12,hiver,06h-09h,0,1.0,1,0
2021-12-06 09:00:00,1.0,7.0,457.0,3.2,-3.0,12,hiver,09h-12h,0,2.0,1,0
2021-12-06 12:00:00,2.0,7.0,479.0,3.3,-2.0,12,hiver,12h-15h,0,1.0,1,0
2021-12-06 15:00:00,3.0,7.0,478.0,3.7,-3.1,12,hiver,15h-18h,0,2.0,1,0
2021-12-06 18:00:00,2.0,7.0,490.0,5.3,0.1,12,hiver,18h-21h,0,3.0,0,0
2021-12-06 21:00:00,1.0,7.0,506.0,4.3,2.0,12,hiver,21h-24h,0,2.0,0,0
2021-12-07 00:00:00,3.0,5.0,505.0,3.8,-0.2,12,hiver,00h-03h,0,1.0,1,0
2021-12-07 03:00:00,1.0,5.0,488.0,4.0,-1.8,12,hiver,03h-06h,0,3.0,1,0
2021-12-07 06:00:00,1.0,5.0,480.0,2.5,2.5,12,hiver,06h-09h,0,1.0,0,0
2021-12-07 09:00:00,1.0,5.0,492.0,3.0,1.2,12,hiver,09h-12h,0,1.0,0,0
2021-12-07 12:00:00,1.0,5.0,504.0,2.9,1.9,12,hiver,12h-15h,0,1.0,0,0
2021-12-07 15:00:00,1.0,5.0,498.0,2.4,1.4,12,hiver,15h-18h,0,1.0,0,0
2021-12-07 18:00:00,1.0,5.0,466.0,2.5,0.0,12,hiver,18h-21h,0,1.0,0,0
2021-12-07 21:00:00,1.0,5.0,429.0,4.8,0.3,12,hiver,21h-24h,0,1.0,0,0
2021-12-08 00:00:00,1.0,5.0,418.0,5.6,-0.6,12,hiver,00h-03h,0,1.0,1,0
2021-12-08 03:00:00,1.0,5.0,437.0,4.1,0.3,12,hiver,03h-06h,0,1.0,0,0
2021-12-08 06:00:00,2.0,5.0,421.0,4.1,-0.9,12,hiver,06h-09h,0,1.0,1,0
2021-12-08 09:00:00,2.0,5.0,413.0,3.7,-1.5,12,hiver,09h-12h,0,2.0,1,0
2021-12-08 12:00:00,0.0,5.0,419.0,3.6,-1.2,12,hiver,12h-15h,0,2.0,1,0
2021-12-08 15:00:00,1.0,5.0,406.0,3.0,-2.1,12,hiver,15h-18h,0,0.0,1,0
2021-12-08 18:00:00,1.0,5.0,399.0,2.9,-1.5,12,hiver,18h-21h,0,1.0,1,0
2021-12-08 21:00:00,1.0,5.0,383.0,3.2,-0.8,12,hiver,21h-24h,0,1.0,1,0
2021-12-09 00:00:00,1.0,3.0,369.0,3.4,-1.3,12,hiver,00h-03h,0,1.0,1,0
2021-12-09 03:00:00,1.0,3.0,356.0,3.7,0.3,12,hiver,03h-06h,0,1.0,0,0
2021-12-09 06:00:00,0.0,3.0,363.0,4.8,-1.6,12,hiver,06h-09h,0,1.0,1,0
2021-12-09 09:00:00,0.0,3.0,351.0,5.1,-1.0,12,hiver,09h-12h,0,0.0,1,0
2021-12-09 12:00:00,1.0,3.0,360.0,5.4,-0.7,12,hiver,12h-15h,0,0.0,1,0
2021-12-09 15:00:00,1.0,3.0,355.0,5.2,-0.8,12,hiver,15h-18h,0,1.0,1,0
2021-12-09 18:00:00,0.0,3.0,349.0,5.6,1.2,12,hiver,18h-21h,0,1.0,0,0
2021-12-09 21:00:00,0.0,3.0,340.0,4.9,0.6,12,hiver,21h-24h,0,0.0,0,0
2021-12-10 00:00:00,0.0,4.0,322.0,6.2,-0.4,12,hiver,00h-03h,0,0.0,1,0
2021-12-10 03:00:00,1.0,4.0,333.0,9.6,-0.4,12,hiver,03h-06h,0,0.0,1,0
2021-12-10 06:00:00,1.0,4.0,323.0,8.3,0.1,12,hiver,06h-09h,0,1.0,0,0
2021-12-10 09:00:00,1.0,4.0,323.0,12.9,-1.0,12,hiver,09h-12h,0,1.0,1,0
2021-12-10 12:00:00,0.0,4.0,322.0,15.3,-2.5,12,hiver,12h-15h,0,1.0,1,0
2021-12-10 15:00:00,1.0,4.0,319.0,20.9,-0.2,12,hiver,15h-18h,0,0.0,1,0
2021-12-10 18:00:00,1.0,4.0,318.0,14.0,3.3,12,hiver,18h-21h,0,1.0,0,0
2021-12-10 21:00:00,2.0,4.0,9999.0,,,12,hiver,21h-24h,0,1.0,0,0
2021-12-11 00:00:00,2.0,5.0,9999.0,,,12,hiver,00h-03h,0,2.0,0,0
2021-12-11 03:00:00,3.0,5.0,9999.0,,,12,hiver,03h-06h,0,2.0,0,0
2021-12-11 06:00:00,1.0,5.0,9999.0,,,12,hiver,06h-09h,0,3.0,0,0
2021-12-11 09:00:00,0.0,5.0,9999.0,,,12,hiver,09h-12h,0,1.0,0,0
2021-12-11 12:00:00,0.0,5.0,9999.0,,,12,hiver,12h-15h,0,0.0,0,0
2021-12-11 15:00:00,0.0,5.0,9999.0,,3.4,12,hiver,15h-18h,0,0.0,0,0
2021-12-11 18:00:00,1.0,5.0,296.0,7.1,-0.8,12,hiver,18h-21h,0,0.0,1,0
2021-12-11 21:00:00,1.0,5.0,301.0,9.6,-1.1,12,hiver,21h-24h,0,1.0,1,0
2021-12-12 00:00:00,1.0,3.0,315.0,9.9,-0.8,12,hiver,00h-03h,0,1.0,1,0
2021-12-12 03:00:00,2.0,3.0,300.0,8.1,-2.0,12,hiver,03h-06h,0,1.0,1,0
2021-12-12 06:00:00,0.0,3.0,309.0,9.1,-0.1,12,hiver,06h-09h,0,2.0,1,0
2021-12-12 09:00:00,0.0,3.0,311.0,8.4,1.0,12,hiver,09h-12h,0,0.0,0,0
2021-12-12 12:00:00,0.0,3.0,303.0,8.7,0.2,12,hiver,12h-15h,0,0.0,0,0
2021-12-12 15:00:00,1.0,3.0,302.0,9.2,-1.2,12,hiver,15h-18h,0,0.0,1,0
2021-12-12 18:00:00,1.0,3.0,308.0,9.9,-3.0,12,hiver,18h-21h,0,1.0,1,0
2021-12-12 21:00:00,1.0,3.0,313.0,15.3,-1.1,12,hiver,21h-24h,0,1.0,1,0
2021-12-13 00:00:00,0.0,6.0,314.0,20.5,-0.2,12,hiver,00h-03h,0,1.0,1,0
2021-12-13 03:00:00,3.0,6.0,329.0,17.0,-2.2,12,hiver,03h-06h,0,0.0,1,0
2021-12-13 06:00:00,3.0,6.0,327.0,16.2,1.0,12,hiver,06h-09h,0,3.0,0,0
2021-12-13 09:00:00,2.0,6.0,329.0,10.5,3.1,12,hiver,09h-12h,0,3.0,0,0
2021-12-13 12:00:00,1.0,6.0,328.0,16.1,3.7,12,hiver,12h-15h,0,2.0,0,0
2021-12-13 15:00:00,0.0,6.0,321.0,14.4,4.5,12,hiver,15h-18h,0,1.0,0,0
2021-12-13 18:00:00,1.0,6.0,313.0,15.7,4.8,12,hiver,18h-21h,0,0.0,0,0
2021-12-13 21:00:00,1.0,6.0,306.0,16.0,3.7,12,hiver,21h-24h,0,1.0,0,0
2021-12-14 00:00:00,1.0,5.0,320.0,14.8,3.1,12,hiver,00h-03h,0,1.0,0,0
2021-12-14 03:00:00,1.0,5.0,322.0,15.9,1.3,12,hiver,03h-06h,0,1.0,0,0
2021-12-14 06:00:00,2.0,5.0,327.0,11.2,-2.0,12,hiver,06h-09h,0,1.0,1,0
2021-12-14 09:00:00,1.0,5.0,319.0,9.4,-0.3,12,hiver,09h-12h,0,2.0,1,0
2021-12-14 12:00:00,1.0,5.0,313.0,10.5,-1.4,12,hiver,12h-15h,0,1.0,1,0
2021-12-14 15:00:00,1.0,5.0,317.0,11.1,-2.4,12,hiver,15h-18h,0,1.0,1,0
2021-12-14 18:00:00,1.0,5.0,318.0,11.2,-2.5,12,hiver,18h-21h,0,1.0,1,0
2021-12-14 21:00:00,1.0,5.0,9999.0,,0.1,12,hiver,21h-24h,0,1.0,0,0
2021-12-15 00:00:00,1.0,9.0,9999.0,,-1.2,12,hiver,00h-03h,0,1.0,1,0
2021-12-15 03:00:00,2.0,9.0,9999.0,,2.3,12,hiver,03h-06h,0,1.0,0,0
2021-12-15 06:00:00,2.0,9.0,9999.0,,8.1,12,hiver,06h-09h,0,2.0,0,0
2021-12-15 09:00:00,3.0,9.0,9999.0,,-1.4,12,hiver,09h-12h,0,2.0,1,0
2021-12-15 12:00:00,2.0,9.0,9999.0,,2.0,12,hiver,12h-15h,0,3.0,0,0
2021-12-15 15:00:00,3.0,9.0,542.0,8.7,1.3,12,hiver,15h-18h,0,2.0,0,0
2021-12-15 18:00:00,2.0,9.0,534.0,6.8,2.5,12,hiver,18h-21h,0,3.0,0,0
2021-12-15 21:00:00,2.0,9.0,529.0,6.9,1.0,12,hiver,21h-24h,0,2.0,0,0
2021-12-16 00:00:00,2.0,8.0,521.0,5.0,-1.3,12,hiver,00h-03h,0,2.0,1,0
2021-12-16 03:00:00,3.0,8.0,546.0,5.3,-1.2,12,hiver,03h-06h,0,2.0,1,0
2021-12-16 06:00:00,3.0,8.0,534.0,5.0,-1.9,12,hiver,06h-09h,0,3.0,1,0
2021-12-16 09:00:00,2.0,8.0,537.0,5.0,-2.0,12,hiver,09h-12h,0,3.0,1,0
2021-12-16 12:00:00,1.0,8.0,538.0,4.4,3.4,12,hiver,12h-15h,0,2.0,0,0
2021-12-16 15:00:00,1.0,8.0,9999.0,,2.8,12,hiver,15h-18h,0,1.0,0,0
2021-12-16 18:00:00,2.0,8.0,487.0,4.5,-0.6,12,hiver,18h-21h,0,1.0,1,0
2021-12-16 21:00:00,2.0,8.0,459.0,4.3,0.1,12,hiver,21h-24h,0,2.0,0,0
2021-12-17 00:00:00,2.0,3.0,452.0,3.9,1.1,12,hiver,00h-03h,0,2.0,0,0
2021-12-17 03:00:00,1.0,3.0,418.0,4.1,-0.6,12,hiver,03h-06h,0,2.0,1,0
2021-12-17 06:00:00,1.0,3.0,394.0,4.0,0.5,12,hiver,06h-09h,0,1.0,0,0
2021-12-17 09:00:00,0.0,3.0,385.0,4.3,-0.0,12,hiver,09h-12h,0,1.0,0,0
2021-12-17 12:00:00,1.0,3.0,385.0,5.4,-0.2,12,hiver,12h-15h,0,0.0,1,0
2021-12-17 15:00:00,1.0,3.0,371.0,5.5,1.5,12,hiver,15h-18h,0,1.0,0,0
2021-12-17 18:00:00,0.0,3.0,364.0,5.3,0.9,12,hiver,18h-21h,0,1.0,0,0
2021-12-17 21:00:00,0.0,3.0,368.0,5.7,-0.6,12,hiver,21h-24h,0,0.0,1,0
2021-12-18 00:00:00,1.0,4.0,355.0,7.2,0.2,12,hiver,00h-03h,0,0.0,0,0
2021-12-18 03:00:00,1.0,4.0,352.0,6.4,1.1,12,hiver,03h-06h,0,1.0,0,0
2021-12-18 06:00:00,0.0,4.0,346.0,6.3,1.0,12,hiver,06h-09h,0,1.0,0,0
2021-12-18 09:00:00,1.0,4.0,331.0,6.8,-0.5,12,hiver,09h-12h,0,0.0,1,0
2021-12-18 12:00:00,1.0,4.0,352.0,5.8,-1.1,12,hiver,12h-15h,0,1.0,1,0
2021-12-18 15:00:00,1.0,4.0,353.0,8.0,-1.6,12,hiver,15h-18h,0,1.0,1,0
2021-12-18 18:00:00,2.0,4.0,355.0,8.7,0.5,12,hiver,18h-21h,0,1.0,0,0
2021-12-18 21:00:00,1.0,4.0,349.0,7.9,-0.6,12,hiver,21h-24h,0,2.0,1,0
2021-12-19 00:00:00,0.0,12.0,350.0,9.4,2.0,12,hiver,00h-03h,0,1.0,0,0
2021-12-19 03:00:00,0.0,12.0,328.0,5.9,-0.2,12,hiver,03h-06h,0,0.0,1,0
2021-12-19 06:00:00,0.0,12.0,333.0,8.2,0.5,12,hiver,06h-09h,0,0.0,0,0
2021-12-19 09:00:00,0.0,12.0,325.0,7.0,0.7,12,hiver,09h-12h,0,0.0,0,0
2021-12-19 12:00:00,2.0,12.0,339.0,7.5,-1.6,12,hiver,12h-15h,0,0.0,1,0
2021-12-19 15:00:00,4.0,12.0,403.0,25.2,6.2,12,hiver,15h-18h,0,2.0,0,0
2021-12-19 18:00:00,4.0,12.0,407.0,24.6,-12.3,12,hiver,18h-21h,0,4.0,1,0
2021-12-19 21:00:00,5.0,12.0,424.0,9.3,-5.2,12,hiver,21h-24h,0,4.0,1,1
2021-12-21 00:00:00,4.0,10.0,679.0,1.4,0.9,12,hiver,00h-03h,0,5.0,0,0
2021-12-21 03:00:00,2.0,10.0,661.0,1.2,1.7,12,hiver,03h-06h,0,4.0,0,0
2021-12-21 06:00:00,2.0,10.0,676.0,1.2,-1.9,12,hiver,06h-09h,0,2.0,1,0
2021-12-21 09:00:00,1.0,10.0,659.0,1.2,1.0,12,hiver,09h-12h,0,2.0,0,0
2021-12-21 12:00:00,2.0,10.0,9999.0,,,12,hiver,12h-15h,0,1.0,0,0
2021-12-21 15:00:00,2.0,10.0,9999.0,,,12,hiver,15h-18h,0,2.0,0,0
2021-12-21 18:00:00,3.0,10.0,9999.0,,,12,hiver,18h-21h,0,2.0,0,0
2021-12-21 21:00:00,1.0,10.0,587.0,1.6,3.0,12,hiver,21h-24h,0,3.0,0,0
2021-12-22 00:00:00,2.0,11.0,587.0,1.5,-0.2,12,hiver,00h-03h,0,1.0,1,0
2021-12-22 03:00:00,3.0,11.0,592.0,1.6,0.9,12,hiver,03h-06h,0,2.0,0,0
2021-12-22 06:00:00,3.0,11.0,594.0,1.4,-0.7,12,hiver,06h-09h,0,3.0,1,0
2021-12-22 09:00:00,2.0,11.0,9999.0,,,12,hiver,09h-12h,0,3.0,0,0
2021-12-22 12:00:00,3.0,11.0,597.0,1.2,-1.9,12,hiver,12h-15h,0,2.0,1,0
2021-12-22 15:00:00,2.0,11.0,585.0,1.2,1.8,12,hiver,15h-18h,0,3.0,0,0
2021-12-22 18:00:00,3.0,11.0,564.0,1.2,-0.9,12,hiver,18h-21h,0,2.0,1,0
2021-12-22 21:00:00,1.0,11.0,563.0,1.1,-0.3,12,hiver,21h-24h,0,3.0,1,0
2021-12-23 00:00:00,2.0,4.0,563.0,1.1,-0.2,12,hiver,00h-03h,0,1.0,1,0
2021-12-23 03:00:00,1.0,4.0,599.0,1.2,1.9,12,hiver,03h-06h,0,2.0,0,0
2021-12-23 06:00:00,0.0,4.0,550.0,1.3,1.8,12,hiver,06h-09h,0,1.0,0,0
2021-12-23 09:00:00,1.0,4.0,543.0,1.4,1.2,12,hiver,09h-12h,0,0.0,0,0
2021-12-23 12:00:00,0.0,4.0,497.0,1.8,0.3,12,hiver,12h-15h,0,1.0,0,0
2021-12-23 15:00:00,1.0,4.0,494.0,1.8,1.2,12,hiver,15h-18h,0,0.0,0,0
2021-12-23 18:00:00,2.0,4.0,499.0,2.1,-1.7,12,hiver,18h-21h,0,1.0,1,0
2021-12-23 21:00:00,1.0,4.0,491.0,2.1,0.7,12,hiver,21h-24h,0,2.0,0,0
2021-12-24 00:00:00,1.0,5.0,466.0,2.4,0.7,12,hiver,00h-03h,0,1.0,0,0
2021-12-24 03:00:00,1.0,5.0,465.0,2.6,-0.5,12,hiver,03h-06h,0,1.0,1,0
2021-12-24 06:00:00,1.0,5.0,455.0,2.7,0.3,12,hiver,06h-09h,0,1.0,0,0
2021-12-24 09:00:00,2.0,5.0,433.0,3.2,0.4,12,hiver,09h-12h,0,1.0,0,0
2021-12-24 12:00:00,1.0,5.0,411.0,2.5,1.3,12,hiver,12h-15h,0,2.0,0,0
2021-12-24 15:00:00,1.0,5.0,406.0,3.2,-0.8,12,hiver,15h-18h,0,1.0,1,0
2021-12-24 18:00:00,1.0,5.0,417.0,3.1,-0.5,12,hiver,18h-21h,0,1.0,1,0
2021-12-24 21:00:00,2.0,5.0,412.0,3.4,-2.5,12,hiver,21h-24h,0,1.0,1,0
2021-12-25 00:00:00,2.0,7.0,421.0,3.8,0.5,12,hiver,00h-03h,0,2.0,0,0
2021-12-25 03:00:00,1.0,7.0,413.0,3.3,0.9,12,hiver,03h-06h,0,2.0,0,0
2021-12-25 06:00:00,3.0,7.0,437.0,3.2,-0.0,12,hiver,06h-09h,0,1.0,0,0
2021-12-25 09:00:00,2.0,7.0,463.0,5.4,-3.7,12,hiver,09h-12h,0,3.0,1,0
2021-12-25 12:00:00,2.0,7.0,446.0,3.8,-1.6,12,hiver,12h-15h,0,2.0,1,0
2021-12-25 15:00:00,2.0,7.0,439.0,2.7,-2.8,12,hiver,15h-18h,0,2.0,1,0
2021-12-25 18:00:00,2.0,7.0,426.0,1.4,-1.9,12,hiver,18h-21h,0,2.0,1,0
2021-12-25 21:00:00,1.0,7.0,417.0,1.4,-2.3,12,hiver,21h-24h,0,2.0,1,0
2021-12-26 00:00:00,1.0,3.0,403.0,1.4,-1.2,12,hiver,00h-03h,0,1.0,1,0
2021-12-26 03:00:00,0.0,3.0,388.0,1.3,-1.6,12,hiver,03h-06h,0,1.0,1,0
2021-12-26 06:00:00,0.0,3.0,390.0,3.1,2.6,12,hiver,06h-09h,0,0.0,0,0
2021-12-26 09:00:00,1.0,3.0,374.0,4.1,-1.8,12,hiver,09h-12h,0,0.0,1,0
2021-12-26 12:00:00,0.0,3.0,362.0,4.3,0.1,12,hiver,12h-15h,0,1.0,0,0
2021-12-26 15:00:00,0.0,3.0,357.0,5.0,1.2,12,hiver,15h-18h,0,0.0,0,0
2021-12-26 18:00:00,1.0,3.0,355.0,5.1,-1.7,12,hiver,18h-21h,0,0.0,1,0
2021-12-26 21:00:00,1.0,3.0,324.0,5.3,-1.9,12,hiver,21h-24h,0,1.0,1,0
2021-12-27 00:00:00,2.0,10.0,337.0,5.6,-3.5,12,hiver,00h-03h,0,1.0,1,0
2021-12-27 03:00:00,1.0,10.0,314.0,6.8,-0.5,12,hiver,03h-06h,0,2.0,1,0
2021-12-27 06:00:00,2.0,10.0,323.0,7.7,-2.6,12,hiver,06h-09h,0,1.0,1,0
2021-12-27 09:00:00,2.0,10.0,337.0,10.0,-4.4,12,hiver,09h-12h,0,2.0,1,0
2021-12-27 12:00:00,4.0,10.0,366.0,29.5,-6.1,12,hiver,12h-15h,0,2.0,1,0
2021-12-27 15:00:00,3.0,10.0,390.0,17.0,6.6,12,hiver,15h-18h,0,4.0,0,0
2021-12-27 18:00:00,2.0,10.0,417.0,2.6,2.5,12,hiver,18h-21h,0,3.0,0,0
2021-12-27 21:00:00,1.0,10.0,409.0,3.9,3.3,12,hiver,21h-24h,0,2.0,0,0
2021-12-28 00:00:00,2.0,9.0,410.0,4.5,-0.3,12,hiver,00h-03h,0,1.0,1,0
2021-12-28 03:00:00,3.0,9.0,414.0,3.7,-3.0,12,hiver,03h-06h,0,2.0,1,0
2021-12-28 06:00:00,3.0,9.0,405.0,2.5,-1.7,12,hiver,06h-09h,0,3.0,1,0
2021-12-28 09:00:00,2.0,9.0,439.0,1.9,-0.3,12,hiver,09h-12h,0,3.0,1,0
2021-12-28 12:00:00,1.0,9.0,389.0,1.8,-1.4,12,hiver,12h-15h,0,2.0,1,0
2021-12-28 15:00:00,3.0,9.0,407.0,1.4,-2.0,12,hiver,15h-18h,0,1.0,1,0
2021-12-28 18:00:00,2.0,9.0,405.0,2.6,1.0,12,hiver,18h-21h,0,3.0,0,0
2021-12-28 21:00:00,1.0,9.0,404.0,2.1,-0.2,12,hiver,21h-24h,0,2.0,1,0
2021-12-29 00:00:00,1.0,7.0,412.0,1.9,-1.5,12,hiver,00h-03h,0,1.0,1,0
2021-12-29 03:00:00,2.0,7.0,404.0,2.9,-2.6,12,hiver,03h-06h,0,1.0,1,0
2021-12-29 06:00:00,1.0,7.0,390.0,3.5,-2.2,12,hiver,06h-09h,0,2.0,1,0
2021-12-29 09:00:00,2.0,7.0,385.0,5.0,0.7,12,hiver,09h-12h,0,1.0,0,0
2021-12-29 12:00:00,2.0,7.0,387.0,5.9,-2.4,12,hiver,12h-15h,0,2.0,1,0
2021-12-29 15:00:00,2.0,7.0,366.0,8.9,-1.8,12,hiver,15h-18h,0,2.0,1,0
2021-12-29 18:00:00,2.0,7.0,357.0,14.9,-0.1,12,hiver,18h-21h,0,2.0,1,0
2021-12-29 21:00:00,3.0,7.0,9999.0,,,12,hiver,21h-24h,0,2.0,0,0
2021-12-30 00:00:00,3.0,8.0,9999.0,,,12,hiver,00h-03h,0,3.0,0,0
2021-12-30 03:00:00,2.0,8.0,400.0,9.5,0.6,12,hiver,03h-06h,0,3.0,0,0
2021-12-30 06:00:00,1.0,8.0,403.0,10.5,-0.0,12,hiver,06h-09h,0,2.0,0,0
2021-12-30 09:00:00,3.0,8.0,403.0,5.6,-5.6,12,hiver,09h-12h,0,1.0,1,0
2021-12-30 12:00:00,2.0,8.0,427.0,6.1,-1.7,12,hiver,12h-15h,0,3.0,1,0
2021-12-30 15:00:00,1.0,8.0,462.0,2.4,0.3,12,hiver,15h-18h,0,2.0,0,0
2021-12-30 18:00:00,2.0,8.0,428.0,2.6,-0.1,12,hiver,18h-21h,0,1.0,1,0
2021-12-30 21:00:00,1.0,8.0,449.0,4.1,-0.0,12,hiver,21h-24h,0,2.0,0,0
2021-12-31 00:00:00,0.0,2.0,454.0,4.5,1.3,12,hiver,00h-03h,0,1.0,0,0
2021-12-31 03:00:00,1.0,2.0,434.0,4.6,0.2,12,hiver,03h-06h,0,0.0,0,0
2021-12-31 06:00:00,1.0,2.0,440.0,4.8,-1.2,12,hiver,06h-09h,0,1.0,1,0
2021-12-31 09:00:00,1.0,2.0,437.0,4.7,0.4,12,hiver,09h-12h,0,1.0,0,0
2021-12-31 12:00:00,1.0,2.0,427.0,5.3,2.5,12,hiver,12h-15h,0,1.0,0,0
2021-12-31 15:00:00,2.0,2.0,415.0,6.1,-0.5,12,hiver,15h-18h,0,1.0,1,0
2021-12-31 18:00:00,1.0,2.0,426.0,7.5,2.9,12,hiver,18h-21h,0,2.0,0,0
2021-12-31 21:00:00,1.0,2.0,423.0,8.6,3.7,12,hiver,21h-24h,0,1.0,0,0
2022-01-01 00:00:00,2.0,11.0,389.0,5.4,-4.0,1,hiver,00h-03h,0,1.0,1,0
2022-01-01 03:00:00,4.0,11.0,466.0,2.7,-8.4,1,hiver,03h-06h,0,2.0,1,0
2022-01-01 06:00:00,3.0,11.0,453.0,2.2,-0.2,1,hiver,06h-09h,0,4.0,1,0
2022-01-01 09:00:00,2.0,11.0,507.0,1.4,4.5,1,hiver,09h-12h,0,3.0,0,0
2022-01-01 12:00:00,2.0,11.0,568.0,1.2,0.9,1,hiver,12h-15h,0,2.0,0,0
2022-01-01 15:00:00,3.0,11.0,567.0,1.3,-0.2,1,hiver,15h-18h,0,2.0,1,0
2022-01-01 18:00:00,3.0,11.0,536.0,1.6,-1.0,1,hiver,18h-21h,0,3.0,1,0
2022-01-01 21:00:00,2.0,11.0,560.0,1.8,2.5,1,hiver,21h-24h,0,3.0,0,0
2022-01-02 00:00:00,3.0,10.0,582.0,1.8,1.2,1,hiver,00h-03h,0,2.0,0,0
2022-01-02 03:00:00,2.0,10.0,546.0,1.8,2.4,1,hiver,03h-06h,0,3.0,0,0
2022-01-02 06:00:00,1.0,10.0,515.0,2.3,0.5,1,hiver,06h-09h,0,2.0,0,0
2022-01-02 09:00:00,2.0,10.0,513.0,2.1,0.0,1,hiver,09h-12h,0,1.0,0,0
2022-01-02 12:00:00,1.0,10.0,503.0,2.1,-0.6,1,hiver,12h-15h,0,2.0,1,0
2022-01-02 15:00:00,3.0,10.0,486.0,1.8,-1.4,1,hiver,15h-18h,0,1.0,1,0
2022-01-02 18:00:00,2.0,10.0,464.0,2.0,-2.4,1,hiver,18h-21h,0,3.0,1,0
2022-01-02 21:00:00,3.0,10.0,496.0,2.7,-1.7,1,hiver,21h-24h,0,2.0,1,0
2022-01-03 00:00:00,2.0,12.0,506.0,4.0,0.5,1,hiver,00h-03h,0,3.0,0,0
2022-01-03 03:00:00,4.0,12.0,526.0,3.4,-1.9,1,hiver,03h-06h,0,2.0,1,0
2022-01-03 06:00:00,4.0,12.0,601.0,2.3,-4.5,1,hiver,06h-09h,0,4.0,1,0
2022-01-03 09:00:00,3.0,12.0,540.0,4.9,-2.8,1,hiver,09h-12h,0,4.0,1,0
2022-01-03 12:00:00,2.0,12.0,525.0,4.3,3.6,1,hiver,12h-15h,0,3.0,0,0
2022-01-03 15:00:00,2.0,12.0,503.0,2.9,1.3,1,hiver,15h-18h,0,2.0,0,0
2022-01-03 18:00:00,1.0,12.0,490.0,2.7,-1.2,1,hiver,18h-21h,0,2.0,1,0
2022-01-03 21:00:00,2.0,12.0,477.0,2.8,0.9,1,hiver,21h-24h,0,1.0,0,0
2022-01-04 00:00:00,3.0,6.0,496.0,2.3,-0.4,1,hiver,00h-03h,0,2.0,1,0
2022-01-04 03:00:00,3.0,6.0,491.0,2.7,-0.7,1,hiver,03h-06h,0,3.0,1,0
2022-01-04 06:00:00,1.0,6.0,446.0,3.2,-0.2,1,hiver,06h-09h,0,3.0,1,0
2022-01-04 09:00:00,2.0,6.0,448.0,3.0,0.0,1,hiver,09h-12h,0,1.0,0,0
2022-01-04 12:00:00,1.0,6.0,433.0,3.3,0.1,1,hiver,12h-15h,0,2.0,0,0
2022-01-04 15:00:00,0.0,6.0,412.0,2.2,0.1,1,hiver,15h-18h,0,1.0,0,0
2022-01-04 18:00:00,0.0,6.0,393.0,2.3,0.5,1,hiver,18h-21h,0,0.0,0,0
2022-01-04 21:00:00,1.0,6.0,388.0,2.1,2.1,1,hiver,21h-24h,0,0.0,0,0
2022-01-05 00:00:00,1.0,3.0,383.0,2.5,0.9,1,hiver,00h-03h,0,1.0,0,0
2022-01-05 03:00:00,2.0,3.0,393.0,3.5,-0.6,1,hiver,03h-06h,0,1.0,1,0
2022-01-05 06:00:00,0.0,3.0,392.0,3.8,4.0,1,hiver,06h-09h,0,2.0,0,0
2022-01-05 09:00:00,0.0,3.0,387.0,2.8,3.7,1,hiver,09h-12h,0,0.0,0,0
2022-01-05 12:00:00,1.0,3.0,397.0,2.9,-2.1,1,hiver,12h-15h,0,0.0,1,0
2022-01-05 15:00:00,2.0,3.0,354.0,2.1,-0.9,1,hiver,15h-18h,0,1.0,1,0
2022-01-05 18:00:00,0.0,3.0,381.0,3.0,1.4,1,hiver,18h-21h,0,2.0,0,0
2022-01-05 21:00:00,0.0,3.0,370.0,2.4,1.3,1,hiver,21h-24h,0,0.0,0,0
2022-01-06 00:00:00,0.0,2.0,377.0,3.1,1.5,1,hiver,00h-03h,0,0.0,0,0
2022-01-06 03:00:00,0.0,2.0,353.0,2.7,1.6,1,hiver,03h-06h,0,0.0,0,0
2022-01-06 06:00:00,0.0,2.0,368.0,2.4,1.6,1,hiver,06h-09h,0,0.0,0,0
2022-01-06 09:00:00,0.0,2.0,358.0,4.0,2.0,1,hiver,09h-12h,0,0.0,0,0
2022-01-06 12:00:00,0.0,2.0,351.0,4.2,2.4,1,hiver,12h-15h,0,0.0,0,0
2022-01-06 15:00:00,0.0,2.0,351.0,3.6,1.8,1,hiver,15h-18h,0,0.0,0,0
2022-01-06 18:00:00,1.0,2.0,349.0,2.4,-0.6,1,hiver,18h-21h,0,0.0,1,0
2022-01-06 21:00:00,0.0,2.0,341.0,1.9,1.1,1,hiver,21h-24h,0,1.0,0,0
2022-01-07 00:00:00,0.0,2.0,326.0,2.1,0.9,1,hiver,00h-03h,0,0.0,0,0
2022-01-07 03:00:00,0.0,2.0,314.0,2.4,0.9,1,hiver,03h-06h,0,0.0,0,0
2022-01-07 06:00:00,0.0,2.0,317.0,2.6,-0.2,1,hiver,06h-09h,0,0.0,1,0
2022-01-07 09:00:00,0.0,2.0,318.0,2.8,1.4,1,hiver,09h-12h,0,0.0,0,0
2022-01-07 12:00:00,0.0,2.0,316.0,4.3,1.2,1,hiver,12h-15h,0,0.0,0,0
2022-01-07 15:00:00,0.0,2.0,314.0,4.3,0.6,1,hiver,15h-18h,0,0.0,0,0
2022-01-07 18:00:00,0.0,2.0,300.0,2.7,0.6,1,hiver,18h-21h,0,0.0,0,0
2022-01-07 21:00:00,0.0,2.0,298.0,3.4,0.5,1,hiver,21h-24h,0,0.0,0,0
2022-01-08 00:00:00,0.0,14.0,293.0,4.2,1.1,1,hiver,00h-03h,0,0.0,0,0
2022-01-08 03:00:00,0.0,14.0,292.0,5.2,1.0,1,hiver,03h-06h,0,0.0,0,0
2022-01-08 06:00:00,1.0,14.0,297.0,7.5,-0.7,1,hiver,06h-09h,0,0.0,1,0
2022-01-08 09:00:00,1.0,14.0,302.0,12.5,-0.6,1,hiver,09h-12h,0,1.0,1,0
2022-01-08 12:00:00,1.0,14.0,309.0,19.5,-2.6,1,hiver,12h-15h,0,1.0,1,0
2022-01-08 15:00:00,2.0,14.0,303.0,21.9,-2.5,1,hiver,15h-18h,0,1.0,1,0
2022-01-08 18:00:00,5.0,14.0,336.0,27.5,-1.1,1,hiver,18h-21h,0,2.0,1,1
2022-01-08 21:00:00,5.0,14.0,377.0,45.2,-5.7,1,hiver,21h-24h,0,5.0,1,1
2022-01-09 00:00:00,3.0,10.0,414.0,20.4,5.7,1,hiver,00h-03h,0,5.0,0,0
2022-01-09 03:00:00,3.0,10.0,431.0,8.9,4.8,1,hiver,03h-06h,0,3.0,0,0
2022-01-09 06:00:00,2.0,10.0,455.0,11.6,1.2,1,hiver,06h-09h,0,3.0,0,0
2022-01-09 09:00:00,1.0,10.0,520.0,2.7,-0.3,1,hiver,09h-12h,0,2.0,1,0
2022-01-09 12:00:00,2.0,10.0,514.0,2.2,-0.8,1,hiver,12h-15h,0,1.0,1,0
2022-01-09 15:00:00,1.0,10.0,453.0,3.3,-0.6,1,hiver,15h-18h,0,2.0,1,0
2022-01-09 18:00:00,2.0,10.0,448.0,3.5,-0.9,1,hiver,18h-21h,0,1.0,1,0
2022-01-09 21:00:00,3.0,10.0,454.0,4.4,-1.3,1,hiver,21h-24h,0,2.0,1,0
2022-01-10 00:00:00,3.0,6.0,449.0,6.2,-2.1,1,hiver,00h-03h,0,3.0,1,0
2022-01-10 03:00:00,2.0,6.0,439.0,6.5,2.2,1,hiver,03h-06h,0,3.0,0,0
2022-01-10 06:00:00,1.0,6.0,419.0,5.5,1.8,1,hiver,06h-09h,0,2.0,0,0
2022-01-10 09:00:00,0.0,6.0,439.0,2.7,-0.0,1,hiver,09h-12h,0,1.0,0,0
2022-01-10 12:00:00,1.0,6.0,421.0,3.0,-1.4,1,hiver,12h-15h,0,0.0,1,0
2022-01-10 15:00:00,2.0,6.0,413.0,3.2,-1.6,1,hiver,15h-18h,0,1.0,1,0
2022-01-10 18:00:00,2.0,6.0,414.0,3.6,-2.8,1,hiver,18h-21h,0,2.0,1,0
2022-01-10 21:00:00,2.0,6.0,400.0,4.8,-2.2,1,hiver,21h-24h,0,2.0,1,0
2022-01-11 00:00:00,1.0,5.0,393.0,5.8,-1.2,1,hiver,00h-03h,0,2.0,1,0
2022-01-11 03:00:00,2.0,5.0,396.0,7.3,-2.8,1,hiver,03h-06h,0,1.0,1,0
2022-01-11 06:00:00,1.0,5.0,398.0,5.1,-0.6,1,hiver,06h-09h,0,2.0,1,0
2022-01-11 09:00:00,1.0,5.0,386.0,6.7,1.6,1,hiver,09h-12h,0,1.0,0,0
2022-01-11 12:00:00,2.0,5.0,386.0,6.8,0.6,1,hiver,12h-15h,0,1.0,0,0
2022-01-11 15:00:00,2.0,5.0,401.0,6.8,-2.5,1,hiver,15h-18h,0,2.0,1,0
2022-01-11 18:00:00,1.0,5.0,371.0,4.4,2.4,1,hiver,18h-21h,0,2.0,0,0
2022-01-11 21:00:00,0.0,5.0,361.0,3.8,2.0,1,hiver,21h-24h,0,1.0,0,0
2022-01-12 00:00:00,1.0,4.0,357.0,6.3,1.2,1,hiver,00h-03h,0,0.0,0,0
2022-01-12 03:00:00,1.0,4.0,363.0,7.7,2.9,1,hiver,03h-06h,0,1.0,0,0
2022-01-12 06:00:00,1.0,4.0,366.0,7.4,3.1,1,hiver,06h-09h,0,1.0,0,0
2022-01-12 09:00:00,0.0,4.0,377.0,7.6,3.4,1,hiver,09h-12h,0,1.0,0,0
2022-01-12 12:00:00,1.0,4.0,357.0,5.8,1.7,1,hiver,12h-15h,0,0.0,0,0
2022-01-12 15:00:00,1.0,4.0,386.0,4.2,-0.1,1,hiver,15h-18h,0,1.0,1,0
2022-01-12 18:00:00,1.0,4.0,370.0,3.8,1.3,1,hiver,18h-21h,0,1.0,0,0
2022-01-12 21:00:00,1.0,4.0,382.0,4.9,1.6,1,hiver,21h-24h,0,1.0,0,0
2022-01-13 00:00:00,1.0,3.0,381.0,5.6,1.4,1,hiver,00h-03h,0,1.0,0,0
2022-01-13 03:00:00,0.0,3.0,354.0,3.6,4.2,1,hiver,03h-06h,0,1.0,0,0
2022-01-13 06:00:00,0.0,3.0,342.0,2.9,2.7,1,hiver,06h-09h,0,0.0,0,0
2022-01-13 09:00:00,1.0,3.0,334.0,1.9,2.9,1,hiver,09h-12h,0,0.0,0,0
2022-01-13 12:00:00,0.0,3.0,344.0,2.7,1.2,1,hiver,12h-15h,0,1.0,0,0
2022-01-13 15:00:00,0.0,3.0,339.0,3.3,1.2,1,hiver,15h-18h,0,0.0,0,0
2022-01-13 18:00:00,1.0,3.0,328.0,3.7,-2.6,1,hiver,18h-21h,0,0.0,1,0
2022-01-13 21:00:00,1.0,3.0,346.0,5.4,3.1,1,hiver,21h-24h,0,1.0,0,0
2022-01-14 00:00:00,0.0,15.0,353.0,3.7,5.4,1,hiver,00h-03h,0,1.0,0,0
2022-01-14 03:00:00,0.0,15.0,344.0,4.0,1.9,1,hiver,03h-06h,0,0.0,0,0
2022-01-14 06:00:00,1.0,15.0,348.0,6.1,-1.4,1,hiver,06h-09h,0,0.0,1,0
2022-01-14 09:00:00,1.0,15.0,346.0,7.1,8.1,1,hiver,09h-12h,0,1.0,0,0
2022-01-14 12:00:00,1.0,15.0,353.0,7.9,3.3,1,hiver,12h-15h,0,1.0,0,0
2022-01-14 15:00:00,3.0,15.0,359.0,13.4,-3.3,1,hiver,15h-18h,0,1.0,1,0
2022-01-14 18:00:00,4.0,15.0,373.0,12.3,-12.0,1,hiver,18h-21h,0,3.0,1,0
2022-01-14 21:00:00,6.0,15.0,368.0,16.3,-13.8,1,hiver,21h-24h,0,4.0,1,1
2022-01-15 00:00:00,5.0,22.0,425.0,11.3,-4.3,1,hiver,00h-03h,0,6.0,1,1
2022-01-15 03:00:00,3.0,22.0,466.0,9.8,-3.9,1,hiver,03h-06h,0,5.0,1,0
2022-01-15 06:00:00,3.0,22.0,463.0,9.4,-0.4,1,hiver,06h-09h,0,3.0,1,0
2022-01-15 09:00:00,2.0,22.0,439.0,8.5,0.4,1,hiver,09h-12h,0,3.0,0,0
2022-01-15 12:00:00,3.0,22.0,446.0,10.9,-0.5,1,hiver,12h-15h,0,2.0,1,0
2022-01-15 15:00:00,3.0,22.0,519.0,7.1,2.0,1,hiver,15h-18h,0,3.0,0,0
2022-01-15 18:00:00,4.0,22.0,555.0,7.2,-1.5,1,hiver,18h-21h,0,3.0,1,0
2022-01-15 21:00:00,5.0,22.0,564.0,5.0,-4.4,1,hiver,21h-24h,0,4.0,1,1
2022-01-16 00:00:00,5.0,19.0,577.0,4.8,-1.2,1,hiver,00h-03h,0,5.0,1,1
2022-01-16 03:00:00,3.0,19.0,620.0,2.4,1.8,1,hiver,03h-06h,0,5.0,0,0
2022-01-16 06:00:00,3.0,19.0,568.0,2.5,1.5,1,hiver,06h-09h,0,3.0,0,0
2022-01-16 09:00:00,2.0,19.0,545.0,3.8,-1.0,1,hiver,09h-12h,0,3.0,1,0
2022-01-16 12:00:00,3.0,19.0,532.0,4.0,-1.8,1,hiver,12h-15h,0,2.0,1,0
2022-01-16 15:00:00,3.0,19.0,548.0,4.8,0.3,1,hiver,15h-18h,0,3.0,0,0
2022-01-16 18:00:00,4.0,19.0,540.0,3.8,1.0,1,hiver,18h-21h,0,3.0,0,0
2022-01-16 21:00:00,3.0,19.0,586.0,4.9,0.2,1,hiver,21h-24h,0,4.0,0,0
2022-01-17 00:00:00,3.0,9.0,603.0,3.4,0.7,1,hiver,00h-03h,0,3.0,0,0
2022-01-17 03:00:00,1.0,9.0,575.0,3.8,2.7,1,hiver,03h-06h,0,3.0,0,0
2022-01-17 06:00:00,1.0,9.0,541.0,3.8,1.9,1,hiver,06h-09h,0,1.0,0,0
2022-01-17 09:00:00,2.0,9.0,528.0,3.8,-0.8,1,hiver,09h-12h,0,1.0,1,0
2022-01-17 12:00:00,3.0,9.0,557.0,2.8,3.0,1,hiver,12h-15h,0,2.0,0,0
2022-01-17 15:00:00,3.0,9.0,503.0,3.6,-2.0,1,hiver,15h-18h,0,3.0,1,0
2022-01-17 18:00:00,2.0,9.0,500.0,2.6,-3.4,1,hiver,18h-21h,0,3.0,1,0
2022-01-17 21:00:00,2.0,9.0,500.0,3.4,2.0,1,hiver,21h-24h,0,2.0,0,0
2022-01-18 00:00:00,5.0,18.0,555.0,3.9,-1.7,1,hiver,00h-03h,0,2.0,1,1
2022-01-18 03:00:00,3.0,18.0,580.0,2.5,-0.3,1,hiver,03h-06h,0,5.0,1,0
2022-01-18 06:00:00,3.0,18.0,590.0,2.4,-0.6,1,hiver,06h-09h,0,3.0,1,0
2022-01-18 09:00:00,2.0,18.0,590.0,2.0,-1.9,1,hiver,09h-12h,0,3.0,1,0
2022-01-18 12:00:00,3.0,18.0,601.0,1.8,-1.7,1,hiver,12h-15h,0,2.0,1,0
2022-01-18 15:00:00,3.0,18.0,594.0,1.7,-1.9,1,hiver,15h-18h,0,3.0,1,0
2022-01-18 18:00:00,3.0,18.0,591.0,1.5,-2.4,1,hiver,18h-21h,0,3.0,1,0
2022-01-18 21:00:00,3.0,18.0,597.0,1.5,-3.4,1,hiver,21h-24h,0,3.0,1,0
2022-01-19 00:00:00,6.0,23.0,661.0,3.1,-5.6,1,hiver,00h-03h,0,3.0,1,1
2022-01-19 03:00:00,5.0,23.0,661.0,4.4,5.4,1,hiver,03h-06h,0,6.0,0,1
2022-01-19 06:00:00,4.0,23.0,678.0,3.9,2.5,1,hiver,06h-09h,0,5.0,0,0
2022-01-19 09:00:00,3.0,23.0,643.0,5.2,-0.1,1,hiver,09h-12h,0,4.0,1,0
2022-01-19 12:00:00,3.0,23.0,629.0,2.6,-0.5,1,hiver,12h-15h,0,3.0,1,0
2022-01-19 15:00:00,2.0,23.0,622.0,3.4,0.1,1,hiver,15h-18h,0,3.0,0,0
2022-01-19 18:00:00,2.0,23.0,600.0,2.8,-0.9,1,hiver,18h-21h,0,2.0,1,0
2022-01-19 21:00:00,2.0,23.0,573.0,2.3,-0.8,1,hiver,21h-24h,0,2.0,1,0
2022-01-20 00:00:00,3.0,5.0,552.0,7.4,-0.5,1,hiver,00h-03h,0,2.0,1,0
2022-01-20 03:00:00,1.0,5.0,477.0,1.7,0.7,1,hiver,03h-06h,0,3.0,0,0
2022-01-20 06:00:00,1.0,5.0,491.0,1.7,4.2,1,hiver,06h-09h,0,1.0,0,0
2022-01-20 09:00:00,0.0,5.0,453.0,1.9,-0.1,1,hiver,09h-12h,0,1.0,1,0
2022-01-20 12:00:00,1.0,5.0,446.0,1.7,0.4,1,hiver,12h-15h,0,0.0,0,0
2022-01-20 15:00:00,1.0,5.0,439.0,1.8,0.4,1,hiver,15h-18h,0,1.0,0,0
2022-01-20 18:00:00,1.0,5.0,432.0,1.9,1.1,1,hiver,18h-21h,0,1.0,0,0
2022-01-20 21:00:00,1.0,5.0,438.0,2.2,2.1,1,hiver,21h-24h,0,1.0,0,0
2022-01-21 00:00:00,1.0,8.0,446.0,2.7,0.2,1,hiver,00h-03h,0,1.0,0,0
2022-01-21 03:00:00,0.0,8.0,443.0,2.8,3.3,1,hiver,03h-06h,0,1.0,0,0
2022-01-21 06:00:00,1.0,8.0,435.0,2.4,0.2,1,hiver,06h-09h,0,0.0,0,0
2022-01-21 09:00:00,1.0,8.0,414.0,2.3,-1.3,1,hiver,09h-12h,0,1.0,1,0
2022-01-21 12:00:00,2.0,8.0,415.0,2.7,1.4,1,hiver,12h-15h,0,1.0,0,0
2022-01-21 15:00:00,2.0,8.0,432.0,3.7,-3.3,1,hiver,15h-18h,0,2.0,1,0
2022-01-21 18:00:00,3.0,8.0,462.0,4.7,-2.7,1,hiver,18h-21h,0,2.0,1,0
2022-01-21 21:00:00,3.0,8.0,444.0,4.6,-3.9,1,hiver,21h-24h,0,3.0,1,0
2022-01-22 00:00:00,3.0,10.0,427.0,3.9,-3.8,1,hiver,00h-03h,0,3.0,1,0
2022-01-22 03:00:00,3.0,10.0,421.0,4.1,-0.0,1,hiver,03h-06h,0,3.0,0,0
2022-01-22 06:00:00,2.0,10.0,427.0,3.5,-2.1,1,hiver,06h-09h,0,3.0,1,0
2022-01-22 09:00:00,2.0,10.0,412.0,3.8,-2.9,1,hiver,09h-12h,0,2.0,1,0
2022-01-22 12:00:00,2.0,10.0,418.0,4.9,-2.0,1,hiver,12h-15h,0,2.0,1,0
2022-01-22 15:00:00,2.0,10.0,431.0,4.7,-2.5,1,hiver,15h-18h,0,2.0,1,0
2022-01-22 18:00:00,2.0,10.0,437.0,4.3,-0.4,1,hiver,18h-21h,0,2.0,1,0
2022-01-22 21:00:00,3.0,10.0,372.0,3.9,-3.7,1,hiver,21h-24h,0,2.0,1,0
2022-01-24 00:00:00,1.0,4.0,337.0,6.6,1.2,1,hiver,00h-03h,0,3.0,0,0
2022-01-24 03:00:00,0.0,4.0,322.0,6.8,1.0,1,hiver,03h-06h,0,1.0,0,0
2022-01-24 06:00:00,1.0,4.0,317.0,9.2,-0.1,1,hiver,06h-09h,0,0.0,1,0
2022-01-24 09:00:00,1.0,4.0,307.0,11.7,0.3,1,hiver,09h-12h,0,1.0,0,0
2022-01-24 12:00:00,1.0,4.0,311.0,14.1,-1.0,1,hiver,12h-15h,0,1.0,1,0
2022-01-24 15:00:00,1.0,4.0,315.0,23.3,-0.4,1,hiver,15h-18h,0,1.0,1,0
2022-01-24 18:00:00,1.0,4.0,302.0,25.6,-1.5,1,hiver,18h-21h,0,1.0,1,0
2022-01-24 21:00:00,2.0,4.0,318.0,13.9,-3.0,1,hiver,21h-24h,0,1.0,1,0
2022-01-25 00:00:00,2.0,13.0,299.0,12.4,-4.9,1,hiver,00h-03h,0,2.0,1,0
2022-01-25 03:00:00,3.0,13.0,292.0,21.3,-2.7,1,hiver,03h-06h,0,2.0,1,0
2022-01-25 06:00:00,3.0,13.0,320.0,30.6,3.9,1,hiver,06h-09h,0,3.0,0,0
2022-01-25 09:00:00,3.0,13.0,353.0,29.7,0.3,1,hiver,09h-12h,0,3.0,0,0
2022-01-25 12:00:00,3.0,13.0,372.0,12.2,2.1,1,hiver,12h-15h,0,3.0,0,0
2022-01-25 15:00:00,3.0,13.0,391.0,7.3,-6.4,1,hiver,15h-18h,0,3.0,1,0
2022-01-25 18:00:00,3.0,13.0,436.0,8.2,-3.1,1,hiver,18h-21h,0,3.0,1,0
2022-01-25 21:00:00,3.0,13.0,492.0,6.2,0.3,1,hiver,21h-24h,0,3.0,0,0
2022-01-26 00:00:00,2.0,10.0,473.0,4.5,3.2,1,hiver,00h-03h,0,3.0,0,0
2022-01-26 03:00:00,2.0,10.0,477.0,5.3,2.7,1,hiver,03h-06h,0,2.0,0,0
2022-01-26 06:00:00,3.0,10.0,478.0,5.1,2.6,1,hiver,06h-09h,0,2.0,0,0
2022-01-26 09:00:00,3.0,10.0,419.0,5.6,2.3,1,hiver,09h-12h,0,3.0,0,0
2022-01-26 12:00:00,2.0,10.0,443.0,6.4,3.9,1,hiver,12h-15h,0,3.0,0,0
2022-01-26 15:00:00,2.0,10.0,457.0,5.5,-1.2,1,hiver,15h-18h,0,2.0,1,0
2022-01-26 18:00:00,2.0,10.0,455.0,4.4,3.3,1,hiver,18h-21h,0,2.0,0,0
2022-01-26 21:00:00,3.0,10.0,483.0,4.2,-1.3,1,hiver,21h-24h,0,2.0,1,0
2022-01-27 00:00:00,1.0,7.0,485.0,4.2,3.7,1,hiver,00h-03h,0,3.0,0,0
2022-01-27 03:00:00,1.0,7.0,453.0,5.3,3.2,1,hiver,03h-06h,0,1.0,0,0
2022-01-27 06:00:00,1.0,7.0,453.0,6.7,-0.1,1,hiver,06h-09h,0,1.0,1,0
2022-01-27 09:00:00,2.0,7.0,450.0,6.3,-0.2,1,hiver,09h-12h,0,1.0,1,0
2022-01-27 12:00:00,2.0,7.0,442.0,6.2,0.5,1,hiver,12h-15h,0,2.0,0,0
2022-01-27 15:00:00,2.0,7.0,437.0,7.9,0.3,1,hiver,15h-18h,0,2.0,0,0
2022-01-27 18:00:00,3.0,7.0,432.0,11.3,0.1,1,hiver,18h-21h,0,2.0,0,0
2022-01-27 21:00:00,3.0,7.0,460.0,4.0,0.0,1,hiver,21h-24h,0,3.0,0,0
2022-01-28 00:00:00,2.0,8.0,502.0,3.0,0.3,1,hiver,00h-03h,0,3.0,0,0
2022-01-28 03:00:00,2.0,8.0,480.0,2.3,0.4,1,hiver,03h-06h,0,2.0,0,0
2022-01-28 06:00:00,2.0,8.0,461.0,2.9,-3.5,1,hiver,06h-09h,0,2.0,1,0
2022-01-28 09:00:00,1.0,8.0,443.0,2.3,-0.7,1,hiver,09h-12h,0,2.0,1,0
2022-01-28 12:00:00,1.0,8.0,422.0,2.3,-2.1,1,hiver,12h-15h,0,1.0,1,0
2022-01-28 15:00:00,1.0,8.0,432.0,4.8,4.8,1,hiver,15h-18h,0,1.0,0,0
2022-01-28 18:00:00,2.0,8.0,413.0,5.6,0.2,1,hiver,18h-21h,0,1.0,0,0
2022-01-28 21:00:00,4.0,8.0,416.0,7.0,-5.0,1,hiver,21h-24h,0,2.0,1,0
2022-01-29 00:00:00,4.0,17.0,435.0,6.0,2.5,1,hiver,00h-03h,0,4.0,0,0
2022-01-29 03:00:00,4.0,17.0,474.0,4.3,-2.0,1,hiver,03h-06h,0,4.0,1,0
2022-01-29 06:00:00,4.0,17.0,470.0,5.0,1.2,1,hiver,06h-09h,0,4.0,0,0
2022-01-29 09:00:00,3.0,17.0,497.0,4.8,-4.1,1,hiver,09h-12h,0,4.0,1,0
2022-01-29 12:00:00,4.0,17.0,507.0,5.3,-3.9,1,hiver,12h-15h,0,3.0,1,0
2022-01-29 15:00:00,1.0,17.0,497.0,4.6,3.2,1,hiver,15h-18h,0,4.0,0,0
2022-01-29 18:00:00,1.0,17.0,496.0,3.4,3.5,1,hiver,18h-21h,0,1.0,0,0
2022-01-29 21:00:00,1.0,17.0,504.0,1.5,1.4,1,hiver,21h-24h,0,1.0,0,0
2022-01-30 00:00:00,3.0,10.0,528.0,1.6,0.9,1,hiver,00h-03h,0,1.0,0,0
2022-01-30 03:00:00,3.0,10.0,529.0,2.0,0.4,1,hiver,03h-06h,0,3.0,0,0
2022-01-30 06:00:00,3.0,10.0,496.0,2.4,-2.7,1,hiver,06h-09h,0,3.0,1,0
2022-01-30 09:00:00,2.0,10.0,455.0,2.6,-0.9,1,hiver,09h-12h,0,3.0,1,0
2022-01-30 12:00:00,2.0,10.0,453.0,3.0,-1.1,1,hiver,12h-15h,0,2.0,1,0
2022-01-30 15:00:00,2.0,10.0,480.0,2.9,-0.4,1,hiver,15h-18h,0,2.0,1,0
2022-01-30 18:00:00,1.0,10.0,475.0,2.8,0.1,1,hiver,18h-21h,0,2.0,0,0
2022-01-30 21:00:00,3.0,10.0,463.0,2.5,-3.0,1,hiver,21h-24h,0,1.0,1,0
2022-01-31 00:00:00,3.0,10.0,485.0,1.7,-3.8,1,hiver,00h-03h,0,3.0,1,0
2022-01-31 03:00:00,3.0,10.0,477.0,1.6,-3.4,1,hiver,03h-06h,0,3.0,1,0
2022-01-31 06:00:00,2.0,10.0,456.0,1.5,-3.4,1,hiver,06h-09h,0,3.0,1,0
2022-01-31 09:00:00,3.0,10.0,480.0,1.6,-4.1,1,hiver,09h-12h,0,2.0,1,0
2022-01-31 12:00:00,2.0,10.0,472.0,1.6,-2.5,1,hiver,12h-15h,0,3.0,1,0
2022-01-31 15:00:00,2.0,10.0,473.0,1.9,-3.3,1,hiver,15h-18h,0,2.0,1,0
2022-01-31 18:00:00,2.0,10.0,456.0,2.2,1.3,1,hiver,18h-21h,0,2.0,0,0
2022-01-31 21:00:00,2.0,10.0,455.0,2.4,2.4,1,hiver,21h-24h,0,2.0,0,0
2022-02-01 00:00:00,2.0,7.0,437.0,3.3,1.4,2,hiver,00h-03h,0,2.0,0,0
2022-02-01 03:00:00,2.0,7.0,416.0,3.6,-0.1,2,hiver,03h-06h,0,2.0,1,0
2022-02-01 06:00:00,1.0,7.0,407.0,3.8,-1.1,2,hiver,06h-09h,0,2.0,1,0
2022-02-01 09:00:00,1.0,7.0,399.0,3.2,-0.9,2,hiver,09h-12h,0,1.0,1,0
2022-02-01 12:00:00,2.0,7.0,403.0,4.1,-1.2,2,hiver,12h-15h,0,1.0,1,0
2022-02-01 15:00:00,1.0,7.0,361.0,3.4,2.3,2,hiver,15h-18h,0,2.0,0,0
2022-02-01 18:00:00,1.0,7.0,366.0,3.9,2.0,2,hiver,18h-21h,0,1.0,0,0
2022-02-01 21:00:00,4.0,7.0,350.0,3.4,2.2,2,hiver,21h-24h,0,1.0,0,0
2022-02-02 00:00:00,4.0,12.0,468.0,10.0,2.7,2,hiver,00h-03h,0,4.0,0,0
2022-02-02 03:00:00,3.0,12.0,469.0,11.2,8.7,2,hiver,03h-06h,0,4.0,0,0
2022-02-02 06:00:00,1.0,12.0,447.0,11.1,8.3,2,hiver,06h-09h,0,3.0,0,0
2022-02-02 09:00:00,1.0,12.0,452.0,10.0,4.6,2,hiver,09h-12h,0,1.0,0,0
2022-02-02 12:00:00,2.0,12.0,448.0,7.4,2.2,2,hiver,12h-15h,0,1.0,0,0
2022-02-02 15:00:00,4.0,12.0,428.0,8.5,-6.1,2,hiver,15h-18h,0,2.0,1,0
2022-02-02 18:00:00,2.0,12.0,395.0,8.7,4.6,2,hiver,18h-21h,0,4.0,0,0
2022-02-02 21:00:00,1.0,12.0,412.0,8.8,4.5,2,hiver,21h-24h,0,2.0,0,0
2022-02-03 00:00:00,2.0,27.0,441.0,4.4,3.7,2,hiver,00h-03h,0,1.0,0,0
2022-02-03 03:00:00,4.0,27.0,504.0,3.7,-0.9,2,hiver,03h-06h,0,2.0,1,0
2022-02-03 06:00:00,5.0,27.0,473.0,3.2,-9.2,2,hiver,06h-09h,0,4.0,1,1
2022-02-03 09:00:00,5.0,27.0,493.0,2.2,-17.9,2,hiver,09h-12h,0,5.0,1,1
2022-02-03 12:00:00,4.0,27.0,510.0,14.0,5.5,2,hiver,12h-15h,0,5.0,0,0
2022-02-03 15:00:00,3.0,27.0,566.0,3.0,-2.5,2,hiver,15h-18h,0,4.0,1,0
2022-02-03 18:00:00,3.0,27.0,538.0,6.8,-0.2,2,hiver,18h-21h,0,3.0,1,0
2022-02-03 21:00:00,3.0,27.0,521.0,7.4,-0.6,2,hiver,21h-24h,0,3.0,1,0
2022-02-04 00:00:00,4.0,32.0,578.0,14.9,-1.8,2,hiver,00h-03h,0,3.0,1,0
2022-02-04 03:00:00,4.0,32.0,546.0,12.7,-0.2,2,hiver,03h-06h,0,4.0,1,0
2022-02-04 06:00:00,3.0,32.0,553.0,3.9,-5.4,2,hiver,06h-09h,0,4.0,1,0
2022-02-04 09:00:00,4.0,32.0,514.0,6.2,-9.2,2,hiver,09h-12h,0,3.0,1,0
2022-02-04 12:00:00,4.0,32.0,509.0,2.9,-6.8,2,hiver,12h-15h,0,4.0,1,0
2022-02-04 15:00:00,5.0,32.0,496.0,5.1,-4.0,2,hiver,15h-18h,0,4.0,1,1
2022-02-04 18:00:00,5.0,32.0,491.0,2.0,-9.3,2,hiver,18h-21h,0,5.0,1,1
2022-02-04 21:00:00,4.0,32.0,485.0,8.4,0.0,2,hiver,21h-24h,0,5.0,0,0
2022-02-05 00:00:00,3.0,12.0,464.0,4.4,-0.4,2,hiver,00h-03h,0,4.0,1,0
2022-02-05 03:00:00,3.0,12.0,458.0,4.7,0.2,2,hiver,03h-06h,0,3.0,0,0
2022-02-05 06:00:00,2.0,12.0,465.0,5.1,0.9,2,hiver,06h-09h,0,3.0,0,0
2022-02-05 09:00:00,3.0,12.0,495.0,3.7,-3.2,2,hiver,09h-12h,0,2.0,1,0
2022-02-05 12:00:00,3.0,12.0,529.0,3.4,1.7,2,hiver,12h-15h,0,3.0,0,0
2022-02-05 15:00:00,3.0,12.0,549.0,4.3,1.0,2,hiver,15h-18h,0,3.0,0,0
2022-02-05 18:00:00,3.0,12.0,587.0,4.0,0.8,2,hiver,18h-21h,0,3.0,0,0
2022-02-05 21:00:00,2.0,12.0,563.0,4.0,2.9,2,hiver,21h-24h,0,3.0,0,0
2022-02-06 00:00:00,4.0,15.0,572.0,3.7,-2.0,2,hiver,00h-03h,0,2.0,1,0
2022-02-06 03:00:00,3.0,15.0,576.0,3.2,-1.5,2,hiver,03h-06h,0,4.0,1,0
2022-02-06 06:00:00,3.0,15.0,577.0,2.8,-1.6,2,hiver,06h-09h,0,3.0,1,0
2022-02-06 09:00:00,3.0,15.0,598.0,2.4,-1.3,2,hiver,09h-12h,0,3.0,1,0
2022-02-06 12:00:00,3.0,15.0,545.0,1.7,-2.7,2,hiver,12h-15h,0,3.0,1,0
2022-02-06 15:00:00,2.0,15.0,532.0,1.4,0.3,2,hiver,15h-18h,0,3.0,0,0
2022-02-06 18:00:00,2.0,15.0,578.0,1.7,-2.2,2,hiver,18h-21h,0,2.0,1,0
2022-02-06 21:00:00,3.0,15.0,535.0,1.3,-1.2,2,hiver,21h-24h,0,2.0,1,0
2022-02-07 00:00:00,2.0,7.0,490.0,1.3,-0.7,2,hiver,00h-03h,0,3.0,1,0
2022-02-07 03:00:00,2.0,7.0,491.0,1.4,-0.8,2,hiver,03h-06h,0,2.0,1,0
2022-02-07 06:00:00,1.0,7.0,470.0,1.0,-0.4,2,hiver,06h-09h,0,2.0,1,0
2022-02-07 09:00:00,1.0,7.0,479.0,1.4,-0.3,2,hiver,09h-12h,0,1.0,1,0
2022-02-07 12:00:00,1.0,7.0,460.0,1.4,-1.1,2,hiver,12h-15h,0,1.0,1,0
2022-02-07 15:00:00,3.0,7.0,470.0,2.2,-2.6,2,hiver,15h-18h,0,1.0,1,0
2022-02-07 18:00:00,2.0,7.0,451.0,1.1,-2.3,2,hiver,18h-21h,0,3.0,1,0
2022-02-07 21:00:00,2.0,7.0,436.0,2.1,-1.4,2,hiver,21h-24h,0,2.0,1,0
2022-02-08 00:00:00,2.0,5.0,433.0,2.5,-1.3,2,hiver,00h-03h,0,2.0,1,0
2022-02-08 03:00:00,0.0,5.0,433.0,3.0,-1.0,2,hiver,03h-06h,0,2.0,1,0
2022-02-08 06:00:00,1.0,5.0,426.0,3.1,-0.8,2,hiver,06h-09h,0,0.0,1,0
2022-02-08 09:00:00,1.0,5.0,422.0,3.3,-2.9,2,hiver,09h-12h,0,1.0,1,0
2022-02-08 12:00:00,1.0,5.0,414.0,3.5,-1.4,2,hiver,12h-15h,0,1.0,1,0
2022-02-08 15:00:00,2.0,5.0,422.0,4.4,-2.0,2,hiver,15h-18h,0,1.0,1,0
2022-02-08 18:00:00,2.0,5.0,407.0,4.3,-1.6,2,hiver,18h-21h,0,2.0,1,0
2022-02-08 21:00:00,1.0,5.0,408.0,3.2,-1.6,2,hiver,21h-24h,0,2.0,1,0
2022-02-09 00:00:00,1.0,3.0,390.0,2.9,-0.2,2,hiver,00h-03h,0,1.0,1,0
2022-02-09 03:00:00,0.0,3.0,386.0,2.8,0.7,2,hiver,03h-06h,0,1.0,0,0
2022-02-09 06:00:00,1.0,3.0,378.0,2.9,0.3,2,hiver,06h-09h,0,0.0,0,0
2022-02-09 09:00:00,1.0,3.0,366.0,3.1,0.9,2,hiver,09h-12h,0,1.0,0,0
2022-02-09 12:00:00,0.0,3.0,369.0,3.7,2.3,2,hiver,12h-15h,0,1.0,0,0
2022-02-09 15:00:00,0.0,3.0,371.0,3.3,1.4,2,hiver,15h-18h,0,0.0,0,0
2022-02-09 18:00:00,1.0,3.0,377.0,3.6,-0.3,2,hiver,18h-21h,0,0.0,1,0
2022-02-09 21:00:00,2.0,3.0,403.0,5.6,-1.2,2,hiver,21h-24h,0,1.0,1,0
2022-02-10 00:00:00,3.0,21.0,405.0,7.4,-1.9,2,hiver,00h-03h,0,2.0,1,0
2022-02-10 03:00:00,2.0,21.0,428.0,9.9,-0.2,2,hiver,03h-06h,0,3.0,1,0
2022-02-10 06:00:00,2.0,21.0,411.0,12.7,3.7,2,hiver,06h-09h,0,2.0,0,0
2022-02-10 09:00:00,2.0,21.0,394.0,9.9,4.8,2,hiver,09h-12h,0,2.0,0,0
2022-02-10 12:00:00,3.0,21.0,415.0,13.6,7.4,2,hiver,12h-15h,0,2.0,0,0
2022-02-10 15:00:00,5.0,21.0,419.0,3.3,-12.7,2,hiver,15h-18h,0,3.0,1,1
2022-02-10 18:00:00,5.0,21.0,403.0,3.0,-11.6,2,hiver,18h-21h,0,5.0,1,1
2022-02-10 21:00:00,4.0,21.0,407.0,3.6,-6.7,2,hiver,21h-24h,0,5.0,1,0
2022-02-11 00:00:00,4.0,20.0,396.0,4.2,-5.6,2,hiver,00h-03h,0,4.0,1,0
2022-02-11 03:00:00,3.0,20.0,385.0,3.1,-6.1,2,hiver,03h-06h,0,4.0,1,0
2022-02-11 06:00:00,2.0,20.0,380.0,3.4,5.4,2,hiver,06h-09h,0,3.0,0,0
2022-02-11 09:00:00,4.0,20.0,377.0,4.6,8.7,2,hiver,09h-12h,0,2.0,0,0
2022-02-11 12:00:00,1.0,20.0,429.0,5.7,15.0,2,hiver,12h-15h,0,4.0,0,0
2022-02-11 15:00:00,3.0,20.0,421.0,15.5,17.9,2,hiver,15h-18h,0,1.0,0,0
2022-02-11 18:00:00,5.0,20.0,431.0,14.5,2.9,2,hiver,18h-21h,0,3.0,0,1
2022-02-11 21:00:00,4.0,20.0,478.0,11.2,0.9,2,hiver,21h-24h,0,5.0,0,0
2022-02-12 00:00:00,3.0,13.0,563.0,4.3,-0.6,2,hiver,00h-03h,0,4.0,1,0
2022-02-12 03:00:00,3.0,13.0,553.0,4.3,1.7,2,hiver,03h-06h,0,3.0,0,0
2022-02-12 06:00:00,2.0,13.0,550.0,4.6,2.5,2,hiver,06h-09h,0,3.0,0,0
2022-02-12 09:00:00,2.0,13.0,564.0,5.4,2.9,2,hiver,09h-12h,0,2.0,0,0
2022-02-12 12:00:00,3.0,13.0,548.0,5.2,-0.0,2,hiver,12h-15h,0,2.0,0,0
2022-02-12 15:00:00,3.0,13.0,546.0,4.4,-0.0,2,hiver,15h-18h,0,3.0,0,0
2022-02-12 18:00:00,3.0,13.0,524.0,3.9,-2.8,2,hiver,18h-21h,0,3.0,1,0
2022-02-12 21:00:00,3.0,13.0,531.0,3.9,-1.0,2,hiver,21h-24h,0,3.0,1,0
2022-02-13 00:00:00,4.0,15.0,521.0,3.6,-3.3,2,hiver,00h-03h,0,3.0,1,0
2022-02-13 03:00:00,3.0,15.0,507.0,3.7,-2.1,2,hiver,03h-06h,0,4.0,1,0
2022-02-13 06:00:00,2.0,15.0,503.0,3.9,-2.8,2,hiver,06h-09h,0,3.0,1,0
2022-02-13 09:00:00,3.0,15.0,512.0,5.1,4.7,2,hiver,09h-12h,0,2.0,0,0
2022-02-13 12:00:00,3.0,15.0,512.0,3.2,-2.4,2,hiver,12h-15h,0,3.0,1,0
2022-02-13 15:00:00,3.0,15.0,507.0,2.7,-0.6,2,hiver,15h-18h,0,3.0,1,0
2022-02-13 18:00:00,3.0,15.0,507.0,4.0,-0.5,2,hiver,18h-21h,0,3.0,1,0
2022-02-13 21:00:00,3.0,15.0,491.0,4.1,-2.2,2,hiver,21h-24h,0,3.0,1,0
2022-02-14 00:00:00,3.0,8.0,477.0,4.0,-2.5,2,hiver,00h-03h,0,3.0,1,0
2022-02-14 03:00:00,2.0,8.0,469.0,4.0,-1.4,2,hiver,03h-06h,0,3.0,1,0
2022-02-14 06:00:00,2.0,8.0,461.0,4.8,-1.8,2,hiver,06h-09h,0,2.0,1,0
2022-02-14 09:00:00,2.0,8.0,478.0,3.9,-1.9,2,hiver,09h-12h,0,2.0,1,0
2022-02-14 12:00:00,2.0,8.0,470.0,3.7,-2.7,2,hiver,12h-15h,0,2.0,1,0
2022-02-14 15:00:00,2.0,8.0,431.0,2.8,-1.6,2,hiver,15h-18h,0,2.0,1,0
2022-02-14 18:00:00,2.0,8.0,416.0,2.6,-0.2,2,hiver,18h-21h,0,2.0,1,0
2022-02-14 21:00:00,1.0,8.0,404.0,2.8,-1.3,2,hiver,21h-24h,0,2.0,1,0
2022-02-15 00:00:00,2.0,5.0,398.0,2.7,-1.7,2,hiver,00h-03h,0,1.0,1,0
2022-02-15 03:00:00,2.0,5.0,399.0,2.7,-2.5,2,hiver,03h-06h,0,2.0,1,0
2022-02-15 06:00:00,1.0,5.0,398.0,3.3,1.6,2,hiver,06h-09h,0,2.0,0,0
2022-02-15 09:00:00,1.0,5.0,395.0,3.5,1.2,2,hiver,09h-12h,0,1.0,0,0
2022-02-15 12:00:00,1.0,5.0,386.0,3.6,0.9,2,hiver,12h-15h,0,1.0,0,0
2022-02-15 15:00:00,0.0,5.0,404.0,3.5,-2.5,2,hiver,15h-18h,0,1.0,1,0
2022-02-15 18:00:00,1.0,5.0,385.0,3.4,-0.9,2,hiver,18h-21h,0,0.0,1,0
2022-02-15 21:00:00,1.0,5.0,375.0,3.3,-1.4,2,hiver,21h-24h,0,1.0,1,0
2022-02-16 00:00:00,1.0,9.0,374.0,3.8,-1.7,2,hiver,00h-03h,0,1.0,1,0
2022-02-16 03:00:00,2.0,9.0,381.0,4.3,-3.1,2,hiver,03h-06h,0,1.0,1,0
2022-02-16 06:00:00,2.0,9.0,381.0,5.5,-2.4,2,hiver,06h-09h,0,2.0,1,0
2022-02-16 09:00:00,2.0,9.0,369.0,5.9,-4.0,2,hiver,09h-12h,0,2.0,1,0
2022-02-16 12:00:00,2.0,9.0,353.0,4.9,-0.7,2,hiver,12h-15h,0,2.0,1,0
2022-02-16 15:00:00,2.0,9.0,373.0,6.9,-2.2,2,hiver,15h-18h,0,2.0,1,0
2022-02-16 18:00:00,3.0,9.0,379.0,6.7,-2.4,2,hiver,18h-21h,0,2.0,1,0
2022-02-16 21:00:00,3.0,9.0,368.0,6.6,-5.2,2,hiver,21h-24h,0,3.0,1,0
2022-02-17 00:00:00,2.0,5.0,371.0,5.3,1.0,2,hiver,00h-03h,0,3.0,0,0
2022-02-17 03:00:00,2.0,5.0,381.0,5.5,-0.4,2,hiver,03h-06h,0,2.0,1,0
2022-02-17 06:00:00,1.0,5.0,379.0,4.1,-0.9,2,hiver,06h-09h,0,2.0,1,0
2022-02-17 09:00:00,1.0,5.0,367.0,4.7,1.7,2,hiver,09h-12h,0,1.0,0,0
2022-02-17 12:00:00,1.0,5.0,357.0,4.4,-0.6,2,hiver,12h-15h,0,1.0,1,0
2022-02-17 15:00:00,0.0,5.0,350.0,4.3,-0.7,2,hiver,15h-18h,0,1.0,1,0
2022-02-17 18:00:00,1.0,5.0,349.0,4.6,-1.3,2,hiver,18h-21h,0,0.0,1,0
2022-02-17 21:00:00,1.0,5.0,336.0,5.2,-0.9,2,hiver,21h-24h,0,1.0,1,0
2022-02-18 00:00:00,0.0,6.0,333.0,6.2,-1.3,2,hiver,00h-03h,0,1.0,1,0
2022-02-18 03:00:00,1.0,6.0,337.0,7.9,1.9,2,hiver,03h-06h,0,0.0,0,0
2022-02-18 06:00:00,1.0,6.0,336.0,9.5,0.7,2,hiver,06h-09h,0,1.0,0,0
2022-02-18 09:00:00,1.0,6.0,341.0,13.9,0.2,2,hiver,09h-12h,0,1.0,0,0
2022-02-18 12:00:00,2.0,6.0,329.0,14.2,-1.9,2,hiver,12h-15h,0,1.0,1,0
2022-02-18 15:00:00,2.0,6.0,339.0,15.4,2.0,2,hiver,15h-18h,0,2.0,0,0
2022-02-18 18:00:00,2.0,6.0,337.0,16.3,-6.8,2,hiver,18h-21h,0,2.0,1,0
2022-02-18 21:00:00,2.0,6.0,334.0,10.2,-4.9,2,hiver,21h-24h,0,2.0,1,0
2022-02-19 00:00:00,3.0,9.0,324.0,8.5,-3.8,2,hiver,00h-03h,0,2.0,1,0
2022-02-19 03:00:00,3.0,9.0,331.0,9.4,-5.6,2,hiver,03h-06h,0,3.0,1,0
2022-02-19 06:00:00,2.0,9.0,334.0,11.9,-4.9,2,hiver,06h-09h,0,3.0,1,0
2022-02-19 09:00:00,2.0,9.0,333.0,13.2,-2.5,2,hiver,09h-12h,0,2.0,1,0
2022-02-19 12:00:00,2.0,9.0,357.0,12.5,-1.1,2,hiver,12h-15h,0,2.0,1,0
2022-02-19 15:00:00,2.0,9.0,389.0,7.5,-4.6,2,hiver,15h-18h,0,2.0,1,0
2022-02-19 18:00:00,2.0,9.0,381.0,6.9,-0.2,2,hiver,18h-21h,0,2.0,1,0
2022-02-19 21:00:00,2.0,9.0,408.0,9.5,-0.1,2,hiver,21h-24h,0,2.0,1,0
2022-02-20 00:00:00,5.0,13.0,455.0,13.1,-6.3,2,hiver,00h-03h,0,2.0,1,1
2022-02-20 03:00:00,3.0,13.0,516.0,16.8,4.4,2,hiver,03h-06h,0,5.0,0,0
2022-02-20 06:00:00,2.0,13.0,485.0,3.1,0.9,2,hiver,06h-09h,0,3.0,0,0
2022-02-20 09:00:00,2.0,13.0,488.0,3.2,3.3,2,hiver,09h-12h,0,2.0,0,0
2022-02-20 12:00:00,1.0,13.0,487.0,2.5,2.2,2,hiver,12h-15h,0,2.0,0,0
2022-02-20 15:00:00,2.0,13.0,478.0,2.5,-0.4,2,hiver,15h-18h,0,1.0,1,0
2022-02-20 18:00:00,3.0,13.0,488.0,3.2,1.5,2,hiver,18h-21h,0,2.0,0,0
2022-02-20 21:00:00,2.0,13.0,513.0,4.5,4.2,2,hiver,21h-24h,0,3.0,0,0
2022-02-21 00:00:00,1.0,12.0,476.0,2.7,3.4,2,hiver,00h-03h,0,2.0,0,0
2022-02-21 03:00:00,1.0,12.0,487.0,3.3,4.4,2,hiver,03h-06h,0,1.0,0,0
2022-02-21 06:00:00,2.0,12.0,504.0,3.6,-0.3,2,hiver,06h-09h,0,1.0,1,0
2022-02-21 09:00:00,3.0,12.0,528.0,4.2,-0.8,2,hiver,09h-12h,0,2.0,1,0
2022-02-21 12:00:00,4.0,12.0,529.0,3.9,3.3,2,hiver,12h-15h,0,3.0,0,0
2022-02-21 15:00:00,3.0,12.0,517.0,4.5,-0.8,2,hiver,15h-18h,0,4.0,1,0
2022-02-21 18:00:00,3.0,12.0,521.0,4.1,-1.2,2,hiver,18h-21h,0,3.0,1,0
2022-02-21 21:00:00,3.0,12.0,526.0,3.7,1.7,2,hiver,21h-24h,0,3.0,0,0
2022-02-22 00:00:00,3.0,16.0,548.0,3.9,-2.3,2,hiver,00h-03h,0,3.0,1,0
2022-02-22 03:00:00,4.0,16.0,535.0,3.9,-1.3,2,hiver,03h-06h,0,3.0,1,0
2022-02-22 06:00:00,5.0,16.0,558.0,3.8,-5.0,2,hiver,06h-09h,0,4.0,1,1
2022-02-22 09:00:00,3.0,16.0,553.0,3.7,-3.1,2,hiver,09h-12h,0,5.0,1,0
2022-02-22 12:00:00,2.0,16.0,530.0,3.2,0.8,2,hiver,12h-15h,0,3.0,0,0
2022-02-22 15:00:00,1.0,16.0,538.0,2.8,3.9,2,hiver,15h-18h,0,2.0,0,0
2022-02-22 18:00:00,2.0,16.0,511.0,3.1,-0.1,2,hiver,18h-21h,0,1.0,1,0
2022-02-22 21:00:00,2.0,16.0,496.0,3.8,0.5,2,hiver,21h-24h,0,2.0,0,0
2022-02-23 00:00:00,1.0,6.0,501.0,3.6,1.8,2,hiver,00h-03h,0,2.0,0,0
2022-02-23 03:00:00,0.0,6.0,478.0,4.3,2.2,2,hiver,03h-06h,0,1.0,0,0
2022-02-23 06:00:00,2.0,6.0,504.0,2.5,-1.9,2,hiver,06h-09h,0,0.0,1,0
2022-02-23 09:00:00,2.0,6.0,490.0,1.6,0.7,2,hiver,09h-12h,0,2.0,0,0
2022-02-23 12:00:00,2.0,6.0,445.0,1.9,-1.7,2,hiver,12h-15h,0,2.0,1,0
2022-02-23 15:00:00,2.0,6.0,483.0,1.9,-3.9,2,hiver,15h-18h,0,2.0,1,0
2022-02-23 18:00:00,1.0,6.0,454.0,2.0,-3.5,2,hiver,18h-21h,0,2.0,1,0
2022-02-23 21:00:00,2.0,6.0,422.0,2.4,-3.3,2,hiver,21h-24h,0,1.0,1,0
2022-02-24 00:00:00,3.0,7.0,450.0,3.1,-2.1,2,hiver,00h-03h,0,2.0,1,0
2022-02-24 03:00:00,3.0,7.0,473.0,2.8,-0.9,2,hiver,03h-06h,0,3.0,1,0
2022-02-24 06:00:00,2.0,7.0,513.0,2.6,-2.0,2,hiver,06h-09h,0,3.0,1,0
2022-02-24 09:00:00,1.0,7.0,454.0,1.7,1.6,2,hiver,09h-12h,0,2.0,0,0
2022-02-24 12:00:00,0.0,7.0,441.0,1.4,1.0,2,hiver,12h-15h,0,1.0,0,0
2022-02-24 15:00:00,1.0,7.0,426.0,3.6,1.4,2,hiver,15h-18h,0,0.0,0,0
2022-02-24 18:00:00,1.0,7.0,430.0,5.4,4.9,2,hiver,18h-21h,0,1.0,0,0
2022-02-24 21:00:00,2.0,7.0,421.0,6.1,0.1,2,hiver,21h-24h,0,1.0,0,0
2022-02-25 00:00:00,2.0,8.0,407.0,5.7,-0.1,2,hiver,00h-03h,0,2.0,1,0
2022-02-25 03:00:00,2.0,8.0,388.0,4.3,-1.3,2,hiver,03h-06h,0,2.0,1,0
2022-02-25 06:00:00,3.0,8.0,447.0,3.1,-1.5,2,hiver,06h-09h,0,2.0,1,0
2022-02-25 09:00:00,3.0,8.0,445.0,4.2,0.7,2,hiver,09h-12h,0,3.0,0,0
2022-02-25 12:00:00,2.0,8.0,423.0,4.2,-0.1,2,hiver,12h-15h,0,3.0,1,0
2022-02-25 15:00:00,0.0,8.0,423.0,3.8,2.4,2,hiver,15h-18h,0,2.0,0,0
2022-02-25 18:00:00,0.0,8.0,418.0,3.4,1.8,2,hiver,18h-21h,0,0.0,0,0
2022-02-25 21:00:00,1.0,8.0,412.0,2.6,0.9,2,hiver,21h-24h,0,0.0,0,0
2022-02-26 00:00:00,1.0,3.0,404.0,3.2,0.1,2,hiver,00h-03h,0,1.0,0,0
2022-02-26 03:00:00,0.0,3.0,390.0,4.1,2.7,2,hiver,03h-06h,0,1.0,0,0
2022-02-26 06:00:00,1.0,3.0,387.0,4.8,0.3,2,hiver,06h-09h,0,0.0,0,0
2022-02-26 09:00:00,0.0,3.0,377.0,5.0,2.1,2,hiver,09h-12h,0,1.0,0,0
2022-02-26 12:00:00,0.0,3.0,370.0,5.7,1.8,2,hiver,12h-15h,0,0.0,0,0
2022-02-26 15:00:00,0.0,3.0,367.0,6.2,1.3,2,hiver,15h-18h,0,0.0,0,0
2022-02-26 18:00:00,1.0,3.0,367.0,7.2,0.3,2,hiver,18h-21h,0,0.0,0,0
2022-02-26 21:00:00,1.0,3.0,365.0,7.6,2.0,2,hiver,21h-24h,0,1.0,0,0
2022-02-27 00:00:00,1.0,13.0,361.0,8.3,3.2,2,hiver,00h-03h,0,1.0,0,0
2022-02-27 03:00:00,2.0,13.0,382.0,15.9,2.6,2,hiver,03h-06h,0,1.0,0,0
2022-02-27 06:00:00,4.0,13.0,398.0,15.6,-5.3,2,hiver,06h-09h,0,2.0,1,0
2022-02-27 09:00:00,4.0,13.0,418.0,13.3,0.4,2,hiver,09h-12h,0,4.0,0,0
2022-02-27 12:00:00,3.0,13.0,450.0,8.0,6.2,2,hiver,12h-15h,0,4.0,0,0
2022-02-27 15:00:00,3.0,13.0,484.0,6.0,2.8,2,hiver,15h-18h,0,3.0,0,0
2022-02-27 18:00:00,2.0,13.0,458.0,3.8,-4.3,2,hiver,18h-21h,0,3.0,1,0
2022-02-27 21:00:00,2.0,13.0,450.0,3.8,2.2,2,hiver,21h-24h,0,2.0,0,0
2022-02-28 00:00:00,2.0,8.0,498.0,5.5,6.3,2,hiver,00h-03h,0,2.0,0,0
2022-02-28 03:00:00,3.0,8.0,496.0,5.8,4.3,2,hiver,03h-06h,0,2.0,0,0
2022-02-28 06:00:00,1.0,8.0,487.0,5.9,3.8,2,hiver,06h-09h,0,3.0,0,0
2022-02-28 09:00:00,2.0,8.0,476.0,5.9,1.4,2,hiver,09h-12h,0,1.0,0,0
2022-02-28 12:00:00,2.0,8.0,492.0,4.7,-2.0,2,hiver,12h-15h,0,2.0,1,0
2022-02-28 15:00:00,2.0,8.0,485.0,3.4,2.2,2,hiver,15h-18h,0,2.0,0,0
2022-02-28 18:00:00,2.0,8.0,502.0,3.1,2.3,2,hiver,18h-21h,0,2.0,0,0
2022-02-28 21:00:00,2.0,8.0,500.0,3.7,3.2,2,hiver,21h-24h,0,2.0,0,0
2022-03-01 00:00:00,2.0,8.0,470.0,2.1,-1.6,3,printemps,00h-03h,0,2.0,1,0
2022-03-01 03:00:00,2.0,8.0,486.0,2.6,2.5,3,printemps,03h-06h,0,2.0,0,0
2022-03-01 06:00:00,3.0,8.0,491.0,2.7,-1.2,3,printemps,06h-09h,0,2.0,1,0
2022-03-01 09:00:00,2.0,8.0,522.0,3.3,1.8,3,printemps,09h-12h,0,3.0,0,0
2022-03-01 12:00:00,2.0,8.0,529.0,3.0,-1.4,3,printemps,12h-15h,0,2.0,1,0
2022-03-01 15:00:00,1.0,8.0,539.0,2.8,-0.5,3,printemps,15h-18h,0,2.0,1,0
2022-03-01 18:00:00,2.0,8.0,537.0,2.8,-0.8,3,printemps,18h-21h,0,1.0,1,0
2022-03-01 21:00:00,2.0,8.0,498.0,2.8,1.7,3,printemps,21h-24h,0,2.0,0,0
2022-03-02 00:00:00,1.0,4.0,497.0,2.6,1.0,3,printemps,00h-03h,0,2.0,0,0
2022-03-02 03:00:00,1.0,4.0,483.0,2.5,-0.6,3,printemps,03h-06h,0,1.0,1,0
2022-03-02 06:00:00,1.0,4.0,475.0,2.7,-0.0,3,printemps,06h-09h,0,1.0,0,0
2022-03-02 09:00:00,2.0,4.0,460.0,2.8,-1.1,3,printemps,09h-12h,0,1.0,1,0
2022-03-02 12:00:00,0.0,4.0,454.0,2.6,0.2,3,printemps,12h-15h,0,2.0,0,0
2022-03-02 15:00:00,1.0,4.0,450.0,2.5,0.3,3,printemps,15h-18h,0,0.0,0,0
2022-03-02 18:00:00,1.0,4.0,438.0,2.5,0.7,3,printemps,18h-21h,0,1.0,0,0
2022-03-02 21:00:00,1.0,4.0,414.0,2.8,-0.9,3,printemps,21h-24h,0,1.0,1,0
2022-03-03 00:00:00,1.0,5.0,416.0,3.3,2.2,3,printemps,00h-03h,0,1.0,0,0
2022-03-03 03:00:00,1.0,5.0,398.0,3.2,1.1,3,printemps,03h-06h,0,1.0,0,0
2022-03-03 06:00:00,0.0,5.0,383.0,3.8,0.5,3,printemps,06h-09h,0,1.0,0,0
2022-03-03 09:00:00,1.0,5.0,377.0,4.7,0.4,3,printemps,09h-12h,0,0.0,0,0
2022-03-03 12:00:00,1.0,5.0,370.0,5.7,1.1,3,printemps,12h-15h,0,1.0,0,0
2022-03-03 15:00:00,1.0,5.0,370.0,9.0,0.1,3,printemps,15h-18h,0,1.0,0,0
2022-03-03 18:00:00,2.0,5.0,376.0,23.4,-0.1,3,printemps,18h-21h,0,1.0,1,0
2022-03-03 21:00:00,3.0,5.0,393.0,10.5,2.9,3,printemps,21h-24h,0,2.0,0,0
2022-03-04 00:00:00,3.0,10.0,408.0,11.1,-1.5,3,printemps,00h-03h,0,3.0,1,0
2022-03-04 03:00:00,3.0,10.0,426.0,6.9,5.6,3,printemps,03h-06h,0,3.0,0,0
2022-03-04 06:00:00,2.0,10.0,425.0,6.7,-0.4,3,printemps,06h-09h,0,3.0,1,0
2022-03-04 09:00:00,2.0,10.0,447.0,6.0,-3.6,3,printemps,09h-12h,0,2.0,1,0
2022-03-04 12:00:00,2.0,10.0,454.0,6.1,2.0,3,printemps,12h-15h,0,2.0,0,0
2022-03-04 15:00:00,2.0,10.0,434.0,5.9,-1.0,3,printemps,15h-18h,0,2.0,1,0
2022-03-04 18:00:00,3.0,10.0,444.0,5.4,-0.5,3,printemps,18h-21h,0,2.0,1,0
2022-03-04 21:00:00,3.0,10.0,415.0,5.2,0.6,3,printemps,21h-24h,0,3.0,0,0
2022-03-05 00:00:00,4.0,27.0,414.0,6.1,-4.4,3,printemps,00h-03h,0,3.0,1,0
2022-03-05 03:00:00,2.0,27.0,386.0,7.3,0.9,3,printemps,03h-06h,0,4.0,0,0
2022-03-05 06:00:00,2.0,27.0,408.0,9.1,-1.0,3,printemps,06h-09h,0,2.0,1,0
2022-03-05 09:00:00,4.0,27.0,457.0,8.5,-0.2,3,printemps,09h-12h,0,2.0,1,0
2022-03-05 12:00:00,5.0,27.0,490.0,8.7,-6.0,3,printemps,12h-15h,0,4.0,1,1
2022-03-05 15:00:00,4.0,27.0,480.0,5.0,-1.4,3,printemps,15h-18h,0,5.0,1,0
2022-03-05 18:00:00,5.0,27.0,488.0,2.8,-3.5,3,printemps,18h-21h,0,4.0,1,1
2022-03-05 21:00:00,5.0,27.0,565.0,2.5,-5.7,3,printemps,21h-24h,0,5.0,1,1
2022-03-06 00:00:00,5.0,18.0,545.0,2.9,-3.3,3,printemps,00h-03h,0,5.0,1,1
2022-03-06 03:00:00,3.0,18.0,534.0,2.6,0.3,3,printemps,03h-06h,0,5.0,0,0
2022-03-06 06:00:00,4.0,18.0,533.0,1.9,-4.5,3,printemps,06h-09h,0,3.0,1,0
2022-03-06 09:00:00,3.0,18.0,512.0,1.3,-0.8,3,printemps,09h-12h,0,4.0,1,0
2022-03-06 12:00:00,3.0,18.0,531.0,1.4,-2.8,3,printemps,12h-15h,0,3.0,1,0
2022-03-06 15:00:00,1.0,18.0,495.0,1.1,-0.7,3,printemps,15h-18h,0,3.0,1,0
2022-03-06 18:00:00,2.0,18.0,501.0,1.6,-1.9,3,printemps,18h-21h,0,1.0,1,0
2022-03-06 21:00:00,2.0,18.0,499.0,1.6,-3.3,3,printemps,21h-24h,0,2.0,1,0
2022-03-07 00:00:00,3.0,9.0,485.0,1.4,-2.0,3,printemps,00h-03h,0,2.0,1,0
2022-03-07 03:00:00,3.0,9.0,469.0,1.6,-2.3,3,printemps,03h-06h,0,3.0,1,0
2022-03-07 06:00:00,1.0,9.0,457.0,1.3,-0.8,3,printemps,06h-09h,0,3.0,1,0
2022-03-07 09:00:00,2.0,9.0,451.0,1.4,-0.2,3,printemps,09h-12h,0,1.0,1,0
2022-03-07 12:00:00,3.0,9.0,466.0,1.9,-3.4,3,printemps,12h-15h,0,2.0,1,0
2022-03-07 15:00:00,2.0,9.0,456.0,2.2,-4.6,3,printemps,15h-18h,0,3.0,1,0
2022-03-07 18:00:00,2.0,9.0,462.0,2.7,-2.9,3,printemps,18h-21h,0,2.0,1,0
2022-03-07 21:00:00,2.0,9.0,474.0,2.8,-1.0,3,printemps,21h-24h,0,2.0,1,0
2022-03-08 00:00:00,3.0,6.0,483.0,2.6,-0.3,3,printemps,00h-03h,0,2.0,1,0
2022-03-08 03:00:00,2.0,6.0,473.0,2.7,0.3,3,printemps,03h-06h,0,3.0,0,0
2022-03-08 06:00:00,1.0,6.0,422.0,2.4,0.4,3,printemps,06h-09h,0,2.0,0,0
2022-03-08 09:00:00,1.0,6.0,434.0,3.2,0.3,3,printemps,09h-12h,0,1.0,0,0
2022-03-08 12:00:00,1.0,6.0,414.0,2.5,-1.1,3,printemps,12h-15h,0,1.0,1,0
2022-03-08 15:00:00,1.0,6.0,405.0,2.8,-0.4,3,printemps,15h-18h,0,1.0,1,0
2022-03-08 18:00:00,1.0,6.0,397.0,2.5,-1.6,3,printemps,18h-21h,0,1.0,1,0
2022-03-08 21:00:00,2.0,6.0,381.0,3.4,-1.7,3,printemps,21h-24h,0,1.0,1,0
2022-03-09 00:00:00,3.0,5.0,378.0,3.7,-2.5,3,printemps,00h-03h,0,2.0,1,0
2022-03-09 03:00:00,1.0,5.0,371.0,3.8,0.1,3,printemps,03h-06h,0,3.0,0,0
2022-03-09 06:00:00,1.0,5.0,380.0,3.8,-1.4,3,printemps,06h-09h,0,1.0,1,0
2022-03-09 09:00:00,1.0,5.0,357.0,4.1,-0.5,3,printemps,09h-12h,0,1.0,1,0
2022-03-09 12:00:00,1.0,5.0,380.0,3.5,-1.7,3,printemps,12h-15h,0,1.0,1,0
2022-03-09 15:00:00,0.0,5.0,358.0,3.0,-1.9,3,printemps,15h-18h,0,1.0,1,0
2022-03-09 18:00:00,1.0,5.0,351.0,3.0,0.4,3,printemps,18h-21h,0,0.0,0,0
2022-03-09 21:00:00,2.0,5.0,345.0,3.2,-0.6,3,printemps,21h-24h,0,1.0,1,0
2022-03-10 00:00:00,2.0,10.0,341.0,3.1,-1.5,3,printemps,00h-03h,0,2.0,1,0
2022-03-10 03:00:00,1.0,10.0,354.0,6.1,-3.3,3,printemps,03h-06h,0,2.0,1,0
2022-03-10 06:00:00,2.0,10.0,348.0,5.8,-3.1,3,printemps,06h-09h,0,1.0,1,0
2022-03-10 09:00:00,2.0,10.0,351.0,5.9,-2.6,3,printemps,09h-12h,0,2.0,1,0
2022-03-10 12:00:00,2.0,10.0,343.0,6.7,-3.5,3,printemps,12h-15h,0,2.0,1,0
2022-03-10 15:00:00,3.0,10.0,345.0,7.0,-4.2,3,printemps,15h-18h,0,2.0,1,0
2022-03-10 18:00:00,4.0,10.0,384.0,15.4,-6.3,3,printemps,18h-21h,0,3.0,1,0
2022-03-10 21:00:00,2.0,10.0,369.0,13.8,12.6,3,printemps,21h-24h,0,4.0,0,0
2022-03-11 00:00:00,4.0,20.0,355.0,18.4,-2.6,3,printemps,00h-03h,0,2.0,1,0
2022-03-11 03:00:00,3.0,20.0,351.0,8.6,3.8,3,printemps,03h-06h,0,4.0,0,0
2022-03-11 06:00:00,4.0,20.0,346.0,7.8,-7.7,3,printemps,06h-09h,0,3.0,1,0
2022-03-11 09:00:00,2.0,20.0,393.0,8.3,-2.6,3,printemps,09h-12h,0,4.0,1,0
2022-03-11 12:00:00,3.0,20.0,405.0,14.7,3.1,3,printemps,12h-15h,0,2.0,0,0
2022-03-11 15:00:00,3.0,20.0,401.0,6.0,-3.3,3,printemps,15h-18h,0,3.0,1,0
2022-03-11 18:00:00,3.0,20.0,386.0,6.3,-0.2,3,printemps,18h-21h,0,3.0,1,0
2022-03-11 21:00:00,5.0,20.0,382.0,8.2,-2.0,3,printemps,21h-24h,0,3.0,1,1
2022-03-13 00:00:00,2.0,40.0,370.0,2.7,-2.5,3,printemps,00h-03h,0,5.0,1,0
2022-03-13 03:00:00,1.0,40.0,351.0,2.5,-0.1,3,printemps,03h-06h,0,2.0,1,0
2022-03-13 06:00:00,0.0,40.0,338.0,2.5,0.5,3,printemps,06h-09h,0,1.0,0,0
2022-03-13 09:00:00,4.0,40.0,345.0,3.5,-0.1,3,printemps,09h-12h,0,0.0,1,0
2022-03-13 12:00:00,6.0,40.0,505.0,29.7,-6.7,3,printemps,12h-15h,0,4.0,1,1
2022-03-13 15:00:00,5.0,40.0,440.0,18.4,7.8,3,printemps,15h-18h,0,6.0,0,1
2022-03-13 18:00:00,6.0,40.0,442.0,8.3,13.5,3,printemps,18h-21h,0,5.0,0,1
2022-03-13 21:00:00,6.0,40.0,469.0,18.8,14.4,3,printemps,21h-24h,0,6.0,0,1
2022-03-14 00:00:00,6.0,14.0,449.0,3.7,14.5,3,printemps,00h-03h,0,6.0,0,1
2022-03-14 03:00:00,3.0,14.0,447.0,4.4,18.0,3,printemps,03h-06h,0,6.0,0,0
2022-03-14 06:00:00,2.0,14.0,426.0,6.2,21.5,3,printemps,06h-09h,0,3.0,0,0
2022-03-14 09:00:00,2.0,14.0,418.0,17.1,21.7,3,printemps,09h-12h,0,2.0,0,0
2022-03-14 12:00:00,2.0,14.0,419.0,9.5,17.3,3,printemps,12h-15h,0,2.0,0,0
2022-03-14 15:00:00,2.0,14.0,406.0,4.6,9.5,3,printemps,15h-18h,0,2.0,0,0
2022-03-14 18:00:00,1.0,14.0,412.0,5.8,6.1,3,printemps,18h-21h,0,2.0,0,0
2022-03-14 21:00:00,1.0,14.0,396.0,4.3,4.2,3,printemps,21h-24h,0,1.0,0,0
2022-03-15 00:00:00,1.0,7.0,383.0,3.7,4.0,3,printemps,00h-03h,0,1.0,0,0
2022-03-15 03:00:00,2.0,7.0,380.0,10.7,8.6,3,printemps,03h-06h,0,1.0,0,0
2022-03-15 06:00:00,1.0,7.0,377.0,2.8,6.9,3,printemps,06h-09h,0,2.0,0,0
2022-03-15 09:00:00,1.0,7.0,382.0,2.8,7.3,3,printemps,09h-12h,0,1.0,0,0
2022-03-15 12:00:00,2.0,7.0,394.0,3.7,-1.5,3,printemps,12h-15h,0,1.0,1,0
2022-03-15 15:00:00,2.0,7.0,366.0,3.5,-1.0,3,printemps,15h-18h,0,2.0,1,0
2022-03-15 18:00:00,1.0,7.0,358.0,2.9,-4.1,3,printemps,18h-21h,0,2.0,1,0
2022-03-15 21:00:00,3.0,7.0,397.0,5.3,-2.3,3,printemps,21h-24h,0,1.0,1,0
2022-03-16 00:00:00,1.0,5.0,424.0,5.0,3.1,3,printemps,00h-03h,0,3.0,0,0
2022-03-16 03:00:00,0.0,5.0,411.0,5.4,2.6,3,printemps,03h-06h,0,1.0,0,0
2022-03-16 06:00:00,1.0,5.0,423.0,5.4,-0.2,3,printemps,06h-09h,0,0.0,1,0
2022-03-16 09:00:00,2.0,5.0,410.0,4.9,1.2,3,printemps,09h-12h,0,1.0,0,0
2022-03-16 12:00:00,2.0,5.0,400.0,4.8,1.6,3,printemps,12h-15h,0,2.0,0,0
2022-03-16 15:00:00,2.0,5.0,390.0,4.1,-1.6,3,printemps,15h-18h,0,2.0,1,0
2022-03-16 18:00:00,2.0,5.0,380.0,4.3,-2.0,3,printemps,18h-21h,0,2.0,1,0
2022-03-16 21:00:00,2.0,5.0,381.0,4.1,-1.6,3,printemps,21h-24h,0,2.0,1,0
2022-03-17 00:00:00,2.0,6.0,360.0,3.3,-1.9,3,printemps,00h-03h,0,2.0,1,0
2022-03-17 03:00:00,2.0,6.0,363.0,3.8,2.2,3,printemps,03h-06h,0,2.0,0,0
2022-03-17 06:00:00,2.0,6.0,371.0,6.3,-1.1,3,printemps,06h-09h,0,2.0,1,0
2022-03-17 09:00:00,2.0,6.0,361.0,5.5,0.2,3,printemps,09h-12h,0,2.0,0,0
2022-03-17 12:00:00,1.0,6.0,364.0,4.8,-0.5,3,printemps,12h-15h,0,2.0,1,0
2022-03-17 15:00:00,1.0,6.0,349.0,4.4,0.4,3,printemps,15h-18h,0,1.0,0,0
2022-03-17 18:00:00,0.0,6.0,326.0,3.1,-1.3,3,printemps,18h-21h,0,1.0,1,0
2022-03-17 21:00:00,1.0,6.0,313.0,3.0,-1.6,3,printemps,21h-24h,0,0.0,1,0
2022-03-18 00:00:00,2.0,4.0,325.0,4.1,-2.2,3,printemps,00h-03h,0,1.0,1,0
2022-03-18 03:00:00,1.0,4.0,320.0,4.5,-0.4,3,printemps,03h-06h,0,2.0,1,0
2022-03-18 06:00:00,0.0,4.0,316.0,3.9,1.8,3,printemps,06h-09h,0,1.0,0,0
2022-03-18 09:00:00,1.0,4.0,305.0,3.8,-1.1,3,printemps,09h-12h,0,0.0,1,0
2022-03-18 12:00:00,1.0,4.0,301.0,3.9,-2.0,3,printemps,12h-15h,0,1.0,1,0
2022-03-18 15:00:00,1.0,4.0,297.0,4.4,-0.2,3,printemps,15h-18h,0,1.0,1,0
2022-03-18 18:00:00,1.0,4.0,303.0,5.1,-1.1,3,printemps,18h-21h,0,1.0,1,0
2022-03-18 21:00:00,1.0,4.0,317.0,5.1,-0.6,3,printemps,21h-24h,0,1.0,1,0
2022-03-19 00:00:00,1.0,5.0,291.0,4.9,0.7,3,printemps,00h-03h,0,1.0,0,0
2022-03-19 03:00:00,0.0,5.0,298.0,5.8,-1.9,3,printemps,03h-06h,0,1.0,1,0
2022-03-19 06:00:00,2.0,5.0,303.0,7.7,-0.6,3,printemps,06h-09h,0,0.0,1,0
2022-03-19 09:00:00,2.0,5.0,304.0,8.2,0.4,3,printemps,09h-12h,0,2.0,0,0
2022-03-19 12:00:00,1.0,5.0,299.0,7.1,2.3,3,printemps,12h-15h,0,2.0,0,0
2022-03-19 15:00:00,0.0,5.0,297.0,9.5,1.1,3,printemps,15h-18h,0,1.0,0,0
2022-03-19 18:00:00,1.0,5.0,302.0,11.2,-1.9,3,printemps,18h-21h,0,0.0,1,0
2022-03-19 21:00:00,2.0,5.0,321.0,14.4,-2.6,3,printemps,21h-24h,0,1.0,1,0
2022-03-20 00:00:00,3.0,9.0,320.0,16.4,-3.1,3,printemps,00h-03h,0,2.0,1,0
2022-03-20 03:00:00,3.0,9.0,315.0,15.3,-3.7,3,printemps,03h-06h,0,3.0,1,0
2022-03-20 06:00:00,2.0,9.0,309.0,15.4,-1.6,3,printemps,06h-09h,0,3.0,1,0
2022-03-20 09:00:00,2.0,9.0,298.0,13.5,5.8,3,printemps,09h-12h,0,2.0,0,0
2022-03-20 12:00:00,1.0,9.0,300.0,12.3,6.2,3,printemps,12h-15h,0,2.0,0,0
2022-03-20 15:00:00,1.0,9.0,306.0,10.8,6.4,3,printemps,15h-18h,0,1.0,0,0
2022-03-20 18:00:00,0.0,9.0,311.0,3.8,7.9,3,printemps,18h-21h,0,1.0,0,0
2022-03-20 21:00:00,3.0,9.0,320.0,6.8,-2.8,3,printemps,21h-24h,0,0.0,1,0
2022-03-21 00:00:00,2.0,4.0,332.0,7.2,-1.0,3,printemps,00h-03h,0,3.0,1,0
2022-03-21 03:00:00,0.0,4.0,324.0,4.0,2.8,3,printemps,03h-06h,0,2.0,0,0
2022-03-21 06:00:00,0.0,4.0,313.0,9.7,2.0,3,printemps,06h-09h,0,0.0,0,0
2022-03-21 09:00:00,1.0,4.0,333.0,6.2,1.6,3,printemps,09h-12h,0,0.0,0,0
2022-03-21 12:00:00,1.0,4.0,319.0,7.1,0.4,3,printemps,12h-15h,0,1.0,0,0
2022-03-21 15:00:00,1.0,4.0,326.0,5.6,0.1,3,printemps,15h-18h,0,1.0,0,0
2022-03-21 18:00:00,1.0,4.0,329.0,13.9,1.5,3,printemps,18h-21h,0,1.0,0,0
2022-03-21 21:00:00,1.0,4.0,333.0,17.4,0.4,3,printemps,21h-24h,0,1.0,0,0
2022-03-22 00:00:00,2.0,9.0,331.0,14.4,-1.5,3,printemps,00h-03h,0,1.0,1,0
2022-03-22 03:00:00,3.0,9.0,332.0,14.3,-3.0,3,printemps,03h-06h,0,2.0,1,0
2022-03-22 06:00:00,2.0,9.0,324.0,13.3,-0.8,3,printemps,06h-09h,0,3.0,1,0
2022-03-22 09:00:00,1.0,9.0,318.0,4.8,1.2,3,printemps,09h-12h,0,2.0,0,0
2022-03-22 12:00:00,1.0,9.0,306.0,2.1,0.0,3,printemps,12h-15h,0,1.0,0,0
2022-03-22 15:00:00,1.0,9.0,323.0,6.4,-1.6,3,printemps,15h-18h,0,1.0,1,0
2022-03-22 18:00:00,3.0,9.0,326.0,15.4,-2.4,3,printemps,18h-21h,0,1.0,1,0
2022-03-22 21:00:00,2.0,9.0,362.0,7.6,-2.8,3,printemps,21h-24h,0,3.0,1,0
2022-03-23 00:00:00,2.0,7.0,367.0,15.6,6.3,3,printemps,00h-03h,0,2.0,0,0
2022-03-23 03:00:00,1.0,7.0,377.0,6.0,5.3,3,printemps,03h-06h,0,2.0,0,0
2022-03-23 06:00:00,2.0,7.0,376.0,6.1,-1.7,3,printemps,06h-09h,0,1.0,1,0
2022-03-23 09:00:00,2.0,7.0,376.0,10.8,-1.0,3,printemps,09h-12h,0,2.0,1,0
2022-03-23 12:00:00,1.0,7.0,359.0,9.3,1.3,3,printemps,12h-15h,0,2.0,0,0
2022-03-23 15:00:00,2.0,7.0,390.0,7.7,3.9,3,printemps,15h-18h,0,1.0,0,0
2022-03-23 18:00:00,2.0,7.0,377.0,3.1,2.7,3,printemps,18h-21h,0,2.0,0,0
2022-03-23 21:00:00,1.0,7.0,403.0,9.9,5.3,3,printemps,21h-24h,0,2.0,0,0
2022-03-24 00:00:00,3.0,9.0,442.0,7.7,-3.5,3,printemps,00h-03h,0,1.0,1,0
2022-03-24 03:00:00,2.0,9.0,476.0,6.2,4.8,3,printemps,03h-06h,0,3.0,0,0
2022-03-24 06:00:00,1.0,9.0,518.0,5.4,5.9,3,printemps,06h-09h,0,2.0,0,0
2022-03-24 09:00:00,3.0,9.0,567.0,4.5,2.2,3,printemps,09h-12h,0,1.0,0,0
2022-03-24 12:00:00,3.0,9.0,560.0,3.2,1.0,3,printemps,12h-15h,0,3.0,0,0
2022-03-24 15:00:00,2.0,9.0,557.0,3.0,-0.3,3,printemps,15h-18h,0,3.0,1,0
2022-03-24 18:00:00,1.0,9.0,518.0,2.7,0.9,3,printemps,18h-21h,0,2.0,0,0
2022-03-24 21:00:00,2.0,9.0,499.0,3.2,0.1,3,printemps,21h-24h,0,1.0,0,0
2022-03-25 00:00:00,3.0,10.0,481.0,2.7,-0.5,3,printemps,00h-03h,0,2.0,1,0
2022-03-25 03:00:00,3.0,10.0,462.0,2.3,-1.6,3,printemps,03h-06h,0,3.0,1,0
2022-03-25 06:00:00,2.0,10.0,446.0,3.4,-1.8,3,printemps,06h-09h,0,3.0,1,0
2022-03-25 09:00:00,3.0,10.0,442.0,3.7,-2.5,3,printemps,09h-12h,0,2.0,1,0
2022-03-25 12:00:00,2.0,10.0,442.0,4.6,-1.4,3,printemps,12h-15h,0,3.0,1,0
2022-03-25 15:00:00,2.0,10.0,434.0,4.8,-0.8,3,printemps,15h-18h,0,2.0,1,0
2022-03-25 18:00:00,2.0,10.0,420.0,5.7,-0.2,3,printemps,18h-21h,0,2.0,1,0
2022-03-25 21:00:00,1.0,10.0,412.0,5.5,2.2,3,printemps,21h-24h,0,2.0,0,0
2022-03-26 00:00:00,2.0,7.0,404.0,4.0,0.9,3,printemps,00h-03h,0,1.0,0,0
2022-03-26 03:00:00,1.0,7.0,396.0,4.8,0.4,3,printemps,03h-06h,0,2.0,0,0
2022-03-26 06:00:00,1.0,7.0,397.0,5.0,0.7,3,printemps,06h-09h,0,1.0,0,0
2022-03-26 09:00:00,2.0,7.0,393.0,5.7,-0.4,3,printemps,09h-12h,0,1.0,1,0
2022-03-26 12:00:00,1.0,7.0,402.0,5.5,2.0,3,printemps,12h-15h,0,2.0,0,0
2022-03-26 15:00:00,2.0,7.0,414.0,9.1,1.6,3,printemps,15h-18h,0,1.0,0,0
2022-03-26 18:00:00,3.0,7.0,430.0,8.9,-5.5,3,printemps,18h-21h,0,2.0,1,0
2022-03-26 21:00:00,2.0,7.0,418.0,10.8,5.7,3,printemps,21h-24h,0,3.0,0,0
2022-03-27 00:00:00,2.0,18.0,427.0,10.8,0.8,3,printemps,00h-03h,0,2.0,0,0
2022-03-27 03:00:00,2.0,18.0,426.0,12.6,5.9,3,printemps,03h-06h,0,2.0,0,0
2022-03-27 06:00:00,2.0,18.0,428.0,10.9,9.7,3,printemps,06h-09h,0,2.0,0,0
2022-03-27 09:00:00,3.0,18.0,518.0,8.8,0.3,3,printemps,09h-12h,0,2.0,0,0
2022-03-27 12:00:00,3.0,18.0,509.0,6.6,-0.8,3,printemps,12h-15h,0,3.0,1,0
2022-03-27 15:00:00,4.0,18.0,506.0,5.2,-0.2,3,printemps,15h-18h,0,3.0,1,0
2022-03-27 18:00:00,4.0,18.0,526.0,5.5,-2.1,3,printemps,18h-21h,0,4.0,1,0
2022-03-27 21:00:00,4.0,18.0,510.0,5.8,1.0,3,printemps,21h-24h,0,4.0,0,0
2022-03-28 00:00:00,4.0,10.0,498.0,6.9,1.7,3,printemps,00h-03h,0,4.0,0,0
2022-03-28 03:00:00,4.0,10.0,530.0,3.2,0.5,3,printemps,03h-06h,0,4.0,0,0
2022-03-28 06:00:00,2.0,10.0,548.0,3.0,0.4,3,printemps,06h-09h,0,4.0,0,0
2022-03-28 09:00:00,2.0,10.0,541.0,2.8,-0.6,3,printemps,09h-12h,0,2.0,1,0
2022-03-28 12:00:00,1.0,10.0,528.0,2.6,1.3,3,printemps,12h-15h,0,2.0,0,0
2022-03-28 15:00:00,0.0,10.0,483.0,3.6,0.9,3,printemps,15h-18h,0,1.0,0,0
2022-03-28 18:00:00,1.0,10.0,449.0,4.8,1.2,3,printemps,18h-21h,0,0.0,0,0
2022-03-28 21:00:00,1.0,10.0,442.0,5.6,2.0,3,printemps,21h-24h,0,1.0,0,0
2022-03-29 00:00:00,2.0,8.0,433.0,6.7,2.3,3,printemps,00h-03h,0,1.0,0,0
2022-03-29 03:00:00,2.0,8.0,428.0,6.6,2.9,3,printemps,03h-06h,0,2.0,0,0
2022-03-29 06:00:00,2.0,8.0,417.0,6.4,0.8,3,printemps,06h-09h,0,2.0,0,0
2022-03-29 09:00:00,2.0,8.0,409.0,6.8,0.5,3,printemps,09h-12h,0,2.0,0,0
2022-03-29 12:00:00,2.0,8.0,408.0,6.7,0.1,3,printemps,12h-15h,0,2.0,0,0
2022-03-29 15:00:00,2.0,8.0,414.0,7.0,0.3,3,printemps,15h-18h,0,2.0,0,0
2022-03-29 18:00:00,2.0,8.0,413.0,6.5,-2.4,3,printemps,18h-21h,0,2.0,1,0
2022-03-29 21:00:00,2.0,8.0,415.0,4.9,0.2,3,printemps,21h-24h,0,2.0,0,0
2022-03-30 00:00:00,1.0,8.0,401.0,4.4,0.2,3,printemps,00h-03h,0,2.0,0,0
2022-03-30 03:00:00,1.0,8.0,412.0,4.3,-0.4,3,printemps,03h-06h,0,1.0,1,0
2022-03-30 06:00:00,1.0,8.0,391.0,5.1,0.4,3,printemps,06h-09h,0,1.0,0,0
2022-03-30 09:00:00,2.0,8.0,406.0,6.4,-0.3,3,printemps,09h-12h,0,1.0,1,0
2022-03-30 12:00:00,1.0,8.0,397.0,5.6,2.7,3,printemps,12h-15h,0,2.0,0,0
2022-03-30 15:00:00,2.0,8.0,385.0,4.9,1.9,3,printemps,15h-18h,0,1.0,0,0
2022-03-30 18:00:00,2.0,8.0,383.0,8.3,-2.6,3,printemps,18h-21h,0,2.0,1,0
2022-03-30 21:00:00,4.0,8.0,388.0,7.0,-2.5,3,printemps,21h-24h,0,2.0,1,0
2022-03-31 00:00:00,5.0,13.0,408.0,10.0,4.2,3,printemps,00h-03h,0,4.0,0,1
2022-03-31 03:00:00,5.0,13.0,501.0,32.4,-5.3,3,printemps,03h-06h,0,5.0,1,1
2022-03-31 06:00:00,4.0,13.0,551.0,7.2,-0.9,3,printemps,06h-09h,0,5.0,1,0
2022-03-31 09:00:00,4.0,13.0,584.0,9.0,0.8,3,printemps,09h-12h,0,4.0,0,0
2022-03-31 12:00:00,4.0,13.0,578.0,7.3,7.0,3,printemps,12h-15h,0,4.0,0,0
2022-03-31 15:00:00,4.0,13.0,541.0,8.3,2.8,3,printemps,15h-18h,0,4.0,0,0
2022-03-31 18:00:00,2.0,13.0,503.0,3.8,12.6,3,printemps,18h-21h,0,4.0,0,0
2022-03-31 21:00:00,3.0,13.0,503.0,6.2,15.6,3,printemps,21h-24h,0,2.0,0,0
2022-04-01 00:00:00,3.0,17.0,471.0,5.3,15.6,4,printemps,00h-03h,0,3.0,0,0
2022-04-01 03:00:00,3.0,17.0,494.0,1.4,5.8,4,printemps,03h-06h,0,3.0,0,0
2022-04-01 06:00:00,4.0,17.0,444.0,2.4,-2.5,4,printemps,06h-09h,0,3.0,1,0
2022-04-01 09:00:00,4.0,17.0,469.0,2.1,-7.6,4,printemps,09h-12h,0,4.0,1,0
2022-04-01 12:00:00,4.0,17.0,450.0,7.3,0.0,4,printemps,12h-15h,0,4.0,0,0
2022-04-01 15:00:00,3.0,17.0,495.0,1.9,-3.0,4,printemps,15h-18h,0,4.0,1,0
2022-04-01 18:00:00,2.0,17.0,436.0,1.8,-1.5,4,printemps,18h-21h,0,3.0,1,0
2022-04-01 21:00:00,2.0,17.0,477.0,1.4,-3.8,4,printemps,21h-24h,0,2.0,1,0
2022-04-02 00:00:00,4.0,22.0,473.0,1.5,-2.9,4,printemps,00h-03h,0,2.0,1,0
2022-04-02 03:00:00,5.0,22.0,556.0,4.9,-1.2,4,printemps,03h-06h,0,4.0,1,1
2022-04-02 06:00:00,4.0,22.0,566.0,3.0,-4.2,4,printemps,06h-09h,0,5.0,1,0
2022-04-02 09:00:00,2.0,22.0,553.0,2.6,-0.3,4,printemps,09h-12h,0,4.0,1,0
2022-04-02 12:00:00,2.0,22.0,557.0,2.0,1.1,4,printemps,12h-15h,0,2.0,0,0
2022-04-02 15:00:00,3.0,22.0,570.0,1.9,-0.0,4,printemps,15h-18h,0,2.0,0,0
2022-04-02 18:00:00,4.0,22.0,552.0,2.1,-3.8,4,printemps,18h-21h,0,3.0,1,0
2022-04-02 21:00:00,3.0,22.0,535.0,1.9,-0.6,4,printemps,21h-24h,0,4.0,1,0
2022-04-03 00:00:00,4.0,10.0,510.0,1.4,-2.0,4,printemps,00h-03h,0,3.0,1,0
2022-04-03 03:00:00,2.0,10.0,498.0,2.1,-0.4,4,printemps,03h-06h,0,4.0,1,0
2022-04-03 06:00:00,2.0,10.0,473.0,2.3,0.7,4,printemps,06h-09h,0,2.0,0,0
2022-04-03 09:00:00,2.0,10.0,476.0,2.7,1.9,4,printemps,09h-12h,0,2.0,0,0
2022-04-03 12:00:00,2.0,10.0,461.0,3.0,-0.4,4,printemps,12h-15h,0,2.0,1,0
2022-04-03 15:00:00,2.0,10.0,511.0,3.2,-0.3,4,printemps,15h-18h,0,2.0,1,0
2022-04-03 18:00:00,2.0,10.0,492.0,3.3,-0.1,4,printemps,18h-21h,0,2.0,1,0
2022-04-03 21:00:00,3.0,10.0,476.0,3.4,0.0,4,printemps,21h-24h,0,2.0,0,0
2022-04-04 00:00:00,4.0,11.0,459.0,4.2,-3.0,4,printemps,00h-03h,0,3.0,1,0
2022-04-04 03:00:00,4.0,11.0,492.0,2.5,-2.3,4,printemps,03h-06h,0,4.0,1,0
2022-04-04 06:00:00,3.0,11.0,489.0,3.2,-3.6,4,printemps,06h-09h,0,4.0,1,0
2022-04-04 09:00:00,2.0,11.0,460.0,3.4,-1.0,4,printemps,09h-12h,0,3.0,1,0
2022-04-04 12:00:00,2.0,11.0,462.0,2.9,-0.8,4,printemps,12h-15h,0,2.0,1,0
2022-04-04 15:00:00,2.0,11.0,460.0,2.5,-0.8,4,printemps,15h-18h,0,2.0,1,0
2022-04-04 18:00:00,2.0,11.0,457.0,2.9,1.2,4,printemps,18h-21h,0,2.0,0,0
2022-04-04 21:00:00,1.0,11.0,440.0,2.0,0.3,4,printemps,21h-24h,0,2.0,0,0
2022-04-05 00:00:00,2.0,6.0,429.0,2.1,-0.1,4,printemps,00h-03h,0,1.0,1,0
2022-04-05 03:00:00,2.0,6.0,418.0,2.5,-0.9,4,printemps,03h-06h,0,2.0,1,0
2022-04-05 06:00:00,2.0,6.0,423.0,4.4,1.7,4,printemps,06h-09h,0,2.0,0,0
2022-04-05 09:00:00,2.0,6.0,435.0,5.0,-0.7,4,printemps,09h-12h,0,2.0,1,0
2022-04-05 12:00:00,1.0,6.0,435.0,4.7,1.7,4,printemps,12h-15h,0,2.0,0,0
2022-04-05 15:00:00,2.0,6.0,411.0,4.2,-0.6,4,printemps,15h-18h,0,1.0,1,0
2022-04-05 18:00:00,1.0,6.0,430.0,4.3,-2.1,4,printemps,18h-21h,0,2.0,1,0
2022-04-05 21:00:00,1.0,6.0,425.0,4.6,-1.6,4,printemps,21h-24h,0,1.0,1,0
2022-04-06 00:00:00,3.0,8.0,419.0,3.9,-1.5,4,printemps,00h-03h,0,1.0,1,0
2022-04-06 03:00:00,2.0,8.0,396.0,3.7,-2.9,4,printemps,03h-06h,0,3.0,1,0
2022-04-06 06:00:00,2.0,8.0,391.0,3.8,-2.3,4,printemps,06h-09h,0,2.0,1,0
2022-04-06 09:00:00,3.0,8.0,386.0,4.4,-0.0,4,printemps,09h-12h,0,2.0,0,0
2022-04-06 12:00:00,1.0,8.0,386.0,4.8,-1.2,4,printemps,12h-15h,0,3.0,1,0
2022-04-06 15:00:00,2.0,8.0,387.0,4.5,-2.5,4,printemps,15h-18h,0,1.0,1,0
2022-04-06 18:00:00,1.0,8.0,389.0,4.4,-2.2,4,printemps,18h-21h,0,2.0,1,0
2022-04-06 21:00:00,2.0,8.0,359.0,4.0,2.5,4,printemps,21h-24h,0,1.0,0,0
2022-04-07 00:00:00,2.0,15.0,400.0,5.8,-0.1,4,printemps,00h-03h,0,2.0,1,0
2022-04-07 03:00:00,4.0,15.0,429.0,6.8,-3.6,4,printemps,03h-06h,0,2.0,1,0
2022-04-07 06:00:00,3.0,15.0,422.0,6.5,-2.0,4,printemps,06h-09h,0,4.0,1,0
2022-04-07 09:00:00,4.0,15.0,420.0,7.0,-1.3,4,printemps,09h-12h,0,3.0,1,0
2022-04-07 12:00:00,3.0,15.0,410.0,7.6,-4.6,4,printemps,12h-15h,0,4.0,1,0
2022-04-07 15:00:00,3.0,15.0,418.0,6.2,-1.7,4,printemps,15h-18h,0,3.0,1,0
2022-04-07 18:00:00,2.0,15.0,406.0,2.5,-2.6,4,printemps,18h-21h,0,3.0,1,0
2022-04-07 21:00:00,3.0,15.0,401.0,3.6,-5.4,4,printemps,21h-24h,0,2.0,1,0
2022-04-08 00:00:00,4.0,9.0,385.0,4.5,-5.4,4,printemps,00h-03h,0,3.0,1,0
2022-04-08 03:00:00,3.0,9.0,368.0,8.6,-0.0,4,printemps,03h-06h,0,4.0,0,0
2022-04-08 06:00:00,2.0,9.0,384.0,12.2,4.0,4,printemps,06h-09h,0,3.0,0,0
2022-04-08 09:00:00,1.0,9.0,374.0,4.8,4.8,4,printemps,09h-12h,0,2.0,0,0
2022-04-08 12:00:00,1.0,9.0,360.0,8.2,4.2,4,printemps,12h-15h,0,1.0,0,0
2022-04-08 15:00:00,1.0,9.0,354.0,4.1,3.9,4,printemps,15h-18h,0,1.0,0,0
2022-04-08 18:00:00,2.0,9.0,360.0,6.1,3.5,4,printemps,18h-21h,0,1.0,0,0
2022-04-08 21:00:00,2.0,9.0,366.0,8.1,1.7,4,printemps,21h-24h,0,2.0,0,0
2022-04-09 00:00:00,4.0,19.0,362.0,5.5,-1.2,4,printemps,00h-03h,0,2.0,1,0
2022-04-09 03:00:00,4.0,19.0,348.0,3.6,-3.3,4,printemps,03h-06h,0,4.0,1,0
2022-04-09 06:00:00,4.0,19.0,368.0,10.4,-7.6,4,printemps,06h-09h,0,4.0,1,0
2022-04-09 09:00:00,3.0,19.0,369.0,27.4,-4.9,4,printemps,09h-12h,0,4.0,1,0
2022-04-09 12:00:00,3.0,19.0,351.0,33.9,-0.2,4,printemps,12h-15h,0,3.0,1,0
2022-04-09 15:00:00,4.0,19.0,377.0,12.4,-6.5,4,printemps,15h-18h,0,3.0,1,0
2022-04-09 18:00:00,3.0,19.0,377.0,11.5,3.3,4,printemps,18h-21h,0,4.0,0,0
2022-04-09 21:00:00,1.0,19.0,369.0,8.1,8.1,4,printemps,21h-24h,0,3.0,0,0
2022-04-10 00:00:00,3.0,34.0,433.0,12.9,12.2,4,printemps,00h-03h,0,1.0,0,0
2022-04-10 03:00:00,7.0,34.0,467.0,12.7,-10.5,4,printemps,03h-06h,0,3.0,1,1
2022-04-10 06:00:00,5.0,34.0,479.0,10.8,-3.8,4,printemps,06h-09h,0,7.0,1,1
2022-04-10 09:00:00,4.0,34.0,490.0,6.6,-2.5,4,printemps,09h-12h,0,5.0,1,0
2022-04-10 12:00:00,2.0,34.0,477.0,3.6,0.6,4,printemps,12h-15h,0,4.0,0,0
2022-04-10 15:00:00,2.0,34.0,496.0,2.0,-1.4,4,printemps,15h-18h,0,2.0,1,0
2022-04-10 18:00:00,2.0,34.0,484.0,3.0,-0.8,4,printemps,18h-21h,0,2.0,1,0
2022-04-10 21:00:00,3.0,34.0,462.0,2.9,-0.3,4,printemps,21h-24h,0,2.0,1,0
2022-04-11 00:00:00,4.0,13.0,461.0,5.0,0.7,4,printemps,00h-03h,0,3.0,0,0
2022-04-11 03:00:00,4.0,13.0,534.0,3.3,2.1,4,printemps,03h-06h,0,4.0,0,0
2022-04-11 06:00:00,3.0,13.0,535.0,3.1,-0.9,4,printemps,06h-09h,0,4.0,1,0
2022-04-11 09:00:00,3.0,13.0,550.0,2.5,-2.3,4,printemps,09h-12h,0,3.0,1,0
2022-04-11 12:00:00,2.0,13.0,515.0,2.5,0.6,4,printemps,12h-15h,0,3.0,0,0
2022-04-11 15:00:00,2.0,13.0,472.0,2.2,0.4,4,printemps,15h-18h,0,2.0,0,0
2022-04-11 18:00:00,2.0,13.0,478.0,2.0,-2.7,4,printemps,18h-21h,0,2.0,1,0
2022-04-11 21:00:00,1.0,13.0,467.0,2.8,2.1,4,printemps,21h-24h,0,2.0,0,0
2022-04-12 00:00:00,2.0,12.0,458.0,2.6,-1.1,4,printemps,00h-03h,0,1.0,1,0
2022-04-12 03:00:00,1.0,12.0,454.0,2.7,1.0,4,printemps,03h-06h,0,2.0,0,0
2022-04-12 06:00:00,1.0,12.0,460.0,3.1,0.8,4,printemps,06h-09h,0,1.0,0,0
2022-04-12 09:00:00,2.0,12.0,436.0,2.6,1.9,4,printemps,09h-12h,0,1.0,0,0
2022-04-12 12:00:00,3.0,12.0,495.0,7.1,-3.7,4,printemps,12h-15h,0,2.0,1,0
2022-04-12 15:00:00,4.0,12.0,501.0,7.3,-4.0,4,printemps,15h-18h,0,3.0,1,0
2022-04-12 18:00:00,3.0,12.0,503.0,6.8,-1.3,4,printemps,18h-21h,0,4.0,1,0
2022-04-12 21:00:00,3.0,12.0,463.0,5.3,-2.1,4,printemps,21h-24h,0,3.0,1,0
2022-04-13 00:00:00,3.0,9.0,468.0,9.0,-1.1,4,printemps,00h-03h,0,3.0,1,0
2022-04-13 03:00:00,3.0,9.0,496.0,1.1,-4.7,4,printemps,03h-06h,0,3.0,1,0
2022-04-13 06:00:00,4.0,9.0,481.0,0.9,-3.7,4,printemps,06h-09h,0,3.0,1,0
2022-04-13 09:00:00,2.0,9.0,487.0,1.6,-1.4,4,printemps,09h-12h,0,4.0,1,0
2022-04-13 12:00:00,1.0,9.0,468.0,1.7,1.5,4,printemps,12h-15h,0,2.0,0,0
2022-04-13 15:00:00,0.0,9.0,441.0,1.0,3.3,4,printemps,15h-18h,0,1.0,0,0
2022-04-13 18:00:00,0.0,9.0,430.0,1.8,4.4,4,printemps,18h-21h,0,0.0,0,0
2022-04-13 21:00:00,2.0,9.0,417.0,2.8,5.0,4,printemps,21h-24h,0,0.0,0,0
2022-04-14 00:00:00,3.0,38.0,416.0,7.1,2.7,4,printemps,00h-03h,0,2.0,0,0
2022-04-14 03:00:00,3.0,38.0,409.0,4.1,-5.0,4,printemps,03h-06h,0,3.0,1,0
2022-04-14 06:00:00,4.0,38.0,429.0,4.8,-5.0,4,printemps,06h-09h,0,3.0,1,0
2022-04-14 09:00:00,5.0,38.0,463.0,6.7,-6.9,4,printemps,09h-12h,0,4.0,1,1
2022-04-14 12:00:00,4.0,38.0,466.0,9.2,7.6,4,printemps,12h-15h,0,5.0,0,0
2022-04-14 15:00:00,6.0,38.0,539.0,7.4,-8.1,4,printemps,15h-18h,0,4.0,1,1
2022-04-14 18:00:00,5.0,38.0,517.0,4.8,-8.2,4,printemps,18h-21h,0,6.0,1,1
2022-04-14 21:00:00,4.0,38.0,491.0,3.4,-6.7,4,printemps,21h-24h,0,5.0,1,0
2022-04-15 00:00:00,5.0,21.0,493.0,2.4,-7.9,4,printemps,00h-03h,0,4.0,1,1
2022-04-15 03:00:00,4.0,21.0,482.0,10.4,10.1,4,printemps,03h-06h,0,5.0,0,0
2022-04-15 06:00:00,3.0,21.0,460.0,18.0,9.0,4,printemps,06h-09h,0,4.0,0,0
2022-04-15 09:00:00,4.0,21.0,477.0,5.7,2.6,4,printemps,09h-12h,0,3.0,0,0
2022-04-15 12:00:00,3.0,21.0,512.0,3.8,7.3,4,printemps,12h-15h,0,4.0,0,0
2022-04-15 15:00:00,3.0,21.0,588.0,3.0,0.2,4,printemps,15h-18h,0,3.0,0,0
2022-04-15 18:00:00,2.0,21.0,617.0,1.5,0.6,4,printemps,18h-21h,0,3.0,0,0
2022-04-15 21:00:00,2.0,21.0,634.0,1.2,2.9,4,printemps,21h-24h,0,2.0,0,0
2022-04-16 00:00:00,2.0,8.0,663.0,1.9,4.8,4,printemps,00h-03h,0,2.0,0,0
2022-04-16 03:00:00,2.0,8.0,586.0,2.8,5.5,4,printemps,03h-06h,0,2.0,0,0
2022-04-16 06:00:00,2.0,8.0,531.0,3.5,4.9,4,printemps,06h-09h,0,2.0,0,0
2022-04-16 09:00:00,1.0,8.0,514.0,5.4,6.3,4,printemps,09h-12h,0,2.0,0,0
2022-04-16 12:00:00,3.0,8.0,509.0,4.7,-2.0,4,printemps,12h-15h,0,1.0,1,0
2022-04-16 15:00:00,2.0,8.0,542.0,2.8,-0.6,4,printemps,15h-18h,0,3.0,1,0
2022-04-16 18:00:00,2.0,8.0,543.0,3.4,2.6,4,printemps,18h-21h,0,2.0,0,0
2022-04-16 21:00:00,3.0,8.0,551.0,3.6,4.2,4,printemps,21h-24h,0,2.0,0,0
2022-04-17 00:00:00,3.0,11.0,561.0,3.4,3.9,4,printemps,00h-03h,0,3.0,0,0
2022-04-17 03:00:00,3.0,11.0,556.0,3.0,-1.1,4,printemps,03h-06h,0,3.0,1,0
2022-04-17 06:00:00,2.0,11.0,539.0,3.0,-0.8,4,printemps,06h-09h,0,3.0,1,0
2022-04-17 09:00:00,3.0,11.0,499.0,2.9,-1.0,4,printemps,09h-12h,0,2.0,1,0
2022-04-17 12:00:00,2.0,11.0,477.0,3.8,-0.6,4,printemps,12h-15h,0,3.0,1,0
2022-04-17 15:00:00,3.0,11.0,479.0,6.0,0.7,4,printemps,15h-18h,0,2.0,0,0
2022-04-17 18:00:00,2.0,11.0,481.0,5.9,4.2,4,printemps,18h-21h,0,3.0,0,0
2022-04-17 21:00:00,2.0,11.0,524.0,5.2,6.6,4,printemps,21h-24h,0,2.0,0,0
2022-04-18 00:00:00,2.0,8.0,536.0,3.0,3.6,4,printemps,00h-03h,0,2.0,0,0
2022-04-18 03:00:00,2.0,8.0,577.0,2.8,2.8,4,printemps,03h-06h,0,2.0,0,0
2022-04-18 06:00:00,2.0,8.0,596.0,3.1,1.2,4,printemps,06h-09h,0,2.0,0,0
2022-04-18 09:00:00,2.0,8.0,590.0,2.5,-0.3,4,printemps,09h-12h,0,2.0,1,0
2022-04-18 12:00:00,1.0,8.0,599.0,2.5,3.1,4,printemps,12h-15h,0,2.0,0,0
2022-04-18 15:00:00,2.0,8.0,558.0,2.4,0.4,4,printemps,15h-18h,0,1.0,0,0
2022-04-18 18:00:00,3.0,8.0,561.0,2.5,-2.7,4,printemps,18h-21h,0,2.0,1,0
2022-04-18 21:00:00,1.0,8.0,533.0,2.6,1.1,4,printemps,21h-24h,0,3.0,0,0
2022-04-19 00:00:00,3.0,7.0,514.0,2.4,-1.4,4,printemps,00h-03h,0,1.0,1,0
2022-04-19 03:00:00,3.0,7.0,512.0,2.6,-0.3,4,printemps,03h-06h,0,3.0,1,0
2022-04-19 06:00:00,2.0,7.0,480.0,2.4,-1.1,4,printemps,06h-09h,0,3.0,1,0
2022-04-19 09:00:00,2.0,7.0,500.0,2.5,1.8,4,printemps,09h-12h,0,2.0,0,0
2022-04-19 12:00:00,2.0,7.0,474.0,2.6,2.2,4,printemps,12h-15h,0,2.0,0,0
2022-04-19 15:00:00,1.0,7.0,462.0,2.3,0.2,4,printemps,15h-18h,0,2.0,0,0
2022-04-19 18:00:00,0.0,7.0,465.0,2.4,1.1,4,printemps,18h-21h,0,1.0,0,0
2022-04-19 21:00:00,1.0,7.0,443.0,2.8,-0.5,4,printemps,21h-24h,0,0.0,1,0
2022-04-20 00:00:00,3.0,9.0,446.0,4.0,-2.2,4,printemps,00h-03h,0,1.0,1,0
2022-04-20 03:00:00,2.0,9.0,421.0,3.9,0.5,4,printemps,03h-06h,0,3.0,0,0
2022-04-20 06:00:00,2.0,9.0,396.0,3.3,-1.7,4,printemps,06h-09h,0,2.0,1,0
2022-04-20 09:00:00,2.0,9.0,398.0,3.6,0.3,4,printemps,09h-12h,0,2.0,0,0
2022-04-20 12:00:00,1.0,9.0,403.0,4.7,3.7,4,printemps,12h-15h,0,2.0,0,0
2022-04-20 15:00:00,2.0,9.0,397.0,5.2,4.1,4,printemps,15h-18h,0,1.0,0,0
2022-04-20 18:00:00,2.0,9.0,402.0,8.2,4.8,4,printemps,18h-21h,0,2.0,0,0
2022-04-20 21:00:00,3.0,9.0,397.0,12.9,-2.9,4,printemps,21h-24h,0,2.0,1,0
2022-04-21 00:00:00,3.0,10.0,401.0,16.5,0.2,4,printemps,00h-03h,0,3.0,0,0
2022-04-21 03:00:00,3.0,10.0,403.0,13.2,-2.5,4,printemps,03h-06h,0,3.0,1,0
2022-04-21 06:00:00,3.0,10.0,402.0,12.3,-4.7,4,printemps,06h-09h,0,3.0,1,0
2022-04-21 09:00:00,2.0,10.0,402.0,10.8,0.9,4,printemps,09h-12h,0,3.0,0,0
2022-04-21 12:00:00,3.0,10.0,415.0,7.0,-4.2,4,printemps,12h-15h,0,2.0,1,0
2022-04-21 15:00:00,2.0,10.0,437.0,6.5,2.8,4,printemps,15h-18h,0,3.0,0,0
2022-04-21 18:00:00,2.0,10.0,437.0,5.9,1.1,4,printemps,18h-21h,0,2.0,0,0
2022-04-21 21:00:00,1.0,10.0,437.0,6.0,1.9,4,printemps,21h-24h,0,2.0,0,0
2022-04-22 00:00:00,1.0,7.0,451.0,5.0,4.3,4,printemps,00h-03h,0,1.0,0,0
2022-04-22 03:00:00,3.0,7.0,458.0,4.7,-0.4,4,printemps,03h-06h,0,1.0,1,0
2022-04-22 06:00:00,1.0,7.0,459.0,4.7,3.5,4,printemps,06h-09h,0,3.0,0,0
2022-04-22 09:00:00,2.0,7.0,449.0,4.9,-0.3,4,printemps,09h-12h,0,1.0,1,0
2022-04-22 12:00:00,1.0,7.0,443.0,5.2,2.5,4,printemps,12h-15h,0,2.0,0,0
2022-04-22 15:00:00,2.0,7.0,451.0,4.8,0.2,4,printemps,15h-18h,0,1.0,0,0
2022-04-22 18:00:00,2.0,7.0,458.0,4.9,2.6,4,printemps,18h-21h,0,2.0,0,0
2022-04-22 21:00:00,2.0,7.0,454.0,4.4,2.6,4,printemps,21h-24h,0,2.0,0,0
2022-04-23 00:00:00,2.0,13.0,458.0,5.2,0.6,4,printemps,00h-03h,0,2.0,0,0
2022-04-23 03:00:00,2.0,13.0,442.0,4.8,1.1,4,printemps,03h-06h,0,2.0,0,0
2022-04-23 06:00:00,2.0,13.0,460.0,4.7,3.5,4,printemps,06h-09h,0,2.0,0,0
2022-04-23 09:00:00,4.0,13.0,480.0,4.9,-4.3,4,printemps,09h-12h,0,2.0,1,0
2022-04-23 12:00:00,3.0,13.0,463.0,4.3,-3.5,4,printemps,12h-15h,0,4.0,1,0
2022-04-23 15:00:00,2.0,13.0,452.0,3.9,0.8,4,printemps,15h-18h,0,3.0,0,0
2022-04-23 18:00:00,2.0,13.0,469.0,3.7,0.0,4,printemps,18h-21h,0,2.0,0,0
2022-04-23 21:00:00,4.0,13.0,479.0,2.6,1.9,4,printemps,21h-24h,0,2.0,0,0
2022-04-24 00:00:00,2.0,5.0,484.0,2.4,2.9,4,printemps,00h-03h,0,4.0,0,0
2022-04-24 03:00:00,2.0,5.0,489.0,2.7,4.2,4,printemps,03h-06h,0,2.0,0,0
2022-04-24 06:00:00,2.0,5.0,466.0,2.3,2.7,4,printemps,06h-09h,0,2.0,0,0
2022-04-24 09:00:00,1.0,5.0,441.0,2.2,0.3,4,printemps,09h-12h,0,2.0,0,0
2022-04-24 12:00:00,1.0,5.0,440.0,2.2,1.4,4,printemps,12h-15h,0,1.0,0,0
2022-04-24 15:00:00,1.0,5.0,430.0,2.3,2.4,4,printemps,15h-18h,0,1.0,0,0
2022-04-24 18:00:00,1.0,5.0,422.0,2.1,1.6,4,printemps,18h-21h,0,1.0,0,0
2022-04-24 21:00:00,0.0,5.0,455.0,3.5,3.9,4,printemps,21h-24h,0,1.0,0,0
2022-04-25 00:00:00,1.0,5.0,449.0,3.7,4.1,4,printemps,00h-03h,0,0.0,0,0
2022-04-25 03:00:00,1.0,5.0,437.0,2.9,3.1,4,printemps,03h-06h,0,1.0,0,0
2022-04-25 06:00:00,1.0,5.0,439.0,2.8,3.7,4,printemps,06h-09h,0,1.0,0,0
2022-04-25 09:00:00,2.0,5.0,430.0,2.9,-3.5,4,printemps,09h-12h,0,1.0,1,0
2022-04-25 12:00:00,1.0,5.0,436.0,2.7,-0.8,4,printemps,12h-15h,0,2.0,1,0
2022-04-25 15:00:00,1.0,5.0,424.0,2.4,1.0,4,printemps,15h-18h,0,1.0,0,0
2022-04-25 18:00:00,2.0,5.0,398.0,2.3,1.2,4,printemps,18h-21h,0,1.0,0,0
2022-04-25 21:00:00,1.0,5.0,385.0,2.0,1.2,4,printemps,21h-24h,0,2.0,0,0
2022-04-26 00:00:00,0.0,3.0,367.0,1.9,1.2,4,printemps,00h-03h,0,1.0,0,0
2022-04-26 03:00:00,0.0,3.0,407.0,2.5,2.5,4,printemps,03h-06h,0,0.0,0,0
2022-04-26 06:00:00,1.0,3.0,387.0,3.2,-0.0,4,printemps,06h-09h,0,0.0,0,0
2022-04-26 09:00:00,1.0,3.0,377.0,3.5,2.4,4,printemps,09h-12h,0,1.0,0,0
2022-04-26 12:00:00,1.0,3.0,385.0,4.4,-1.5,4,printemps,12h-15h,0,1.0,1,0
2022-04-26 15:00:00,1.0,3.0,373.0,3.8,2.1,4,printemps,15h-18h,0,1.0,0,0
2022-04-26 18:00:00,1.0,3.0,385.0,4.3,3.0,4,printemps,18h-21h,0,1.0,0,0
2022-04-26 21:00:00,1.0,3.0,374.0,4.4,2.0,4,printemps,21h-24h,0,1.0,0,0
2022-04-27 00:00:00,2.0,21.0,376.0,4.2,2.5,4,printemps,00h-03h,0,1.0,0,0
2022-04-27 03:00:00,2.0,21.0,376.0,4.1,-0.6,4,printemps,03h-06h,0,2.0,1,0
2022-04-27 06:00:00,1.0,21.0,411.0,7.7,3.1,4,printemps,06h-09h,0,2.0,0,0
2022-04-27 09:00:00,1.0,21.0,431.0,7.7,6.6,4,printemps,09h-12h,0,1.0,0,0
2022-04-27 12:00:00,5.0,21.0,447.0,7.5,-0.1,4,printemps,12h-15h,0,1.0,1,1
2022-04-27 15:00:00,4.0,21.0,474.0,5.5,-6.0,4,printemps,15h-18h,0,5.0,1,0
2022-04-27 18:00:00,3.0,21.0,465.0,5.6,-3.7,4,printemps,18h-21h,0,4.0,1,0
2022-04-27 21:00:00,5.0,21.0,464.0,8.8,0.7,4,printemps,21h-24h,0,3.0,0,1
2022-04-28 00:00:00,3.0,14.0,480.0,7.8,-4.2,4,printemps,00h-03h,0,5.0,1,0
2022-04-28 03:00:00,3.0,14.0,478.0,4.5,-1.3,4,printemps,03h-06h,0,3.0,1,0
2022-04-28 06:00:00,4.0,14.0,502.0,5.8,-2.0,4,printemps,06h-09h,0,3.0,1,0
2022-04-28 09:00:00,2.0,14.0,482.0,3.0,-0.1,4,printemps,09h-12h,0,4.0,1,0
2022-04-28 12:00:00,2.0,14.0,494.0,3.5,0.2,4,printemps,12h-15h,0,2.0,0,0
2022-04-28 15:00:00,2.0,14.0,499.0,3.7,-0.3,4,printemps,15h-18h,0,2.0,1,0
2022-04-28 18:00:00,3.0,14.0,512.0,3.3,-2.8,4,printemps,18h-21h,0,2.0,1,0
2022-04-28 21:00:00,3.0,14.0,523.0,3.9,-0.5,4,printemps,21h-24h,0,3.0,1,0
2022-04-29 00:00:00,4.0,15.0,514.0,3.2,-1.8,4,printemps,00h-03h,0,3.0,1,0
2022-04-29 03:00:00,4.0,15.0,497.0,3.2,-2.6,4,printemps,03h-06h,0,4.0,1,0
2022-04-29 06:00:00,3.0,15.0,475.0,3.0,-0.6,4,printemps,06h-09h,0,4.0,1,0
2022-04-29 09:00:00,2.0,15.0,507.0,3.3,-3.3,4,printemps,09h-12h,0,3.0,1,0
2022-04-29 12:00:00,3.0,15.0,524.0,3.6,-1.6,4,printemps,12h-15h,0,2.0,1,0
2022-04-29 15:00:00,3.0,15.0,486.0,3.0,-2.6,4,printemps,15h-18h,0,3.0,1,0
2022-04-29 18:00:00,3.0,15.0,464.0,3.0,-0.4,4,printemps,18h-21h,0,3.0,1,0
2022-04-29 21:00:00,2.0,15.0,467.0,2.7,0.3,4,printemps,21h-24h,0,3.0,0,0
2022-04-30 00:00:00,4.0,18.0,472.0,3.6,-1.0,4,printemps,00h-03h,0,2.0,1,0
2022-04-30 03:00:00,5.0,18.0,495.0,4.7,-3.8,4,printemps,03h-06h,0,4.0,1,1
2022-04-30 06:00:00,3.0,18.0,483.0,4.3,-1.6,4,printemps,06h-09h,0,5.0,1,0
2022-04-30 09:00:00,3.0,18.0,439.0,2.5,-0.6,4,printemps,09h-12h,0,3.0,1,0
2022-04-30 12:00:00,2.0,18.0,464.0,2.7,2.3,4,printemps,12h-15h,0,3.0,0,0
2022-04-30 15:00:00,3.0,18.0,486.0,4.1,-3.0,4,printemps,15h-18h,0,2.0,1,0
2022-04-30 18:00:00,2.0,18.0,474.0,3.9,0.4,4,printemps,18h-21h,0,3.0,0,0
2022-04-30 21:00:00,2.0,18.0,485.0,3.0,-0.3,4,printemps,21h-24h,0,2.0,1,0
2022-05-01 00:00:00,3.0,9.0,484.0,2.9,-2.9,5,printemps,00h-03h,0,2.0,1,0
2022-05-01 03:00:00,3.0,9.0,448.0,2.4,-1.1,5,printemps,03h-06h,0,3.0,1,0
2022-05-01 06:00:00,3.0,9.0,467.0,3.1,-2.1,5,printemps,06h-09h,0,3.0,1,0
2022-05-01 09:00:00,2.0,9.0,452.0,3.1,-0.4,5,printemps,09h-12h,0,3.0,1,0
2022-05-01 12:00:00,2.0,9.0,453.0,2.6,1.2,5,printemps,12h-15h,0,2.0,0,0
2022-05-01 15:00:00,1.0,9.0,452.0,2.7,3.2,5,printemps,15h-18h,0,2.0,0,0
2022-05-01 18:00:00,2.0,9.0,441.0,2.1,-0.9,5,printemps,18h-21h,0,1.0,1,0
2022-05-01 21:00:00,2.0,9.0,492.0,3.5,2.1,5,printemps,21h-24h,0,2.0,0,0
2022-05-02 00:00:00,3.0,6.0,468.0,3.3,-0.2,5,printemps,00h-03h,0,2.0,1,0
2022-05-02 03:00:00,2.0,6.0,461.0,3.2,1.0,5,printemps,03h-06h,0,3.0,0,0
2022-05-02 06:00:00,1.0,6.0,462.0,2.9,0.5,5,printemps,06h-09h,0,2.0,0,0
2022-05-02 09:00:00,1.0,6.0,434.0,2.0,0.9,5,printemps,09h-12h,0,1.0,0,0
2022-05-02 12:00:00,1.0,6.0,435.0,2.4,1.5,5,printemps,12h-15h,0,1.0,0,0
2022-05-02 15:00:00,1.0,6.0,457.0,2.4,-1.0,5,printemps,15h-18h,0,1.0,1,0
2022-05-02 18:00:00,2.0,6.0,455.0,2.5,0.3,5,printemps,18h-21h,0,1.0,0,0
2022-05-02 21:00:00,1.0,6.0,440.0,2.5,0.3,5,printemps,21h-24h,0,2.0,0,0
2022-05-03 00:00:00,2.0,7.0,437.0,2.7,-1.2,5,printemps,00h-03h,0,1.0,1,0
2022-05-03 03:00:00,2.0,7.0,429.0,2.5,-1.0,5,printemps,03h-06h,0,2.0,1,0
2022-05-03 06:00:00,2.0,7.0,433.0,2.7,-0.7,5,printemps,06h-09h,0,2.0,1,0
2022-05-03 09:00:00,2.0,7.0,425.0,3.0,-1.2,5,printemps,09h-12h,0,2.0,1,0
2022-05-03 12:00:00,2.0,7.0,423.0,3.0,-1.6,5,printemps,12h-15h,0,2.0,1,0
2022-05-03 15:00:00,1.0,7.0,415.0,3.1,-1.2,5,printemps,15h-18h,0,2.0,1,0
2022-05-03 18:00:00,1.0,7.0,397.0,3.2,-2.0,5,printemps,18h-21h,0,1.0,1,0
2022-05-03 21:00:00,2.0,7.0,398.0,3.4,-2.7,5,printemps,21h-24h,0,1.0,1,0
2022-05-04 00:00:00,2.0,6.0,374.0,3.4,0.3,5,printemps,00h-03h,0,2.0,0,0
2022-05-04 03:00:00,2.0,6.0,394.0,2.9,-2.2,5,printemps,03h-06h,0,2.0,1,0
2022-05-04 06:00:00,2.0,6.0,375.0,2.7,-2.6,5,printemps,06h-09h,0,2.0,1,0
2022-05-04 09:00:00,2.0,6.0,374.0,3.7,-3.1,5,printemps,09h-12h,0,2.0,1,0
2022-05-04 12:00:00,2.0,6.0,356.0,2.8,0.7,5,printemps,12h-15h,0,2.0,0,0
2022-05-04 15:00:00,0.0,6.0,340.0,2.6,-1.0,5,printemps,15h-18h,0,2.0,1,0
2022-05-04 18:00:00,1.0,6.0,349.0,2.6,-2.7,5,printemps,18h-21h,0,0.0,1,0
2022-05-04 21:00:00,2.0,6.0,376.0,3.5,-2.9,5,printemps,21h-24h,0,1.0,1,0
2022-05-05 00:00:00,1.0,4.0,345.0,3.2,-2.0,5,printemps,00h-03h,0,2.0,1,0
2022-05-05 03:00:00,1.0,4.0,328.0,2.8,-1.5,5,printemps,03h-06h,0,1.0,1,0
2022-05-05 06:00:00,2.0,4.0,334.0,3.0,-2.0,5,printemps,06h-09h,0,1.0,1,0
2022-05-05 09:00:00,1.0,4.0,317.0,2.7,-0.1,5,printemps,09h-12h,0,2.0,1,0
2022-05-05 12:00:00,1.0,4.0,329.0,2.2,-1.6,5,printemps,12h-15h,0,1.0,1,0
2022-05-05 15:00:00,1.0,4.0,308.0,3.1,-0.5,5,printemps,15h-18h,0,1.0,1,0
2022-05-05 18:00:00,1.0,4.0,376.0,3.8,-1.2,5,printemps,18h-21h,0,1.0,1,0
2022-05-05 21:00:00,1.0,4.0,380.0,2.5,-0.8,5,printemps,21h-24h,0,1.0,1,0
2022-05-07 00:00:00,1.0,3.0,313.0,1.1,-2.4,5,printemps,00h-03h,0,1.0,1,0
2022-05-07 03:00:00,1.0,3.0,303.0,1.0,-2.2,5,printemps,03h-06h,0,1.0,1,0
2022-05-07 06:00:00,1.0,3.0,297.0,1.1,-2.3,5,printemps,06h-09h,0,1.0,1,0
2022-05-07 09:00:00,1.0,3.0,299.0,1.9,-2.5,5,printemps,09h-12h,0,1.0,1,0
2022-05-07 12:00:00,1.0,3.0,320.0,2.9,-3.8,5,printemps,12h-15h,0,1.0,1,0
2022-05-07 15:00:00,0.0,3.0,303.0,2.4,-1.8,5,printemps,15h-18h,0,1.0,1,0
2022-05-07 18:00:00,0.0,3.0,287.0,1.8,-0.9,5,printemps,18h-21h,0,0.0,1,0
2022-05-07 21:00:00,2.0,3.0,272.0,1.8,-0.1,5,printemps,21h-24h,0,0.0,1,0
2022-05-08 00:00:00,2.0,6.0,317.0,4.4,-3.0,5,printemps,00h-03h,0,2.0,1,0
2022-05-08 03:00:00,1.0,6.0,313.0,9.4,-1.0,5,printemps,03h-06h,0,2.0,1,0
2022-05-08 06:00:00,1.0,6.0,328.0,6.6,-0.9,5,printemps,06h-09h,0,1.0,1,0
2022-05-08 09:00:00,2.0,6.0,344.0,7.7,-2.6,5,printemps,09h-12h,0,1.0,1,0
2022-05-08 12:00:00,2.0,6.0,337.0,15.1,0.1,5,printemps,12h-15h,0,2.0,0,0
2022-05-08 15:00:00,2.0,6.0,345.0,13.2,-1.8,5,printemps,15h-18h,0,2.0,1,0
2022-05-08 18:00:00,1.0,6.0,330.0,17.8,-2.5,5,printemps,18h-21h,0,2.0,1,0
2022-05-08 21:00:00,2.0,6.0,311.0,12.3,-3.3,5,printemps,21h-24h,0,1.0,1,0
2022-05-09 00:00:00,3.0,8.0,311.0,13.3,-3.2,5,printemps,00h-03h,0,2.0,1,0
2022-05-09 03:00:00,3.0,8.0,304.0,15.5,-5.7,5,printemps,03h-06h,0,3.0,1,0
2022-05-09 06:00:00,2.0,8.0,317.0,15.1,-4.3,5,printemps,06h-09h,0,3.0,1,0
2022-05-09 09:00:00,2.0,8.0,318.0,11.8,1.6,5,printemps,09h-12h,0,2.0,0,0
2022-05-09 12:00:00,2.0,8.0,310.0,14.4,-0.8,5,printemps,12h-15h,0,2.0,1,0
2022-05-09 15:00:00,1.0,8.0,307.0,8.0,1.7,5,printemps,15h-18h,0,2.0,0,0
2022-05-09 18:00:00,1.0,8.0,317.0,9.0,-0.2,5,printemps,18h-21h,0,1.0,1,0
2022-05-09 21:00:00,0.0,8.0,315.0,8.3,-1.9,5,printemps,21h-24h,0,1.0,1,0
2022-05-10 00:00:00,0.0,3.0,310.0,7.0,-1.6,5,printemps,00h-03h,0,0.0,1,0
2022-05-10 03:00:00,1.0,3.0,307.0,5.7,1.3,5,printemps,03h-06h,0,0.0,0,0
2022-05-10 06:00:00,0.0,3.0,303.0,6.8,1.3,5,printemps,06h-09h,0,1.0,0,0
2022-05-10 09:00:00,1.0,3.0,305.0,8.2,3.1,5,printemps,09h-12h,0,0.0,0,0
2022-05-10 12:00:00,2.0,3.0,294.0,7.2,2.6,5,printemps,12h-15h,0,1.0,0,0
2022-05-10 15:00:00,1.0,3.0,301.0,8.3,-0.8,5,printemps,15h-18h,0,2.0,1,0
2022-05-10 18:00:00,1.0,3.0,292.0,7.5,0.3,5,printemps,18h-21h,0,1.0,0,0
2022-05-10 21:00:00,1.0,3.0,299.0,9.7,-4.0,5,printemps,21h-24h,0,1.0,1,0
2022-05-11 00:00:00,1.0,6.0,288.0,9.9,-4.6,5,printemps,00h-03h,0,1.0,1,0
2022-05-11 03:00:00,1.0,6.0,277.0,8.9,-3.7,5,printemps,03h-06h,0,1.0,1,0
2022-05-11 06:00:00,1.0,6.0,278.0,8.8,-3.7,5,printemps,06h-09h,0,1.0,1,0
2022-05-11 09:00:00,1.0,6.0,275.0,8.7,-4.8,5,printemps,09h-12h,0,1.0,1,0
2022-05-11 12:00:00,2.0,6.0,263.0,8.7,-2.2,5,printemps,12h-15h,0,1.0,1,0
2022-05-11 15:00:00,2.0,6.0,319.0,16.9,3.7,5,printemps,15h-18h,0,2.0,0,0
2022-05-11 18:00:00,2.0,6.0,304.0,10.9,-4.8,5,printemps,18h-21h,0,2.0,1,0
2022-05-11 21:00:00,2.0,6.0,300.0,12.1,-8.4,5,printemps,21h-24h,0,2.0,1,0
2022-05-12 00:00:00,2.0,8.0,302.0,15.8,-6.2,5,printemps,00h-03h,0,2.0,1,0
2022-05-12 03:00:00,2.0,8.0,304.0,16.0,-4.9,5,printemps,03h-06h,0,2.0,1,0
2022-05-12 06:00:00,2.0,8.0,300.0,19.6,-1.4,5,printemps,06h-09h,0,2.0,1,0
2022-05-12 09:00:00,1.0,8.0,301.0,17.5,6.3,5,printemps,09h-12h,0,2.0,0,0
2022-05-12 12:00:00,2.0,8.0,307.0,24.7,1.8,5,printemps,12h-15h,0,1.0,0,0
2022-05-12 15:00:00,2.0,8.0,305.0,21.6,5.8,5,printemps,15h-18h,0,2.0,0,0
2022-05-12 18:00:00,2.0,8.0,324.0,16.9,1.1,5,printemps,18h-21h,0,2.0,0,0
2022-05-12 21:00:00,2.0,8.0,337.0,9.9,5.1,5,printemps,21h-24h,0,2.0,0,0
2022-05-13 00:00:00,2.0,7.0,349.0,7.7,-2.9,5,printemps,00h-03h,0,2.0,1,0
2022-05-13 03:00:00,1.0,7.0,344.0,7.5,0.4,5,printemps,03h-06h,0,2.0,0,0
2022-05-13 06:00:00,2.0,7.0,332.0,7.2,-1.2,5,printemps,06h-09h,0,1.0,1,0
2022-05-13 09:00:00,2.0,7.0,334.0,7.1,-3.4,5,printemps,09h-12h,0,2.0,1,0
2022-05-13 12:00:00,2.0,7.0,341.0,7.0,-3.6,5,printemps,12h-15h,0,2.0,1,0
2022-05-13 15:00:00,1.0,7.0,323.0,6.7,-2.6,5,printemps,15h-18h,0,2.0,1,0
2022-05-13 18:00:00,2.0,7.0,342.0,5.5,-6.8,5,printemps,18h-21h,0,1.0,1,0
2022-05-13 21:00:00,3.0,7.0,343.0,9.9,-5.9,5,printemps,21h-24h,0,2.0,1,0
2022-05-14 00:00:00,2.0,7.0,328.0,8.1,-3.2,5,printemps,00h-03h,0,3.0,1,0
2022-05-14 03:00:00,1.0,7.0,323.0,7.5,-0.9,5,printemps,03h-06h,0,2.0,1,0
2022-05-14 06:00:00,2.0,7.0,334.0,9.6,1.2,5,printemps,06h-09h,0,1.0,0,0
2022-05-14 09:00:00,2.0,7.0,355.0,12.5,2.5,5,printemps,09h-12h,0,2.0,0,0
2022-05-14 12:00:00,1.0,7.0,355.0,16.7,5.6,5,printemps,12h-15h,0,2.0,0,0
2022-05-14 15:00:00,3.0,7.0,351.0,15.4,5.8,5,printemps,15h-18h,0,1.0,0,0
2022-05-14 18:00:00,2.0,7.0,389.0,28.1,11.6,5,printemps,18h-21h,0,3.0,0,0
2022-05-14 21:00:00,2.0,7.0,401.0,9.6,1.3,5,printemps,21h-24h,0,2.0,0,0
2022-05-15 00:00:00,4.0,12.0,462.0,9.0,3.8,5,printemps,00h-03h,0,2.0,0,0
2022-05-15 03:00:00,4.0,12.0,500.0,8.7,-3.0,5,printemps,03h-06h,0,4.0,1,0
2022-05-15 06:00:00,3.0,12.0,561.0,6.4,1.6,5,printemps,06h-09h,0,4.0,0,0
2022-05-15 09:00:00,2.0,12.0,564.0,6.8,1.3,5,printemps,09h-12h,0,3.0,0,0
2022-05-15 12:00:00,3.0,12.0,601.0,5.5,5.5,5,printemps,12h-15h,0,2.0,0,0
2022-05-15 15:00:00,3.0,12.0,518.0,3.8,0.6,5,printemps,15h-18h,0,3.0,0,0
2022-05-15 18:00:00,2.0,12.0,504.0,3.0,1.2,5,printemps,18h-21h,0,3.0,0,0
2022-05-15 21:00:00,1.0,12.0,494.0,3.5,4.3,5,printemps,21h-24h,0,2.0,0,0
2022-05-16 00:00:00,2.0,10.0,523.0,3.9,5.1,5,printemps,00h-03h,0,1.0,0,0
2022-05-16 03:00:00,3.0,10.0,527.0,4.8,-0.3,5,printemps,03h-06h,0,2.0,1,0
2022-05-16 06:00:00,3.0,10.0,523.0,5.3,1.2,5,printemps,06h-09h,0,3.0,0,0
2022-05-16 09:00:00,3.0,10.0,539.0,4.2,0.7,5,printemps,09h-12h,0,3.0,0,0
2022-05-16 12:00:00,2.0,10.0,523.0,5.0,2.2,5,printemps,12h-15h,0,3.0,0,0
2022-05-16 15:00:00,2.0,10.0,528.0,4.4,2.4,5,printemps,15h-18h,0,2.0,0,0
2022-05-16 18:00:00,2.0,10.0,531.0,2.7,-0.2,5,printemps,18h-21h,0,2.0,1,0
2022-05-16 21:00:00,1.0,10.0,492.0,2.9,1.9,5,printemps,21h-24h,0,2.0,0,0
2022-05-17 00:00:00,1.0,12.0,469.0,3.0,2.0,5,printemps,00h-03h,0,1.0,0,0
2022-05-17 03:00:00,3.0,12.0,482.0,4.2,0.7,5,printemps,03h-06h,0,1.0,0,0
2022-05-17 06:00:00,3.0,12.0,480.0,6.0,5.7,5,printemps,06h-09h,0,3.0,0,0
2022-05-17 09:00:00,3.0,12.0,582.0,5.6,-0.9,5,printemps,09h-12h,0,3.0,1,0
2022-05-17 12:00:00,3.0,12.0,602.0,5.1,-2.1,5,printemps,12h-15h,0,3.0,1,0
2022-05-17 15:00:00,2.0,12.0,596.0,3.6,2.6,5,printemps,15h-18h,0,3.0,0,0
2022-05-17 18:00:00,2.0,12.0,554.0,3.5,0.3,5,printemps,18h-21h,0,2.0,0,0
2022-05-17 21:00:00,2.0,12.0,552.0,2.7,1.0,5,printemps,21h-24h,0,2.0,0,0
2022-05-18 00:00:00,3.0,7.0,524.0,2.8,-1.2,5,printemps,00h-03h,0,2.0,1,0
2022-05-18 03:00:00,2.0,7.0,515.0,3.4,0.3,5,printemps,03h-06h,0,3.0,0,0
2022-05-18 06:00:00,1.0,7.0,499.0,3.2,3.6,5,printemps,06h-09h,0,2.0,0,0
2022-05-18 09:00:00,2.0,7.0,455.0,2.7,-1.1,5,printemps,09h-12h,0,1.0,1,0
2022-05-18 12:00:00,1.0,7.0,471.0,3.1,-0.3,5,printemps,12h-15h,0,2.0,1,0
2022-05-18 15:00:00,1.0,7.0,480.0,3.7,2.0,5,printemps,15h-18h,0,1.0,0,0
2022-05-18 18:00:00,2.0,7.0,425.0,2.5,1.0,5,printemps,18h-21h,0,1.0,0,0
2022-05-18 21:00:00,2.0,7.0,440.0,4.0,1.7,5,printemps,21h-24h,0,2.0,0,0
2022-05-19 00:00:00,3.0,10.0,458.0,4.4,-0.6,5,printemps,00h-03h,0,2.0,1,0
2022-05-19 03:00:00,3.0,10.0,466.0,4.7,0.6,5,printemps,03h-06h,0,3.0,0,0
2022-05-19 06:00:00,3.0,10.0,481.0,3.9,-0.6,5,printemps,06h-09h,0,3.0,1,0
2022-05-19 09:00:00,2.0,10.0,475.0,3.9,1.6,5,printemps,09h-12h,0,3.0,0,0
2022-05-19 12:00:00,3.0,10.0,491.0,4.1,3.0,5,printemps,12h-15h,0,2.0,0,0
2022-05-19 15:00:00,2.0,10.0,503.0,5.8,-1.6,5,printemps,15h-18h,0,3.0,1,0
2022-05-19 18:00:00,2.0,10.0,497.0,5.0,0.3,5,printemps,18h-21h,0,2.0,0,0
2022-05-19 21:00:00,2.0,10.0,494.0,5.1,2.5,5,printemps,21h-24h,0,2.0,0,0
2022-05-20 00:00:00,2.0,12.0,493.0,3.3,3.0,5,printemps,00h-03h,0,2.0,0,0
2022-05-20 03:00:00,3.0,12.0,515.0,2.3,-1.6,5,printemps,03h-06h,0,2.0,1,0
2022-05-20 06:00:00,2.0,12.0,532.0,2.2,-0.9,5,printemps,06h-09h,0,3.0,1,0
2022-05-20 09:00:00,3.0,12.0,537.0,2.1,0.4,5,printemps,09h-12h,0,2.0,0,0
2022-05-20 12:00:00,2.0,12.0,560.0,2.6,-3.4,5,printemps,12h-15h,0,3.0,1,0
2022-05-20 15:00:00,3.0,12.0,578.0,3.0,-2.5,5,printemps,15h-18h,0,2.0,1,0
2022-05-20 18:00:00,2.0,12.0,597.0,2.2,-0.5,5,printemps,18h-21h,0,3.0,1,0
2022-05-20 21:00:00,4.0,12.0,558.0,2.1,-1.7,5,printemps,21h-24h,0,2.0,1,0
2022-05-21 00:00:00,3.0,10.0,555.0,1.8,-2.3,5,printemps,00h-03h,0,4.0,1,0
2022-05-21 03:00:00,3.0,10.0,500.0,1.4,-2.5,5,printemps,03h-06h,0,3.0,1,0
2022-05-21 06:00:00,2.0,10.0,523.0,3.3,-1.7,5,printemps,06h-09h,0,3.0,1,0
2022-05-21 09:00:00,1.0,10.0,533.0,3.3,2.8,5,printemps,09h-12h,0,2.0,0,0
2022-05-21 12:00:00,3.0,10.0,529.0,3.1,0.8,5,printemps,12h-15h,0,1.0,0,0
2022-05-21 15:00:00,3.0,10.0,487.0,2.5,-1.1,5,printemps,15h-18h,0,3.0,1,0
2022-05-21 18:00:00,2.0,10.0,502.0,2.5,3.2,5,printemps,18h-21h,0,3.0,0,0
2022-05-21 21:00:00,0.0,10.0,476.0,2.3,1.4,5,printemps,21h-24h,0,2.0,0,0
2022-05-22 00:00:00,4.0,11.0,485.0,2.3,-3.0,5,printemps,00h-03h,0,0.0,1,0
2022-05-22 03:00:00,3.0,11.0,477.0,1.7,-3.1,5,printemps,03h-06h,0,4.0,1,0
2022-05-22 06:00:00,3.0,11.0,501.0,2.4,-4.1,5,printemps,06h-09h,0,3.0,1,0
2022-05-22 09:00:00,2.0,11.0,485.0,2.6,2.1,5,printemps,09h-12h,0,3.0,0,0
2022-05-22 12:00:00,3.0,11.0,487.0,2.3,-3.4,5,printemps,12h-15h,0,2.0,1,0
2022-05-22 15:00:00,2.0,11.0,496.0,1.9,-0.1,5,printemps,15h-18h,0,3.0,1,0
2022-05-22 18:00:00,1.0,11.0,510.0,1.8,0.3,5,printemps,18h-21h,0,2.0,0,0
2022-05-22 21:00:00,1.0,11.0,508.0,1.7,1.7,5,printemps,21h-24h,0,1.0,0,0
2022-05-23 00:00:00,2.0,5.0,510.0,1.8,0.7,5,printemps,00h-03h,0,1.0,0,0
2022-05-23 03:00:00,1.0,5.0,504.0,1.8,4.0,5,printemps,03h-06h,0,2.0,0,0
2022-05-23 06:00:00,3.0,5.0,495.0,2.0,-2.3,5,printemps,06h-09h,0,1.0,1,0
2022-05-23 09:00:00,2.0,5.0,526.0,2.2,2.4,5,printemps,09h-12h,0,3.0,0,0
2022-05-23 12:00:00,1.0,5.0,498.0,2.0,3.8,5,printemps,12h-15h,0,2.0,0,0
2022-05-23 15:00:00,1.0,5.0,488.0,1.9,2.5,5,printemps,15h-18h,0,1.0,0,0
2022-05-23 18:00:00,0.0,5.0,436.0,1.5,1.0,5,printemps,18h-21h,0,1.0,0,0
2022-05-23 21:00:00,0.0,5.0,430.0,1.5,1.9,5,printemps,21h-24h,0,0.0,0,0
2022-05-24 00:00:00,1.0,4.0,426.0,1.8,-0.2,5,printemps,00h-03h,0,0.0,1,0
2022-05-24 03:00:00,2.0,4.0,396.0,1.9,1.1,5,printemps,03h-06h,0,1.0,0,0
2022-05-24 06:00:00,1.0,4.0,410.0,2.3,0.8,5,printemps,06h-09h,0,2.0,0,0
2022-05-24 09:00:00,1.0,4.0,395.0,3.0,-2.1,5,printemps,09h-12h,0,1.0,1,0
2022-05-24 12:00:00,2.0,4.0,388.0,3.2,-1.4,5,printemps,12h-15h,0,1.0,1,0
2022-05-24 15:00:00,1.0,4.0,397.0,3.2,1.8,5,printemps,15h-18h,0,2.0,0,0
2022-05-24 18:00:00,0.0,4.0,377.0,3.0,1.1,5,printemps,18h-21h,0,1.0,0,0
2022-05-24 21:00:00,1.0,4.0,371.0,2.7,-1.7,5,printemps,21h-24h,0,0.0,1,0
2022-05-25 00:00:00,1.0,6.0,378.0,2.9,-0.4,5,printemps,00h-03h,0,1.0,1,0
2022-05-25 03:00:00,2.0,6.0,379.0,3.7,-3.0,5,printemps,03h-06h,0,1.0,1,0
2022-05-25 06:00:00,2.0,6.0,377.0,4.4,-0.1,5,printemps,06h-09h,0,2.0,1,0
2022-05-25 09:00:00,2.0,6.0,375.0,6.2,-1.6,5,printemps,09h-12h,0,2.0,1,0
2022-05-25 12:00:00,1.0,6.0,372.0,6.9,4.4,5,printemps,12h-15h,0,2.0,0,0
2022-05-25 15:00:00,1.0,6.0,345.0,6.6,-0.7,5,printemps,15h-18h,0,1.0,1,0
2022-05-25 18:00:00,2.0,6.0,366.0,6.1,1.9,5,printemps,18h-21h,0,1.0,0,0
2022-05-25 21:00:00,2.0,6.0,355.0,7.5,3.5,5,printemps,21h-24h,0,2.0,0,0
2022-05-26 00:00:00,1.0,4.0,366.0,6.3,2.4,5,printemps,00h-03h,0,2.0,0,0
2022-05-26 03:00:00,1.0,4.0,361.0,10.5,0.0,5,printemps,03h-06h,0,1.0,0,0
2022-05-26 06:00:00,1.0,4.0,350.0,11.7,-0.1,5,printemps,06h-09h,0,1.0,1,0
2022-05-26 09:00:00,1.0,4.0,342.0,11.6,-0.4,5,printemps,09h-12h,0,1.0,1,0
2022-05-26 12:00:00,2.0,4.0,351.0,10.1,1.2,5,printemps,12h-15h,0,1.0,0,0
2022-05-26 15:00:00,1.0,4.0,339.0,14.9,1.2,5,printemps,15h-18h,0,2.0,0,0
2022-05-26 18:00:00,1.0,4.0,324.0,16.6,2.9,5,printemps,18h-21h,0,1.0,0,0
2022-05-26 21:00:00,0.0,4.0,310.0,16.3,2.1,5,printemps,21h-24h,0,1.0,0,0
2022-05-27 00:00:00,1.0,17.0,312.0,20.2,1.0,5,printemps,00h-03h,0,0.0,0,0
2022-05-27 03:00:00,1.0,17.0,303.0,13.9,0.2,5,printemps,03h-06h,0,1.0,0,0
2022-05-27 06:00:00,2.0,17.0,302.0,16.7,1.0,5,printemps,06h-09h,0,1.0,0,0
2022-05-27 09:00:00,2.0,17.0,320.0,38.4,-0.6,5,printemps,09h-12h,0,2.0,1,0
2022-05-27 12:00:00,5.0,17.0,337.0,38.5,-8.0,5,printemps,12h-15h,0,2.0,1,1
2022-05-27 15:00:00,4.0,17.0,417.0,11.9,-6.4,5,printemps,15h-18h,0,5.0,1,0
2022-05-27 18:00:00,3.0,17.0,456.0,12.4,5.7,5,printemps,18h-21h,0,4.0,0,0
2022-05-27 21:00:00,4.0,17.0,461.0,8.2,-3.3,5,printemps,21h-24h,0,3.0,1,0
2022-05-28 00:00:00,5.0,24.0,476.0,7.4,3.5,5,printemps,00h-03h,0,4.0,0,1
2022-05-28 03:00:00,5.0,24.0,482.0,5.8,-4.1,5,printemps,03h-06h,0,5.0,1,1
2022-05-28 06:00:00,5.0,24.0,530.0,6.1,3.0,5,printemps,06h-09h,0,5.0,0,1
2022-05-28 09:00:00,3.0,24.0,530.0,5.0,-1.6,5,printemps,09h-12h,0,5.0,1,0
2022-05-28 12:00:00,2.0,24.0,532.0,4.2,4.6,5,printemps,12h-15h,0,3.0,0,0
2022-05-28 15:00:00,2.0,24.0,494.0,3.8,1.9,5,printemps,15h-18h,0,2.0,0,0
2022-05-28 18:00:00,1.0,24.0,488.0,4.0,1.8,5,printemps,18h-21h,0,2.0,0,0
2022-05-28 21:00:00,2.0,24.0,473.0,2.8,1.5,5,printemps,21h-24h,0,1.0,0,0
2022-05-29 00:00:00,3.0,15.0,501.0,3.5,-0.0,5,printemps,00h-03h,0,2.0,0,0
2022-05-29 03:00:00,3.0,15.0,475.0,3.9,-1.0,5,printemps,03h-06h,0,3.0,1,0
2022-05-29 06:00:00,3.0,15.0,493.0,3.5,-4.4,5,printemps,06h-09h,0,3.0,1,0
2022-05-29 09:00:00,3.0,15.0,529.0,0.9,-3.6,5,printemps,09h-12h,0,3.0,1,0
2022-05-29 12:00:00,3.0,15.0,606.0,1.0,-1.0,5,printemps,12h-15h,0,3.0,1,0
2022-05-29 15:00:00,3.0,15.0,620.0,0.9,-4.1,5,printemps,15h-18h,0,3.0,1,0
2022-05-29 18:00:00,3.0,15.0,607.0,1.0,-0.2,5,printemps,18h-21h,0,3.0,1,0
2022-05-29 21:00:00,3.0,15.0,630.0,1.2,-2.7,5,printemps,21h-24h,0,3.0,1,0
2022-05-30 00:00:00,3.0,9.0,607.0,1.4,-2.2,5,printemps,00h-03h,0,3.0,1,0
2022-05-30 03:00:00,3.0,9.0,614.0,1.9,0.1,5,printemps,03h-06h,0,3.0,0,0
2022-05-30 06:00:00,2.0,9.0,579.0,1.7,-0.2,5,printemps,06h-09h,0,3.0,1,0
2022-05-30 09:00:00,2.0,9.0,596.0,1.8,3.2,5,printemps,09h-12h,0,2.0,0,0
2022-05-30 12:00:00,1.0,9.0,588.0,1.5,3.6,5,printemps,12h-15h,0,2.0,0,0
2022-05-30 15:00:00,2.0,9.0,583.0,2.0,-1.7,5,printemps,15h-18h,0,1.0,1,0
2022-05-30 18:00:00,2.0,9.0,583.0,1.6,-1.1,5,printemps,18h-21h,0,2.0,1,0
2022-05-30 21:00:00,2.0,9.0,549.0,1.8,-2.0,5,printemps,21h-24h,0,2.0,1,0
2022-05-31 00:00:00,3.0,9.0,526.0,1.7,-2.5,5,printemps,00h-03h,0,2.0,1,0
2022-05-31 03:00:00,2.0,9.0,549.0,2.1,-1.9,5,printemps,03h-06h,0,3.0,1,0
2022-05-31 06:00:00,2.0,9.0,515.0,2.8,0.1,5,printemps,06h-09h,0,2.0,0,0
2022-05-31 09:00:00,2.0,9.0,512.0,2.8,-3.0,5,printemps,09h-12h,0,2.0,1,0
2022-05-31 12:00:00,2.0,9.0,510.0,3.0,-0.5,5,printemps,12h-15h,0,2.0,1,0
2022-05-31 15:00:00,2.0,9.0,516.0,2.5,-2.3,5,printemps,15h-18h,0,2.0,1,0
2022-05-31 18:00:00,3.0,9.0,514.0,1.9,-2.9,5,printemps,18h-21h,0,2.0,1,0
2022-05-31 21:00:00,1.0,9.0,505.0,1.9,-1.8,5,printemps,21h-24h,0,3.0,1,0
2022-06-01 00:00:00,2.0,6.0,498.0,2.1,0.3,6,ete,00h-03h,0,1.0,0,0
2022-06-01 03:00:00,2.0,6.0,492.0,2.5,-1.4,6,ete,03h-06h,0,2.0,1,0
2022-06-01 06:00:00,2.0,6.0,491.0,2.5,-2.0,6,ete,06h-09h,0,2.0,1,0
2022-06-01 09:00:00,2.0,6.0,477.0,2.2,-1.7,6,ete,09h-12h,0,2.0,1,0
2022-06-01 12:00:00,1.0,6.0,450.0,2.3,-1.3,6,ete,12h-15h,0,2.0,1,0
2022-06-01 15:00:00,1.0,6.0,411.0,2.0,-0.3,6,ete,15h-18h,0,1.0,1,0
2022-06-01 18:00:00,0.0,6.0,394.0,1.9,0.2,6,ete,18h-21h,0,1.0,0,0
2022-06-01 21:00:00,1.0,6.0,392.0,2.3,-1.3,6,ete,21h-24h,0,0.0,1,0
2022-06-02 00:00:00,1.0,5.0,376.0,2.1,-0.5,6,ete,00h-03h,0,1.0,1,0
2022-06-02 03:00:00,1.0,5.0,366.0,2.4,-2.2,6,ete,03h-06h,0,1.0,1,0
2022-06-02 06:00:00,1.0,5.0,362.0,2.7,-1.4,6,ete,06h-09h,0,1.0,1,0
2022-06-02 09:00:00,2.0,5.0,371.0,4.0,0.5,6,ete,09h-12h,0,1.0,0,0
2022-06-02 12:00:00,1.0,5.0,365.0,3.8,-0.3,6,ete,12h-15h,0,2.0,1,0
2022-06-02 15:00:00,1.0,5.0,353.0,4.5,1.1,6,ete,15h-18h,0,1.0,0,0
2022-06-02 18:00:00,1.0,5.0,342.0,3.8,-0.3,6,ete,18h-21h,0,1.0,1,0
2022-06-02 21:00:00,2.0,5.0,357.0,3.8,-2.5,6,ete,21h-24h,0,1.0,1,0
2022-06-03 00:00:00,1.0,4.0,354.0,4.5,-3.0,6,ete,00h-03h,0,2.0,1,0
2022-06-03 03:00:00,1.0,4.0,348.0,4.5,-1.7,6,ete,03h-06h,0,1.0,1,0
2022-06-03 06:00:00,2.0,4.0,348.0,4.7,-1.4,6,ete,06h-09h,0,1.0,1,0
2022-06-03 09:00:00,1.0,4.0,341.0,4.5,-2.6,6,ete,09h-12h,0,2.0,1,0
2022-06-03 12:00:00,1.0,4.0,332.0,4.8,-0.7,6,ete,12h-15h,0,1.0,1,0
2022-06-03 15:00:00,1.0,4.0,328.0,5.6,-0.6,6,ete,15h-18h,0,1.0,1,0
2022-06-03 18:00:00,1.0,4.0,321.0,5.8,0.4,6,ete,18h-21h,0,1.0,0,0
2022-06-03 21:00:00,1.0,4.0,316.0,6.4,-2.9,6,ete,21h-24h,0,1.0,1,0
2022-06-04 00:00:00,1.0,4.0,303.0,4.7,-2.0,6,ete,00h-03h,0,1.0,1,0
2022-06-04 03:00:00,1.0,4.0,307.0,5.5,-1.2,6,ete,03h-06h,0,1.0,1,0
2022-06-04 06:00:00,2.0,4.0,289.0,5.8,0.7,6,ete,06h-09h,0,1.0,0,0
2022-06-04 09:00:00,1.0,4.0,292.0,6.1,2.1,6,ete,09h-12h,0,2.0,0,0
2022-06-04 12:00:00,1.0,4.0,300.0,5.9,-0.8,6,ete,12h-15h,0,1.0,1,0
2022-06-04 15:00:00,1.0,4.0,298.0,6.3,1.3,6,ete,15h-18h,0,1.0,0,0
2022-06-04 18:00:00,1.0,4.0,297.0,7.0,-0.2,6,ete,18h-21h,0,1.0,1,0
2022-06-04 21:00:00,1.0,4.0,299.0,7.4,-2.5,6,ete,21h-24h,0,1.0,1,0
2022-06-05 00:00:00,1.0,4.0,292.0,7.0,-3.0,6,ete,00h-03h,0,1.0,1,0
2022-06-05 03:00:00,1.0,4.0,288.0,7.3,-3.2,6,ete,03h-06h,0,1.0,1,0
2022-06-05 06:00:00,1.0,4.0,286.0,7.5,1.5,6,ete,06h-09h,0,1.0,0,0
2022-06-05 09:00:00,1.0,4.0,283.0,7.0,-3.0,6,ete,09h-12h,0,1.0,1,0
2022-06-05 12:00:00,1.0,4.0,289.0,11.4,0.6,6,ete,12h-15h,0,1.0,0,0
2022-06-05 15:00:00,1.0,4.0,295.0,12.8,2.3,6,ete,15h-18h,0,1.0,0,0
2022-06-05 18:00:00,1.0,4.0,288.0,9.7,-1.7,6,ete,18h-21h,0,1.0,1,0
2022-06-05 21:00:00,1.0,4.0,282.0,14.4,0.9,6,ete,21h-24h,0,1.0,0,0
2022-06-06 00:00:00,2.0,10.0,277.0,12.2,-3.4,6,ete,00h-03h,0,1.0,1,0
2022-06-06 03:00:00,2.0,10.0,272.0,12.0,-4.9,6,ete,03h-06h,0,2.0,1,0
2022-06-06 06:00:00,2.0,10.0,267.0,11.5,-3.6,6,ete,06h-09h,0,2.0,1,0
2022-06-06 09:00:00,3.0,10.0,270.0,13.7,-3.5,6,ete,09h-12h,0,2.0,1,0
2022-06-06 12:00:00,3.0,10.0,317.0,42.1,0.9,6,ete,12h-15h,0,3.0,0,0
2022-06-06 15:00:00,2.0,10.0,310.0,23.9,11.5,6,ete,15h-18h,0,3.0,0,0
2022-06-06 18:00:00,3.0,10.0,309.0,16.4,8.0,6,ete,18h-21h,0,2.0,0,0
2022-06-06 21:00:00,3.0,10.0,325.0,23.3,-3.3,6,ete,21h-24h,0,3.0,1,0
2022-06-07 00:00:00,2.0,8.0,325.0,20.2,-0.8,6,ete,00h-03h,0,3.0,1,0
2022-06-07 03:00:00,2.0,8.0,321.0,7.8,-4.5,6,ete,03h-06h,0,2.0,1,0
2022-06-07 06:00:00,2.0,8.0,325.0,10.0,-5.4,6,ete,06h-09h,0,2.0,1,0
2022-06-07 09:00:00,3.0,8.0,327.0,9.9,-5.5,6,ete,09h-12h,0,2.0,1,0
2022-06-07 12:00:00,2.0,8.0,333.0,9.9,-2.5,6,ete,12h-15h,0,3.0,1,0
2022-06-07 15:00:00,2.0,8.0,330.0,8.9,-2.6,6,ete,15h-18h,0,2.0,1,0
2022-06-07 18:00:00,1.0,8.0,337.0,7.3,-4.6,6,ete,18h-21h,0,2.0,1,0
2022-06-07 21:00:00,2.0,8.0,321.0,5.6,-5.3,6,ete,21h-24h,0,1.0,1,0
2022-06-08 00:00:00,2.0,5.0,324.0,9.9,-2.2,6,ete,00h-03h,0,2.0,1,0
2022-06-08 03:00:00,1.0,5.0,309.0,8.7,2.1,6,ete,03h-06h,0,2.0,0,0
2022-06-08 06:00:00,1.0,5.0,316.0,7.0,0.5,6,ete,06h-09h,0,1.0,0,0
2022-06-08 09:00:00,2.0,5.0,310.0,6.0,-0.5,6,ete,09h-12h,0,1.0,1,0
2022-06-08 12:00:00,1.0,5.0,314.0,7.7,2.4,6,ete,12h-15h,0,2.0,0,0
2022-06-08 15:00:00,0.0,5.0,305.0,6.7,0.7,6,ete,15h-18h,0,1.0,0,0
2022-06-08 18:00:00,2.0,5.0,312.0,8.1,-1.6,6,ete,18h-21h,0,0.0,1,0
2022-06-08 21:00:00,2.0,5.0,308.0,9.4,-0.2,6,ete,21h-24h,0,2.0,1,0
2022-06-09 00:00:00,1.0,5.0,329.0,10.9,-3.0,6,ete,00h-03h,0,2.0,1,0
2022-06-09 03:00:00,2.0,5.0,317.0,9.5,-2.6,6,ete,03h-06h,0,1.0,1,0
2022-06-09 06:00:00,1.0,5.0,315.0,10.2,-1.5,6,ete,06h-09h,0,2.0,1,0
2022-06-09 09:00:00,1.0,5.0,312.0,11.1,-1.0,6,ete,09h-12h,0,1.0,1,0
2022-06-09 12:00:00,2.0,5.0,308.0,11.5,-4.4,6,ete,12h-15h,0,1.0,1,0
2022-06-09 15:00:00,1.0,5.0,319.0,13.2,-2.2,6,ete,15h-18h,0,2.0,1,0
2022-06-09 18:00:00,1.0,5.0,299.0,12.4,-1.2,6,ete,18h-21h,0,1.0,1,0
2022-06-09 21:00:00,2.0,5.0,303.0,13.2,-2.9,6,ete,21h-24h,0,1.0,1,0
2022-06-10 00:00:00,2.0,5.0,298.0,12.7,-2.9,6,ete,00h-03h,0,2.0,1,0
2022-06-10 03:00:00,1.0,5.0,303.0,11.7,-3.5,6,ete,03h-06h,0,2.0,1,0
2022-06-10 06:00:00,1.0,5.0,307.0,3.5,2.2,6,ete,06h-09h,0,1.0,0,0
2022-06-10 09:00:00,2.0,5.0,309.0,5.0,4.7,6,ete,09h-12h,0,1.0,0,0
2022-06-10 12:00:00,2.0,5.0,318.0,14.7,-2.7,6,ete,12h-15h,0,2.0,1,0
2022-06-10 15:00:00,0.0,5.0,300.0,5.8,2.6,6,ete,15h-18h,0,2.0,0,0
2022-06-10 18:00:00,1.0,5.0,295.0,6.3,2.3,6,ete,18h-21h,0,0.0,0,0
2022-06-10 21:00:00,1.0,5.0,286.0,5.9,2.0,6,ete,21h-24h,0,1.0,0,0
2022-06-11 00:00:00,2.0,8.0,303.0,10.2,-1.5,6,ete,00h-03h,0,1.0,1,0
2022-06-11 03:00:00,2.0,8.0,303.0,18.4,0.5,6,ete,03h-06h,0,2.0,0,0
2022-06-11 06:00:00,3.0,8.0,314.0,16.7,-5.1,6,ete,06h-09h,0,2.0,1,0
2022-06-11 09:00:00,1.0,8.0,319.0,22.6,-2.1,6,ete,09h-12h,0,3.0,1,0
2022-06-11 12:00:00,2.0,8.0,328.0,16.0,2.4,6,ete,12h-15h,0,1.0,0,0
2022-06-11 15:00:00,2.0,8.0,359.0,21.9,2.9,6,ete,15h-18h,0,2.0,0,0
2022-06-11 18:00:00,1.0,8.0,346.0,19.0,1.3,6,ete,18h-21h,0,2.0,0,0
2022-06-11 21:00:00,2.0,8.0,353.0,11.0,4.6,6,ete,21h-24h,0,1.0,0,0
2022-06-12 00:00:00,2.0,9.0,371.0,10.9,4.7,6,ete,00h-03h,0,2.0,0,0
2022-06-12 03:00:00,2.0,9.0,360.0,12.5,0.9,6,ete,03h-06h,0,2.0,0,0
2022-06-12 06:00:00,2.0,9.0,366.0,9.3,-1.1,6,ete,06h-09h,0,2.0,1,0
2022-06-12 09:00:00,2.0,9.0,408.0,3.1,1.4,6,ete,09h-12h,0,2.0,0,0
2022-06-12 12:00:00,2.0,9.0,435.0,3.6,-5.2,6,ete,12h-15h,0,2.0,1,0
2022-06-12 15:00:00,3.0,9.0,409.0,3.5,3.3,6,ete,15h-18h,0,2.0,0,0
2022-06-12 18:00:00,3.0,9.0,450.0,4.5,5.1,6,ete,18h-21h,0,3.0,0,0
2022-06-12 21:00:00,2.0,9.0,430.0,5.4,-0.7,6,ete,21h-24h,0,3.0,1,0
2022-06-13 00:00:00,3.0,13.0,457.0,4.7,5.3,6,ete,00h-03h,0,2.0,0,0
2022-06-13 03:00:00,5.0,13.0,490.0,4.4,-0.5,6,ete,03h-06h,0,3.0,1,1
2022-06-13 06:00:00,2.0,13.0,520.0,3.6,-0.9,6,ete,06h-09h,0,5.0,1,0
2022-06-13 09:00:00,2.0,13.0,548.0,2.7,-0.2,6,ete,09h-12h,0,2.0,1,0
2022-06-13 12:00:00,2.0,13.0,482.0,2.6,-0.8,6,ete,12h-15h,0,2.0,1,0
2022-06-13 15:00:00,3.0,13.0,529.0,2.7,-1.4,6,ete,15h-18h,0,2.0,1,0
2022-06-13 18:00:00,2.0,13.0,480.0,3.0,2.6,6,ete,18h-21h,0,3.0,0,0
2022-06-13 21:00:00,2.0,13.0,460.0,4.2,0.8,6,ete,21h-24h,0,2.0,0,0
2022-06-14 00:00:00,2.0,8.0,479.0,4.8,2.1,6,ete,00h-03h,0,2.0,0,0
2022-06-14 03:00:00,2.0,8.0,434.0,3.5,2.0,6,ete,03h-06h,0,2.0,0,0
2022-06-14 06:00:00,2.0,8.0,462.0,4.3,1.0,6,ete,06h-09h,0,2.0,0,0
2022-06-14 09:00:00,2.0,8.0,475.0,4.7,2.4,6,ete,09h-12h,0,2.0,0,0
2022-06-14 12:00:00,2.0,8.0,465.0,4.5,-1.3,6,ete,12h-15h,0,2.0,1,0
2022-06-14 15:00:00,2.0,8.0,455.0,4.3,1.6,6,ete,15h-18h,0,2.0,0,0
2022-06-14 18:00:00,2.0,8.0,458.0,4.7,2.0,6,ete,18h-21h,0,2.0,0,0
2022-06-14 21:00:00,3.0,8.0,489.0,3.4,-0.7,6,ete,21h-24h,0,2.0,1,0
2022-06-15 00:00:00,2.0,20.0,484.0,3.3,0.1,6,ete,00h-03h,0,3.0,0,0
2022-06-15 03:00:00,4.0,20.0,498.0,3.9,-2.2,6,ete,03h-06h,0,2.0,1,0
2022-06-15 06:00:00,3.0,20.0,593.0,7.5,0.6,6,ete,06h-09h,0,4.0,0,0
2022-06-15 09:00:00,4.0,20.0,598.0,6.0,4.7,6,ete,09h-12h,0,3.0,0,0
2022-06-15 12:00:00,5.0,20.0,614.0,4.4,-6.0,6,ete,12h-15h,0,4.0,1,1
2022-06-15 15:00:00,4.0,20.0,601.0,4.1,-2.0,6,ete,15h-18h,0,5.0,1,0
2022-06-15 18:00:00,2.0,20.0,582.0,3.2,2.9,6,ete,18h-21h,0,4.0,0,0
2022-06-15 21:00:00,2.0,20.0,588.0,2.3,2.9,6,ete,21h-24h,0,2.0,0,0
2022-06-16 00:00:00,2.0,12.0,553.0,2.0,4.0,6,ete,00h-03h,0,2.0,0,0
2022-06-16 03:00:00,3.0,12.0,586.0,2.1,5.7,6,ete,03h-06h,0,2.0,0,0
2022-06-16 06:00:00,2.0,12.0,574.0,2.5,3.6,6,ete,06h-09h,0,3.0,0,0
2022-06-16 09:00:00,3.0,12.0,555.0,2.3,2.1,6,ete,09h-12h,0,2.0,0,0
2022-06-16 12:00:00,3.0,12.0,549.0,2.3,-2.2,6,ete,12h-15h,0,3.0,1,0
2022-06-16 15:00:00,2.0,12.0,534.0,2.0,0.5,6,ete,15h-18h,0,3.0,0,0
2022-06-16 18:00:00,2.0,12.0,567.0,2.4,-0.7,6,ete,18h-21h,0,2.0,1,0
2022-06-16 21:00:00,4.0,12.0,589.0,3.9,-4.0,6,ete,21h-24h,0,2.0,1,0
2022-06-17 00:00:00,3.0,13.0,577.0,3.1,1.9,6,ete,00h-03h,0,4.0,0,0
2022-06-17 03:00:00,2.0,13.0,576.0,2.0,0.5,6,ete,03h-06h,0,3.0,0,0
2022-06-17 06:00:00,2.0,13.0,600.0,2.5,3.7,6,ete,06h-09h,0,2.0,0,0
2022-06-17 09:00:00,3.0,13.0,616.0,2.7,-3.6,6,ete,09h-12h,0,2.0,1,0
2022-06-17 12:00:00,3.0,13.0,614.0,2.5,-0.2,6,ete,12h-15h,0,3.0,1,0
2022-06-17 15:00:00,2.0,13.0,595.0,1.9,0.7,6,ete,15h-18h,0,3.0,0,0
2022-06-17 18:00:00,4.0,13.0,619.0,2.0,-1.1,6,ete,18h-21h,0,2.0,1,0
2022-06-17 21:00:00,3.0,13.0,619.0,2.4,1.9,6,ete,21h-24h,0,4.0,0,0
2022-06-18 00:00:00,3.0,14.0,609.0,2.3,-1.2,6,ete,00h-03h,0,3.0,1,0
2022-06-18 03:00:00,3.0,14.0,618.0,3.1,1.9,6,ete,03h-06h,0,3.0,0,0
2022-06-18 06:00:00,2.0,14.0,603.0,2.9,-0.3,6,ete,06h-09h,0,3.0,1,0
2022-06-18 09:00:00,3.0,14.0,605.0,2.5,-0.5,6,ete,09h-12h,0,2.0,1,0
2022-06-18 12:00:00,1.0,14.0,595.0,1.7,2.0,6,ete,12h-15h,0,3.0,0,0
2022-06-18 15:00:00,2.0,14.0,611.0,1.4,1.7,6,ete,15h-18h,0,1.0,0,0
2022-06-18 18:00:00,3.0,14.0,583.0,1.3,2.7,6,ete,18h-21h,0,2.0,0,0
2022-06-18 21:00:00,4.0,14.0,574.0,1.7,-1.3,6,ete,21h-24h,0,3.0,1,0
2022-06-19 00:00:00,4.0,12.0,627.0,2.4,1.4,6,ete,00h-03h,0,4.0,0,0
2022-06-19 03:00:00,3.0,12.0,604.0,1.8,-1.3,6,ete,03h-06h,0,4.0,1,0
2022-06-19 06:00:00,2.0,12.0,610.0,2.0,2.5,6,ete,06h-09h,0,3.0,0,0
2022-06-19 09:00:00,3.0,12.0,589.0,1.7,0.6,6,ete,09h-12h,0,2.0,0,0
2022-06-19 12:00:00,2.0,12.0,616.0,1.9,1.9,6,ete,12h-15h,0,3.0,0,0
2022-06-19 15:00:00,3.0,12.0,602.0,1.5,-0.7,6,ete,15h-18h,0,2.0,1,0
2022-06-19 18:00:00,2.0,12.0,578.0,1.6,-1.1,6,ete,18h-21h,0,3.0,1,0
2022-06-19 21:00:00,1.0,12.0,573.0,1.5,2.1,6,ete,21h-24h,0,2.0,0,0
2022-06-20 00:00:00,2.0,10.0,569.0,1.4,2.3,6,ete,00h-03h,0,1.0,0,0
2022-06-20 03:00:00,1.0,10.0,536.0,1.3,-0.6,6,ete,03h-06h,0,2.0,1,0
2022-06-20 06:00:00,3.0,10.0,566.0,1.5,-1.6,6,ete,06h-09h,0,1.0,1,0
2022-06-20 09:00:00,2.0,10.0,531.0,2.0,-1.6,6,ete,09h-12h,0,3.0,1,0
2022-06-20 12:00:00,3.0,10.0,544.0,1.3,-3.8,6,ete,12h-15h,0,2.0,1,0
2022-06-20 15:00:00,3.0,10.0,647.0,1.5,-4.8,6,ete,15h-18h,0,3.0,1,0
2022-06-20 18:00:00,3.0,10.0,588.0,1.3,-0.3,6,ete,18h-21h,0,3.0,1,0
2022-06-20 21:00:00,2.0,10.0,502.0,1.2,0.8,6,ete,21h-24h,0,3.0,0,0
2022-06-21 00:00:00,2.0,8.0,486.0,1.2,-1.3,6,ete,00h-03h,0,2.0,1,0
2022-06-21 03:00:00,2.0,8.0,487.0,2.6,1.2,6,ete,03h-06h,0,2.0,0,0
2022-06-21 06:00:00,1.0,8.0,458.0,3.0,-0.4,6,ete,06h-09h,0,2.0,1,0
2022-06-21 09:00:00,3.0,8.0,491.0,3.5,-0.8,6,ete,09h-12h,0,1.0,1,0
2022-06-21 12:00:00,2.0,8.0,527.0,5.9,-1.2,6,ete,12h-15h,0,3.0,1,0
2022-06-21 15:00:00,1.0,8.0,530.0,3.2,0.1,6,ete,15h-18h,0,2.0,0,0
2022-06-21 18:00:00,2.0,8.0,522.0,2.7,-0.0,6,ete,18h-21h,0,1.0,0,0
2022-06-21 21:00:00,3.0,8.0,504.0,2.2,-1.1,6,ete,21h-24h,0,2.0,1,0
2022-06-22 00:00:00,2.0,11.0,9999.0,,0.4,6,ete,00h-03h,0,3.0,0,0
2022-06-22 03:00:00,2.0,11.0,474.0,3.0,0.3,6,ete,03h-06h,0,2.0,0,0
2022-06-22 06:00:00,3.0,11.0,474.0,2.9,-0.2,6,ete,06h-09h,0,2.0,1,0
2022-06-22 09:00:00,3.0,11.0,488.0,3.3,0.2,6,ete,09h-12h,0,3.0,0,0
2022-06-22 12:00:00,3.0,11.0,463.0,3.0,-3.4,6,ete,12h-15h,0,3.0,1,0
2022-06-22 15:00:00,2.0,11.0,452.0,3.6,-1.5,6,ete,15h-18h,0,3.0,1,0
2022-06-22 18:00:00,3.0,11.0,475.0,3.6,-0.8,6,ete,18h-21h,0,2.0,1,0
2022-06-22 21:00:00,3.0,11.0,486.0,3.8,-1.0,6,ete,21h-24h,0,3.0,1,0
2022-06-23 00:00:00,3.0,10.0,482.0,4.2,-2.2,6,ete,00h-03h,0,3.0,1,0
2022-06-23 03:00:00,3.0,10.0,489.0,4.0,-1.0,6,ete,03h-06h,0,3.0,1,0
2022-06-23 06:00:00,2.0,10.0,487.0,4.3,4.0,6,ete,06h-09h,0,3.0,0,0
2022-06-23 09:00:00,2.0,10.0,479.0,4.0,0.5,6,ete,09h-12h,0,2.0,0,0
2022-06-23 12:00:00,2.0,10.0,457.0,4.1,1.6,6,ete,12h-15h,0,2.0,0,0
2022-06-23 15:00:00,2.0,10.0,449.0,4.2,0.9,6,ete,15h-18h,0,2.0,0,0
2022-06-23 18:00:00,3.0,10.0,447.0,4.0,-1.1,6,ete,18h-21h,0,2.0,1,0
2022-06-23 21:00:00,2.0,10.0,464.0,4.6,2.5,6,ete,21h-24h,0,3.0,0,0
2022-06-24 00:00:00,3.0,8.0,451.0,4.1,3.0,6,ete,00h-03h,0,2.0,0,0
2022-06-24 03:00:00,1.0,8.0,450.0,5.3,4.7,6,ete,03h-06h,0,3.0,0,0
2022-06-24 06:00:00,0.0,8.0,427.0,4.3,3.1,6,ete,06h-09h,0,1.0,0,0
2022-06-24 09:00:00,1.0,8.0,402.0,3.7,0.9,6,ete,09h-12h,0,0.0,0,0
2022-06-24 12:00:00,1.0,8.0,395.0,2.7,2.4,6,ete,12h-15h,0,1.0,0,0
2022-06-24 15:00:00,2.0,8.0,386.0,2.9,1.2,6,ete,15h-18h,0,1.0,0,0
2022-06-24 18:00:00,3.0,8.0,433.0,3.0,-3.2,6,ete,18h-21h,0,2.0,1,0
2022-06-24 21:00:00,3.0,8.0,411.0,2.9,-5.0,6,ete,21h-24h,0,3.0,1,0
2022-06-25 00:00:00,3.0,16.0,417.0,2.9,-4.3,6,ete,00h-03h,0,3.0,1,0
2022-06-25 03:00:00,2.0,16.0,409.0,3.4,-3.7,6,ete,03h-06h,0,3.0,1,0
2022-06-25 06:00:00,2.0,16.0,379.0,2.8,-3.0,6,ete,06h-09h,0,2.0,1,0
2022-06-25 09:00:00,2.0,16.0,400.0,3.8,-2.5,6,ete,09h-12h,0,2.0,1,0
2022-06-25 12:00:00,2.0,16.0,411.0,3.4,-2.9,6,ete,12h-15h,0,2.0,1,0
2022-06-25 15:00:00,3.0,16.0,393.0,3.5,-7.8,6,ete,15h-18h,0,2.0,1,0
2022-06-25 18:00:00,4.0,16.0,413.0,4.2,-9.7,6,ete,18h-21h,0,3.0,1,0
2022-06-25 21:00:00,5.0,16.0,447.0,2.6,-9.6,6,ete,21h-24h,0,4.0,1,1
2022-06-26 00:00:00,5.0,23.0,467.0,2.7,-2.8,6,ete,00h-03h,0,5.0,1,1
2022-06-26 03:00:00,2.0,23.0,485.0,3.0,-1.7,6,ete,03h-06h,0,5.0,1,0
2022-06-26 06:00:00,2.0,23.0,544.0,3.1,4.8,6,ete,06h-09h,0,2.0,0,0
2022-06-26 09:00:00,4.0,23.0,566.0,3.1,0.7,6,ete,09h-12h,0,2.0,0,0
2022-06-26 12:00:00,4.0,23.0,630.0,2.3,-3.0,6,ete,12h-15h,0,4.0,1,0
2022-06-26 15:00:00,3.0,23.0,644.0,2.2,1.4,6,ete,15h-18h,0,4.0,0,0
2022-06-26 18:00:00,4.0,23.0,628.0,2.7,-2.1,6,ete,18h-21h,0,3.0,1,0
2022-06-26 21:00:00,4.0,23.0,595.0,3.4,0.2,6,ete,21h-24h,0,4.0,0,0
2022-06-27 00:00:00,4.0,12.0,665.0,2.2,0.5,6,ete,00h-03h,0,4.0,0,0
2022-06-27 03:00:00,4.0,12.0,672.0,2.3,-0.9,6,ete,03h-06h,0,4.0,1,0
2022-06-27 06:00:00,3.0,12.0,632.0,2.3,-0.3,6,ete,06h-09h,0,4.0,1,0
2022-06-27 09:00:00,1.0,12.0,559.0,1.8,2.7,6,ete,09h-12h,0,3.0,0,0
2022-06-27 12:00:00,1.0,12.0,563.0,1.5,1.0,6,ete,12h-15h,0,1.0,0,0
2022-06-27 15:00:00,1.0,12.0,557.0,1.4,-0.4,6,ete,15h-18h,0,1.0,1,0
2022-06-27 18:00:00,2.0,12.0,525.0,1.7,0.2,6,ete,18h-21h,0,1.0,0,0
2022-06-27 21:00:00,2.0,12.0,514.0,2.3,0.5,6,ete,21h-24h,0,2.0,0,0
2022-06-28 00:00:00,1.0,8.0,490.0,3.1,0.6,6,ete,00h-03h,0,2.0,0,0
2022-06-28 03:00:00,3.0,8.0,508.0,4.4,2.8,6,ete,03h-06h,0,1.0,0,0
2022-06-28 06:00:00,2.0,8.0,518.0,4.3,1.9,6,ete,06h-09h,0,3.0,0,0
2022-06-28 09:00:00,2.0,8.0,527.0,4.1,0.2,6,ete,09h-12h,0,2.0,0,0
2022-06-28 12:00:00,1.0,8.0,511.0,3.4,3.4,6,ete,12h-15h,0,2.0,0,0
2022-06-28 15:00:00,1.0,8.0,515.0,3.0,3.1,6,ete,15h-18h,0,1.0,0,0
2022-06-28 18:00:00,2.0,8.0,491.0,2.9,-0.6,6,ete,18h-21h,0,1.0,1,0
2022-06-28 21:00:00,3.0,8.0,513.0,2.9,-2.4,6,ete,21h-24h,0,2.0,1,0
2022-06-29 00:00:00,2.0,6.0,510.0,3.4,-2.7,6,ete,00h-03h,0,3.0,1,0
2022-06-29 03:00:00,2.0,6.0,502.0,3.7,2.5,6,ete,03h-06h,0,2.0,0,0
2022-06-29 06:00:00,2.0,6.0,521.0,3.9,-0.9,6,ete,06h-09h,0,2.0,1,0
2022-06-29 09:00:00,2.0,6.0,485.0,2.9,-1.3,6,ete,09h-12h,0,2.0,1,0
2022-06-29 12:00:00,2.0,6.0,474.0,3.0,-2.0,6,ete,12h-15h,0,2.0,1,0
2022-06-29 15:00:00,1.0,6.0,470.0,3.2,3.8,6,ete,15h-18h,0,2.0,0,0
2022-06-29 18:00:00,1.0,6.0,450.0,3.4,3.8,6,ete,18h-21h,0,1.0,0,0
2022-06-29 21:00:00,1.0,6.0,426.0,3.7,0.4,6,ete,21h-24h,0,1.0,0,0
2022-06-30 00:00:00,1.0,16.0,436.0,3.6,1.2,6,ete,00h-03h,0,1.0,0,0
2022-06-30 03:00:00,1.0,16.0,428.0,3.7,0.8,6,ete,03h-06h,0,1.0,0,0
2022-06-30 06:00:00,1.0,16.0,414.0,4.5,1.7,6,ete,06h-09h,0,1.0,0,0
2022-06-30 09:00:00,1.0,16.0,404.0,3.9,-1.5,6,ete,09h-12h,0,1.0,1,0
2022-06-30 12:00:00,1.0,16.0,395.0,3.7,-0.9,6,ete,12h-15h,0,1.0,1,0
2022-06-30 15:00:00,1.0,16.0,384.0,3.8,-1.4,6,ete,15h-18h,0,1.0,1,0
2022-06-30 18:00:00,1.0,16.0,366.0,3.9,-1.0,6,ete,18h-21h,0,1.0,1,0
2022-06-30 21:00:00,1.0,16.0,355.0,4.0,-0.3,6,ete,21h-24h,0,1.0,1,0
2022-07-01 00:00:00,2.0,7.0,346.0,4.5,-0.6,7,ete,00h-03h,0,1.0,1,0
2022-07-01 03:00:00,1.0,7.0,338.0,4.8,0.6,7,ete,03h-06h,0,2.0,0,0
2022-07-01 06:00:00,1.0,7.0,336.0,4.4,0.0,7,ete,06h-09h,0,1.0,0,0
2022-07-01 09:00:00,1.0,7.0,336.0,4.5,0.9,7,ete,09h-12h,0,1.0,0,0
2022-07-01 12:00:00,1.0,7.0,349.0,8.4,0.1,7,ete,12h-15h,0,1.0,0,0
2022-07-01 15:00:00,2.0,7.0,345.0,9.9,1.3,7,ete,15h-18h,0,1.0,0,0
2022-07-01 18:00:00,3.0,7.0,356.0,17.0,-0.5,7,ete,18h-21h,0,2.0,1,0
2022-07-01 21:00:00,3.0,7.0,356.0,19.1,-2.8,7,ete,21h-24h,0,3.0,1,0
2022-07-02 00:00:00,4.0,19.0,354.0,31.8,-7.7,7,ete,00h-03h,0,3.0,1,0
2022-07-02 03:00:00,5.0,19.0,351.0,10.2,-7.4,7,ete,03h-06h,0,4.0,1,1
2022-07-02 06:00:00,4.0,19.0,342.0,8.6,-11.4,7,ete,06h-09h,0,5.0,1,0
2022-07-02 09:00:00,3.0,19.0,342.0,5.1,-8.8,7,ete,09h-12h,0,4.0,1,0
2022-07-02 12:00:00,2.0,19.0,331.0,7.1,-1.0,7,ete,12h-15h,0,3.0,1,0
2022-07-02 15:00:00,3.0,19.0,329.0,9.0,0.8,7,ete,15h-18h,0,2.0,0,0
2022-07-02 18:00:00,1.0,19.0,310.0,8.1,2.5,7,ete,18h-21h,0,3.0,0,0
2022-07-02 21:00:00,3.0,19.0,296.0,14.4,4.9,7,ete,21h-24h,0,1.0,0,0
2022-07-03 00:00:00,2.0,8.0,319.0,19.4,1.2,7,ete,00h-03h,0,3.0,0,0
2022-07-03 03:00:00,0.0,8.0,303.0,31.2,3.1,7,ete,03h-06h,0,2.0,0,0
2022-07-03 06:00:00,1.0,8.0,304.0,28.8,4.1,7,ete,06h-09h,0,0.0,0,0
2022-07-03 09:00:00,2.0,8.0,316.0,36.0,8.6,7,ete,09h-12h,0,1.0,0,0
2022-07-03 12:00:00,2.0,8.0,343.0,18.3,8.5,7,ete,12h-15h,0,2.0,0,0
2022-07-03 15:00:00,1.0,8.0,333.0,21.0,7.4,7,ete,15h-18h,0,2.0,0,0
2022-07-03 18:00:00,2.0,8.0,326.0,22.7,0.3,7,ete,18h-21h,0,1.0,0,0
2022-07-03 21:00:00,4.0,8.0,331.0,11.7,5.0,7,ete,21h-24h,0,2.0,0,0
2022-07-04 00:00:00,3.0,21.0,339.0,14.5,-0.0,7,ete,00h-03h,0,4.0,0,0
2022-07-04 03:00:00,5.0,21.0,361.0,30.9,-6.9,7,ete,03h-06h,0,3.0,1,1
2022-07-04 06:00:00,4.0,21.0,376.0,50.6,2.1,7,ete,06h-09h,0,5.0,0,0
2022-07-04 09:00:00,3.0,21.0,375.0,24.9,13.9,7,ete,09h-12h,0,4.0,0,0
2022-07-04 12:00:00,3.0,21.0,391.0,11.8,4.6,7,ete,12h-15h,0,3.0,0,0
2022-07-04 15:00:00,4.0,21.0,410.0,7.9,-5.6,7,ete,15h-18h,0,3.0,1,0
2022-07-04 18:00:00,4.0,21.0,435.0,6.6,0.0,7,ete,18h-21h,0,4.0,0,0
2022-07-04 21:00:00,3.0,21.0,430.0,4.7,-2.8,7,ete,21h-24h,0,4.0,1,0
2022-07-05 00:00:00,1.0,4.0,413.0,4.1,-0.5,7,ete,00h-03h,0,3.0,1,0
2022-07-05 03:00:00,1.0,4.0,396.0,4.3,1.6,7,ete,03h-06h,0,1.0,0,0
2022-07-05 06:00:00,1.0,4.0,396.0,3.6,0.8,7,ete,06h-09h,0,1.0,0,0
2022-07-05 09:00:00,1.0,4.0,384.0,3.6,0.6,7,ete,09h-12h,0,1.0,0,0
2022-07-05 12:00:00,1.0,4.0,372.0,5.8,0.4,7,ete,12h-15h,0,1.0,0,0
2022-07-05 15:00:00,1.0,4.0,353.0,7.4,0.1,7,ete,15h-18h,0,1.0,0,0
2022-07-05 18:00:00,1.0,4.0,355.0,8.3,0.4,7,ete,18h-21h,0,1.0,0,0
2022-07-05 21:00:00,1.0,4.0,357.0,11.6,-0.5,7,ete,21h-24h,0,1.0,1,0
2022-07-06 00:00:00,1.0,5.0,347.0,12.2,-1.5,7,ete,00h-03h,0,1.0,1,0
2022-07-06 03:00:00,1.0,5.0,340.0,17.3,2.4,7,ete,03h-06h,0,1.0,0,0
2022-07-06 06:00:00,2.0,5.0,342.0,20.7,-0.5,7,ete,06h-09h,0,1.0,1,0
2022-07-06 09:00:00,2.0,5.0,346.0,13.6,-1.7,7,ete,09h-12h,0,2.0,1,0
2022-07-06 12:00:00,1.0,5.0,329.0,14.2,-1.2,7,ete,12h-15h,0,2.0,1,0
2022-07-06 15:00:00,1.0,5.0,322.0,13.4,-0.4,7,ete,15h-18h,0,1.0,1,0
2022-07-06 18:00:00,1.0,5.0,327.0,15.5,0.1,7,ete,18h-21h,0,1.0,0,0
2022-07-06 21:00:00,0.0,5.0,322.0,13.9,3.1,7,ete,21h-24h,0,1.0,0,0
2022-07-07 00:00:00,0.0,20.0,321.0,12.5,0.8,7,ete,00h-03h,0,0.0,0,0
2022-07-07 03:00:00,1.0,20.0,316.0,12.0,0.9,7,ete,03h-06h,0,0.0,0,0
2022-07-07 06:00:00,2.0,20.0,310.0,12.2,-0.6,7,ete,06h-09h,0,1.0,1,0
2022-07-07 09:00:00,2.0,20.0,346.0,30.1,-0.8,7,ete,09h-12h,0,2.0,1,0
2022-07-07 12:00:00,5.0,20.0,404.0,35.1,-8.0,7,ete,12h-15h,0,2.0,1,1
2022-07-07 15:00:00,4.0,20.0,385.0,3.2,-16.9,7,ete,15h-18h,0,5.0,1,0
2022-07-07 18:00:00,4.0,20.0,381.0,3.7,-15.4,7,ete,18h-21h,0,4.0,1,0
2022-07-07 21:00:00,5.0,20.0,369.0,4.9,-13.4,7,ete,21h-24h,0,4.0,1,1
2022-07-08 00:00:00,5.0,19.0,374.0,7.2,-8.2,7,ete,00h-03h,0,5.0,1,1
2022-07-08 03:00:00,5.0,19.0,407.0,12.3,4.2,7,ete,03h-06h,0,5.0,0,1
2022-07-08 06:00:00,3.0,19.0,403.0,16.4,11.8,7,ete,06h-09h,0,5.0,0,0
2022-07-08 09:00:00,3.0,19.0,409.0,18.7,7.5,7,ete,09h-12h,0,3.0,0,0
2022-07-08 12:00:00,3.0,19.0,417.0,5.3,-3.3,7,ete,12h-15h,0,3.0,1,0
2022-07-08 15:00:00,2.0,19.0,400.0,4.8,0.3,7,ete,15h-18h,0,3.0,0,0
2022-07-08 18:00:00,3.0,19.0,403.0,7.7,-3.3,7,ete,18h-21h,0,2.0,1,0
2022-07-08 21:00:00,2.0,19.0,408.0,14.3,3.5,7,ete,21h-24h,0,3.0,0,0
2022-07-09 00:00:00,1.0,6.0,361.0,7.6,2.8,7,ete,00h-03h,0,2.0,0,0
2022-07-09 03:00:00,1.0,6.0,347.0,5.8,-1.7,7,ete,03h-06h,0,1.0,1,0
2022-07-09 06:00:00,0.0,6.0,335.0,6.2,1.3,7,ete,06h-09h,0,1.0,0,0
2022-07-09 09:00:00,1.0,6.0,344.0,7.8,4.8,7,ete,09h-12h,0,0.0,0,0
2022-07-09 12:00:00,3.0,6.0,350.0,10.6,4.7,7,ete,12h-15h,0,1.0,0,0
2022-07-09 15:00:00,2.0,6.0,363.0,8.7,-3.4,7,ete,15h-18h,0,3.0,1,0
2022-07-09 18:00:00,1.0,6.0,375.0,5.5,-0.1,7,ete,18h-21h,0,2.0,1,0
2022-07-09 21:00:00,2.0,6.0,369.0,5.0,0.5,7,ete,21h-24h,0,1.0,0,0
2022-07-10 00:00:00,1.0,7.0,368.0,3.6,0.7,7,ete,00h-03h,0,2.0,0,0
2022-07-10 03:00:00,1.0,7.0,361.0,3.6,0.9,7,ete,03h-06h,0,1.0,0,0
2022-07-10 06:00:00,3.0,7.0,370.0,5.0,1.2,7,ete,06h-09h,0,1.0,0,0
2022-07-10 09:00:00,2.0,7.0,385.0,7.1,4.1,7,ete,09h-12h,0,3.0,0,0
2022-07-10 12:00:00,3.0,7.0,379.0,11.6,3.1,7,ete,12h-15h,0,2.0,0,0
2022-07-10 15:00:00,1.0,7.0,380.0,11.0,1.2,7,ete,15h-18h,0,3.0,0,0
2022-07-10 18:00:00,2.0,7.0,361.0,9.9,-2.5,7,ete,18h-21h,0,1.0,1,0
2022-07-10 21:00:00,1.0,7.0,349.0,5.4,-0.2,7,ete,21h-24h,0,2.0,1,0
2022-07-11 00:00:00,1.0,12.0,338.0,6.6,0.1,7,ete,00h-03h,0,1.0,0,0
2022-07-11 03:00:00,1.0,12.0,330.0,6.0,1.5,7,ete,03h-06h,0,1.0,0,0
2022-07-11 06:00:00,1.0,12.0,334.0,4.9,2.6,7,ete,06h-09h,0,1.0,0,0
2022-07-11 09:00:00,2.0,12.0,338.0,5.6,1.4,7,ete,09h-12h,0,1.0,0,0
2022-07-11 12:00:00,2.0,12.0,349.0,4.5,-3.7,7,ete,12h-15h,0,2.0,1,0
2022-07-11 15:00:00,3.0,12.0,333.0,11.2,-5.2,7,ete,15h-18h,0,2.0,1,0
2022-07-11 18:00:00,4.0,12.0,357.0,23.0,-7.0,7,ete,18h-21h,0,3.0,1,0
2022-07-11 21:00:00,3.0,12.0,355.0,17.9,-3.0,7,ete,21h-24h,0,4.0,1,0
2022-07-12 00:00:00,3.0,18.0,349.0,17.7,-3.6,7,ete,00h-03h,0,3.0,1,0
2022-07-12 03:00:00,3.0,18.0,318.0,13.9,1.7,7,ete,03h-06h,0,3.0,0,0
2022-07-12 06:00:00,3.0,18.0,339.0,11.1,6.2,7,ete,06h-09h,0,3.0,0,0
2022-07-12 09:00:00,4.0,18.0,431.0,12.2,8.8,7,ete,09h-12h,0,3.0,0,0
2022-07-12 12:00:00,5.0,18.0,462.0,9.2,-4.7,7,ete,12h-15h,0,4.0,1,1
2022-07-12 15:00:00,3.0,18.0,478.0,6.6,-1.6,7,ete,15h-18h,0,5.0,1,0
2022-07-12 18:00:00,3.0,18.0,486.0,4.9,-3.6,7,ete,18h-21h,0,3.0,1,0
2022-07-12 21:00:00,3.0,18.0,465.0,4.0,0.7,7,ete,21h-24h,0,3.0,0,0
2022-07-13 00:00:00,2.0,5.0,491.0,2.9,1.7,7,ete,00h-03h,0,3.0,0,0
2022-07-13 03:00:00,2.0,5.0,466.0,2.6,1.4,7,ete,03h-06h,0,2.0,0,0
2022-07-13 06:00:00,2.0,5.0,464.0,3.0,0.8,7,ete,06h-09h,0,2.0,0,0
2022-07-13 09:00:00,1.0,5.0,453.0,3.1,-0.3,7,ete,09h-12h,0,2.0,1,0
2022-07-13 12:00:00,2.0,5.0,497.0,2.6,-2.3,7,ete,12h-15h,0,1.0,1,0
2022-07-13 15:00:00,1.0,5.0,481.0,0.9,-0.5,7,ete,15h-18h,0,2.0,1,0
2022-07-13 18:00:00,1.0,5.0,487.0,0.7,1.1,7,ete,18h-21h,0,1.0,0,0
2022-07-13 21:00:00,1.0,5.0,460.0,0.6,2.0,7,ete,21h-24h,0,1.0,0,0
2022-07-14 00:00:00,1.0,5.0,439.0,0.5,1.0,7,ete,00h-03h,0,1.0,0,0
2022-07-14 03:00:00,1.0,5.0,453.0,0.8,-0.1,7,ete,03h-06h,0,1.0,1,0
2022-07-14 06:00:00,1.0,5.0,458.0,0.4,0.5,7,ete,06h-09h,0,1.0,0,0
2022-07-14 09:00:00,1.0,5.0,436.0,0.6,0.4,7,ete,09h-12h,0,1.0,0,0
2022-07-14 12:00:00,1.0,5.0,461.0,0.6,2.9,7,ete,12h-15h,0,1.0,0,0
2022-07-14 15:00:00,2.0,5.0,445.0,0.4,-1.7,7,ete,15h-18h,0,1.0,1,0
2022-07-14 18:00:00,1.0,5.0,420.0,0.4,-3.2,7,ete,18h-21h,0,2.0,1,0
2022-07-14 21:00:00,2.0,5.0,362.0,0.5,-2.0,7,ete,21h-24h,0,1.0,1,0
2022-07-15 00:00:00,2.0,8.0,392.0,0.4,-3.3,7,ete,00h-03h,0,2.0,1,0
2022-07-15 03:00:00,2.0,8.0,319.0,0.5,-0.5,7,ete,03h-06h,0,2.0,1,0
2022-07-15 06:00:00,0.0,8.0,347.0,0.2,0.1,7,ete,06h-09h,0,2.0,0,0
2022-07-15 09:00:00,2.0,8.0,425.0,0.4,-2.6,7,ete,09h-12h,0,0.0,1,0
2022-07-15 12:00:00,2.0,8.0,420.0,0.5,-0.1,7,ete,12h-15h,0,2.0,1,0
2022-07-15 15:00:00,2.0,8.0,470.0,0.5,-4.8,7,ete,15h-18h,0,2.0,1,0
2022-07-15 18:00:00,3.0,8.0,463.0,0.4,-4.8,7,ete,18h-21h,0,2.0,1,0
2022-07-15 21:00:00,3.0,8.0,504.0,0.4,-3.0,7,ete,21h-24h,0,3.0,1,0
2022-07-16 00:00:00,2.0,7.0,502.0,0.4,-1.0,7,ete,00h-03h,0,3.0,1,0
2022-07-16 03:00:00,2.0,7.0,488.0,0.5,-1.6,7,ete,03h-06h,0,2.0,1,0
2022-07-16 06:00:00,3.0,7.0,506.0,0.6,-4.6,7,ete,06h-09h,0,2.0,1,0
2022-07-16 09:00:00,2.0,7.0,446.0,0.5,-2.6,7,ete,09h-12h,0,3.0,1,0
2022-07-16 12:00:00,1.0,7.0,424.0,0.5,-0.3,7,ete,12h-15h,0,2.0,1,0
2022-07-16 15:00:00,1.0,7.0,435.0,0.4,-0.7,7,ete,15h-18h,0,1.0,1,0
2022-07-16 18:00:00,1.0,7.0,419.0,0.3,0.6,7,ete,18h-21h,0,1.0,0,0
2022-07-16 21:00:00,1.0,7.0,468.0,0.6,-0.1,7,ete,21h-24h,0,1.0,1,0
2022-07-17 00:00:00,1.0,5.0,400.0,0.5,0.7,7,ete,00h-03h,0,1.0,0,0
2022-07-17 03:00:00,1.0,5.0,400.0,0.5,-0.3,7,ete,03h-06h,0,1.0,1,0
2022-07-17 06:00:00,1.0,5.0,387.0,0.6,-0.5,7,ete,06h-09h,0,1.0,1,0
2022-07-17 09:00:00,2.0,5.0,402.0,1.3,0.6,7,ete,09h-12h,0,1.0,0,0
2022-07-17 12:00:00,1.0,5.0,429.0,1.5,0.1,7,ete,12h-15h,0,2.0,0,0
2022-07-17 15:00:00,1.0,5.0,432.0,1.5,2.3,7,ete,15h-18h,0,1.0,0,0
2022-07-17 18:00:00,2.0,5.0,407.0,2.0,-0.4,7,ete,18h-21h,0,1.0,1,0
2022-07-17 21:00:00,1.0,5.0,389.0,2.5,0.1,7,ete,21h-24h,0,2.0,0,0
2022-07-18 00:00:00,1.0,8.0,387.0,3.6,4.1,7,ete,00h-03h,0,1.0,0,0
2022-07-18 03:00:00,1.0,8.0,382.0,4.5,1.8,7,ete,03h-06h,0,1.0,0,0
2022-07-18 06:00:00,2.0,8.0,367.0,5.1,0.9,7,ete,06h-09h,0,1.0,0,0
2022-07-18 09:00:00,3.0,8.0,354.0,4.5,-2.1,7,ete,09h-12h,0,2.0,1,0
2022-07-18 12:00:00,2.0,8.0,362.0,3.8,-0.0,7,ete,12h-15h,0,3.0,0,0
2022-07-18 15:00:00,1.0,8.0,376.0,4.3,5.2,7,ete,15h-18h,0,2.0,0,0
2022-07-18 18:00:00,2.0,8.0,368.0,4.4,-1.2,7,ete,18h-21h,0,1.0,1,0
2022-07-18 21:00:00,3.0,8.0,406.0,4.9,-3.5,7,ete,21h-24h,0,2.0,1,0
2022-07-19 00:00:00,3.0,26.0,473.0,7.0,14.4,7,ete,00h-03h,0,3.0,0,0
2022-07-19 03:00:00,4.0,26.0,488.0,17.6,3.3,7,ete,03h-06h,0,3.0,0,0
2022-07-19 06:00:00,5.0,26.0,456.0,13.4,-3.3,7,ete,06h-09h,0,4.0,1,1
2022-07-19 09:00:00,4.0,26.0,477.0,7.9,-9.5,7,ete,09h-12h,0,5.0,1,0
2022-07-19 12:00:00,4.0,26.0,450.0,5.4,-8.5,7,ete,12h-15h,0,4.0,1,0
2022-07-19 15:00:00,4.0,26.0,456.0,0.8,-9.7,7,ete,15h-18h,0,4.0,1,0
2022-07-19 18:00:00,4.0,26.0,439.0,1.2,-8.3,7,ete,18h-21h,0,4.0,1,0
2022-07-19 21:00:00,4.0,26.0,432.0,1.4,-5.5,7,ete,21h-24h,0,4.0,1,0
2022-07-20 00:00:00,2.0,7.0,437.0,3.3,-2.8,7,ete,00h-03h,0,4.0,1,0
2022-07-20 03:00:00,3.0,7.0,421.0,3.7,0.2,7,ete,03h-06h,0,2.0,0,0
2022-07-20 06:00:00,1.0,7.0,412.0,4.8,2.3,7,ete,06h-09h,0,3.0,0,0
2022-07-20 09:00:00,2.0,7.0,407.0,4.7,3.6,7,ete,09h-12h,0,1.0,0,0
2022-07-20 12:00:00,2.0,7.0,417.0,5.8,0.4,7,ete,12h-15h,0,2.0,0,0
2022-07-20 15:00:00,1.0,7.0,403.0,5.5,0.9,7,ete,15h-18h,0,2.0,0,0
2022-07-20 18:00:00,1.0,7.0,389.0,5.2,-1.5,7,ete,18h-21h,0,1.0,1,0
2022-07-20 21:00:00,2.0,7.0,383.0,7.0,0.3,7,ete,21h-24h,0,1.0,0,0
2022-07-21 00:00:00,2.0,22.0,369.0,8.2,-0.3,7,ete,00h-03h,0,2.0,1,0
2022-07-21 03:00:00,1.0,22.0,364.0,9.9,1.3,7,ete,03h-06h,0,2.0,0,0
2022-07-21 06:00:00,2.0,22.0,372.0,14.4,3.5,7,ete,06h-09h,0,1.0,0,0
2022-07-21 09:00:00,3.0,22.0,372.0,14.2,-2.2,7,ete,09h-12h,0,2.0,1,0
2022-07-21 12:00:00,3.0,22.0,380.0,25.3,6.9,7,ete,12h-15h,0,3.0,0,0
2022-07-21 15:00:00,5.0,22.0,393.0,29.2,-3.9,7,ete,15h-18h,0,3.0,1,1
2022-07-21 18:00:00,5.0,22.0,435.0,3.8,11.4,7,ete,18h-21h,0,5.0,0,1
2022-07-21 21:00:00,4.0,22.0,427.0,7.9,0.2,7,ete,21h-24h,0,5.0,0,0
2022-07-22 00:00:00,3.0,11.0,433.0,10.0,-0.3,7,ete,00h-03h,0,4.0,1,0
2022-07-22 03:00:00,3.0,11.0,430.0,9.8,1.3,7,ete,03h-06h,0,3.0,0,0
2022-07-22 06:00:00,3.0,11.0,490.0,4.9,-0.2,7,ete,06h-09h,0,3.0,1,0
2022-07-22 09:00:00,3.0,11.0,514.0,4.4,3.9,7,ete,09h-12h,0,3.0,0,0
2022-07-22 12:00:00,1.0,11.0,516.0,4.0,5.0,7,ete,12h-15h,0,3.0,0,0
2022-07-22 15:00:00,2.0,11.0,543.0,4.0,2.7,7,ete,15h-18h,0,1.0,0,0
2022-07-22 18:00:00,2.0,11.0,527.0,3.1,2.2,7,ete,18h-21h,0,2.0,0,0
2022-07-22 21:00:00,3.0,11.0,525.0,2.9,2.4,7,ete,21h-24h,0,2.0,0,0
2022-07-23 00:00:00,3.0,17.0,549.0,3.6,-0.7,7,ete,00h-03h,0,3.0,1,0
2022-07-23 03:00:00,5.0,17.0,649.0,9.6,-4.0,7,ete,03h-06h,0,3.0,1,1
2022-07-23 06:00:00,4.0,17.0,632.0,8.9,3.7,7,ete,06h-09h,0,5.0,0,0
2022-07-23 09:00:00,2.0,17.0,588.0,7.5,0.3,7,ete,09h-12h,0,4.0,0,0
2022-07-23 12:00:00,2.0,17.0,556.0,4.5,2.3,7,ete,12h-15h,0,2.0,0,0
2022-07-23 15:00:00,1.0,17.0,549.0,3.7,2.8,7,ete,15h-18h,0,2.0,0,0
2022-07-23 18:00:00,1.0,17.0,513.0,2.3,-0.8,7,ete,18h-21h,0,1.0,1,0
2022-07-23 21:00:00,3.0,17.0,524.0,2.3,-1.3,7,ete,21h-24h,0,1.0,1,0
2022-07-24 00:00:00,3.0,9.0,564.0,2.7,-1.6,7,ete,00h-03h,0,3.0,1,0
2022-07-24 03:00:00,2.0,9.0,549.0,3.6,-0.9,7,ete,03h-06h,0,3.0,1,0
2022-07-24 06:00:00,2.0,9.0,544.0,3.4,1.5,7,ete,06h-09h,0,2.0,0,0
2022-07-24 09:00:00,2.0,9.0,539.0,3.1,1.3,7,ete,09h-12h,0,2.0,0,0
2022-07-24 12:00:00,2.0,9.0,502.0,2.4,0.7,7,ete,12h-15h,0,2.0,0,0
2022-07-24 15:00:00,2.0,9.0,511.0,2.3,-0.7,7,ete,15h-18h,0,2.0,1,0
2022-07-24 18:00:00,3.0,9.0,514.0,2.4,0.9,7,ete,18h-21h,0,2.0,0,0
2022-07-24 21:00:00,2.0,9.0,486.0,2.5,0.6,7,ete,21h-24h,0,3.0,0,0
2022-07-25 00:00:00,3.0,6.0,476.0,2.6,-1.6,7,ete,00h-03h,0,2.0,1,0
2022-07-25 03:00:00,2.0,6.0,501.0,2.5,-1.2,7,ete,03h-06h,0,3.0,1,0
2022-07-25 06:00:00,1.0,6.0,459.0,2.5,1.0,7,ete,06h-09h,0,2.0,0,0
2022-07-25 09:00:00,1.0,6.0,428.0,2.8,1.5,7,ete,09h-12h,0,1.0,0,0
2022-07-25 12:00:00,1.0,6.0,427.0,2.7,1.3,7,ete,12h-15h,0,1.0,0,0
2022-07-25 15:00:00,1.0,6.0,422.0,2.7,0.3,7,ete,15h-18h,0,1.0,0,0
2022-07-25 18:00:00,1.0,6.0,405.0,2.4,0.5,7,ete,18h-21h,0,1.0,0,0
2022-07-25 21:00:00,2.0,6.0,407.0,2.1,-1.3,7,ete,21h-24h,0,1.0,1,0
2022-07-26 00:00:00,4.0,8.0,442.0,3.2,-4.6,7,ete,00h-03h,0,2.0,1,0
2022-07-26 03:00:00,2.0,8.0,430.0,2.8,-0.9,7,ete,03h-06h,0,4.0,1,0
2022-07-26 06:00:00,1.0,8.0,432.0,0.5,1.1,7,ete,06h-09h,0,2.0,0,0
2022-07-26 09:00:00,2.0,8.0,421.0,0.6,0.7,7,ete,09h-12h,0,1.0,0,0
2022-07-26 12:00:00,2.0,8.0,405.0,0.8,-1.7,7,ete,12h-15h,0,2.0,1,0
2022-07-26 15:00:00,1.0,8.0,407.0,0.9,-0.4,7,ete,15h-18h,0,2.0,1,0
2022-07-26 18:00:00,1.0,8.0,383.0,1.1,0.3,7,ete,18h-21h,0,1.0,0,0
2022-07-26 21:00:00,2.0,8.0,395.0,1.1,-3.0,7,ete,21h-24h,0,1.0,1,0
2022-07-27 00:00:00,3.0,9.0,425.0,1.5,-2.3,7,ete,00h-03h,0,2.0,1,0
2022-07-27 03:00:00,2.0,9.0,457.0,3.0,-2.0,7,ete,03h-06h,0,3.0,1,0
2022-07-27 06:00:00,2.0,9.0,435.0,4.6,-0.1,7,ete,06h-09h,0,2.0,1,0
2022-07-27 09:00:00,2.0,9.0,416.0,5.3,4.4,7,ete,09h-12h,0,2.0,0,0
2022-07-27 12:00:00,2.0,9.0,435.0,5.6,2.9,7,ete,12h-15h,0,2.0,0,0
2022-07-27 15:00:00,2.0,9.0,403.0,4.4,-0.6,7,ete,15h-18h,0,2.0,1,0
2022-07-27 18:00:00,2.0,9.0,420.0,6.1,-0.4,7,ete,18h-21h,0,2.0,1,0
2022-07-27 21:00:00,3.0,9.0,393.0,6.0,-0.5,7,ete,21h-24h,0,2.0,1,0
2022-07-28 00:00:00,2.0,7.0,408.0,4.6,0.1,7,ete,00h-03h,0,3.0,0,0
2022-07-28 03:00:00,2.0,7.0,418.0,5.3,-2.3,7,ete,03h-06h,0,2.0,1,0
2022-07-28 06:00:00,3.0,7.0,415.0,5.4,-3.1,7,ete,06h-09h,0,2.0,1,0
2022-07-28 09:00:00,1.0,7.0,407.0,4.7,4.7,7,ete,09h-12h,0,3.0,0,0
2022-07-28 12:00:00,2.0,7.0,387.0,6.0,-2.0,7,ete,12h-15h,0,1.0,1,0
2022-07-28 15:00:00,2.0,7.0,377.0,7.5,1.8,7,ete,15h-18h,0,2.0,0,0
2022-07-28 18:00:00,2.0,7.0,375.0,8.8,3.1,7,ete,18h-21h,0,2.0,0,0
2022-07-28 21:00:00,1.0,7.0,366.0,10.9,1.4,7,ete,21h-24h,0,2.0,0,0
2022-07-29 00:00:00,1.0,4.0,363.0,9.7,2.6,7,ete,00h-03h,0,1.0,0,0
2022-07-29 03:00:00,1.0,4.0,373.0,10.2,2.4,7,ete,03h-06h,0,1.0,0,0
2022-07-29 06:00:00,1.0,4.0,372.0,8.5,3.5,7,ete,06h-09h,0,1.0,0,0
2022-07-29 09:00:00,1.0,4.0,370.0,6.2,3.8,7,ete,09h-12h,0,1.0,0,0
2022-07-29 12:00:00,1.0,4.0,348.0,6.1,-1.5,7,ete,12h-15h,0,1.0,1,0
2022-07-29 15:00:00,1.0,4.0,372.0,3.7,0.6,7,ete,15h-18h,0,1.0,0,0
2022-07-29 18:00:00,1.0,4.0,368.0,5.3,-1.9,7,ete,18h-21h,0,1.0,1,0
2022-07-29 21:00:00,2.0,4.0,361.0,7.1,0.7,7,ete,21h-24h,0,1.0,0,0
2022-07-30 00:00:00,2.0,7.0,345.0,9.0,-0.4,7,ete,00h-03h,0,2.0,1,0
2022-07-30 03:00:00,2.0,7.0,350.0,9.9,-1.9,7,ete,03h-06h,0,2.0,1,0
2022-07-30 06:00:00,1.0,7.0,342.0,10.8,-0.3,7,ete,06h-09h,0,2.0,1,0
2022-07-30 09:00:00,1.0,7.0,351.0,14.2,1.6,7,ete,09h-12h,0,1.0,0,0
2022-07-30 12:00:00,2.0,7.0,346.0,14.6,-1.4,7,ete,12h-15h,0,1.0,1,0
2022-07-30 15:00:00,2.0,7.0,353.0,12.2,4.6,7,ete,15h-18h,0,2.0,0,0
2022-07-30 18:00:00,1.0,7.0,351.0,5.6,3.9,7,ete,18h-21h,0,2.0,0,0
2022-07-30 21:00:00,3.0,7.0,343.0,7.7,-1.0,7,ete,21h-24h,0,1.0,1,0
2022-07-31 00:00:00,2.0,11.0,352.0,11.2,-2.6,7,ete,00h-03h,0,3.0,1,0
2022-07-31 03:00:00,2.0,11.0,349.0,11.8,1.7,7,ete,03h-06h,0,2.0,0,0
2022-07-31 06:00:00,2.0,11.0,338.0,12.2,-0.5,7,ete,06h-09h,0,2.0,1,0
2022-07-31 09:00:00,2.0,11.0,332.0,14.4,4.7,7,ete,09h-12h,0,2.0,0,0
2022-07-31 12:00:00,3.0,11.0,351.0,12.2,6.1,7,ete,12h-15h,0,2.0,0,0
2022-07-31 15:00:00,4.0,11.0,393.0,16.6,2.8,7,ete,15h-18h,0,3.0,0,0
2022-07-31 18:00:00,2.0,11.0,398.0,15.7,5.4,7,ete,18h-21h,0,4.0,0,0
2022-07-31 21:00:00,3.0,11.0,401.0,12.8,-0.1,7,ete,21h-24h,0,2.0,1,0
2022-08-01 00:00:00,3.0,8.0,482.0,8.6,1.7,8,ete,00h-03h,0,3.0,0,0
2022-08-01 03:00:00,2.0,8.0,510.0,6.8,0.9,8,ete,03h-06h,0,3.0,0,0
2022-08-01 06:00:00,2.0,8.0,500.0,5.8,0.6,8,ete,06h-09h,0,2.0,0,0
2022-08-01 09:00:00,2.0,8.0,471.0,4.1,0.6,8,ete,09h-12h,0,2.0,0,0
2022-08-01 12:00:00,2.0,8.0,462.0,5.1,-0.3,8,ete,12h-15h,0,2.0,1,0
2022-08-01 15:00:00,1.0,8.0,435.0,4.8,2.2,8,ete,15h-18h,0,2.0,0,0
2022-08-01 18:00:00,1.0,8.0,462.0,5.4,4.9,8,ete,18h-21h,0,1.0,0,0
2022-08-01 21:00:00,2.0,8.0,488.0,4.7,1.7,8,ete,21h-24h,0,1.0,0,0
2022-08-02 00:00:00,2.0,9.0,486.0,4.1,1.3,8,ete,00h-03h,0,2.0,0,0
2022-08-02 03:00:00,2.0,9.0,488.0,5.0,0.7,8,ete,03h-06h,0,2.0,0,0
2022-08-02 06:00:00,3.0,9.0,495.0,5.6,-0.6,8,ete,06h-09h,0,2.0,1,0
2022-08-02 09:00:00,2.0,9.0,463.0,5.2,4.9,8,ete,09h-12h,0,3.0,0,0
2022-08-02 12:00:00,1.0,9.0,478.0,6.3,4.8,8,ete,12h-15h,0,2.0,0,0
2022-08-02 15:00:00,2.0,9.0,511.0,6.8,-0.0,8,ete,15h-18h,0,1.0,0,0
2022-08-02 18:00:00,3.0,9.0,505.0,4.9,0.5,8,ete,18h-21h,0,2.0,0,0
2022-08-02 21:00:00,3.0,9.0,505.0,5.1,0.5,8,ete,21h-24h,0,3.0,0,0
2022-08-03 00:00:00,3.0,8.0,557.0,7.1,2.4,8,ete,00h-03h,0,3.0,0,0
2022-08-03 03:00:00,3.0,8.0,553.0,6.7,0.2,8,ete,03h-06h,0,3.0,0,0
2022-08-03 06:00:00,2.0,8.0,541.0,5.8,1.4,8,ete,06h-09h,0,3.0,0,0
2022-08-03 09:00:00,2.0,8.0,528.0,5.6,1.9,8,ete,09h-12h,0,2.0,0,0
2022-08-03 12:00:00,1.0,8.0,513.0,5.3,0.3,8,ete,12h-15h,0,2.0,0,0
2022-08-03 15:00:00,2.0,8.0,496.0,5.6,0.8,8,ete,15h-18h,0,1.0,0,0
2022-08-03 18:00:00,2.0,8.0,501.0,6.4,-1.6,8,ete,18h-21h,0,2.0,1,0
2022-08-03 21:00:00,2.0,8.0,496.0,6.3,1.6,8,ete,21h-24h,0,2.0,0,0
2022-08-04 00:00:00,2.0,6.0,495.0,6.7,2.2,8,ete,00h-03h,0,2.0,0,0
2022-08-04 03:00:00,1.0,6.0,454.0,4.6,1.7,8,ete,03h-06h,0,2.0,0,0
2022-08-04 06:00:00,1.0,6.0,449.0,5.1,2.8,8,ete,06h-09h,0,1.0,0,0
2022-08-04 09:00:00,2.0,6.0,438.0,5.0,1.0,8,ete,09h-12h,0,1.0,0,0
2022-08-04 12:00:00,2.0,6.0,454.0,4.8,-1.5,8,ete,12h-15h,0,2.0,1,0
2022-08-04 15:00:00,2.0,6.0,431.0,4.2,-1.7,8,ete,15h-18h,0,2.0,1,0
2022-08-04 18:00:00,2.0,6.0,420.0,4.0,-2.1,8,ete,18h-21h,0,2.0,1,0
2022-08-04 21:00:00,2.0,6.0,409.0,4.3,-0.3,8,ete,21h-24h,0,2.0,1,0
2022-08-05 00:00:00,3.0,6.0,413.0,6.9,-4.3,8,ete,00h-03h,0,2.0,1,0
2022-08-05 03:00:00,2.0,6.0,405.0,6.4,-0.5,8,ete,03h-06h,0,3.0,1,0
2022-08-05 06:00:00,1.0,6.0,395.0,5.4,3.8,8,ete,06h-09h,0,2.0,0,0
2022-08-05 09:00:00,1.0,6.0,393.0,5.5,2.1,8,ete,09h-12h,0,1.0,0,0
2022-08-05 12:00:00,1.0,6.0,389.0,5.2,0.5,8,ete,12h-15h,0,1.0,0,0
2022-08-05 15:00:00,1.0,6.0,390.0,4.6,-1.4,8,ete,15h-18h,0,1.0,1,0
2022-08-05 18:00:00,0.0,6.0,395.0,5.0,2.1,8,ete,18h-21h,0,1.0,0,0
2022-08-05 21:00:00,2.0,6.0,384.0,5.7,-0.8,8,ete,21h-24h,0,0.0,1,0
2022-08-06 00:00:00,1.0,4.0,373.0,5.8,1.7,8,ete,00h-03h,0,2.0,0,0
2022-08-06 03:00:00,1.0,4.0,368.0,6.0,2.7,8,ete,03h-06h,0,1.0,0,0
2022-08-06 06:00:00,1.0,4.0,365.0,6.9,1.6,8,ete,06h-09h,0,1.0,0,0
2022-08-06 09:00:00,1.0,4.0,353.0,8.3,3.0,8,ete,09h-12h,0,1.0,0,0
2022-08-06 12:00:00,1.0,4.0,356.0,11.4,1.6,8,ete,12h-15h,0,1.0,0,0
2022-08-06 15:00:00,1.0,4.0,336.0,12.9,0.7,8,ete,15h-18h,0,1.0,0,0
2022-08-06 18:00:00,1.0,4.0,342.0,15.3,7.1,8,ete,18h-21h,0,1.0,0,0
2022-08-06 21:00:00,2.0,4.0,334.0,12.1,8.0,8,ete,21h-24h,0,1.0,0,0
2022-08-07 00:00:00,1.0,24.0,330.0,14.7,7.7,8,ete,00h-03h,0,2.0,0,0
2022-08-07 03:00:00,2.0,24.0,390.0,10.7,2.6,8,ete,03h-06h,0,1.0,0,0
2022-08-07 06:00:00,3.0,24.0,438.0,6.3,-8.9,8,ete,06h-09h,0,2.0,1,0
2022-08-07 09:00:00,4.0,24.0,432.0,5.3,-6.4,8,ete,09h-12h,0,3.0,1,0
2022-08-07 12:00:00,4.0,24.0,430.0,13.7,-10.1,8,ete,12h-15h,0,4.0,1,0
2022-08-07 15:00:00,4.0,24.0,425.0,13.9,-4.0,8,ete,15h-18h,0,4.0,1,0
2022-08-07 18:00:00,4.0,24.0,473.0,10.9,-4.9,8,ete,18h-21h,0,4.0,1,0
2022-08-07 21:00:00,6.0,24.0,573.0,8.2,-2.1,8,ete,21h-24h,0,4.0,1,1
2022-08-08 00:00:00,5.0,31.0,590.0,6.6,0.6,8,ete,00h-03h,0,6.0,0,1
2022-08-08 03:00:00,5.0,31.0,581.0,6.4,0.2,8,ete,03h-06h,0,5.0,0,1
2022-08-08 06:00:00,5.0,31.0,572.0,4.3,-6.7,8,ete,06h-09h,0,5.0,1,1
2022-08-08 09:00:00,4.0,31.0,571.0,3.7,-1.5,8,ete,09h-12h,0,5.0,1,0
2022-08-08 12:00:00,3.0,31.0,587.0,3.2,-0.6,8,ete,12h-15h,0,4.0,1,0
2022-08-08 15:00:00,3.0,31.0,592.0,3.1,-1.9,8,ete,15h-18h,0,3.0,1,0
2022-08-08 18:00:00,4.0,31.0,601.0,2.9,-3.4,8,ete,18h-21h,0,3.0,1,0
2022-08-08 21:00:00,4.0,31.0,606.0,2.6,-2.4,8,ete,21h-24h,0,4.0,1,0
2022-08-09 00:00:00,3.0,19.0,592.0,3.0,2.5,8,ete,00h-03h,0,4.0,0,0
2022-08-09 03:00:00,4.0,19.0,620.0,3.3,-1.2,8,ete,03h-06h,0,3.0,1,0
2022-08-09 06:00:00,3.0,19.0,562.0,2.6,0.6,8,ete,06h-09h,0,4.0,0,0
2022-08-09 09:00:00,4.0,19.0,561.0,2.7,-3.4,8,ete,09h-12h,0,3.0,1,0
2022-08-09 12:00:00,4.0,19.0,605.0,2.9,-3.0,8,ete,12h-15h,0,4.0,1,0
2022-08-09 15:00:00,4.0,19.0,649.0,2.0,-2.9,8,ete,15h-18h,0,4.0,1,0
2022-08-09 18:00:00,3.0,19.0,638.0,1.7,-2.9,8,ete,18h-21h,0,4.0,1,0
2022-08-09 21:00:00,2.0,19.0,624.0,1.6,-1.5,8,ete,21h-24h,0,3.0,1,0
2022-08-10 00:00:00,2.0,11.0,670.0,1.4,1.9,8,ete,00h-03h,0,2.0,0,0
2022-08-10 03:00:00,3.0,11.0,662.0,1.4,-1.6,8,ete,03h-06h,0,2.0,1,0
2022-08-10 06:00:00,2.0,11.0,668.0,1.3,3.1,8,ete,06h-09h,0,3.0,0,0
2022-08-10 09:00:00,2.0,11.0,653.0,1.3,0.8,8,ete,09h-12h,0,2.0,0,0
2022-08-10 12:00:00,3.0,11.0,636.0,1.1,-2.0,8,ete,12h-15h,0,2.0,1,0
2022-08-10 15:00:00,3.0,11.0,645.0,1.2,-1.0,8,ete,15h-18h,0,3.0,1,0
2022-08-10 18:00:00,3.0,11.0,594.0,1.2,-2.1,8,ete,18h-21h,0,3.0,1,0
2022-08-10 21:00:00,3.0,11.0,608.0,1.6,-1.3,8,ete,21h-24h,0,3.0,1,0
2022-08-11 00:00:00,2.0,16.0,611.0,1.7,-0.5,8,ete,00h-03h,0,3.0,1,0
2022-08-11 03:00:00,2.0,16.0,575.0,1.7,-1.3,8,ete,03h-06h,0,2.0,1,0
2022-08-11 06:00:00,2.0,16.0,556.0,1.5,-2.4,8,ete,06h-09h,0,2.0,1,0
2022-08-11 09:00:00,3.0,16.0,562.0,2.2,-1.9,8,ete,09h-12h,0,2.0,1,0
2022-08-11 12:00:00,3.0,16.0,569.0,2.8,-3.9,8,ete,12h-15h,0,3.0,1,0
2022-08-11 15:00:00,4.0,16.0,545.0,4.0,-2.3,8,ete,15h-18h,0,3.0,1,0
2022-08-11 18:00:00,4.0,16.0,563.0,6.3,-5.1,8,ete,18h-21h,0,4.0,1,0
2022-08-11 21:00:00,3.0,16.0,534.0,6.1,-1.6,8,ete,21h-24h,0,4.0,1,0
2022-08-12 00:00:00,3.0,7.0,571.0,3.4,-0.6,8,ete,00h-03h,0,3.0,1,0
2022-08-12 03:00:00,1.0,7.0,594.0,2.7,2.2,8,ete,03h-06h,0,3.0,0,0
2022-08-12 06:00:00,2.0,7.0,580.0,2.0,2.3,8,ete,06h-09h,0,1.0,0,0
2022-08-12 09:00:00,3.0,7.0,563.0,2.1,0.5,8,ete,09h-12h,0,2.0,0,0
2022-08-12 12:00:00,2.0,7.0,589.0,1.4,-1.0,8,ete,12h-15h,0,3.0,1,0
2022-08-12 15:00:00,1.0,7.0,593.0,1.0,-0.3,8,ete,15h-18h,0,2.0,1,0
2022-08-12 18:00:00,1.0,7.0,578.0,0.9,1.0,8,ete,18h-21h,0,1.0,0,0
2022-08-12 21:00:00,1.0,7.0,575.0,0.9,1.5,8,ete,21h-24h,0,1.0,0,0
2022-08-13 00:00:00,2.0,10.0,543.0,1.6,0.6,8,ete,00h-03h,0,1.0,0,0
2022-08-13 03:00:00,2.0,10.0,502.0,1.9,2.8,8,ete,03h-06h,0,2.0,0,0
2022-08-13 06:00:00,3.0,10.0,510.0,2.0,-0.3,8,ete,06h-09h,0,2.0,1,0
2022-08-13 09:00:00,3.0,10.0,498.0,2.7,-2.5,8,ete,09h-12h,0,3.0,1,0
2022-08-13 12:00:00,3.0,10.0,499.0,5.2,0.8,8,ete,12h-15h,0,3.0,0,0
2022-08-13 15:00:00,2.0,10.0,527.0,3.3,-1.1,8,ete,15h-18h,0,3.0,1,0
2022-08-13 18:00:00,2.0,10.0,503.0,2.7,1.1,8,ete,18h-21h,0,2.0,0,0
2022-08-13 21:00:00,2.0,10.0,490.0,2.6,-0.4,8,ete,21h-24h,0,2.0,1,0
2022-08-14 00:00:00,3.0,7.0,488.0,3.1,-2.5,8,ete,00h-03h,0,2.0,1,0
2022-08-14 03:00:00,2.0,7.0,491.0,3.3,-1.0,8,ete,03h-06h,0,3.0,1,0
2022-08-14 06:00:00,2.0,7.0,488.0,3.4,2.2,8,ete,06h-09h,0,2.0,0,0
2022-08-14 09:00:00,2.0,7.0,477.0,2.6,0.8,8,ete,09h-12h,0,2.0,0,0
2022-08-14 12:00:00,2.0,7.0,464.0,3.5,0.5,8,ete,12h-15h,0,2.0,0,0
2022-08-14 15:00:00,1.0,7.0,466.0,3.3,1.5,8,ete,15h-18h,0,2.0,0,0
2022-08-14 18:00:00,1.0,7.0,476.0,2.4,2.2,8,ete,18h-21h,0,1.0,0,0
2022-08-14 21:00:00,1.0,7.0,490.0,2.1,1.8,8,ete,21h-24h,0,1.0,0,0
2022-08-15 00:00:00,1.0,6.0,483.0,2.2,2.2,8,ete,00h-03h,0,1.0,0,0
2022-08-15 03:00:00,2.0,6.0,480.0,1.7,0.8,8,ete,03h-06h,0,1.0,0,0
2022-08-15 06:00:00,2.0,6.0,450.0,1.6,0.1,8,ete,06h-09h,0,2.0,0,0
2022-08-15 09:00:00,2.0,6.0,451.0,1.6,0.5,8,ete,09h-12h,0,2.0,0,0
2022-08-15 12:00:00,2.0,6.0,464.0,2.8,-0.4,8,ete,12h-15h,0,2.0,1,0
2022-08-15 15:00:00,2.0,6.0,464.0,3.2,-2.2,8,ete,15h-18h,0,2.0,1,0
2022-08-15 18:00:00,1.0,6.0,440.0,1.9,0.6,8,ete,18h-21h,0,2.0,0,0
2022-08-15 21:00:00,1.0,6.0,415.0,2.4,-0.1,8,ete,21h-24h,0,1.0,1,0
2022-08-16 00:00:00,1.0,5.0,402.0,2.6,-0.2,8,ete,00h-03h,0,1.0,1,0
2022-08-16 03:00:00,2.0,5.0,406.0,3.4,0.2,8,ete,03h-06h,0,1.0,0,0
2022-08-16 06:00:00,1.0,5.0,365.0,3.7,-2.1,8,ete,06h-09h,0,2.0,1,0
2022-08-16 09:00:00,2.0,5.0,359.0,4.3,-2.1,8,ete,09h-12h,0,1.0,1,0
2022-08-16 12:00:00,1.0,5.0,367.0,6.1,-0.6,8,ete,12h-15h,0,2.0,1,0
2022-08-16 15:00:00,1.0,5.0,366.0,4.9,2.3,8,ete,15h-18h,0,1.0,0,0
2022-08-16 18:00:00,0.0,5.0,358.0,4.9,1.7,8,ete,18h-21h,0,1.0,0,0
2022-08-16 21:00:00,2.0,5.0,365.0,6.7,0.2,8,ete,21h-24h,0,0.0,0,0
2022-08-17 00:00:00,2.0,31.0,368.0,7.4,2.7,8,ete,00h-03h,0,2.0,0,0
2022-08-17 03:00:00,3.0,31.0,449.0,12.4,10.5,8,ete,03h-06h,0,2.0,0,0
2022-08-17 06:00:00,2.0,31.0,448.0,10.2,13.2,8,ete,06h-09h,0,3.0,0,0
2022-08-17 09:00:00,3.0,31.0,484.0,11.7,-2.9,8,ete,09h-12h,0,2.0,1,0
2022-08-17 12:00:00,2.0,31.0,450.0,10.4,3.9,8,ete,12h-15h,0,3.0,0,0
2022-08-17 15:00:00,4.0,31.0,440.0,6.7,0.4,8,ete,15h-18h,0,2.0,0,0
2022-08-17 18:00:00,6.0,31.0,503.0,9.5,-12.1,8,ete,18h-21h,0,4.0,1,1
2022-08-17 21:00:00,6.0,31.0,490.0,7.3,8.8,8,ete,21h-24h,0,6.0,0,1
2022-08-18 00:00:00,3.0,26.0,529.0,6.4,13.1,8,ete,00h-03h,0,6.0,0,0
2022-08-18 03:00:00,2.0,26.0,570.0,8.5,5.4,8,ete,03h-06h,0,3.0,0,0
2022-08-18 06:00:00,3.0,26.0,537.0,6.7,2.1,8,ete,06h-09h,0,2.0,0,0
2022-08-18 09:00:00,3.0,26.0,559.0,6.4,6.7,8,ete,09h-12h,0,3.0,0,0
2022-08-18 12:00:00,5.0,26.0,559.0,5.2,-2.0,8,ete,12h-15h,0,3.0,1,1
2022-08-18 15:00:00,5.0,26.0,608.0,6.2,-2.8,8,ete,15h-18h,0,5.0,1,1
2022-08-18 18:00:00,4.0,26.0,586.0,5.4,-0.8,8,ete,18h-21h,0,5.0,1,0
2022-08-18 21:00:00,5.0,26.0,567.0,4.6,-1.9,8,ete,21h-24h,0,4.0,1,1
2022-08-19 00:00:00,3.0,20.0,558.0,4.5,2.9,8,ete,00h-03h,0,5.0,0,0
2022-08-19 03:00:00,3.0,20.0,578.0,3.5,-2.6,8,ete,03h-06h,0,3.0,1,0
2022-08-19 06:00:00,2.0,20.0,570.0,3.1,-2.7,8,ete,06h-09h,0,3.0,1,0
2022-08-19 09:00:00,2.0,20.0,554.0,2.8,-1.0,8,ete,09h-12h,0,2.0,1,0
2022-08-19 12:00:00,2.0,20.0,554.0,3.2,0.8,8,ete,12h-15h,0,2.0,0,0
2022-08-19 15:00:00,4.0,20.0,539.0,2.9,-0.7,8,ete,15h-18h,0,2.0,1,0
2022-08-19 18:00:00,5.0,20.0,629.0,7.1,-5.9,8,ete,18h-21h,0,4.0,1,1
2022-08-19 21:00:00,4.0,20.0,699.0,5.1,1.0,8,ete,21h-24h,0,5.0,0,0
2022-08-20 00:00:00,4.0,14.0,655.0,5.6,-0.0,8,ete,00h-03h,0,4.0,0,0
2022-08-20 03:00:00,3.0,14.0,632.0,5.9,0.1,8,ete,03h-06h,0,4.0,0,0
2022-08-20 06:00:00,3.0,14.0,599.0,5.1,0.5,8,ete,06h-09h,0,3.0,0,0
2022-08-20 09:00:00,2.0,14.0,538.0,4.0,4.5,8,ete,09h-12h,0,3.0,0,0
2022-08-20 12:00:00,1.0,14.0,494.0,3.4,1.9,8,ete,12h-15h,0,2.0,0,0
2022-08-20 15:00:00,1.0,14.0,483.0,2.3,1.8,8,ete,15h-18h,0,1.0,0,0
2022-08-20 18:00:00,3.0,14.0,525.0,3.4,0.1,8,ete,18h-21h,0,1.0,0,0
2022-08-20 21:00:00,4.0,14.0,524.0,3.1,-2.7,8,ete,21h-24h,0,3.0,1,0
2022-08-21 00:00:00,3.0,14.0,526.0,1.5,-2.2,8,ete,00h-03h,0,4.0,1,0
2022-08-21 03:00:00,2.0,14.0,552.0,2.0,1.6,8,ete,03h-06h,0,3.0,0,0
2022-08-21 06:00:00,2.0,14.0,564.0,2.0,1.7,8,ete,06h-09h,0,2.0,0,0
2022-08-21 09:00:00,3.0,14.0,575.0,2.6,-1.0,8,ete,09h-12h,0,2.0,1,0
2022-08-21 12:00:00,3.0,14.0,608.0,1.7,-0.4,8,ete,12h-15h,0,3.0,1,0
2022-08-21 15:00:00,4.0,14.0,622.0,1.9,-2.7,8,ete,15h-18h,0,3.0,1,0
2022-08-21 18:00:00,3.0,14.0,579.0,1.4,0.6,8,ete,18h-21h,0,4.0,0,0
2022-08-21 21:00:00,2.0,14.0,604.0,1.8,-0.4,8,ete,21h-24h,0,3.0,1,0
2022-08-22 00:00:00,3.0,7.0,618.0,1.6,-0.4,8,ete,00h-03h,0,2.0,1,0
2022-08-22 03:00:00,3.0,7.0,606.0,1.3,0.2,8,ete,03h-06h,0,3.0,0,0
2022-08-22 06:00:00,2.0,7.0,603.0,1.6,1.7,8,ete,06h-09h,0,3.0,0,0
2022-08-22 09:00:00,2.0,7.0,605.0,1.5,-0.4,8,ete,09h-12h,0,2.0,1,0
2022-08-22 12:00:00,2.0,7.0,585.0,1.4,0.6,8,ete,12h-15h,0,2.0,0,0
2022-08-22 15:00:00,1.0,7.0,569.0,1.4,0.6,8,ete,15h-18h,0,2.0,0,0
2022-08-22 18:00:00,2.0,7.0,558.0,1.3,0.5,8,ete,18h-21h,0,1.0,0,0
2022-08-22 21:00:00,1.0,7.0,539.0,1.3,0.2,8,ete,21h-24h,0,2.0,0,0
2022-08-23 00:00:00,1.0,4.0,528.0,1.0,0.4,8,ete,00h-03h,0,1.0,0,0
2022-08-23 03:00:00,1.0,4.0,506.0,1.1,1.5,8,ete,03h-06h,0,1.0,0,0
2022-08-23 06:00:00,1.0,4.0,482.0,1.4,1.2,8,ete,06h-09h,0,1.0,0,0
2022-08-23 09:00:00,1.0,4.0,447.0,1.4,-1.2,8,ete,09h-12h,0,1.0,1,0
2022-08-23 12:00:00,1.0,4.0,443.0,1.5,1.0,8,ete,12h-15h,0,1.0,0,0
2022-08-23 15:00:00,0.0,4.0,453.0,2.0,1.6,8,ete,15h-18h,0,1.0,0,0
2022-08-23 18:00:00,0.0,4.0,437.0,2.6,1.8,8,ete,18h-21h,0,0.0,0,0
2022-08-23 21:00:00,2.0,4.0,434.0,3.0,1.4,8,ete,21h-24h,0,0.0,0,0
2022-08-24 00:00:00,1.0,3.0,436.0,4.1,2.8,8,ete,00h-03h,0,2.0,0,0
2022-08-24 03:00:00,0.0,3.0,425.0,4.6,1.8,8,ete,03h-06h,0,1.0,0,0
2022-08-24 06:00:00,1.0,3.0,438.0,5.1,1.5,8,ete,06h-09h,0,0.0,0,0
2022-08-24 09:00:00,1.0,3.0,416.0,3.9,0.7,8,ete,09h-12h,0,1.0,0,0
2022-08-24 12:00:00,1.0,3.0,380.0,3.5,2.8,8,ete,12h-15h,0,1.0,0,0
2022-08-24 15:00:00,1.0,3.0,384.0,3.3,1.5,8,ete,15h-18h,0,1.0,0,0
2022-08-24 18:00:00,0.0,3.0,360.0,1.6,1.5,8,ete,18h-21h,0,1.0,0,0
2022-08-24 21:00:00,1.0,3.0,388.0,3.0,2.4,8,ete,21h-24h,0,0.0,0,0
2022-08-25 00:00:00,1.0,5.0,378.0,3.2,0.2,8,ete,00h-03h,0,1.0,0,0
2022-08-25 03:00:00,1.0,5.0,366.0,3.0,1.5,8,ete,03h-06h,0,1.0,0,0
2022-08-25 06:00:00,2.0,5.0,364.0,3.0,1.2,8,ete,06h-09h,0,1.0,0,0
2022-08-25 09:00:00,2.0,5.0,358.0,2.6,1.9,8,ete,09h-12h,0,2.0,0,0
2022-08-25 12:00:00,2.0,5.0,372.0,2.5,1.3,8,ete,12h-15h,0,2.0,0,0
2022-08-25 15:00:00,1.0,5.0,374.0,2.1,2.8,8,ete,15h-18h,0,2.0,0,0
2022-08-25 18:00:00,1.0,5.0,344.0,2.8,2.5,8,ete,18h-21h,0,1.0,0,0
2022-08-25 21:00:00,2.0,5.0,347.0,2.7,1.2,8,ete,21h-24h,0,1.0,0,0
2022-08-26 00:00:00,1.0,5.0,342.0,4.1,0.4,8,ete,00h-03h,0,2.0,0,0
2022-08-26 03:00:00,2.0,5.0,345.0,4.2,0.6,8,ete,03h-06h,0,1.0,0,0
2022-08-26 06:00:00,1.0,5.0,348.0,5.1,1.7,8,ete,06h-09h,0,2.0,0,0
2022-08-26 09:00:00,1.0,5.0,335.0,5.8,2.4,8,ete,09h-12h,0,1.0,0,0
2022-08-26 12:00:00,1.0,5.0,353.0,6.4,2.1,8,ete,12h-15h,0,1.0,0,0
2022-08-26 15:00:00,1.0,5.0,339.0,5.6,1.5,8,ete,15h-18h,0,1.0,0,0
2022-08-26 18:00:00,1.0,5.0,344.0,6.3,1.7,8,ete,18h-21h,0,1.0,0,0
2022-08-26 21:00:00,2.0,5.0,332.0,6.3,-0.3,8,ete,21h-24h,0,1.0,1,0
2022-08-27 00:00:00,2.0,14.0,340.0,7.5,-0.7,8,ete,00h-03h,0,2.0,1,0
2022-08-27 03:00:00,1.0,14.0,328.0,11.3,-0.8,8,ete,03h-06h,0,2.0,1,0
2022-08-27 06:00:00,2.0,14.0,320.0,18.1,0.6,8,ete,06h-09h,0,1.0,0,0
2022-08-27 09:00:00,4.0,14.0,317.0,18.8,-2.0,8,ete,09h-12h,0,2.0,1,0
2022-08-27 12:00:00,4.0,14.0,362.0,15.9,-6.4,8,ete,12h-15h,0,4.0,1,0
2022-08-27 15:00:00,3.0,14.0,363.0,13.7,2.5,8,ete,15h-18h,0,4.0,0,0
2022-08-27 18:00:00,3.0,14.0,373.0,12.5,-6.1,8,ete,18h-21h,0,3.0,1,0
2022-08-27 21:00:00,3.0,14.0,385.0,8.4,-2.1,8,ete,21h-24h,0,3.0,1,0
2022-08-28 00:00:00,2.0,7.0,414.0,10.8,2.6,8,ete,00h-03h,0,3.0,0,0
2022-08-28 03:00:00,1.0,7.0,395.0,10.0,4.0,8,ete,03h-06h,0,2.0,0,0
2022-08-28 06:00:00,2.0,7.0,429.0,6.3,1.7,8,ete,06h-09h,0,1.0,0,0
2022-08-28 09:00:00,3.0,7.0,472.0,5.9,2.4,8,ete,09h-12h,0,2.0,0,0
2022-08-28 12:00:00,2.0,7.0,462.0,6.2,3.4,8,ete,12h-15h,0,3.0,0,0
2022-08-28 15:00:00,2.0,7.0,431.0,4.9,-0.2,8,ete,15h-18h,0,2.0,1,0
2022-08-28 18:00:00,2.0,7.0,423.0,5.4,1.0,8,ete,18h-21h,0,2.0,0,0
2022-08-28 21:00:00,1.0,7.0,402.0,6.4,1.9,8,ete,21h-24h,0,2.0,0,0
2022-08-29 00:00:00,2.0,14.0,391.0,8.3,0.7,8,ete,00h-03h,0,1.0,0,0
2022-08-29 03:00:00,4.0,14.0,444.0,14.8,-4.8,8,ete,03h-06h,0,2.0,1,0
2022-08-29 06:00:00,3.0,14.0,444.0,15.4,2.1,8,ete,06h-09h,0,4.0,0,0
2022-08-29 09:00:00,3.0,14.0,417.0,6.1,4.8,8,ete,09h-12h,0,3.0,0,0
2022-08-29 12:00:00,3.0,14.0,515.0,7.3,-1.7,8,ete,12h-15h,0,3.0,1,0
2022-08-29 15:00:00,2.0,14.0,522.0,5.7,3.5,8,ete,15h-18h,0,3.0,0,0
2022-08-29 18:00:00,3.0,14.0,493.0,7.0,4.0,8,ete,18h-21h,0,2.0,0,0
2022-08-29 21:00:00,1.0,14.0,495.0,7.3,3.9,8,ete,21h-24h,0,3.0,0,0
2022-08-30 00:00:00,2.0,13.0,492.0,7.6,5.2,8,ete,00h-03h,0,1.0,0,0
2022-08-30 03:00:00,4.0,13.0,516.0,7.8,-4.1,8,ete,03h-06h,0,2.0,1,0
2022-08-30 06:00:00,2.0,13.0,552.0,3.0,1.0,8,ete,06h-09h,0,4.0,0,0
2022-08-30 09:00:00,3.0,13.0,607.0,4.3,-0.4,8,ete,09h-12h,0,2.0,1,0
2022-08-30 12:00:00,2.0,13.0,589.0,2.7,6.4,8,ete,12h-15h,0,3.0,0,0
2022-08-30 15:00:00,2.0,13.0,556.0,2.8,5.7,8,ete,15h-18h,0,2.0,0,0
2022-08-30 18:00:00,2.0,13.0,561.0,3.2,3.7,8,ete,18h-21h,0,2.0,0,0
2022-08-30 21:00:00,3.0,13.0,601.0,4.8,-0.0,8,ete,21h-24h,0,2.0,0,0
2022-08-31 00:00:00,3.0,13.0,573.0,3.8,3.7,8,ete,00h-03h,0,3.0,0,0
2022-08-31 03:00:00,3.0,13.0,574.0,5.1,-0.1,8,ete,03h-06h,0,3.0,1,0
2022-08-31 06:00:00,2.0,13.0,541.0,4.3,-1.1,8,ete,06h-09h,0,3.0,1,0
2022-08-31 09:00:00,3.0,13.0,520.0,3.8,1.3,8,ete,09h-12h,0,2.0,0,0
2022-08-31 12:00:00,2.0,13.0,517.0,3.8,1.1,8,ete,12h-15h,0,3.0,0,0
2022-08-31 15:00:00,2.0,13.0,510.0,3.8,-1.0,8,ete,15h-18h,0,2.0,1,0
2022-08-31 18:00:00,2.0,13.0,485.0,3.6,3.6,8,ete,18h-21h,0,2.0,0,0
2022-08-31 21:00:00,4.0,13.0,499.0,4.1,-4.6,8,ete,21h-24h,0,2.0,1,0
2022-09-01 00:00:00,2.0,9.0,498.0,4.8,-1.0,9,automne,00h-03h,0,4.0,1,0
2022-09-01 03:00:00,4.0,9.0,538.0,5.0,0.1,9,automne,03h-06h,0,2.0,0,0
2022-09-01 06:00:00,2.0,9.0,583.0,4.2,2.1,9,automne,06h-09h,0,4.0,0,0
2022-09-01 09:00:00,2.0,9.0,568.0,4.5,1.6,9,automne,09h-12h,0,2.0,0,0
2022-09-01 12:00:00,2.0,9.0,531.0,3.7,1.4,9,automne,12h-15h,0,2.0,0,0
2022-09-01 15:00:00,2.0,9.0,513.0,3.6,2.0,9,automne,15h-18h,0,2.0,0,0
2022-09-01 18:00:00,1.0,9.0,491.0,3.2,0.8,9,automne,18h-21h,0,2.0,0,0
2022-09-01 21:00:00,1.0,9.0,491.0,3.1,1.2,9,automne,21h-24h,0,1.0,0,0
2022-09-02 00:00:00,2.0,8.0,461.0,3.1,0.5,9,automne,00h-03h,0,1.0,0,0
2022-09-02 03:00:00,1.0,8.0,453.0,2.7,2.0,9,automne,03h-06h,0,2.0,0,0
2022-09-02 06:00:00,2.0,8.0,431.0,6.9,2.3,9,automne,06h-09h,0,1.0,0,0
2022-09-02 09:00:00,2.0,8.0,442.0,5.9,1.7,9,automne,09h-12h,0,2.0,0,0
2022-09-02 12:00:00,2.0,8.0,451.0,6.5,-0.6,9,automne,12h-15h,0,2.0,1,0
2022-09-02 15:00:00,1.0,8.0,435.0,7.8,3.6,9,automne,15h-18h,0,2.0,0,0
2022-09-02 18:00:00,1.0,8.0,436.0,11.3,2.6,9,automne,18h-21h,0,1.0,0,0
2022-09-02 21:00:00,4.0,8.0,451.0,10.7,-2.6,9,automne,21h-24h,0,1.0,1,0
2022-09-03 00:00:00,5.0,25.0,429.0,9.9,-4.1,9,automne,00h-03h,0,4.0,1,1
2022-09-03 03:00:00,3.0,25.0,419.0,17.7,-1.7,9,automne,03h-06h,0,5.0,1,0
2022-09-03 06:00:00,4.0,25.0,450.0,23.1,2.8,9,automne,06h-09h,0,3.0,0,0
2022-09-03 09:00:00,4.0,25.0,447.0,6.7,-5.7,9,automne,09h-12h,0,4.0,1,0
2022-09-03 12:00:00,4.0,25.0,575.0,3.3,-3.6,9,automne,12h-15h,0,4.0,1,0
2022-09-03 15:00:00,3.0,25.0,9999.0,,-1.1,9,automne,15h-18h,0,4.0,1,0
2022-09-03 18:00:00,3.0,25.0,513.0,3.4,-2.8,9,automne,18h-21h,0,3.0,1,0
2022-09-03 21:00:00,4.0,25.0,481.0,4.9,-4.8,9,automne,21h-24h,0,3.0,1,0
2022-09-04 00:00:00,5.0,64.0,548.0,8.6,1.9,9,automne,00h-03h,0,4.0,0,1
2022-09-04 03:00:00,6.0,64.0,670.0,4.9,-2.1,9,automne,03h-06h,0,5.0,1,1
2022-09-04 06:00:00,6.0,64.0,674.0,6.0,-0.3,9,automne,06h-09h,0,6.0,1,1
2022-09-04 09:00:00,6.0,64.0,715.0,3.9,-5.8,9,automne,09h-12h,0,6.0,1,1
2022-09-04 12:00:00,5.0,64.0,696.0,3.9,-2.1,9,automne,12h-15h,0,6.0,1,1
2022-09-04 15:00:00,6.0,64.0,659.0,4.6,-6.2,9,automne,15h-18h,0,5.0,1,1
2022-09-04 18:00:00,4.0,64.0,622.0,6.8,-1.9,9,automne,18h-21h,0,6.0,1,0
2022-09-04 21:00:00,5.0,64.0,650.0,5.4,-2.8,9,automne,21h-24h,0,4.0,1,1
2022-09-05 00:00:00,5.0,32.0,688.0,4.5,-1.0,9,automne,00h-03h,0,5.0,1,1
2022-09-05 03:00:00,5.0,32.0,610.0,4.1,0.1,9,automne,03h-06h,0,5.0,0,1
2022-09-05 06:00:00,4.0,32.0,593.0,4.5,0.4,9,automne,06h-09h,0,5.0,0,0
2022-09-05 09:00:00,5.0,32.0,595.0,4.6,-4.2,9,automne,09h-12h,0,4.0,1,1
2022-09-05 12:00:00,3.0,32.0,557.0,4.0,-2.9,9,automne,12h-15h,0,5.0,1,0
2022-09-05 15:00:00,4.0,32.0,550.0,3.8,-3.3,9,automne,15h-18h,0,3.0,1,0
2022-09-05 18:00:00,4.0,32.0,532.0,4.0,1.7,9,automne,18h-21h,0,4.0,0,0
2022-09-05 21:00:00,4.0,32.0,584.0,2.7,-3.0,9,automne,21h-24h,0,4.0,1,0
2022-09-06 00:00:00,4.0,20.0,596.0,2.8,-2.1,9,automne,00h-03h,0,4.0,1,0
2022-09-06 03:00:00,4.0,20.0,601.0,2.7,2.3,9,automne,03h-06h,0,4.0,0,0
2022-09-06 06:00:00,3.0,20.0,609.0,2.4,2.4,9,automne,06h-09h,0,4.0,0,0
2022-09-06 09:00:00,3.0,20.0,643.0,2.0,1.2,9,automne,09h-12h,0,3.0,0,0
2022-09-06 12:00:00,3.0,20.0,601.0,1.6,-1.2,9,automne,12h-15h,0,3.0,1,0
2022-09-06 15:00:00,3.0,20.0,579.0,1.5,-1.5,9,automne,15h-18h,0,3.0,1,0
2022-09-06 18:00:00,4.0,20.0,571.0,2.0,0.7,9,automne,18h-21h,0,3.0,0,0
2022-09-06 21:00:00,4.0,20.0,578.0,2.0,2.2,9,automne,21h-24h,0,4.0,0,0
2022-09-07 00:00:00,3.0,14.0,607.0,2.5,-0.1,9,automne,00h-03h,0,4.0,1,0
2022-09-07 03:00:00,2.0,14.0,588.0,2.2,0.8,9,automne,03h-06h,0,3.0,0,0
2022-09-07 06:00:00,3.0,14.0,607.0,1.9,-2.7,9,automne,06h-09h,0,2.0,1,0
2022-09-07 09:00:00,3.0,14.0,574.0,1.9,1.1,9,automne,09h-12h,0,3.0,0,0
2022-09-07 12:00:00,3.0,14.0,600.0,2.0,0.1,9,automne,12h-15h,0,3.0,0,0
2022-09-07 15:00:00,4.0,14.0,587.0,1.6,-3.2,9,automne,15h-18h,0,3.0,1,0
2022-09-07 18:00:00,3.0,14.0,552.0,1.5,-1.3,9,automne,18h-21h,0,4.0,1,0
2022-09-07 21:00:00,1.0,14.0,554.0,1.9,2.6,9,automne,21h-24h,0,3.0,0,0
2022-09-08 00:00:00,3.0,19.0,541.0,1.9,1.8,9,automne,00h-03h,0,1.0,0,0
2022-09-08 03:00:00,4.0,19.0,539.0,1.8,-2.6,9,automne,03h-06h,0,3.0,1,0
2022-09-08 06:00:00,4.0,19.0,515.0,2.0,-3.2,9,automne,06h-09h,0,4.0,1,0
2022-09-08 09:00:00,3.0,19.0,497.0,2.1,-0.7,9,automne,09h-12h,0,4.0,1,0
2022-09-08 12:00:00,3.0,19.0,506.0,2.7,3.6,9,automne,12h-15h,0,3.0,0,0
2022-09-08 15:00:00,3.0,19.0,513.0,2.7,-0.1,9,automne,15h-18h,0,3.0,1,0
2022-09-08 18:00:00,3.0,19.0,515.0,2.5,-3.0,9,automne,18h-21h,0,3.0,1,0
2022-09-08 21:00:00,4.0,19.0,503.0,2.7,-0.9,9,automne,21h-24h,0,3.0,1,0
2022-09-09 00:00:00,4.0,13.0,517.0,2.4,-4.9,9,automne,00h-03h,0,4.0,1,0
2022-09-09 03:00:00,2.0,13.0,498.0,2.6,2.9,9,automne,03h-06h,0,4.0,0,0
2022-09-09 06:00:00,3.0,13.0,503.0,3.0,1.8,9,automne,06h-09h,0,2.0,0,0
2022-09-09 09:00:00,4.0,13.0,492.0,3.2,-3.2,9,automne,09h-12h,0,3.0,1,0
2022-09-09 12:00:00,3.0,13.0,450.0,2.7,-2.0,9,automne,12h-15h,0,4.0,1,0
2022-09-09 15:00:00,2.0,13.0,439.0,2.7,-0.2,9,automne,15h-18h,0,3.0,1,0
2022-09-09 18:00:00,1.0,13.0,430.0,2.8,1.7,9,automne,18h-21h,0,2.0,0,0
2022-09-09 21:00:00,2.0,13.0,441.0,3.2,-1.8,9,automne,21h-24h,0,1.0,1,0
2022-09-10 00:00:00,3.0,12.0,407.0,3.4,-1.2,9,automne,00h-03h,0,2.0,1,0
2022-09-10 03:00:00,2.0,12.0,411.0,4.5,-4.3,9,automne,03h-06h,0,3.0,1,0
2022-09-10 06:00:00,3.0,12.0,428.0,4.5,-5.8,9,automne,06h-09h,0,2.0,1,0
2022-09-10 09:00:00,2.0,12.0,424.0,4.7,-3.7,9,automne,09h-12h,0,3.0,1,0
2022-09-10 12:00:00,3.0,12.0,454.0,4.1,-4.7,9,automne,12h-15h,0,2.0,1,0
2022-09-10 15:00:00,3.0,12.0,428.0,4.3,3.2,9,automne,15h-18h,0,3.0,0,0
2022-09-10 18:00:00,3.0,12.0,435.0,3.1,-0.4,9,automne,18h-21h,0,3.0,1,0
2022-09-10 21:00:00,2.0,12.0,483.0,3.6,-2.5,9,automne,21h-24h,0,3.0,1,0
2022-09-11 00:00:00,3.0,9.0,451.0,3.6,0.0,9,automne,00h-03h,0,2.0,0,0
2022-09-11 03:00:00,2.0,9.0,439.0,3.4,1.6,9,automne,03h-06h,0,3.0,0,0
2022-09-11 06:00:00,1.0,9.0,470.0,4.1,-0.4,9,automne,06h-09h,0,2.0,1,0
2022-09-11 09:00:00,2.0,9.0,447.0,4.5,-3.0,9,automne,09h-12h,0,1.0,1,0
2022-09-11 12:00:00,2.0,9.0,439.0,4.5,-0.2,9,automne,12h-15h,0,2.0,1,0
2022-09-11 15:00:00,3.0,9.0,453.0,4.4,-2.9,9,automne,15h-18h,0,2.0,1,0
2022-09-11 18:00:00,2.0,9.0,456.0,4.4,-3.5,9,automne,18h-21h,0,3.0,1,0
2022-09-11 21:00:00,1.0,9.0,441.0,2.8,-1.2,9,automne,21h-24h,0,2.0,1,0
2022-09-12 00:00:00,3.0,9.0,423.0,2.8,-2.4,9,automne,00h-03h,0,1.0,1,0
2022-09-12 03:00:00,3.0,9.0,412.0,4.1,-2.3,9,automne,03h-06h,0,3.0,1,0
2022-09-12 06:00:00,3.0,9.0,401.0,6.1,-2.7,9,automne,06h-09h,0,3.0,1,0
2022-09-12 09:00:00,2.0,9.0,396.0,9.9,-0.8,9,automne,09h-12h,0,3.0,1,0
2022-09-12 12:00:00,2.0,9.0,384.0,9.9,-1.3,9,automne,12h-15h,0,2.0,1,0
2022-09-12 15:00:00,1.0,9.0,368.0,9.5,-0.1,9,automne,15h-18h,0,2.0,1,0
2022-09-12 18:00:00,2.0,9.0,365.0,8.1,1.2,9,automne,18h-21h,0,1.0,0,0
2022-09-12 21:00:00,1.0,9.0,376.0,3.6,1.6,9,automne,21h-24h,0,2.0,0,0
2022-09-13 00:00:00,0.0,4.0,343.0,2.6,0.6,9,automne,00h-03h,0,1.0,0,0
2022-09-13 03:00:00,0.0,4.0,343.0,2.3,1.7,9,automne,03h-06h,0,0.0,0,0
2022-09-13 06:00:00,2.0,4.0,337.0,4.7,-1.4,9,automne,06h-09h,0,0.0,1,0
2022-09-13 09:00:00,1.0,4.0,331.0,5.1,-1.3,9,automne,09h-12h,0,2.0,1,0
2022-09-13 12:00:00,1.0,4.0,326.0,4.3,0.1,9,automne,12h-15h,0,1.0,0,0
2022-09-13 15:00:00,1.0,4.0,322.0,5.0,1.5,9,automne,15h-18h,0,1.0,0,0
2022-09-13 18:00:00,0.0,4.0,309.0,6.3,-0.2,9,automne,18h-21h,0,1.0,1,0
2022-09-13 21:00:00,1.0,4.0,312.0,4.8,-1.4,9,automne,21h-24h,0,0.0,1,0
2022-09-14 00:00:00,1.0,9.0,314.0,5.4,-1.8,9,automne,00h-03h,0,1.0,1,0
2022-09-14 03:00:00,0.0,9.0,303.0,10.3,0.5,9,automne,03h-06h,0,1.0,0,0
2022-09-14 06:00:00,2.0,9.0,301.0,7.8,1.0,9,automne,06h-09h,0,0.0,0,0
2022-09-14 09:00:00,2.0,9.0,323.0,42.3,-0.6,9,automne,09h-12h,0,2.0,1,0
2022-09-14 12:00:00,2.0,9.0,307.0,36.4,-0.2,9,automne,12h-15h,0,2.0,1,0
2022-09-14 15:00:00,2.0,9.0,307.0,41.6,1.3,9,automne,15h-18h,0,2.0,0,0
2022-09-14 18:00:00,3.0,9.0,296.0,48.6,-0.2,9,automne,18h-21h,0,2.0,1,0
2022-09-14 21:00:00,4.0,9.0,327.0,42.8,-5.5,9,automne,21h-24h,0,3.0,1,0
2022-09-15 00:00:00,4.0,6.0,331.0,11.2,8.3,9,automne,00h-03h,0,4.0,0,0
2022-09-15 03:00:00,1.0,6.0,327.0,11.4,8.8,9,automne,03h-06h,0,4.0,0,0
2022-09-15 06:00:00,1.0,6.0,312.0,7.7,7.7,9,automne,06h-09h,0,1.0,0,0
2022-09-15 09:00:00,1.0,6.0,316.0,10.1,10.1,9,automne,09h-12h,0,1.0,0,0
2022-09-15 12:00:00,1.0,6.0,322.0,11.6,9.4,9,automne,12h-15h,0,1.0,0,0
2022-09-15 15:00:00,2.0,6.0,317.0,10.6,9.9,9,automne,15h-18h,0,1.0,0,0
2022-09-15 18:00:00,1.0,6.0,326.0,6.7,9.4,9,automne,18h-21h,0,2.0,0,0
2022-09-15 21:00:00,1.0,6.0,323.0,8.3,6.2,9,automne,21h-24h,0,1.0,0,0
2022-09-16 00:00:00,1.0,4.0,328.0,13.5,9.0,9,automne,00h-03h,0,1.0,0,0
2022-09-16 03:00:00,2.0,4.0,332.0,13.8,7.6,9,automne,03h-06h,0,1.0,0,0
2022-09-16 06:00:00,1.0,4.0,344.0,14.0,6.1,9,automne,06h-09h,0,2.0,0,0
2022-09-16 09:00:00,2.0,4.0,337.0,11.4,6.1,9,automne,09h-12h,0,1.0,0,0
2022-09-16 12:00:00,1.0,4.0,358.0,8.6,4.6,9,automne,12h-15h,0,2.0,0,0
2022-09-16 15:00:00,1.0,4.0,337.0,7.6,-1.2,9,automne,15h-18h,0,1.0,1,0
2022-09-16 18:00:00,0.0,4.0,331.0,7.2,2.8,9,automne,18h-21h,0,1.0,0,0
2022-09-16 21:00:00,1.0,4.0,336.0,7.7,2.6,9,automne,21h-24h,0,0.0,0,0
2022-09-17 00:00:00,1.0,5.0,329.0,8.3,1.9,9,automne,00h-03h,0,1.0,0,0
2022-09-17 03:00:00,1.0,5.0,341.0,10.2,2.5,9,automne,03h-06h,0,1.0,0,0
2022-09-17 06:00:00,1.0,5.0,335.0,9.7,1.9,9,automne,06h-09h,0,1.0,0,0
2022-09-17 09:00:00,1.0,5.0,329.0,8.5,0.7,9,automne,09h-12h,0,1.0,0,0
2022-09-17 12:00:00,2.0,5.0,345.0,6.9,0.8,9,automne,12h-15h,0,1.0,0,0
2022-09-17 15:00:00,1.0,5.0,352.0,7.8,7.0,9,automne,15h-18h,0,2.0,0,0
2022-09-17 18:00:00,0.0,5.0,343.0,6.4,4.2,9,automne,18h-21h,0,1.0,0,0
2022-09-17 21:00:00,2.0,5.0,342.0,8.1,-2.7,9,automne,21h-24h,0,0.0,1,0
2022-09-18 00:00:00,2.0,11.0,362.0,8.5,2.1,9,automne,00h-03h,0,2.0,0,0
2022-09-18 03:00:00,2.0,11.0,376.0,13.0,3.6,9,automne,03h-06h,0,2.0,0,0
2022-09-18 06:00:00,3.0,11.0,371.0,10.4,1.4,9,automne,06h-09h,0,2.0,0,0
2022-09-18 09:00:00,3.0,11.0,387.0,13.1,4.3,9,automne,09h-12h,0,3.0,0,0
2022-09-18 12:00:00,3.0,11.0,434.0,7.4,-0.0,9,automne,12h-15h,0,3.0,0,0
2022-09-18 15:00:00,2.0,11.0,472.0,6.5,4.9,9,automne,15h-18h,0,3.0,0,0
2022-09-18 18:00:00,2.0,11.0,498.0,5.3,3.9,9,automne,18h-21h,0,2.0,0,0
2022-09-18 21:00:00,2.0,11.0,504.0,6.4,3.4,9,automne,21h-24h,0,2.0,0,0
2022-09-19 00:00:00,3.0,11.0,514.0,6.4,0.7,9,automne,00h-03h,0,2.0,0,0
2022-09-19 03:00:00,1.0,11.0,490.0,6.2,3.7,9,automne,03h-06h,0,3.0,0,0
2022-09-19 06:00:00,1.0,11.0,468.0,4.1,1.4,9,automne,06h-09h,0,1.0,0,0
2022-09-19 09:00:00,3.0,11.0,436.0,3.4,1.2,9,automne,09h-12h,0,1.0,0,0
2022-09-19 12:00:00,3.0,11.0,461.0,4.4,-4.3,9,automne,12h-15h,0,3.0,1,0
2022-09-19 15:00:00,3.0,11.0,476.0,4.2,-1.1,9,automne,15h-18h,0,3.0,1,0
2022-09-19 18:00:00,2.0,11.0,496.0,3.7,-0.3,9,automne,18h-21h,0,3.0,1,0
2022-09-19 21:00:00,3.0,11.0,494.0,3.3,-1.5,9,automne,21h-24h,0,2.0,1,0
2022-09-20 00:00:00,2.0,8.0,476.0,3.3,-1.8,9,automne,00h-03h,0,3.0,1,0
2022-09-20 03:00:00,2.0,8.0,497.0,3.0,0.2,9,automne,03h-06h,0,2.0,0,0
2022-09-20 06:00:00,1.0,8.0,475.0,3.2,0.3,9,automne,06h-09h,0,2.0,0,0
2022-09-20 09:00:00,2.0,8.0,442.0,2.7,0.5,9,automne,09h-12h,0,1.0,0,0
2022-09-20 12:00:00,2.0,8.0,451.0,4.8,1.5,9,automne,12h-15h,0,2.0,0,0
2022-09-20 15:00:00,2.0,8.0,463.0,5.8,-1.3,9,automne,15h-18h,0,2.0,1,0
2022-09-20 18:00:00,3.0,8.0,464.0,5.6,-2.3,9,automne,18h-21h,0,2.0,1,0
2022-09-20 21:00:00,2.0,8.0,466.0,4.2,1.0,9,automne,21h-24h,0,3.0,0,0
2022-09-21 00:00:00,2.0,5.0,477.0,3.4,2.4,9,automne,00h-03h,0,2.0,0,0
2022-09-21 03:00:00,1.0,5.0,469.0,3.2,3.4,9,automne,03h-06h,0,2.0,0,0
2022-09-21 06:00:00,2.0,5.0,483.0,2.8,0.7,9,automne,06h-09h,0,1.0,0,0
2022-09-21 09:00:00,2.0,5.0,487.0,2.6,-2.7,9,automne,09h-12h,0,2.0,1,0
2022-09-21 12:00:00,1.0,5.0,469.0,3.0,1.7,9,automne,12h-15h,0,2.0,0,0
2022-09-21 15:00:00,1.0,5.0,454.0,2.4,3.4,9,automne,15h-18h,0,1.0,0,0
2022-09-21 18:00:00,0.0,5.0,438.0,2.5,2.7,9,automne,18h-21h,0,1.0,0,0
2022-09-21 21:00:00,2.0,5.0,434.0,2.6,2.7,9,automne,21h-24h,0,0.0,0,0
2022-09-22 00:00:00,0.0,6.0,444.0,3.3,1.7,9,automne,00h-03h,0,2.0,0,0
2022-09-22 03:00:00,1.0,6.0,401.0,2.8,1.9,9,automne,03h-06h,0,0.0,0,0
2022-09-22 06:00:00,1.0,6.0,409.0,5.8,1.6,9,automne,06h-09h,0,1.0,0,0
2022-09-22 09:00:00,1.0,6.0,387.0,4.3,3.7,9,automne,09h-12h,0,1.0,0,0
2022-09-22 12:00:00,2.0,6.0,407.0,8.2,-1.9,9,automne,12h-15h,0,1.0,1,0
2022-09-22 15:00:00,2.0,6.0,390.0,9.2,-0.4,9,automne,15h-18h,0,2.0,1,0
2022-09-22 18:00:00,1.0,6.0,390.0,7.0,-0.7,9,automne,18h-21h,0,2.0,1,0
2022-09-22 21:00:00,3.0,6.0,422.0,15.2,0.6,9,automne,21h-24h,0,1.0,0,0
2022-09-23 00:00:00,3.0,12.0,421.0,2.2,2.9,9,automne,00h-03h,0,3.0,0,0
2022-09-23 03:00:00,1.0,12.0,415.0,16.2,5.2,9,automne,03h-06h,0,3.0,0,0
2022-09-23 06:00:00,3.0,12.0,397.0,10.7,-1.3,9,automne,06h-09h,0,1.0,1,0
2022-09-23 09:00:00,3.0,12.0,393.0,5.5,-6.1,9,automne,09h-12h,0,3.0,1,0
2022-09-23 12:00:00,3.0,12.0,385.0,6.6,1.7,9,automne,12h-15h,0,3.0,0,0
2022-09-23 15:00:00,3.0,12.0,387.0,8.8,-2.1,9,automne,15h-18h,0,3.0,1,0
2022-09-23 18:00:00,2.0,12.0,400.0,8.6,-1.5,9,automne,18h-21h,0,3.0,1,0
2022-09-23 21:00:00,3.0,12.0,418.0,5.6,-3.0,9,automne,21h-24h,0,2.0,1,0
2022-09-24 00:00:00,2.0,13.0,430.0,6.0,1.8,9,automne,00h-03h,0,3.0,0,0
2022-09-24 03:00:00,4.0,13.0,422.0,5.6,-4.7,9,automne,03h-06h,0,2.0,1,0
2022-09-24 06:00:00,2.0,13.0,420.0,5.6,-2.7,9,automne,06h-09h,0,4.0,1,0
2022-09-24 09:00:00,3.0,13.0,408.0,3.8,-3.6,9,automne,09h-12h,0,2.0,1,0
2022-09-24 12:00:00,3.0,13.0,441.0,2.9,-4.3,9,automne,12h-15h,0,3.0,1,0
2022-09-24 15:00:00,3.0,13.0,412.0,1.8,-0.4,9,automne,15h-18h,0,3.0,1,0
2022-09-24 18:00:00,3.0,13.0,419.0,2.4,-3.8,9,automne,18h-21h,0,3.0,1,0
2022-09-24 21:00:00,3.0,13.0,409.0,2.8,-0.6,9,automne,21h-24h,0,3.0,1,0
2022-09-25 00:00:00,2.0,7.0,379.0,2.3,0.7,9,automne,00h-03h,0,3.0,0,0
2022-09-25 03:00:00,2.0,7.0,368.0,2.5,-0.5,9,automne,03h-06h,0,2.0,1,0
2022-09-25 06:00:00,2.0,7.0,355.0,4.3,-1.4,9,automne,06h-09h,0,2.0,1,0
2022-09-25 09:00:00,2.0,7.0,347.0,5.5,-2.4,9,automne,09h-12h,0,2.0,1,0
2022-09-25 12:00:00,2.0,7.0,352.0,5.1,-3.9,9,automne,12h-15h,0,2.0,1,0
2022-09-25 15:00:00,1.0,7.0,344.0,7.8,-2.4,9,automne,15h-18h,0,2.0,1,0
2022-09-25 18:00:00,0.0,7.0,312.0,5.4,1.9,9,automne,18h-21h,0,1.0,0,0
2022-09-25 21:00:00,2.0,7.0,312.0,6.2,-1.9,9,automne,21h-24h,0,0.0,1,0
2022-09-26 00:00:00,2.0,6.0,305.0,7.9,-0.8,9,automne,00h-03h,0,2.0,1,0
2022-09-26 03:00:00,1.0,6.0,301.0,10.1,0.9,9,automne,03h-06h,0,2.0,0,0
2022-09-26 06:00:00,0.0,6.0,308.0,12.7,1.2,9,automne,06h-09h,0,1.0,0,0
2022-09-26 09:00:00,1.0,6.0,301.0,13.6,-0.2,9,automne,09h-12h,0,0.0,1,0
2022-09-26 12:00:00,1.0,6.0,295.0,13.8,-0.5,9,automne,12h-15h,0,1.0,1,0
2022-09-26 15:00:00,1.0,6.0,303.0,16.2,1.0,9,automne,15h-18h,0,1.0,0,0
2022-09-26 18:00:00,1.0,6.0,295.0,15.2,1.4,9,automne,18h-21h,0,1.0,0,0
2022-09-26 21:00:00,3.0,6.0,319.0,19.2,0.9,9,automne,21h-24h,0,1.0,0,0
2022-09-27 00:00:00,6.0,24.0,363.0,55.2,-11.0,9,automne,00h-03h,0,3.0,1,1
2022-09-27 03:00:00,4.0,24.0,372.0,49.1,6.1,9,automne,03h-06h,0,6.0,0,0
2022-09-27 06:00:00,2.0,24.0,411.0,20.0,17.4,9,automne,06h-09h,0,4.0,0,0
2022-09-27 09:00:00,4.0,24.0,445.0,11.8,8.3,9,automne,09h-12h,0,2.0,0,0
2022-09-27 12:00:00,3.0,24.0,488.0,6.1,11.8,9,automne,12h-15h,0,4.0,0,0
2022-09-27 15:00:00,3.0,24.0,584.0,2.2,6.5,9,automne,15h-18h,0,3.0,0,0
2022-09-27 18:00:00,3.0,24.0,629.0,1.7,3.2,9,automne,18h-21h,0,3.0,0,0
2022-09-27 21:00:00,3.0,24.0,619.0,1.6,1.5,9,automne,21h-24h,0,3.0,0,0
2022-09-28 00:00:00,2.0,5.0,614.0,1.0,2.7,9,automne,00h-03h,0,3.0,0,0
2022-09-28 03:00:00,1.0,5.0,603.0,0.7,2.7,9,automne,03h-06h,0,2.0,0,0
2022-09-28 06:00:00,1.0,5.0,580.0,0.6,1.7,9,automne,06h-09h,0,1.0,0,0
2022-09-28 09:00:00,1.0,5.0,555.0,0.6,0.8,9,automne,09h-12h,0,1.0,0,0
2022-09-28 12:00:00,1.0,5.0,524.0,0.6,1.1,9,automne,12h-15h,0,1.0,0,0
2022-09-28 15:00:00,1.0,5.0,516.0,1.7,1.8,9,automne,15h-18h,0,1.0,0,0
2022-09-28 18:00:00,2.0,5.0,506.0,0.9,0.5,9,automne,18h-21h,0,1.0,0,0
2022-09-28 21:00:00,1.0,5.0,496.0,0.6,-0.8,9,automne,21h-24h,0,2.0,1,0
2022-09-29 00:00:00,1.0,7.0,473.0,1.8,1.3,9,automne,00h-03h,0,1.0,0,0
2022-09-29 03:00:00,1.0,7.0,465.0,1.9,1.8,9,automne,03h-06h,0,1.0,0,0
2022-09-29 06:00:00,3.0,7.0,469.0,2.9,3.0,9,automne,06h-09h,0,1.0,0,0
2022-09-29 09:00:00,2.0,7.0,474.0,7.0,-1.4,9,automne,09h-12h,0,3.0,1,0
2022-09-29 12:00:00,2.0,7.0,484.0,4.6,1.7,9,automne,12h-15h,0,2.0,0,0
2022-09-29 15:00:00,2.0,7.0,530.0,5.7,1.4,9,automne,15h-18h,0,2.0,0,0
2022-09-29 18:00:00,1.0,7.0,534.0,1.0,0.3,9,automne,18h-21h,0,2.0,0,0
2022-09-29 21:00:00,1.0,7.0,505.0,3.0,0.5,9,automne,21h-24h,0,1.0,0,0
2022-09-30 00:00:00,3.0,17.0,490.0,4.3,-1.6,9,automne,00h-03h,0,1.0,1,0
2022-09-30 03:00:00,4.0,17.0,473.0,3.0,0.6,9,automne,03h-06h,0,3.0,0,0
2022-09-30 06:00:00,4.0,17.0,590.0,4.2,0.7,9,automne,06h-09h,0,4.0,0,0
2022-09-30 09:00:00,3.0,17.0,520.0,1.6,-2.1,9,automne,09h-12h,0,4.0,1,0
2022-09-30 12:00:00,3.0,17.0,519.0,1.7,-5.3,9,automne,12h-15h,0,3.0,1,0
2022-09-30 15:00:00,2.0,17.0,487.0,0.9,-0.8,9,automne,15h-18h,0,3.0,1,0
2022-09-30 18:00:00,1.0,17.0,465.0,0.7,-0.7,9,automne,18h-21h,0,2.0,1,0
2022-09-30 21:00:00,1.0,17.0,417.0,0.6,-1.0,9,automne,21h-24h,0,1.0,1,0
2022-10-01 00:00:00,0.67,3.0,434.0,1.0,-1.6,10,automne,00h-03h,0,1.0,1,0
2022-10-01 03:00:00,0.33,3.0,423.0,1.1,0.5,10,automne,03h-06h,0,0.67,0,0
2022-10-01 06:00:00,0.33,3.0,420.0,1.1,-0.6,10,automne,06h-09h,0,0.33,1,0
2022-10-01 09:00:00,0.67,3.0,409.0,1.2,-0.3,10,automne,09h-12h,0,0.33,1,0
2022-10-01 12:00:00,0.0,3.0,407.0,1.2,-0.7,10,automne,12h-15h,0,0.67,1,0
2022-10-01 15:00:00,1.33,3.0,417.0,1.4,0.6,10,automne,15h-18h,0,0.0,0,0
2022-10-01 18:00:00,1.0,3.0,453.0,1.7,-0.3,10,automne,18h-21h,0,1.33,1,0
2022-10-01 21:00:00,0.67,3.0,451.0,1.8,0.5,10,automne,21h-24h,0,1.0,0,0
2022-10-02 00:00:00,2.33,12.0,420.0,2.2,0.7,10,automne,00h-03h,0,0.67,0,0
2022-10-02 03:00:00,2.0,12.0,425.0,1.2,4.4,10,automne,03h-06h,0,2.33,0,0
2022-10-02 06:00:00,1.0,12.0,441.0,1.1,3.8,10,automne,06h-09h,0,2.0,0,0
2022-10-02 09:00:00,2.33,12.0,462.0,1.2,-3.5,10,automne,09h-12h,0,1.0,1,0
2022-10-02 12:00:00,2.0,12.0,438.0,1.4,-2.2,10,automne,12h-15h,0,2.33,1,0
2022-10-02 15:00:00,2.67,12.0,464.0,2.0,-3.6,10,automne,15h-18h,0,2.0,1,0
2022-10-02 18:00:00,2.0,12.0,469.0,1.7,2.1,10,automne,18h-21h,0,2.67,0,0
2022-10-02 21:00:00,4.67,12.0,556.0,2.3,-7.5,10,automne,21h-24h,0,2.0,1,0
2022-10-03 00:00:00,4.0,24.0,542.0,2.1,-3.8,10,automne,00h-03h,0,4.67,1,0
2022-10-03 03:00:00,3.33,24.0,537.0,1.7,-1.6,10,automne,03h-06h,0,4.0,1,0
2022-10-03 06:00:00,3.0,24.0,506.0,2.7,-3.0,10,automne,06h-09h,0,3.33,1,0
2022-10-03 09:00:00,1.67,24.0,478.0,1.4,1.9,10,automne,09h-12h,0,3.0,0,0
2022-10-03 12:00:00,4.33,24.0,520.0,2.7,0.8,10,automne,12h-15h,0,1.67,0,0
2022-10-03 15:00:00,3.67,24.0,510.0,2.4,10.0,10,automne,15h-18h,0,4.33,0,0
2022-10-03 18:00:00,5.33,24.0,460.0,3.2,-3.8,10,automne,18h-21h,0,3.67,1,1
2022-10-03 21:00:00,3.33,24.0,477.0,7.7,2.7,10,automne,21h-24h,0,5.33,0,0
2022-10-04 00:00:00,3.0,16.0,493.0,6.5,1.2,10,automne,00h-03h,0,3.33,0,0
2022-10-04 03:00:00,3.67,16.0,549.0,4.1,0.4,10,automne,03h-06h,0,3.0,0,0
2022-10-04 06:00:00,4.0,16.0,548.0,4.9,-0.1,10,automne,06h-09h,0,3.67,1,0
2022-10-04 09:00:00,2.67,16.0,600.0,4.0,2.9,10,automne,09h-12h,0,4.0,0,0
2022-10-04 12:00:00,1.33,16.0,577.0,1.9,2.5,10,automne,12h-15h,0,2.67,0,0
2022-10-04 15:00:00,1.67,16.0,587.0,2.4,1.5,10,automne,15h-18h,0,1.33,0,0
2022-10-04 18:00:00,4.0,16.0,545.0,3.4,-1.0,10,automne,18h-21h,0,1.67,1,0
2022-10-04 21:00:00,2.67,16.0,537.0,2.4,-1.7,10,automne,21h-24h,0,4.0,1,0
2022-10-05 00:00:00,2.67,14.0,506.0,2.0,-1.0,10,automne,00h-03h,0,2.67,1,0
2022-10-05 03:00:00,3.33,14.0,509.0,2.1,-1.8,10,automne,03h-06h,0,2.67,1,0
2022-10-05 06:00:00,3.0,14.0,510.0,2.3,0.3,10,automne,06h-09h,0,3.33,0,0
2022-10-05 09:00:00,2.0,14.0,509.0,2.4,-0.3,10,automne,09h-12h,0,3.0,1,0
2022-10-05 12:00:00,2.33,14.0,502.0,2.5,0.5,10,automne,12h-15h,0,2.0,0,0
2022-10-05 15:00:00,2.67,14.0,497.0,3.0,-0.7,10,automne,15h-18h,0,2.33,1,0
2022-10-05 18:00:00,3.67,14.0,518.0,5.0,2.9,10,automne,18h-21h,0,2.67,0,0
2022-10-05 21:00:00,3.33,14.0,478.0,4.1,-5.3,10,automne,21h-24h,0,3.67,1,0
2022-10-06 00:00:00,2.67,18.0,443.0,4.1,1.6,10,automne,00h-03h,0,3.33,0,0
2022-10-06 03:00:00,2.67,18.0,472.0,3.4,-0.7,10,automne,03h-06h,0,2.67,1,0
2022-10-06 06:00:00,3.67,18.0,472.0,3.4,-1.8,10,automne,06h-09h,0,2.67,1,0
2022-10-06 09:00:00,2.33,18.0,479.0,3.7,-4.4,10,automne,09h-12h,0,3.67,1,0
2022-10-06 12:00:00,3.33,18.0,489.0,3.5,-4.2,10,automne,12h-15h,0,2.33,1,0
2022-10-06 15:00:00,3.33,18.0,480.0,4.2,0.1,10,automne,15h-18h,0,3.33,0,0
2022-10-06 18:00:00,4.33,18.0,519.0,4.5,-3.5,10,automne,18h-21h,0,3.33,1,0
2022-10-06 21:00:00,3.67,18.0,498.0,4.5,-2.9,10,automne,21h-24h,0,4.33,1,0
2022-10-07 00:00:00,3.67,15.0,494.0,4.4,2.4,10,automne,00h-03h,0,3.67,0,0
2022-10-07 03:00:00,4.0,15.0,476.0,5.3,-2.5,10,automne,03h-06h,0,3.67,1,0
2022-10-07 06:00:00,3.33,15.0,461.0,3.9,0.9,10,automne,06h-09h,0,4.0,0,0
2022-10-07 09:00:00,2.67,15.0,435.0,3.4,-2.0,10,automne,09h-12h,0,3.33,1,0
2022-10-07 12:00:00,3.0,15.0,486.0,2.7,-1.2,10,automne,12h-15h,0,2.67,1,0
2022-10-07 15:00:00,3.33,15.0,496.0,2.0,2.6,10,automne,15h-18h,0,3.0,0,0
2022-10-07 18:00:00,1.33,15.0,523.0,1.6,0.7,10,automne,18h-21h,0,3.33,0,0
2022-10-07 21:00:00,1.0,15.0,524.0,1.6,2.7,10,automne,21h-24h,0,1.33,0,0
2022-10-08 00:00:00,1.67,12.0,499.0,1.7,0.3,10,automne,00h-03h,0,1.0,0,0
2022-10-08 03:00:00,3.0,12.0,505.0,1.8,0.8,10,automne,03h-06h,0,1.67,0,0
2022-10-08 06:00:00,3.33,12.0,513.0,2.0,-3.5,10,automne,06h-09h,0,3.0,1,0
2022-10-08 09:00:00,2.0,12.0,480.0,2.0,-1.9,10,automne,09h-12h,0,3.33,1,0
2022-10-08 12:00:00,3.33,12.0,469.0,2.0,-1.4,10,automne,12h-15h,0,2.0,1,0
2022-10-08 15:00:00,3.0,12.0,490.0,2.1,-1.7,10,automne,15h-18h,0,3.33,1,0
2022-10-08 18:00:00,2.67,12.0,512.0,2.9,1.3,10,automne,18h-21h,0,3.0,0,0
2022-10-08 21:00:00,2.0,12.0,523.0,3.5,2.7,10,automne,21h-24h,0,2.67,0,0
2022-10-09 00:00:00,4.33,25.0,515.0,3.7,-1.8,10,automne,00h-03h,0,2.0,1,0
2022-10-09 03:00:00,3.67,25.0,553.0,3.8,-4.0,10,automne,03h-06h,0,4.33,1,0
2022-10-09 06:00:00,4.0,25.0,556.0,3.5,-1.5,10,automne,06h-09h,0,3.67,1,0
2022-10-09 09:00:00,3.67,25.0,559.0,3.3,-0.2,10,automne,09h-12h,0,4.0,1,0
2022-10-09 12:00:00,3.67,25.0,585.0,3.1,-3.9,10,automne,12h-15h,0,3.67,1,0
2022-10-09 15:00:00,4.0,25.0,636.0,2.9,-0.1,10,automne,15h-18h,0,3.67,1,0
2022-10-09 18:00:00,3.67,25.0,625.0,2.6,-2.8,10,automne,18h-21h,0,4.0,1,0
2022-10-09 21:00:00,3.67,25.0,615.0,2.3,0.9,10,automne,21h-24h,0,3.67,0,0
2022-10-10 00:00:00,2.67,10.0,644.0,2.2,-1.0,10,automne,00h-03h,0,3.67,1,0
2022-10-10 03:00:00,3.33,10.0,563.0,2.9,0.4,10,automne,03h-06h,0,2.67,0,0
2022-10-10 06:00:00,2.0,10.0,537.0,2.6,1.4,10,automne,06h-09h,0,3.33,0,0
2022-10-10 09:00:00,3.33,10.0,536.0,3.1,-2.0,10,automne,09h-12h,0,2.0,1,0
2022-10-10 12:00:00,1.33,10.0,486.0,1.7,2.1,10,automne,12h-15h,0,3.33,0,0
2022-10-10 15:00:00,1.67,10.0,468.0,1.5,-1.8,10,automne,15h-18h,0,1.33,1,0
2022-10-10 18:00:00,1.67,10.0,462.0,1.6,-1.9,10,automne,18h-21h,0,1.67,1,0
2022-10-10 21:00:00,2.33,10.0,454.0,1.5,-0.9,10,automne,21h-24h,0,1.67,1,0
2022-10-11 00:00:00,3.33,7.0,451.0,1.5,-1.2,10,automne,00h-03h,0,2.33,1,0
2022-10-11 03:00:00,2.0,7.0,442.0,1.6,-0.9,10,automne,03h-06h,0,3.33,1,0
2022-10-11 06:00:00,1.33,7.0,415.0,1.3,-0.6,10,automne,06h-09h,0,2.0,1,0
2022-10-11 09:00:00,1.67,7.0,416.0,1.3,-0.8,10,automne,09h-12h,0,1.33,1,0
2022-10-11 12:00:00,1.33,7.0,410.0,1.5,-0.8,10,automne,12h-15h,0,1.67,1,0
2022-10-11 15:00:00,1.33,7.0,413.0,1.7,0.9,10,automne,15h-18h,0,1.33,0,0
2022-10-11 18:00:00,1.33,7.0,431.0,2.6,-1.8,10,automne,18h-21h,0,1.33,1,0
2022-10-11 21:00:00,2.0,7.0,411.0,3.6,-1.1,10,automne,21h-24h,0,1.33,1,0
2022-10-12 00:00:00,1.33,6.0,385.0,3.6,-1.4,10,automne,00h-03h,0,2.0,1,0
2022-10-12 03:00:00,0.67,6.0,380.0,3.9,1.3,10,automne,03h-06h,0,1.33,0,0
2022-10-12 06:00:00,0.67,6.0,371.0,4.3,-0.7,10,automne,06h-09h,0,0.67,1,0
2022-10-12 09:00:00,1.33,6.0,358.0,4.0,-0.8,10,automne,09h-12h,0,0.67,1,0
2022-10-12 12:00:00,2.33,6.0,360.0,3.8,-1.6,10,automne,12h-15h,0,1.33,1,0
2022-10-12 15:00:00,1.0,6.0,357.0,4.0,-1.1,10,automne,15h-18h,0,2.33,1,0
2022-10-12 18:00:00,2.33,6.0,365.0,4.3,-1.8,10,automne,18h-21h,0,1.0,1,0
2022-10-12 21:00:00,1.67,6.0,355.0,4.2,-2.3,10,automne,21h-24h,0,2.33,1,0
2022-10-13 00:00:00,1.67,5.0,339.0,2.6,-2.6,10,automne,00h-03h,0,1.67,1,0
2022-10-13 03:00:00,1.0,5.0,330.0,2.2,-1.3,10,automne,03h-06h,0,1.67,1,0
2022-10-13 06:00:00,1.33,5.0,318.0,2.0,-1.9,10,automne,06h-09h,0,1.0,1,0
2022-10-13 09:00:00,0.67,5.0,309.0,2.1,-1.6,10,automne,09h-12h,0,1.33,1,0
2022-10-13 12:00:00,1.33,5.0,309.0,4.1,-0.3,10,automne,12h-15h,0,0.67,1,0
2022-10-13 15:00:00,0.67,5.0,302.0,4.5,-2.5,10,automne,15h-18h,0,1.33,1,0
2022-10-13 18:00:00,1.33,5.0,309.0,5.9,-3.1,10,automne,18h-21h,0,0.67,1,0
2022-10-13 21:00:00,1.67,5.0,297.0,6.1,-3.5,10,automne,21h-24h,0,1.33,1,0
2022-10-14 00:00:00,2.33,18.0,304.0,6.9,-1.2,10,automne,00h-03h,0,1.67,1,0
2022-10-14 03:00:00,2.67,18.0,310.0,10.8,-4.1,10,automne,03h-06h,0,2.33,1,0
2022-10-14 06:00:00,4.33,18.0,342.0,20.1,-3.5,10,automne,06h-09h,0,2.67,1,0
2022-10-14 09:00:00,4.0,18.0,345.0,18.0,-11.2,10,automne,09h-12h,0,4.33,1,0
2022-10-14 12:00:00,4.33,18.0,375.0,15.0,6.7,10,automne,12h-15h,0,4.0,0,0
2022-10-14 15:00:00,2.67,18.0,392.0,9.6,9.8,10,automne,15h-18h,0,4.33,0,0
2022-10-14 18:00:00,1.33,18.0,393.0,9.8,6.3,10,automne,18h-21h,0,2.67,0,0
2022-10-14 21:00:00,2.67,18.0,388.0,9.0,0.3,10,automne,21h-24h,0,1.33,0,0
2022-10-15 00:00:00,5.0,18.0,439.0,10.4,-2.3,10,automne,00h-03h,0,2.67,1,1
2022-10-15 03:00:00,3.0,18.0,448.0,9.4,-0.8,10,automne,03h-06h,0,5.0,1,0
2022-10-15 06:00:00,2.0,18.0,434.0,8.8,3.3,10,automne,06h-09h,0,3.0,0,0
2022-10-15 09:00:00,3.33,18.0,483.0,8.0,0.4,10,automne,09h-12h,0,2.0,0,0
2022-10-15 12:00:00,1.67,18.0,523.0,5.7,3.8,10,automne,12h-15h,0,3.33,0,0
2022-10-15 15:00:00,3.0,18.0,529.0,5.3,3.5,10,automne,15h-18h,0,1.67,0,0
2022-10-15 18:00:00,4.0,18.0,539.0,5.6,2.6,10,automne,18h-21h,0,3.0,0,0
2022-10-15 21:00:00,2.0,18.0,548.0,3.2,3.3,10,automne,21h-24h,0,4.0,0,0
2022-10-16 00:00:00,3.0,16.0,576.0,2.7,-0.4,10,automne,00h-03h,0,2.0,1,0
2022-10-16 03:00:00,1.67,16.0,575.0,2.5,2.1,10,automne,03h-06h,0,3.0,0,0
2022-10-16 06:00:00,2.33,16.0,604.0,3.2,0.4,10,automne,06h-09h,0,1.67,0,0
2022-10-16 09:00:00,4.33,16.0,596.0,3.3,-0.5,10,automne,09h-12h,0,2.33,1,0
2022-10-16 12:00:00,4.0,16.0,581.0,2.8,-1.8,10,automne,12h-15h,0,4.33,1,0
2022-10-16 15:00:00,3.0,16.0,584.0,2.4,3.0,10,automne,15h-18h,0,4.0,0,0
2022-10-16 18:00:00,1.67,16.0,592.0,2.3,3.7,10,automne,18h-21h,0,3.0,0,0
2022-10-16 21:00:00,3.33,16.0,609.0,1.9,-1.2,10,automne,21h-24h,0,1.67,1,0
2022-10-17 00:00:00,1.67,6.0,616.0,1.6,2.6,10,automne,00h-03h,0,3.33,0,0
2022-10-17 03:00:00,1.0,6.0,590.0,1.3,0.9,10,automne,03h-06h,0,1.67,0,0
2022-10-17 06:00:00,0.67,6.0,575.0,1.3,1.8,10,automne,06h-09h,0,1.0,0,0
2022-10-17 09:00:00,1.0,6.0,590.0,1.8,3.5,10,automne,09h-12h,0,0.67,0,0
2022-10-17 12:00:00,1.67,6.0,591.0,1.7,2.8,10,automne,12h-15h,0,1.0,0,0
2022-10-17 15:00:00,3.0,6.0,585.0,1.7,-1.9,10,automne,15h-18h,0,1.67,1,0
2022-10-17 18:00:00,0.67,6.0,546.0,1.5,4.5,10,automne,18h-21h,0,3.0,0,0
2022-10-17 21:00:00,1.0,6.0,535.0,1.4,3.3,10,automne,21h-24h,0,0.67,0,0
2022-10-24 00:00:00,3.0,8.0,483.0,9.4,2.8,10,automne,00h-03h,0,1.0,0,0
2022-10-24 03:00:00,2.67,8.0,539.0,3.5,2.8,10,automne,03h-06h,0,3.0,0,0
2022-10-24 06:00:00,2.33,8.0,552.0,2.9,2.3,10,automne,06h-09h,0,2.67,0,0
2022-10-24 09:00:00,1.67,8.0,538.0,2.2,2.7,10,automne,09h-12h,0,2.33,0,0
2022-10-24 12:00:00,2.0,8.0,499.0,3.0,-0.9,10,automne,12h-15h,0,1.67,1,0
2022-10-24 15:00:00,0.67,8.0,501.0,2.9,3.1,10,automne,15h-18h,0,2.0,0,0
2022-10-24 18:00:00,1.0,8.0,478.0,2.9,0.8,10,automne,18h-21h,0,0.67,0,0
2022-10-24 21:00:00,1.33,8.0,470.0,2.8,2.3,10,automne,21h-24h,0,1.0,0,0
2022-10-31 00:00:00,2.33,11.0,484.0,2.0,0.4,10,automne,00h-03h,0,1.33,0,0
2022-10-31 03:00:00,3.0,11.0,479.0,2.1,-1.2,10,automne,03h-06h,0,2.33,1,0
2022-10-31 06:00:00,2.67,11.0,432.0,1.5,-2.3,10,automne,06h-09h,0,3.0,1,0
2022-10-31 09:00:00,2.67,11.0,455.0,3.9,-3.5,10,automne,09h-12h,0,2.67,1,0
2022-10-31 12:00:00,2.0,11.0,452.0,4.3,-2.2,10,automne,12h-15h,0,2.67,1,0
2022-10-31 15:00:00,3.33,11.0,472.0,4.2,-3.6,10,automne,15h-18h,0,2.0,1,0
2022-10-31 18:00:00,2.33,11.0,465.0,4.9,-3.1,10,automne,18h-21h,0,3.33,1,0
2022-10-31 21:00:00,1.67,11.0,473.0,4.4,-1.4,10,automne,21h-24h,0,2.33,1,0
2022-11-04 00:00:00,4.0,16.0,593.0,1.6,0.2,11,automne,00h-03h,0,1.67,0,0
2022-11-04 03:00:00,3.67,16.0,634.0,1.6,-2.5,11,automne,03h-06h,0,4.0,1,0
2022-11-04 06:00:00,3.33,16.0,611.0,1.4,-2.3,11,automne,06h-09h,0,3.67,1,0
2022-11-04 09:00:00,3.33,16.0,561.0,1.3,-1.7,11,automne,09h-12h,0,3.33,1,0
2022-11-04 12:00:00,2.67,16.0,573.0,1.5,-1.3,11,automne,12h-15h,0,3.33,1,0
2022-11-04 15:00:00,2.67,16.0,530.0,1.5,0.3,11,automne,15h-18h,0,2.67,0,0
2022-11-04 18:00:00,2.0,16.0,519.0,1.8,-0.3,11,automne,18h-21h,0,2.67,1,0
2022-11-04 21:00:00,2.33,16.0,509.0,2.0,0.5,11,automne,21h-24h,0,2.0,0,0
2022-11-05 00:00:00,3.33,10.0,480.0,2.3,-1.0,11,automne,00h-03h,0,2.33,1,0
2022-11-05 03:00:00,3.33,10.0,500.0,2.2,-1.7,11,automne,03h-06h,0,3.33,1,0
2022-11-05 06:00:00,2.33,10.0,482.0,2.4,-0.1,11,automne,06h-09h,0,3.33,1,0
2022-11-05 09:00:00,3.0,10.0,475.0,2.0,-3.5,11,automne,09h-12h,0,2.33,1,0
2022-11-05 12:00:00,2.0,10.0,494.0,1.9,-1.4,11,automne,12h-15h,0,3.0,1,0
2022-11-05 15:00:00,1.67,10.0,481.0,1.9,-0.8,11,automne,15h-18h,0,2.0,1,0
2022-11-05 18:00:00,1.0,10.0,446.0,2.0,-0.7,11,automne,18h-21h,0,1.67,1,0
2022-11-05 21:00:00,0.67,10.0,440.0,2.3,-0.1,11,automne,21h-24h,0,1.0,1,0
2022-11-06 00:00:00,1.0,4.0,434.0,1.9,-0.4,11,automne,00h-03h,0,0.67,1,0
2022-11-06 03:00:00,0.67,4.0,424.0,2.5,1.6,11,automne,03h-06h,0,1.0,0,0
2022-11-06 06:00:00,1.67,4.0,419.0,2.8,-1.0,11,automne,06h-09h,0,0.67,1,0
2022-11-06 09:00:00,1.0,4.0,392.0,2.5,-1.0,11,automne,09h-12h,0,1.67,1,0
2022-11-06 12:00:00,0.33,4.0,391.0,2.8,-0.2,11,automne,12h-15h,0,1.0,1,0
2022-11-06 15:00:00,0.67,4.0,383.0,2.9,-1.4,11,automne,15h-18h,0,0.33,1,0
2022-11-06 18:00:00,0.67,4.0,374.0,3.3,2.3,11,automne,18h-21h,0,0.67,0,0
2022-11-06 21:00:00,1.0,4.0,374.0,4.2,2.0,11,automne,21h-24h,0,0.67,0,0
2022-11-07 00:00:00,1.0,19.0,371.0,5.4,1.8,11,automne,00h-03h,0,1.0,0,0
2022-11-07 03:00:00,1.33,19.0,390.0,5.8,1.8,11,automne,03h-06h,0,1.0,0,0
2022-11-07 06:00:00,2.0,19.0,392.0,11.0,6.9,11,automne,06h-09h,0,1.33,0,0
2022-11-07 09:00:00,3.33,19.0,406.0,21.5,1.3,11,automne,09h-12h,0,2.0,0,0
2022-11-07 12:00:00,4.33,19.0,384.0,16.4,-7.9,11,automne,12h-15h,0,3.33,1,0
2022-11-07 15:00:00,4.67,19.0,387.0,13.3,-9.4,11,automne,15h-18h,0,4.33,1,0
2022-11-07 18:00:00,4.33,19.0,397.0,11.9,-5.5,11,automne,18h-21h,0,4.67,1,0
2022-11-07 21:00:00,2.67,19.0,394.0,11.3,2.0,11,automne,21h-24h,0,4.33,0,0
2022-11-08 00:00:00,2.33,12.0,387.0,9.8,1.6,11,automne,00h-03h,0,2.67,0,0
2022-11-08 03:00:00,3.0,12.0,379.0,7.4,-2.4,11,automne,03h-06h,0,2.33,1,0
2022-11-08 06:00:00,3.67,12.0,381.0,4.7,-4.0,11,automne,06h-09h,0,3.0,1,0
2022-11-08 09:00:00,3.0,12.0,369.0,1.5,-7.8,11,automne,09h-12h,0,3.67,1,0
2022-11-08 12:00:00,3.0,12.0,353.0,1.9,-6.9,11,automne,12h-15h,0,3.0,1,0
2022-11-08 15:00:00,1.67,12.0,348.0,3.0,-4.6,11,automne,15h-18h,0,3.0,1,0
2022-11-08 18:00:00,1.33,12.0,363.0,2.6,-4.8,11,automne,18h-21h,0,1.67,1,0
2022-11-08 21:00:00,1.33,12.0,358.0,1.8,-4.7,11,automne,21h-24h,0,1.33,1,0
2022-11-09 00:00:00,3.0,7.0,350.0,3.7,-3.4,11,automne,00h-03h,0,1.33,1,0
2022-11-09 03:00:00,3.33,7.0,9999.0,,-2.5,11,automne,03h-06h,0,3.0,1,0
2022-11-09 06:00:00,2.67,7.0,9999.0,,-2.9,11,automne,06h-09h,0,3.33,1,0
2022-11-09 09:00:00,1.67,7.0,9999.0,,0.7,11,automne,09h-12h,0,2.67,0,0
2022-11-09 12:00:00,1.0,7.0,9999.0,,-0.1,11,automne,12h-15h,0,1.67,1,0
2022-11-09 15:00:00,0.33,7.0,353.0,2.9,0.5,11,automne,15h-18h,0,1.0,0,0
2022-11-09 18:00:00,0.33,7.0,346.0,3.6,-0.5,11,automne,18h-21h,0,0.33,1,0
2022-11-09 21:00:00,0.0,7.0,340.0,4.1,2.4,11,automne,21h-24h,0,0.33,0,0
2022-11-10 00:00:00,0.33,2.0,331.0,4.5,1.5,11,automne,00h-03h,0,0.0,0,0
2022-11-10 03:00:00,0.33,2.0,330.0,4.5,2.2,11,automne,03h-06h,0,0.33,0,0
2022-11-10 06:00:00,0.33,2.0,323.0,4.4,1.8,11,automne,06h-09h,0,0.33,0,0
2022-11-10 09:00:00,0.67,2.0,317.0,5.7,0.9,11,automne,09h-12h,0,0.33,0,0
2022-11-10 12:00:00,0.33,2.0,322.0,6.2,1.3,11,automne,12h-15h,0,0.67,0,0
2022-11-10 15:00:00,0.33,2.0,321.0,5.6,4.6,11,automne,15h-18h,0,0.33,0,0
2022-11-10 18:00:00,0.67,2.0,330.0,8.3,4.1,11,automne,18h-21h,0,0.33,0,0
2022-11-10 21:00:00,0.33,2.0,324.0,8.9,1.9,11,automne,21h-24h,0,0.67,0,0
2022-11-11 00:00:00,0.67,9.0,329.0,10.4,4.8,11,automne,00h-03h,0,0.33,0,0
2022-11-11 03:00:00,1.33,9.0,316.0,11.9,3.9,11,automne,03h-06h,0,0.67,0,0
2022-11-11 06:00:00,2.67,9.0,304.0,12.4,-2.3,11,automne,06h-09h,0,1.33,1,0
2022-11-11 09:00:00,2.0,9.0,319.0,15.3,-5.2,11,automne,09h-12h,0,2.67,1,0
2022-11-11 12:00:00,2.33,9.0,321.0,18.3,5.2,11,automne,12h-15h,0,2.0,0,0
2022-11-11 15:00:00,3.0,9.0,357.0,12.5,-4.8,11,automne,15h-18h,0,2.33,1,0
2022-11-11 18:00:00,2.33,9.0,359.0,13.7,-0.7,11,automne,18h-21h,0,3.0,1,0
2022-11-11 21:00:00,2.67,9.0,393.0,12.3,-0.7,11,automne,21h-24h,0,2.33,1,0
2022-11-12 00:00:00,3.0,5.0,413.0,11.3,1.7,11,automne,00h-03h,0,2.67,0,0
2022-11-12 03:00:00,2.33,5.0,416.0,9.4,4.0,11,automne,03h-06h,0,3.0,0,0
2022-11-12 06:00:00,2.0,5.0,420.0,5.6,3.6,11,automne,06h-09h,0,2.33,0,0
2022-11-12 09:00:00,1.33,5.0,431.0,4.5,4.1,11,automne,09h-12h,0,2.0,0,0
2022-11-12 12:00:00,0.33,5.0,459.0,4.1,5.3,11,automne,12h-15h,0,1.33,0,0
2022-11-12 15:00:00,0.67,5.0,481.0,3.8,3.2,11,automne,15h-18h,0,0.33,0,0
2022-11-12 18:00:00,0.33,5.0,472.0,3.4,4.6,11,automne,18h-21h,0,0.67,0,0
2022-11-12 21:00:00,0.0,5.0,472.0,3.8,3.5,11,automne,21h-24h,0,0.33,0,0
2022-11-13 00:00:00,0.67,7.0,458.0,3.3,0.2,11,automne,00h-03h,0,0.0,0,0
2022-11-13 03:00:00,3.0,7.0,454.0,3.2,-1.5,11,automne,03h-06h,0,0.67,1,0
2022-11-13 06:00:00,1.0,7.0,445.0,2.7,2.3,11,automne,06h-09h,0,3.0,0,0
2022-11-13 09:00:00,1.33,7.0,436.0,2.4,-1.8,11,automne,09h-12h,0,1.0,1,0
2022-11-13 12:00:00,2.0,7.0,440.0,1.6,-0.2,11,automne,12h-15h,0,1.33,1,0
2022-11-13 15:00:00,2.0,7.0,422.0,1.5,0.5,11,automne,15h-18h,0,2.0,0,0
2022-11-13 18:00:00,2.0,7.0,466.0,2.2,4.6,11,automne,18h-21h,0,2.0,0,0
2022-11-13 21:00:00,1.33,7.0,440.0,1.9,3.6,11,automne,21h-24h,0,2.0,0,0
2022-11-14 00:00:00,1.0,4.0,445.0,2.5,4.2,11,automne,00h-03h,0,1.33,0,0
2022-11-14 03:00:00,0.33,4.0,430.0,3.0,3.4,11,automne,03h-06h,0,1.0,0,0
2022-11-14 06:00:00,1.67,4.0,417.0,2.5,0.8,11,automne,06h-09h,0,0.33,0,0
2022-11-14 09:00:00,2.0,4.0,405.0,2.3,-0.5,11,automne,09h-12h,0,1.67,1,0
2022-11-14 12:00:00,1.33,4.0,418.0,2.9,0.4,11,automne,12h-15h,0,2.0,0,0
2022-11-14 15:00:00,0.67,4.0,414.0,2.8,-0.4,11,automne,15h-18h,0,1.33,1,0
2022-11-14 18:00:00,1.0,4.0,400.0,2.7,-1.7,11,automne,18h-21h,0,0.67,1,0
2022-11-14 21:00:00,0.0,4.0,418.0,2.9,0.9,11,automne,21h-24h,0,1.0,0,0
2022-11-15 00:00:00,0.33,2.0,413.0,3.3,1.5,11,automne,00h-03h,0,0.0,0,0
2022-11-15 03:00:00,1.33,2.0,414.0,3.8,2.2,11,automne,03h-06h,0,0.33,0,0
2022-11-15 06:00:00,0.33,2.0,430.0,3.8,1.6,11,automne,06h-09h,0,1.33,0,0
2022-11-15 09:00:00,0.33,2.0,385.0,3.4,0.5,11,automne,09h-12h,0,0.33,0,0
2022-11-15 12:00:00,0.33,2.0,373.0,3.6,-0.3,11,automne,12h-15h,0,0.33,1,0
2022-11-15 15:00:00,0.67,2.0,367.0,3.6,-0.6,11,automne,15h-18h,0,0.33,1,0
2022-11-15 18:00:00,0.33,2.0,387.0,4.9,2.7,11,automne,18h-21h,0,0.67,0,0
2022-11-15 21:00:00,0.0,2.0,380.0,4.8,0.7,11,automne,21h-24h,0,0.33,0,0
2022-11-16 00:00:00,0.33,2.0,356.0,5.1,0.3,11,automne,00h-03h,0,0.0,0,0
2022-11-16 03:00:00,0.0,2.0,356.0,5.2,2.0,11,automne,03h-06h,0,0.33,0,0
2022-11-16 06:00:00,0.0,2.0,348.0,5.3,2.0,11,automne,06h-09h,0,0.0,0,0
2022-11-16 09:00:00,0.33,2.0,342.0,6.1,0.9,11,automne,09h-12h,0,0.0,0,0
2022-11-16 12:00:00,0.33,2.0,321.0,4.4,0.8,11,automne,12h-15h,0,0.33,0,0
2022-11-16 15:00:00,1.0,2.0,324.0,5.6,-3.9,11,automne,15h-18h,0,0.33,1,0
2022-11-16 18:00:00,1.33,2.0,319.0,6.0,-3.4,11,automne,18h-21h,0,1.0,1,0
2022-11-16 21:00:00,0.67,2.0,310.0,6.1,-2.0,11,automne,21h-24h,0,1.33,1,0
2022-11-17 00:00:00,0.0,2.0,312.0,7.2,1.4,11,automne,00h-03h,0,0.67,0,0
2022-11-17 03:00:00,1.0,2.0,310.0,7.7,-0.7,11,automne,03h-06h,0,0.0,1,0
2022-11-17 06:00:00,0.33,2.0,305.0,7.4,4.3,11,automne,06h-09h,0,1.0,0,0
2022-11-17 09:00:00,0.67,2.0,321.0,5.7,4.8,11,automne,09h-12h,0,0.33,0,0
2022-11-17 12:00:00,0.67,2.0,376.0,4.5,3.6,11,automne,12h-15h,0,0.67,0,0
2022-11-17 15:00:00,0.33,2.0,355.0,3.3,0.7,11,automne,15h-18h,0,0.67,0,0
2022-11-17 18:00:00,0.67,2.0,352.0,3.8,1.4,11,automne,18h-21h,0,0.33,0,0
2022-11-17 21:00:00,0.33,2.0,346.0,3.2,-0.0,11,automne,21h-24h,0,0.67,0,0
2022-11-18 00:00:00,0.33,7.0,337.0,4.0,-0.1,11,automne,00h-03h,0,0.33,1,0
2022-11-18 03:00:00,0.33,7.0,316.0,4.4,-0.1,11,automne,03h-06h,0,0.33,1,0
2022-11-18 06:00:00,0.67,7.0,314.0,11.7,1.1,11,automne,06h-09h,0,0.33,0,0
2022-11-18 09:00:00,1.0,7.0,317.0,22.3,-2.3,11,automne,09h-12h,0,0.67,1,0
2022-11-18 12:00:00,1.67,7.0,311.0,11.7,-2.8,11,automne,12h-15h,0,1.0,1,0
2022-11-18 15:00:00,1.67,7.0,309.0,11.0,0.4,11,automne,15h-18h,0,1.67,0,0
2022-11-18 18:00:00,3.0,7.0,334.0,15.9,-6.9,11,automne,18h-21h,0,1.67,1,0
2022-11-18 21:00:00,3.0,7.0,341.0,16.3,-3.2,11,automne,21h-24h,0,3.0,1,0
2022-11-19 00:00:00,2.33,5.0,352.0,10.0,0.4,11,automne,00h-03h,0,3.0,0,0
2022-11-19 03:00:00,0.33,5.0,352.0,9.0,2.9,11,automne,03h-06h,0,2.33,0,0
2022-11-19 06:00:00,1.33,5.0,353.0,7.1,1.3,11,automne,06h-09h,0,0.33,0,0
2022-11-19 09:00:00,1.33,5.0,374.0,9.8,0.8,11,automne,09h-12h,0,1.33,0,0
2022-11-19 12:00:00,1.33,5.0,346.0,8.4,7.1,11,automne,12h-15h,0,1.33,0,0
2022-11-19 15:00:00,0.67,5.0,342.0,13.6,4.9,11,automne,15h-18h,0,1.33,0,0
2022-11-19 18:00:00,1.0,5.0,351.0,10.0,2.1,11,automne,18h-21h,0,0.67,0,0
2022-11-19 21:00:00,1.0,5.0,335.0,8.2,0.4,11,automne,21h-24h,0,1.0,0,0
2022-11-20 00:00:00,1.0,6.0,333.0,8.5,-1.2,11,automne,00h-03h,0,1.0,1,0
2022-11-20 03:00:00,0.33,6.0,322.0,7.8,0.2,11,automne,03h-06h,0,1.0,0,0
2022-11-20 06:00:00,0.33,6.0,320.0,6.0,1.9,11,automne,06h-09h,0,0.33,0,0
2022-11-20 09:00:00,0.67,6.0,320.0,8.3,2.4,11,automne,09h-12h,0,0.33,0,0
2022-11-20 12:00:00,1.0,6.0,334.0,12.6,4.2,11,automne,12h-15h,0,0.67,0,0
2022-11-20 15:00:00,2.0,6.0,329.0,17.4,2.4,11,automne,15h-18h,0,1.0,0,0
2022-11-20 18:00:00,3.0,6.0,342.0,16.9,2.2,11,automne,18h-21h,0,2.0,0,0
2022-11-20 21:00:00,2.33,6.0,411.0,13.7,-1.1,11,automne,21h-24h,0,3.0,1,0
2022-11-21 00:00:00,3.67,10.0,403.0,11.5,-0.3,11,automne,00h-03h,0,2.33,1,0
2022-11-21 03:00:00,3.67,10.0,410.0,14.8,2.6,11,automne,03h-06h,0,3.67,0,0
2022-11-21 06:00:00,2.33,10.0,425.0,10.2,-0.2,11,automne,06h-09h,0,3.67,1,0
2022-11-21 09:00:00,2.0,10.0,432.0,8.6,3.4,11,automne,09h-12h,0,2.33,0,0
2022-11-21 12:00:00,2.0,10.0,430.0,8.7,2.6,11,automne,12h-15h,0,2.0,0,0
2022-11-21 15:00:00,1.67,10.0,401.0,8.3,1.8,11,automne,15h-18h,0,2.0,0,0
2022-11-21 18:00:00,1.33,10.0,384.0,7.9,1.5,11,automne,18h-21h,0,1.67,0,0
2022-11-21 21:00:00,1.33,10.0,396.0,9.7,-1.2,11,automne,21h-24h,0,1.33,1,0
2022-11-22 00:00:00,1.0,3.0,387.0,8.3,3.1,11,automne,00h-03h,0,1.33,0,0
2022-11-22 03:00:00,0.67,3.0,380.0,7.2,2.2,11,automne,03h-06h,0,1.0,0,0
2022-11-22 06:00:00,1.0,3.0,370.0,6.2,1.0,11,automne,06h-09h,0,0.67,0,0
2022-11-22 09:00:00,0.67,3.0,371.0,6.1,0.6,11,automne,09h-12h,0,1.0,0,0
2022-11-22 12:00:00,0.67,3.0,368.0,6.8,-0.4,11,automne,12h-15h,0,0.67,1,0
2022-11-22 15:00:00,1.33,3.0,359.0,6.6,-1.2,11,automne,15h-18h,0,0.67,1,0
2022-11-22 18:00:00,0.67,3.0,346.0,7.7,-0.3,11,automne,18h-21h,0,1.33,1,0
2022-11-22 21:00:00,0.0,3.0,340.0,8.4,0.8,11,automne,21h-24h,0,0.67,0,0
2022-11-23 00:00:00,0.0,3.0,328.0,8.6,1.7,11,automne,00h-03h,0,0.0,0,0
2022-11-23 03:00:00,0.33,3.0,323.0,9.5,2.5,11,automne,03h-06h,0,0.0,0,0
2022-11-23 06:00:00,0.67,3.0,312.0,13.0,0.7,11,automne,06h-09h,0,0.33,0,0
2022-11-23 09:00:00,0.33,3.0,309.0,15.8,-1.3,11,automne,09h-12h,0,0.67,1,0
2022-11-23 12:00:00,1.0,3.0,309.0,15.6,-2.0,11,automne,12h-15h,0,0.33,1,0
2022-11-23 15:00:00,1.0,3.0,307.0,22.4,1.0,11,automne,15h-18h,0,1.0,0,0
2022-11-23 18:00:00,1.33,3.0,316.0,24.4,-0.4,11,automne,18h-21h,0,1.0,1,0
2022-11-23 21:00:00,0.67,3.0,304.0,22.9,-0.5,11,automne,21h-24h,0,1.33,1,0
2022-11-24 00:00:00,1.67,6.0,299.0,28.9,-0.5,11,automne,00h-03h,0,0.67,1,0
2022-11-24 03:00:00,2.0,6.0,299.0,25.8,0.3,11,automne,03h-06h,0,1.67,0,0
2022-11-24 06:00:00,2.0,6.0,306.0,16.5,-2.9,11,automne,06h-09h,0,2.0,1,0
2022-11-24 09:00:00,0.67,6.0,303.0,11.1,-1.2,11,automne,09h-12h,0,2.0,1,0
2022-11-24 12:00:00,1.67,6.0,303.0,12.3,0.0,11,automne,12h-15h,0,0.67,0,0
2022-11-24 15:00:00,1.0,6.0,309.0,14.2,0.4,11,automne,15h-18h,0,1.67,0,0
2022-11-24 18:00:00,1.67,6.0,306.0,21.0,-0.2,11,automne,18h-21h,0,1.0,1,0
2022-11-24 21:00:00,2.67,6.0,357.0,39.4,5.8,11,automne,21h-24h,0,1.67,0,0
2022-11-25 00:00:00,2.33,20.0,381.0,10.9,7.4,11,automne,00h-03h,0,2.67,0,0
2022-11-25 03:00:00,3.67,20.0,466.0,6.0,-8.9,11,automne,03h-06h,0,2.33,1,0
2022-11-25 06:00:00,4.33,20.0,452.0,5.4,-1.8,11,automne,06h-09h,0,3.67,1,0
2022-11-25 09:00:00,3.33,20.0,451.0,5.8,-4.4,11,automne,09h-12h,0,4.33,1,0
2022-11-25 12:00:00,3.33,20.0,493.0,6.2,1.3,11,automne,12h-15h,0,3.33,0,0
2022-11-25 15:00:00,3.0,20.0,546.0,5.0,4.3,11,automne,15h-18h,0,3.33,0,0
2022-11-25 18:00:00,3.33,20.0,520.0,5.1,4.1,11,automne,18h-21h,0,3.0,0,0
2022-11-25 21:00:00,4.0,20.0,515.0,5.1,-0.8,11,automne,21h-24h,0,3.33,1,0
2022-11-26 00:00:00,3.67,16.0,519.0,5.4,1.2,11,automne,00h-03h,0,4.0,0,0
2022-11-26 03:00:00,3.0,16.0,511.0,5.0,-2.8,11,automne,03h-06h,0,3.67,1,0
2022-11-26 06:00:00,3.67,16.0,485.0,5.2,-1.8,11,automne,06h-09h,0,3.0,1,0
2022-11-26 09:00:00,2.33,16.0,465.0,5.1,0.6,11,automne,09h-12h,0,3.67,0,0
2022-11-26 12:00:00,3.33,16.0,478.0,4.4,1.1,11,automne,12h-15h,0,2.33,0,0
2022-11-26 15:00:00,3.0,16.0,595.0,3.5,0.9,11,automne,15h-18h,0,3.33,0,0
2022-11-26 18:00:00,3.0,16.0,616.0,3.2,0.2,11,automne,18h-21h,0,3.0,0,0
2022-11-26 21:00:00,3.0,16.0,597.0,3.6,-2.4,11,automne,21h-24h,0,3.0,1,0
2022-11-27 00:00:00,3.0,15.0,545.0,2.8,-1.2,11,automne,00h-03h,0,3.0,1,0
2022-11-27 03:00:00,3.33,15.0,502.0,4.7,-0.9,11,automne,03h-06h,0,3.0,1,0
2022-11-27 06:00:00,2.33,15.0,492.0,3.6,-1.0,11,automne,06h-09h,0,3.33,1,0
2022-11-27 09:00:00,2.0,15.0,470.0,4.6,0.9,11,automne,09h-12h,0,2.33,0,0
2022-11-27 12:00:00,3.33,15.0,409.0,3.5,0.7,11,automne,12h-15h,0,2.0,0,0
2022-11-27 15:00:00,2.67,15.0,454.0,5.9,-1.4,11,automne,15h-18h,0,3.33,1,0
2022-11-27 18:00:00,4.0,15.0,469.0,6.0,-5.1,11,automne,18h-21h,0,2.67,1,0
2022-11-27 21:00:00,3.0,15.0,486.0,7.0,2.2,11,automne,21h-24h,0,4.0,0,0
2022-11-28 00:00:00,4.67,24.0,496.0,6.0,0.4,11,automne,00h-03h,0,3.0,0,0
2022-11-28 03:00:00,5.33,24.0,534.0,6.4,-4.0,11,automne,03h-06h,0,4.67,1,1
2022-11-28 06:00:00,3.33,24.0,543.0,4.2,-0.1,11,automne,06h-09h,0,5.33,1,0
2022-11-28 09:00:00,2.67,24.0,583.0,3.9,1.8,11,automne,09h-12h,0,3.33,0,0
2022-11-28 12:00:00,1.33,24.0,628.0,3.5,1.1,11,automne,12h-15h,0,2.67,0,0
2022-11-28 15:00:00,1.33,24.0,635.0,2.0,4.2,11,automne,15h-18h,0,1.33,0,0
2022-11-28 18:00:00,4.33,24.0,650.0,2.6,-2.3,11,automne,18h-21h,0,1.33,1,0
2022-11-28 21:00:00,4.0,24.0,589.0,3.6,3.0,11,automne,21h-24h,0,4.33,0,0
2022-11-29 00:00:00,4.33,25.0,584.0,3.1,-4.2,11,automne,00h-03h,0,4.0,1,0
2022-11-29 03:00:00,3.33,25.0,544.0,3.4,-0.7,11,automne,03h-06h,0,4.33,1,0
2022-11-29 06:00:00,3.67,25.0,550.0,3.5,-4.8,11,automne,06h-09h,0,3.33,1,0
2022-11-29 09:00:00,3.67,25.0,562.0,3.1,-3.0,11,automne,09h-12h,0,3.67,1,0
2022-11-29 12:00:00,4.0,25.0,655.0,2.3,-1.2,11,automne,12h-15h,0,3.67,1,0
2022-11-29 15:00:00,4.67,25.0,682.0,1.7,-4.6,11,automne,15h-18h,0,4.0,1,0
2022-11-29 18:00:00,3.67,25.0,639.0,1.4,-0.7,11,automne,18h-21h,0,4.67,1,0
2022-11-29 21:00:00,3.0,25.0,652.0,1.7,-2.5,11,automne,21h-24h,0,3.67,1,0
2022-11-30 00:00:00,3.33,24.0,654.0,2.3,-1.8,11,automne,00h-03h,0,3.0,1,0
2022-11-30 03:00:00,3.33,24.0,625.0,2.5,-0.7,11,automne,03h-06h,0,3.33,1,0
2022-11-30 06:00:00,2.67,24.0,614.0,2.8,2.5,11,automne,06h-09h,0,3.33,0,0
2022-11-30 09:00:00,4.33,24.0,587.0,2.8,-1.5,11,automne,09h-12h,0,2.67,1,0
2022-11-30 12:00:00,4.0,24.0,653.0,4.1,-1.8,11,automne,12h-15h,0,4.33,1,0
2022-11-30 15:00:00,3.0,24.0,635.0,3.8,2.7,11,automne,15h-18h,0,4.0,0,0
2022-11-30 18:00:00,5.0,24.0,660.0,2.8,-2.6,11,automne,18h-21h,0,3.0,1,1
2022-11-30 21:00:00,3.33,24.0,659.0,2.4,-1.5,11,automne,21h-24h,0,5.0,1,0
2022-12-01 00:00:00,3.0,28.0,667.0,2.1,2.1,12,hiver,00h-03h,0,3.33,0,0
2022-12-01 03:00:00,5.0,28.0,690.0,2.3,0.9,12,hiver,03h-06h,0,3.0,0,1
2022-12-01 06:00:00,4.33,28.0,728.0,2.0,0.5,12,hiver,06h-09h,0,5.0,0,0
2022-12-01 09:00:00,3.67,28.0,692.0,2.0,-3.8,12,hiver,09h-12h,0,4.33,1,0
2022-12-01 12:00:00,4.33,28.0,763.0,1.5,-3.5,12,hiver,12h-15h,0,3.67,1,0
2022-12-01 15:00:00,4.33,28.0,780.0,1.4,1.8,12,hiver,15h-18h,0,4.33,0,0
2022-12-01 18:00:00,3.67,28.0,816.0,1.3,-1.5,12,hiver,18h-21h,0,4.33,1,0
2022-12-01 21:00:00,3.67,28.0,825.0,1.3,2.2,12,hiver,21h-24h,0,3.67,0,0
2022-12-02 00:00:00,3.33,16.0,800.0,1.3,1.3,12,hiver,00h-03h,0,3.67,0,0
2022-12-02 03:00:00,3.67,16.0,778.0,1.1,1.3,12,hiver,03h-06h,0,3.33,0,0
2022-12-02 06:00:00,3.33,16.0,741.0,0.9,0.9,12,hiver,06h-09h,0,3.67,0,0
2022-12-02 09:00:00,2.67,16.0,698.0,1.2,-1.4,12,hiver,09h-12h,0,3.33,1,0
2022-12-02 12:00:00,3.0,16.0,691.0,1.3,-0.2,12,hiver,12h-15h,0,2.67,1,0
2022-12-02 15:00:00,3.33,16.0,663.0,1.6,-0.1,12,hiver,15h-18h,0,3.0,1,0
2022-12-02 18:00:00,2.67,16.0,654.0,1.5,-0.0,12,hiver,18h-21h,0,3.33,0,0
2022-12-02 21:00:00,2.67,16.0,642.0,1.9,0.7,12,hiver,21h-24h,0,2.67,0,0
2022-12-03 00:00:00,2.67,10.0,625.0,2.0,1.0,12,hiver,00h-03h,0,2.67,0,0
2022-12-03 03:00:00,3.33,10.0,635.0,1.8,-2.2,12,hiver,03h-06h,0,2.67,1,0
2022-12-03 06:00:00,2.33,10.0,606.0,1.7,0.3,12,hiver,06h-09h,0,3.33,0,0
2022-12-03 09:00:00,2.67,10.0,579.0,1.7,-2.6,12,hiver,09h-12h,0,2.33,1,0
2022-12-03 12:00:00,1.67,10.0,566.0,2.0,-2.1,12,hiver,12h-15h,0,2.67,1,0
2022-12-03 15:00:00,2.67,10.0,535.0,2.9,-2.1,12,hiver,15h-18h,0,1.67,1,0
2022-12-03 18:00:00,2.0,10.0,552.0,4.4,-0.5,12,hiver,18h-21h,0,2.67,1,0
2022-12-03 21:00:00,1.33,10.0,526.0,5.0,-0.0,12,hiver,21h-24h,0,2.0,0,0
2022-12-04 00:00:00,2.0,17.0,514.0,5.5,1.5,12,hiver,00h-03h,0,1.33,0,0
2022-12-04 03:00:00,2.0,17.0,504.0,3.5,0.4,12,hiver,03h-06h,0,2.0,0,0
2022-12-04 06:00:00,1.33,17.0,498.0,3.9,0.7,12,hiver,06h-09h,0,2.0,0,0
2022-12-04 09:00:00,2.33,17.0,510.0,4.1,2.2,12,hiver,09h-12h,0,1.33,0,0
2022-12-04 12:00:00,3.33,17.0,497.0,4.2,-1.3,12,hiver,12h-15h,0,2.33,1,0
2022-12-04 15:00:00,4.33,17.0,506.0,2.9,-5.6,12,hiver,15h-18h,0,3.33,1,0
2022-12-04 18:00:00,4.0,17.0,505.0,3.4,-2.9,12,hiver,18h-21h,0,4.33,1,0
2022-12-04 21:00:00,4.0,17.0,494.0,4.0,-0.6,12,hiver,21h-24h,0,4.0,1,0
2022-12-05 00:00:00,1.0,8.0,496.0,4.0,4.1,12,hiver,00h-03h,0,4.0,0,0
2022-12-05 03:00:00,2.33,8.0,482.0,2.7,-0.2,12,hiver,03h-06h,0,1.0,1,0
2022-12-05 06:00:00,2.67,8.0,473.0,2.1,-1.8,12,hiver,06h-09h,0,2.33,1,0
2022-12-05 09:00:00,1.67,8.0,485.0,2.3,-3.7,12,hiver,09h-12h,0,2.67,1,0
2022-12-05 12:00:00,3.0,8.0,482.0,2.5,-3.7,12,hiver,12h-15h,0,1.67,1,0
2022-12-05 15:00:00,2.0,8.0,443.0,2.2,-0.8,12,hiver,15h-18h,0,3.0,1,0
2022-12-05 18:00:00,1.33,8.0,444.0,2.3,1.8,12,hiver,18h-21h,0,2.0,0,0
2022-12-05 21:00:00,0.67,8.0,421.0,2.1,-0.2,12,hiver,21h-24h,0,1.33,1,0
2022-12-06 00:00:00,0.67,4.0,414.0,2.3,0.8,12,hiver,00h-03h,0,0.67,0,0
2022-12-06 03:00:00,1.67,4.0,408.0,3.8,0.2,12,hiver,03h-06h,0,0.67,0,0
2022-12-06 06:00:00,1.0,4.0,379.0,3.5,-0.5,12,hiver,06h-09h,0,1.67,1,0
2022-12-06 09:00:00,1.0,4.0,374.0,4.0,-1.2,12,hiver,09h-12h,0,1.0,1,0
2022-12-06 12:00:00,1.0,4.0,368.0,4.2,-1.5,12,hiver,12h-15h,0,1.0,1,0
2022-12-06 15:00:00,1.0,4.0,359.0,5.3,-1.7,12,hiver,15h-18h,0,1.0,1,0
2022-12-06 18:00:00,0.67,4.0,351.0,4.5,-2.5,12,hiver,18h-21h,0,1.0,1,0
2022-12-06 21:00:00,0.67,4.0,340.0,4.9,0.8,12,hiver,21h-24h,0,0.67,0,0
2022-12-07 00:00:00,1.0,18.0,338.0,5.8,-0.0,12,hiver,00h-03h,0,0.67,0,0
2022-12-07 03:00:00,1.33,18.0,325.0,7.3,-0.1,12,hiver,03h-06h,0,1.0,1,0
2022-12-07 06:00:00,0.67,18.0,323.0,8.9,-1.5,12,hiver,06h-09h,0,1.33,1,0
2022-12-07 09:00:00,3.0,18.0,337.0,18.3,-2.9,12,hiver,09h-12h,0,0.67,1,0
2022-12-07 12:00:00,5.0,18.0,365.0,20.5,-12.7,12,hiver,12h-15h,0,3.0,1,1
2022-12-07 15:00:00,4.33,18.0,372.0,42.6,-9.4,12,hiver,15h-18h,0,5.0,1,0
2022-12-07 18:00:00,3.33,18.0,414.0,19.7,10.8,12,hiver,18h-21h,0,4.33,0,0
2022-12-07 21:00:00,3.0,18.0,467.0,13.5,3.2,12,hiver,21h-24h,0,3.33,0,0
2022-12-08 00:00:00,2.0,11.0,455.0,10.5,4.8,12,hiver,00h-03h,0,3.0,0,0
2022-12-08 03:00:00,3.0,11.0,483.0,9.0,-1.1,12,hiver,03h-06h,0,2.0,1,0
2022-12-08 06:00:00,2.33,11.0,512.0,7.8,4.7,12,hiver,06h-09h,0,3.0,0,0
2022-12-08 09:00:00,1.67,11.0,495.0,6.9,1.6,12,hiver,09h-12h,0,2.33,0,0
2022-12-08 12:00:00,1.33,11.0,547.0,6.3,6.7,12,hiver,12h-15h,0,1.67,0,0
2022-12-08 15:00:00,1.33,11.0,556.0,5.3,2.8,12,hiver,15h-18h,0,1.33,0,0
2022-12-08 18:00:00,2.67,11.0,555.0,3.9,1.1,12,hiver,18h-21h,0,1.33,0,0
2022-12-08 21:00:00,4.0,11.0,583.0,4.2,-3.3,12,hiver,21h-24h,0,2.67,1,0
2022-12-09 00:00:00,4.33,11.0,529.0,3.6,1.4,12,hiver,00h-03h,0,4.0,0,0
2022-12-09 03:00:00,2.33,11.0,523.0,3.4,0.4,12,hiver,03h-06h,0,4.33,0,0
2022-12-09 06:00:00,2.0,11.0,527.0,2.5,4.0,12,hiver,06h-09h,0,2.33,0,0
2022-12-09 09:00:00,3.0,11.0,549.0,4.0,-5.5,12,hiver,09h-12h,0,2.0,1,0
2022-12-09 12:00:00,1.67,11.0,554.0,3.0,4.2,12,hiver,12h-15h,0,3.0,0,0
2022-12-09 15:00:00,1.67,11.0,535.0,3.0,4.8,12,hiver,15h-18h,0,1.67,0,0
2022-12-09 18:00:00,2.0,11.0,540.0,3.5,2.6,12,hiver,18h-21h,0,1.67,0,0
2022-12-09 21:00:00,1.33,11.0,512.0,3.7,0.0,12,hiver,21h-24h,0,2.0,0,0
2022-12-10 00:00:00,3.33,8.0,478.0,3.3,1.3,12,hiver,00h-03h,0,1.33,0,0
2022-12-10 03:00:00,2.0,8.0,456.0,3.1,2.5,12,hiver,03h-06h,0,3.33,0,0
2022-12-10 06:00:00,1.0,8.0,456.0,3.1,3.8,12,hiver,06h-09h,0,2.0,0,0
2022-12-10 09:00:00,2.67,8.0,463.0,3.7,-4.1,12,hiver,09h-12h,0,1.0,1,0
2022-12-10 12:00:00,1.0,8.0,409.0,2.4,0.3,12,hiver,12h-15h,0,2.67,0,0
2022-12-10 15:00:00,2.0,8.0,423.0,2.9,-0.0,12,hiver,15h-18h,0,1.0,0,0
2022-12-10 18:00:00,2.33,8.0,462.0,3.7,-6.2,12,hiver,18h-21h,0,2.0,1,0
2022-12-10 21:00:00,1.67,8.0,404.0,2.2,0.4,12,hiver,21h-24h,0,2.33,0,0
2022-12-11 00:00:00,2.33,10.0,445.0,3.7,-1.4,12,hiver,00h-03h,0,1.67,1,0
2022-12-11 03:00:00,2.67,10.0,463.0,3.6,-3.7,12,hiver,03h-06h,0,2.33,1,0
2022-12-11 06:00:00,2.0,10.0,422.0,3.0,1.2,12,hiver,06h-09h,0,2.67,0,0
2022-12-11 09:00:00,1.67,10.0,453.0,3.2,0.8,12,hiver,09h-12h,0,2.0,0,0
2022-12-11 12:00:00,1.33,10.0,442.0,3.3,-2.2,12,hiver,12h-15h,0,1.67,1,0
2022-12-11 15:00:00,3.33,10.0,444.0,2.6,-3.2,12,hiver,15h-18h,0,1.33,1,0
2022-12-11 18:00:00,1.33,10.0,9999.0,,4.3,12,hiver,18h-21h,0,3.33,0,0
2022-12-11 21:00:00,3.0,10.0,9999.0,,-0.4,12,hiver,21h-24h,0,1.33,1,0
2022-12-12 00:00:00,2.67,6.0,9999.0,,-2.1,12,hiver,00h-03h,0,3.0,1,0
2022-12-12 03:00:00,1.67,6.0,9999.0,,0.4,12,hiver,03h-06h,0,2.67,0,0
2022-12-12 06:00:00,0.67,6.0,9999.0,,3.7,12,hiver,06h-09h,0,1.67,0,0
2022-12-12 09:00:00,0.67,6.0,393.0,2.3,5.1,12,hiver,09h-12h,0,0.67,0,0
2022-12-12 12:00:00,0.67,6.0,414.0,2.2,2.2,12,hiver,12h-15h,0,0.67,0,0
2022-12-12 15:00:00,1.33,6.0,433.0,2.1,0.1,12,hiver,15h-18h,0,0.67,0,0
2022-12-12 18:00:00,1.33,6.0,427.0,2.5,-0.4,12,hiver,18h-21h,0,1.33,1,0
2022-12-12 21:00:00,2.0,6.0,431.0,2.5,-2.5,12,hiver,21h-24h,0,1.33,1,0
2022-12-13 00:00:00,2.67,4.0,430.0,2.4,-2.3,12,hiver,00h-03h,0,2.0,1,0
2022-12-13 03:00:00,0.33,4.0,417.0,3.0,-2.1,12,hiver,03h-06h,0,2.67,1,0
2022-12-13 06:00:00,0.33,4.0,399.0,1.5,-1.9,12,hiver,06h-09h,0,0.33,1,0
2022-12-13 09:00:00,0.67,4.0,364.0,3.3,0.6,12,hiver,09h-12h,0,0.33,0,0
2022-12-13 12:00:00,1.0,4.0,385.0,4.2,2.9,12,hiver,12h-15h,0,0.67,0,0
2022-12-13 15:00:00,1.33,4.0,379.0,5.2,1.1,12,hiver,15h-18h,0,1.0,0,0
2022-12-13 18:00:00,0.67,4.0,376.0,5.4,-0.7,12,hiver,18h-21h,0,1.33,1,0
2022-12-13 21:00:00,1.0,4.0,364.0,5.1,0.4,12,hiver,21h-24h,0,0.67,0,0
2022-12-14 00:00:00,0.33,4.0,361.0,4.7,-0.6,12,hiver,00h-03h,0,1.0,1,0
2022-12-14 03:00:00,1.0,4.0,357.0,6.0,-0.5,12,hiver,03h-06h,0,0.33,1,0
2022-12-14 06:00:00,0.67,4.0,360.0,7.7,1.2,12,hiver,06h-09h,0,1.0,0,0
2022-12-14 09:00:00,0.33,4.0,351.0,8.7,1.9,12,hiver,09h-12h,0,0.67,0,0
2022-12-14 12:00:00,0.67,4.0,338.0,7.6,1.9,12,hiver,12h-15h,0,0.33,0,0
2022-12-14 15:00:00,1.67,4.0,323.0,7.0,-0.7,12,hiver,15h-18h,0,0.67,1,0
2022-12-14 18:00:00,2.0,4.0,334.0,7.5,-5.3,12,hiver,18h-21h,0,1.67,1,0
2022-12-14 21:00:00,2.0,4.0,341.0,4.2,-5.3,12,hiver,21h-24h,0,2.0,1,0
2022-12-15 00:00:00,1.33,5.0,340.0,5.6,-1.5,12,hiver,00h-03h,0,2.0,1,0
2022-12-15 03:00:00,2.0,5.0,322.0,7.4,-2.3,12,hiver,03h-06h,0,1.33,1,0
2022-12-15 06:00:00,2.0,5.0,337.0,7.5,-4.4,12,hiver,06h-09h,0,2.0,1,0
2022-12-15 09:00:00,1.33,5.0,343.0,7.4,4.8,12,hiver,09h-12h,0,2.0,0,0
2022-12-15 12:00:00,1.33,5.0,336.0,6.4,-0.7,12,hiver,12h-15h,0,1.33,1,0
2022-12-15 15:00:00,1.33,5.0,342.0,6.8,0.1,12,hiver,15h-18h,0,1.33,0,0
2022-12-15 18:00:00,1.33,5.0,329.0,5.5,-2.1,12,hiver,18h-21h,0,1.33,1,0
2022-12-15 21:00:00,1.0,5.0,339.0,7.1,3.0,12,hiver,21h-24h,0,1.33,0,0
2022-12-18 00:00:00,0.67,4.0,276.0,7.3,-0.2,12,hiver,00h-03h,0,1.0,1,0
2022-12-18 03:00:00,0.0,4.0,291.0,8.5,-0.1,12,hiver,03h-06h,0,0.67,1,0
2022-12-18 06:00:00,0.33,4.0,278.0,8.2,0.5,12,hiver,06h-09h,0,0.0,0,0
2022-12-18 09:00:00,1.33,4.0,289.0,11.0,-4.2,12,hiver,09h-12h,0,0.33,1,0
2022-12-18 12:00:00,1.0,4.0,299.0,11.0,1.9,12,hiver,12h-15h,0,1.33,0,0
2022-12-18 15:00:00,0.67,4.0,299.0,9.8,-0.1,12,hiver,15h-18h,0,1.0,1,0
2022-12-18 18:00:00,1.33,4.0,295.0,10.4,-1.8,12,hiver,18h-21h,0,0.67,1,0
2022-12-18 21:00:00,2.0,4.0,300.0,14.4,-7.1,12,hiver,21h-24h,0,1.33,1,0
2022-12-19 00:00:00,2.33,11.0,320.0,12.0,-1.0,12,hiver,00h-03h,0,2.0,1,0
2022-12-19 03:00:00,4.0,11.0,332.0,37.6,-7.0,12,hiver,03h-06h,0,2.33,1,0
2022-12-19 06:00:00,3.33,11.0,330.0,8.8,-12.0,12,hiver,06h-09h,0,4.0,1,0
2022-12-19 09:00:00,1.67,11.0,321.0,7.6,-7.1,12,hiver,09h-12h,0,3.33,1,0
2022-12-19 12:00:00,1.67,11.0,344.0,7.7,-2.4,12,hiver,12h-15h,0,1.67,1,0
2022-12-19 15:00:00,1.67,11.0,327.0,7.9,-3.4,12,hiver,15h-18h,0,1.67,1,0
2022-12-19 18:00:00,2.0,11.0,340.0,8.6,-5.3,12,hiver,18h-21h,0,1.67,1,0
2022-12-19 21:00:00,1.67,11.0,326.0,7.5,-0.9,12,hiver,21h-24h,0,2.0,1,0
2022-12-20 00:00:00,1.67,6.0,330.0,3.8,-0.2,12,hiver,00h-03h,0,1.67,1,0
2022-12-20 03:00:00,1.0,6.0,340.0,5.3,4.2,12,hiver,03h-06h,0,1.67,0,0
2022-12-20 06:00:00,1.33,6.0,344.0,5.0,5.7,12,hiver,06h-09h,0,1.0,0,0
2022-12-20 09:00:00,1.0,6.0,358.0,15.1,11.1,12,hiver,09h-12h,0,1.33,0,0
2022-12-20 12:00:00,0.67,6.0,360.0,12.8,10.9,12,hiver,12h-15h,0,1.0,0,0
2022-12-20 15:00:00,1.67,6.0,361.0,10.5,4.4,12,hiver,15h-18h,0,0.67,0,0
2022-12-20 18:00:00,2.0,6.0,337.0,1.4,-5.4,12,hiver,18h-21h,0,1.67,1,0
2022-12-20 21:00:00,2.67,6.0,351.0,1.7,-6.9,12,hiver,21h-24h,0,2.0,1,0
2022-12-21 00:00:00,1.67,9.0,350.0,6.6,3.3,12,hiver,00h-03h,0,2.67,0,0
2022-12-21 03:00:00,1.33,9.0,353.0,4.7,5.5,12,hiver,03h-06h,0,1.67,0,0
2022-12-21 06:00:00,3.0,9.0,387.0,7.9,-2.5,12,hiver,06h-09h,0,1.33,1,0
2022-12-21 09:00:00,2.33,9.0,356.0,9.2,1.2,12,hiver,09h-12h,0,3.0,0,0
2022-12-21 12:00:00,2.0,9.0,383.0,9.5,7.0,12,hiver,12h-15h,0,2.33,0,0
2022-12-21 15:00:00,3.33,9.0,426.0,9.0,-5.2,12,hiver,15h-18h,0,2.0,1,0
2022-12-21 18:00:00,1.67,9.0,409.0,6.0,3.4,12,hiver,18h-21h,0,3.33,0,0
2022-12-21 21:00:00,1.33,9.0,393.0,7.2,0.4,12,hiver,21h-24h,0,1.67,0,0
2022-12-22 00:00:00,1.0,12.0,384.0,5.5,0.8,12,hiver,00h-03h,0,1.33,0,0
2022-12-22 03:00:00,0.33,12.0,376.0,6.6,0.6,12,hiver,03h-06h,0,1.0,0,0
2022-12-22 06:00:00,1.67,12.0,386.0,7.2,-1.4,12,hiver,06h-09h,0,0.33,1,0
2022-12-22 09:00:00,2.0,12.0,401.0,8.0,-4.5,12,hiver,09h-12h,0,1.67,1,0
2022-12-22 12:00:00,3.0,12.0,394.0,6.3,-5.7,12,hiver,12h-15h,0,2.0,1,0
2022-12-22 15:00:00,3.67,12.0,434.0,6.9,-7.7,12,hiver,15h-18h,0,3.0,1,0
2022-12-22 18:00:00,3.67,12.0,441.0,6.2,-1.7,12,hiver,18h-21h,0,3.67,1,0
2022-12-22 21:00:00,3.0,12.0,419.0,4.9,1.0,12,hiver,21h-24h,0,3.67,0,0
2022-12-23 00:00:00,4.0,24.0,499.0,4.9,-4.9,12,hiver,00h-03h,0,3.0,1,0
2022-12-23 03:00:00,2.33,24.0,474.0,4.3,4.0,12,hiver,03h-06h,0,4.0,0,0
2022-12-23 06:00:00,3.67,24.0,496.0,6.6,-4.2,12,hiver,06h-09h,0,2.33,1,0
2022-12-23 09:00:00,3.33,24.0,488.0,6.8,0.6,12,hiver,09h-12h,0,3.67,0,0
2022-12-23 12:00:00,4.67,24.0,505.0,5.6,-6.6,12,hiver,12h-15h,0,3.33,1,0
2022-12-23 15:00:00,4.0,24.0,486.0,5.1,-1.2,12,hiver,15h-18h,0,4.67,1,0
2022-12-23 18:00:00,2.33,24.0,498.0,3.3,2.2,12,hiver,18h-21h,0,4.0,0,0
2022-12-23 21:00:00,4.67,24.0,556.0,2.3,-3.2,12,hiver,21h-24h,0,2.33,1,0
2022-12-24 00:00:00,3.33,23.0,599.0,2.1,2.1,12,hiver,00h-03h,0,4.67,0,0
2022-12-24 03:00:00,4.33,23.0,580.0,2.3,1.7,12,hiver,03h-06h,0,3.33,0,0
2022-12-24 06:00:00,4.0,23.0,598.0,2.8,-2.5,12,hiver,06h-09h,0,4.33,1,0
2022-12-24 09:00:00,3.67,23.0,589.0,1.7,-0.2,12,hiver,09h-12h,0,4.0,1,0
2022-12-24 12:00:00,3.0,23.0,607.0,2.2,4.6,12,hiver,12h-15h,0,3.67,0,0
2022-12-24 15:00:00,4.33,23.0,580.0,1.9,-1.9,12,hiver,15h-18h,0,3.0,1,0
2022-12-24 18:00:00,3.67,23.0,554.0,1.2,3.5,12,hiver,18h-21h,0,4.33,0,0
2022-12-24 21:00:00,3.33,23.0,589.0,0.5,2.0,12,hiver,21h-24h,0,3.67,0,0
2022-12-25 00:00:00,3.0,10.0,723.0,0.4,2.9,12,hiver,00h-03h,0,3.33,0,0
2022-12-25 03:00:00,3.33,10.0,686.0,0.6,-0.4,12,hiver,03h-06h,0,3.0,1,0
2022-12-25 06:00:00,1.67,10.0,668.0,0.2,-0.3,12,hiver,06h-09h,0,3.33,1,0
2022-12-25 09:00:00,1.33,10.0,630.0,0.1,0.4,12,hiver,09h-12h,0,1.67,0,0
2022-12-25 12:00:00,2.0,10.0,467.0,0.2,-2.0,12,hiver,12h-15h,0,1.33,1,0
2022-12-25 15:00:00,2.0,10.0,441.0,0.2,-1.9,12,hiver,15h-18h,0,2.0,1,0
2022-12-25 18:00:00,1.67,10.0,508.0,0.2,-4.3,12,hiver,18h-21h,0,2.0,1,0
2022-12-25 21:00:00,3.0,10.0,429.0,0.3,-3.5,12,hiver,21h-24h,0,1.67,1,0
2022-12-26 00:00:00,3.0,22.0,391.0,0.3,-2.0,12,hiver,00h-03h,0,3.0,1,0
2022-12-26 03:00:00,2.33,22.0,392.0,0.3,1.0,12,hiver,03h-06h,0,3.0,0,0
2022-12-26 06:00:00,3.0,22.0,635.0,0.6,3.4,12,hiver,06h-09h,0,2.33,0,0
2022-12-26 09:00:00,4.33,22.0,585.0,0.9,-1.4,12,hiver,09h-12h,0,3.0,1,0
2022-12-26 12:00:00,5.0,22.0,597.0,2.3,-10.1,12,hiver,12h-15h,0,4.33,1,1
2022-12-26 15:00:00,4.67,22.0,551.0,3.9,-7.3,12,hiver,15h-18h,0,5.0,1,0
2022-12-26 18:00:00,2.0,22.0,527.0,5.0,5.1,12,hiver,18h-21h,0,4.67,0,0
2022-12-26 21:00:00,2.33,22.0,504.0,3.0,6.1,12,hiver,21h-24h,0,2.0,0,0
2022-12-27 00:00:00,4.0,25.0,521.0,2.1,-3.9,12,hiver,00h-03h,0,2.33,1,0
2022-12-27 03:00:00,4.33,25.0,516.0,1.9,-6.7,12,hiver,03h-06h,0,4.0,1,0
2022-12-27 06:00:00,4.67,25.0,533.0,2.1,-7.5,12,hiver,06h-09h,0,4.33,1,0
2022-12-27 09:00:00,4.0,25.0,516.0,1.8,-6.3,12,hiver,09h-12h,0,4.67,1,0
2022-12-27 12:00:00,4.0,25.0,513.0,1.5,-6.6,12,hiver,12h-15h,0,4.0,1,0
2022-12-27 15:00:00,4.33,25.0,508.0,1.9,-4.1,12,hiver,15h-18h,0,4.0,1,0
2022-12-27 18:00:00,2.67,25.0,504.0,1.9,0.7,12,hiver,18h-21h,0,4.33,0,0
2022-12-27 21:00:00,1.67,25.0,502.0,1.9,2.1,12,hiver,21h-24h,0,2.67,0,0
2022-12-28 00:00:00,2.67,5.0,510.0,2.1,-0.3,12,hiver,00h-03h,0,1.67,1,0
2022-12-28 03:00:00,2.0,5.0,518.0,2.5,0.2,12,hiver,03h-06h,0,2.67,0,0
2022-12-28 06:00:00,1.67,5.0,518.0,2.2,2.4,12,hiver,06h-09h,0,2.0,0,0
2022-12-28 09:00:00,0.67,5.0,480.0,1.7,1.5,12,hiver,09h-12h,0,1.67,0,0
2022-12-28 12:00:00,1.0,5.0,486.0,1.7,0.5,12,hiver,12h-15h,0,0.67,0,0
2022-12-28 15:00:00,0.67,5.0,462.0,1.3,2.7,12,hiver,15h-18h,0,1.0,0,0
2022-12-28 18:00:00,0.67,5.0,466.0,1.1,1.5,12,hiver,18h-21h,0,0.67,0,0
2022-12-28 21:00:00,1.33,5.0,439.0,1.6,1.8,12,hiver,21h-24h,0,0.67,0,0
2022-12-29 00:00:00,0.67,11.0,423.0,3.5,1.8,12,hiver,00h-03h,0,1.33,0,0
2022-12-29 03:00:00,0.67,11.0,414.0,4.0,0.2,12,hiver,03h-06h,0,0.67,0,0
2022-12-29 06:00:00,1.67,11.0,404.0,3.8,-0.7,12,hiver,06h-09h,0,0.67,1,0
2022-12-29 09:00:00,1.67,11.0,417.0,5.2,2.1,12,hiver,09h-12h,0,1.67,0,0
2022-12-29 12:00:00,3.0,11.0,436.0,6.0,-4.3,12,hiver,12h-15h,0,1.67,1,0
2022-12-29 15:00:00,3.0,11.0,441.0,7.2,-1.2,12,hiver,15h-18h,0,3.0,1,0
2022-12-29 18:00:00,3.0,11.0,443.0,7.5,-3.7,12,hiver,18h-21h,0,3.0,1,0
2022-12-29 21:00:00,4.0,11.0,434.0,7.0,-2.6,12,hiver,21h-24h,0,3.0,1,0
2022-12-30 00:00:00,5.0,31.0,494.0,11.9,-3.0,12,hiver,00h-03h,0,4.0,1,1
2022-12-30 03:00:00,3.67,31.0,492.0,8.8,1.4,12,hiver,03h-06h,0,5.0,0,0
2022-12-30 06:00:00,3.67,31.0,488.0,8.8,-4.6,12,hiver,06h-09h,0,3.67,1,0
2022-12-30 09:00:00,3.67,31.0,492.0,8.4,-5.9,12,hiver,09h-12h,0,3.67,1,0
2022-12-30 12:00:00,5.0,31.0,522.0,6.1,-6.9,12,hiver,12h-15h,0,3.67,1,1
2022-12-30 15:00:00,4.67,31.0,539.0,5.8,3.3,12,hiver,15h-18h,0,5.0,0,0
2022-12-30 18:00:00,4.33,31.0,552.0,5.1,0.6,12,hiver,18h-21h,0,4.67,0,0
2022-12-30 21:00:00,3.33,31.0,576.0,4.9,1.5,12,hiver,21h-24h,0,4.33,0,0
2022-12-31 00:00:00,3.33,6.0,564.0,4.3,2.1,12,hiver,00h-03h,0,3.33,0,0
2022-12-31 03:00:00,3.33,6.0,542.0,3.9,0.6,12,hiver,03h-06h,0,3.33,0,0
2022-12-31 06:00:00,2.67,6.0,549.0,4.1,4.5,12,hiver,06h-09h,0,3.33,0,0
2022-12-31 09:00:00,2.0,6.0,538.0,3.6,0.5,12,hiver,09h-12h,0,2.67,0,0
2022-12-31 12:00:00,3.0,6.0,567.0,3.4,-4.1,12,hiver,12h-15h,0,2.0,1,0
2022-12-31 15:00:00,2.33,6.0,600.0,3.7,0.7,12,hiver,15h-18h,0,3.0,0,0
2022-12-31 18:00:00,3.33,6.0,598.0,2.3,-0.4,12,hiver,18h-21h,0,2.33,1,0
2022-12-31 21:00:00,4.0,6.0,601.0,2.5,-1.0,12,hiver,21h-24h,0,3.33,1,0
2023-01-01 00:00:00,2.33,14.0,603.0,2.4,0.4,1,hiver,00h-03h,1,4.0,0,0
2023-01-01 03:00:00,2.67,14.0,576.0,2.4,0.6,1,hiver,03h-06h,1,2.33,0,0
2023-01-01 06:00:00,2.33,14.0,548.0,2.3,0.2,1,hiver,06h-09h,1,2.67,0,0
2023-01-01 09:00:00,3.0,14.0,559.0,2.4,-2.0,1,hiver,09h-12h,1,2.33,1,0
2023-01-01 12:00:00,2.0,14.0,535.0,2.4,-0.2,1,hiver,12h-15h,1,3.0,1,0
2023-01-01 15:00:00,3.0,14.0,522.0,2.6,-0.3,1,hiver,15h-18h,1,2.0,1,0
2023-01-01 18:00:00,3.33,14.0,523.0,3.0,-2.4,1,hiver,18h-21h,1,3.0,1,0
2023-01-01 21:00:00,4.0,14.0,487.0,2.9,1.4,1,hiver,21h-24h,1,3.33,0,0
2023-01-02 00:00:00,2.67,8.0,505.0,3.1,-1.5,1,hiver,00h-03h,1,4.0,1,0
2023-01-02 03:00:00,1.67,8.0,486.0,2.8,2.4,1,hiver,03h-06h,1,2.67,0,0
2023-01-02 06:00:00,1.33,8.0,477.0,2.7,1.2,1,hiver,06h-09h,1,1.67,0,0
2023-01-02 09:00:00,1.67,8.0,487.0,3.1,-1.3,1,hiver,09h-12h,1,1.33,1,0
2023-01-02 12:00:00,1.33,8.0,459.0,3.4,-2.6,1,hiver,12h-15h,1,1.67,1,0
2023-01-02 15:00:00,1.33,8.0,443.0,3.3,0.3,1,hiver,15h-18h,1,1.33,0,0
2023-01-02 18:00:00,1.67,8.0,416.0,4.4,0.3,1,hiver,18h-21h,1,1.33,0,0
2023-01-02 21:00:00,3.0,8.0,418.0,4.5,-2.8,1,hiver,21h-24h,1,1.67,1,0
2023-01-03 00:00:00,1.67,7.0,414.0,4.6,1.1,1,hiver,00h-03h,1,3.0,0,0
2023-01-03 03:00:00,0.67,7.0,402.0,3.9,2.0,1,hiver,03h-06h,1,1.67,0,0
2023-01-03 06:00:00,1.33,7.0,409.0,3.9,-1.1,1,hiver,06h-09h,1,0.67,1,0
2023-01-03 09:00:00,1.0,7.0,390.0,3.7,1.0,1,hiver,09h-12h,1,1.33,0,0
2023-01-03 12:00:00,0.67,7.0,378.0,3.8,-0.4,1,hiver,12h-15h,1,1.0,1,0
2023-01-03 15:00:00,2.0,7.0,385.0,4.6,-2.5,1,hiver,15h-18h,1,0.67,1,0
2023-01-03 18:00:00,2.33,7.0,383.0,5.7,-0.4,1,hiver,18h-21h,1,2.0,1,0
2023-01-03 21:00:00,3.0,7.0,409.0,8.7,1.0,1,hiver,21h-24h,1,2.33,0,0
2023-01-04 00:00:00,4.0,21.0,429.0,14.1,-1.9,1,hiver,00h-03h,1,3.0,1,0
2023-01-04 03:00:00,4.67,21.0,417.0,5.4,-9.6,1,hiver,03h-06h,1,4.0,1,0
2023-01-04 06:00:00,5.0,21.0,418.0,3.3,-10.9,1,hiver,06h-09h,1,4.67,1,1
2023-01-04 09:00:00,3.67,21.0,416.0,7.1,-2.6,1,hiver,09h-12h,1,5.0,1,0
2023-01-04 12:00:00,3.0,21.0,400.0,3.8,7.3,1,hiver,12h-15h,1,3.67,0,0
2023-01-04 15:00:00,2.33,21.0,399.0,25.4,11.1,1,hiver,15h-18h,1,3.0,0,0
2023-01-04 18:00:00,2.0,21.0,400.0,11.6,15.8,1,hiver,18h-21h,1,2.33,0,0
2023-01-04 21:00:00,1.0,21.0,385.0,10.1,16.0,1,hiver,21h-24h,1,2.0,0,0
2023-01-05 00:00:00,0.33,8.0,382.0,12.6,12.2,1,hiver,00h-03h,1,1.0,0,0
2023-01-05 03:00:00,1.0,8.0,385.0,13.0,14.2,1,hiver,03h-06h,1,0.33,0,0
2023-01-05 06:00:00,1.33,8.0,381.0,17.1,11.8,1,hiver,06h-09h,1,1.0,0,0
2023-01-05 09:00:00,1.0,8.0,374.0,14.6,7.3,1,hiver,09h-12h,1,1.33,0,0
2023-01-05 12:00:00,3.0,8.0,356.0,10.3,-6.9,1,hiver,12h-15h,1,1.0,1,0
2023-01-05 15:00:00,2.67,8.0,349.0,8.1,-8.5,1,hiver,15h-18h,1,3.0,1,0
2023-01-05 18:00:00,2.33,8.0,351.0,7.7,-5.9,1,hiver,18h-21h,1,2.67,1,0
2023-01-05 21:00:00,2.67,8.0,342.0,6.0,-5.5,1,hiver,21h-24h,1,2.33,1,0
2023-01-06 00:00:00,1.67,4.0,352.0,4.4,4.1,1,hiver,00h-03h,1,2.67,0,0
2023-01-06 03:00:00,0.33,4.0,358.0,3.9,4.9,1,hiver,03h-06h,1,1.67,0,0
2023-01-06 06:00:00,1.0,4.0,364.0,3.7,5.6,1,hiver,06h-09h,1,0.33,0,0
2023-01-06 09:00:00,0.67,4.0,351.0,4.4,4.4,1,hiver,09h-12h,1,1.0,0,0
2023-01-06 12:00:00,1.0,4.0,393.0,3.6,6.0,1,hiver,12h-15h,1,0.67,0,0
2023-01-06 15:00:00,0.67,4.0,400.0,2.6,6.9,1,hiver,15h-18h,1,1.0,0,0
2023-01-06 18:00:00,1.67,4.0,408.0,1.9,4.3,1,hiver,18h-21h,1,0.67,0,0
2023-01-06 21:00:00,1.67,4.0,452.0,3.0,-1.4,1,hiver,21h-24h,1,1.67,1,0
2023-01-07 00:00:00,1.33,6.0,451.0,3.5,2.0,1,hiver,00h-03h,1,1.67,0,0
2023-01-07 03:00:00,2.67,6.0,442.0,3.9,0.4,1,hiver,03h-06h,1,1.33,0,0
2023-01-07 06:00:00,1.0,6.0,398.0,3.6,-0.7,1,hiver,06h-09h,1,2.67,1,0
2023-01-07 09:00:00,0.67,6.0,419.0,4.1,4.7,1,hiver,09h-12h,1,1.0,0,0
2023-01-07 12:00:00,0.67,6.0,441.0,4.3,3.8,1,hiver,12h-15h,1,0.67,0,0
2023-01-07 15:00:00,2.67,6.0,412.0,4.7,0.2,1,hiver,15h-18h,1,0.67,0,0
2023-01-07 18:00:00,2.0,6.0,413.0,4.6,3.2,1,hiver,18h-21h,1,2.67,0,0
2023-01-07 21:00:00,1.33,6.0,420.0,5.1,5.1,1,hiver,21h-24h,1,2.0,0,0
2023-01-08 00:00:00,2.33,8.0,409.0,5.2,-2.4,1,hiver,00h-03h,1,1.33,1,0
2023-01-08 03:00:00,2.33,8.0,9999.0,,-4.9,1,hiver,03h-06h,1,2.33,1,0
2023-01-08 06:00:00,2.0,8.0,9999.0,,3.7,1,hiver,06h-09h,1,2.33,0,0
2023-01-08 09:00:00,1.33,8.0,9999.0,,-3.4,1,hiver,09h-12h,1,2.0,1,0
2023-01-08 12:00:00,3.33,8.0,9999.0,,-1.9,1,hiver,12h-15h,1,1.33,1,0
2023-01-08 15:00:00,1.67,8.0,392.0,5.0,-1.2,1,hiver,15h-18h,1,3.33,1,0
2023-01-08 18:00:00,1.33,8.0,9999.0,,1.8,1,hiver,18h-21h,1,1.67,0,0
2023-01-08 21:00:00,0.67,8.0,9999.0,,2.0,1,hiver,21h-24h,1,1.33,0,0
2023-01-09 00:00:00,2.0,5.0,9999.0,,-0.5,1,hiver,00h-03h,1,0.67,1,0
2023-01-09 03:00:00,0.67,5.0,9999.0,,2.6,1,hiver,03h-06h,1,2.0,0,0
2023-01-09 06:00:00,1.0,5.0,9999.0,,1.9,1,hiver,06h-09h,1,0.67,0,0
2023-01-09 09:00:00,1.0,5.0,9999.0,,-1.1,1,hiver,09h-12h,1,1.0,1,0
2023-01-09 12:00:00,1.0,5.0,347.0,4.8,-0.5,1,hiver,12h-15h,1,1.0,1,0
2023-01-09 15:00:00,2.0,5.0,347.0,5.9,-2.4,1,hiver,15h-18h,1,1.0,1,0
2023-01-09 18:00:00,2.33,5.0,346.0,5.9,-3.1,1,hiver,18h-21h,1,2.0,1,0
2023-01-09 21:00:00,1.33,5.0,335.0,7.2,-1.0,1,hiver,21h-24h,1,2.33,1,0
2023-01-10 00:00:00,1.0,7.0,331.0,9.8,-1.5,1,hiver,00h-03h,1,1.33,1,0
2023-01-10 03:00:00,0.67,7.0,359.0,10.1,4.6,1,hiver,03h-06h,1,1.0,0,0
2023-01-10 06:00:00,1.0,7.0,367.0,9.1,2.7,1,hiver,06h-09h,1,0.67,0,0
2023-01-10 09:00:00,0.67,7.0,373.0,10.3,3.5,1,hiver,09h-12h,1,1.0,0,0
2023-01-10 12:00:00,2.0,7.0,359.0,9.9,2.7,1,hiver,12h-15h,1,0.67,0,0
2023-01-10 15:00:00,3.0,7.0,365.0,10.0,-0.5,1,hiver,15h-18h,1,2.0,1,0
2023-01-10 18:00:00,2.0,7.0,379.0,10.6,0.5,1,hiver,18h-21h,1,3.0,0,0
2023-01-10 21:00:00,2.33,7.0,369.0,8.9,-1.4,1,hiver,21h-24h,1,2.0,1,0
2023-01-12 00:00:00,3.0,9.0,404.0,7.8,0.9,1,hiver,00h-03h,1,2.33,0,0
2023-01-12 03:00:00,1.67,9.0,406.0,8.2,-0.3,1,hiver,03h-06h,1,3.0,1,0
2023-01-12 06:00:00,2.67,9.0,394.0,7.4,-2.9,1,hiver,06h-09h,1,1.67,1,0
2023-01-12 09:00:00,1.67,9.0,414.0,7.3,-1.5,1,hiver,09h-12h,1,2.67,1,0
2023-01-12 12:00:00,2.0,9.0,415.0,9.4,4.3,1,hiver,12h-15h,1,1.67,0,0
2023-01-12 15:00:00,2.33,9.0,413.0,9.0,2.3,1,hiver,15h-18h,1,2.0,0,0
2023-01-12 18:00:00,2.0,9.0,404.0,8.4,-0.6,1,hiver,18h-21h,1,2.33,1,0
2023-01-12 21:00:00,2.33,9.0,384.0,6.9,-3.8,1,hiver,21h-24h,1,2.0,1,0
2023-01-13 00:00:00,2.67,12.0,394.0,9.0,-0.9,1,hiver,00h-03h,1,2.33,1,0
2023-01-13 03:00:00,2.0,12.0,370.0,7.4,1.1,1,hiver,03h-06h,1,2.67,0,0
2023-01-13 06:00:00,2.33,12.0,396.0,4.4,-5.8,1,hiver,06h-09h,1,2.0,1,0
2023-01-13 09:00:00,2.33,12.0,406.0,3.2,-5.0,1,hiver,09h-12h,1,2.33,1,0
2023-01-13 12:00:00,2.0,12.0,373.0,4.7,-2.0,1,hiver,12h-15h,1,2.33,1,0
2023-01-13 15:00:00,1.67,12.0,370.0,6.0,-1.3,1,hiver,15h-18h,1,2.0,1,0
2023-01-13 18:00:00,3.33,12.0,397.0,8.1,-3.5,1,hiver,18h-21h,1,1.67,1,0
2023-01-13 21:00:00,4.0,12.0,456.0,5.3,-9.2,1,hiver,21h-24h,1,3.33,1,0
2023-01-14 00:00:00,3.67,11.0,480.0,4.8,0.1,1,hiver,00h-03h,1,4.0,0,0
2023-01-14 03:00:00,3.67,11.0,515.0,2.9,3.6,1,hiver,03h-06h,1,3.67,0,0
2023-01-14 06:00:00,2.33,11.0,515.0,2.7,3.4,1,hiver,06h-09h,1,3.67,0,0
2023-01-14 09:00:00,1.33,11.0,495.0,2.4,4.5,1,hiver,09h-12h,1,2.33,0,0
2023-01-14 12:00:00,0.67,11.0,451.0,2.4,4.6,1,hiver,12h-15h,1,1.33,0,0
2023-01-14 15:00:00,1.0,11.0,447.0,2.4,4.3,1,hiver,15h-18h,1,0.67,0,0
2023-01-14 18:00:00,2.0,11.0,425.0,1.8,-1.8,1,hiver,18h-21h,1,1.0,1,0
2023-01-14 21:00:00,3.33,11.0,421.0,3.2,-7.2,1,hiver,21h-24h,1,2.0,1,0
2023-01-15 00:00:00,5.0,30.0,438.0,4.0,-6.7,1,hiver,00h-03h,1,3.33,1,1
2023-01-15 03:00:00,4.0,30.0,470.0,5.8,-6.9,1,hiver,03h-06h,1,5.0,1,0
2023-01-15 06:00:00,4.0,30.0,476.0,6.0,-5.8,1,hiver,06h-09h,1,4.0,1,0
2023-01-15 09:00:00,3.67,30.0,444.0,3.8,-8.3,1,hiver,09h-12h,1,4.0,1,0
2023-01-15 12:00:00,3.67,30.0,436.0,3.8,-6.3,1,hiver,12h-15h,1,3.67,1,0
2023-01-15 15:00:00,3.33,30.0,419.0,4.0,-5.3,1,hiver,15h-18h,1,3.67,1,0
2023-01-15 18:00:00,4.0,30.0,410.0,5.3,-6.2,1,hiver,18h-21h,1,3.33,1,0
2023-01-15 21:00:00,5.0,30.0,477.0,5.8,-7.3,1,hiver,21h-24h,1,4.0,1,1
2023-01-16 00:00:00,4.0,14.0,487.0,20.1,4.7,1,hiver,00h-03h,1,5.0,0,0
2023-01-16 03:00:00,1.67,14.0,521.0,13.0,1.8,1,hiver,03h-06h,1,4.0,0,0
2023-01-16 06:00:00,3.0,14.0,514.0,14.9,0.3,1,hiver,06h-09h,1,1.67,0,0
2023-01-16 09:00:00,3.33,14.0,475.0,9.4,0.3,1,hiver,09h-12h,1,3.0,0,0
2023-01-16 12:00:00,3.0,14.0,467.0,6.1,5.6,1,hiver,12h-15h,1,3.33,0,0
2023-01-16 15:00:00,3.33,14.0,467.0,8.5,-2.4,1,hiver,15h-18h,1,3.0,1,0
2023-01-16 18:00:00,1.67,14.0,442.0,6.6,0.0,1,hiver,18h-21h,1,3.33,0,0
2023-01-16 21:00:00,1.33,14.0,439.0,5.1,0.9,1,hiver,21h-24h,1,1.67,0,0
2023-01-17 00:00:00,0.67,6.0,446.0,5.4,2.8,1,hiver,00h-03h,1,1.33,0,0
2023-01-17 03:00:00,1.67,6.0,437.0,5.3,1.1,1,hiver,03h-06h,1,0.67,0,0
2023-01-17 06:00:00,1.67,6.0,448.0,6.7,1.6,1,hiver,06h-09h,1,1.67,0,0
2023-01-17 09:00:00,1.0,6.0,446.0,6.7,0.9,1,hiver,09h-12h,1,1.67,0,0
2023-01-17 12:00:00,1.0,6.0,420.0,5.3,-0.4,1,hiver,12h-15h,1,1.0,1,0
2023-01-17 15:00:00,0.33,6.0,387.0,6.6,1.8,1,hiver,15h-18h,1,1.0,0,0
2023-01-17 18:00:00,0.33,6.0,350.0,3.6,1.2,1,hiver,18h-21h,1,0.33,0,0
2023-01-17 21:00:00,3.67,6.0,365.0,6.7,1.5,1,hiver,21h-24h,1,0.33,0,0
2023-01-18 00:00:00,4.0,15.0,444.0,5.9,-4.3,1,hiver,00h-03h,1,3.67,1,0
2023-01-18 03:00:00,4.0,15.0,442.0,5.9,-4.0,1,hiver,03h-06h,1,4.0,1,0
2023-01-18 06:00:00,3.33,15.0,435.0,12.0,-1.0,1,hiver,06h-09h,1,4.0,1,0
2023-01-18 09:00:00,3.0,15.0,428.0,9.0,-0.4,1,hiver,09h-12h,1,3.33,1,0
2023-01-18 12:00:00,2.67,15.0,422.0,10.8,-3.9,1,hiver,12h-15h,1,3.0,1,0
2023-01-18 15:00:00,3.0,15.0,420.0,5.4,-0.3,1,hiver,15h-18h,1,2.67,1,0
2023-01-18 18:00:00,1.67,15.0,403.0,5.0,3.0,1,hiver,18h-21h,1,3.0,0,0
2023-01-18 21:00:00,0.67,15.0,394.0,4.9,2.0,1,hiver,21h-24h,1,1.67,0,0
2023-01-19 00:00:00,0.33,7.0,376.0,3.6,3.2,1,hiver,00h-03h,1,0.67,0,0
2023-01-19 03:00:00,1.33,7.0,380.0,3.0,3.1,1,hiver,03h-06h,1,0.33,0,0
2023-01-19 06:00:00,3.0,7.0,418.0,3.8,-6.1,1,hiver,06h-09h,1,1.33,1,0
2023-01-19 09:00:00,2.67,7.0,403.0,4.3,-3.1,1,hiver,09h-12h,1,3.0,1,0
2023-01-19 12:00:00,2.67,7.0,368.0,3.3,-2.2,1,hiver,12h-15h,1,2.67,1,0
2023-01-19 15:00:00,0.67,7.0,371.0,3.9,3.8,1,hiver,15h-18h,1,2.67,0,0
2023-01-19 18:00:00,0.67,7.0,384.0,1.6,3.2,1,hiver,18h-21h,1,0.67,0,0
2023-01-19 21:00:00,1.0,7.0,364.0,1.6,0.6,1,hiver,21h-24h,1,0.67,0,0
2023-01-20 00:00:00,1.0,6.0,380.0,2.0,0.3,1,hiver,00h-03h,1,1.0,0,0
2023-01-20 03:00:00,1.0,6.0,444.0,2.2,6.1,1,hiver,03h-06h,1,1.0,0,0
2023-01-20 06:00:00,0.0,6.0,399.0,3.0,4.5,1,hiver,06h-09h,1,1.0,0,0
2023-01-20 09:00:00,0.67,6.0,396.0,3.3,-0.2,1,hiver,09h-12h,1,0.0,1,0
2023-01-20 12:00:00,1.67,6.0,394.0,3.6,-0.7,1,hiver,12h-15h,1,0.67,1,0
2023-01-20 15:00:00,3.0,6.0,399.0,2.5,-1.3,1,hiver,15h-18h,1,1.67,1,0
2023-01-20 18:00:00,2.0,6.0,402.0,4.2,0.8,1,hiver,18h-21h,1,3.0,0,0
2023-01-20 21:00:00,1.67,6.0,383.0,4.6,0.4,1,hiver,21h-24h,1,2.0,0,0
2023-01-21 00:00:00,3.0,17.0,421.0,7.5,-3.7,1,hiver,00h-03h,1,1.67,1,0
2023-01-21 03:00:00,4.33,17.0,450.0,7.6,1.1,1,hiver,03h-06h,1,3.0,0,0
2023-01-21 06:00:00,3.67,17.0,461.0,6.5,1.7,1,hiver,06h-09h,1,4.33,0,0
2023-01-21 09:00:00,2.0,17.0,485.0,5.0,2.3,1,hiver,09h-12h,1,3.67,0,0
2023-01-21 12:00:00,2.67,17.0,473.0,3.6,-0.3,1,hiver,12h-15h,1,2.0,1,0
2023-01-21 15:00:00,2.67,17.0,456.0,4.0,-2.5,1,hiver,15h-18h,1,2.67,1,0
2023-01-21 18:00:00,3.33,17.0,455.0,3.4,2.6,1,hiver,18h-21h,1,2.67,0,0
2023-01-21 21:00:00,3.0,17.0,435.0,3.5,2.5,1,hiver,21h-24h,1,3.33,0,0
2023-01-22 00:00:00,2.0,9.0,445.0,3.9,-0.7,1,hiver,00h-03h,1,3.0,1,0
2023-01-22 03:00:00,1.67,9.0,388.0,3.1,-1.0,1,hiver,03h-06h,1,2.0,1,0
2023-01-22 06:00:00,2.33,9.0,412.0,3.5,-1.1,1,hiver,06h-09h,1,1.67,1,0
2023-01-22 09:00:00,2.33,9.0,393.0,3.6,-0.5,1,hiver,09h-12h,1,2.33,1,0
2023-01-22 12:00:00,2.0,9.0,415.0,3.3,0.5,1,hiver,12h-15h,1,2.33,0,0
2023-01-22 15:00:00,2.33,9.0,407.0,3.7,0.7,1,hiver,15h-18h,1,2.0,0,0
2023-01-22 18:00:00,3.33,9.0,399.0,3.4,-0.1,1,hiver,18h-21h,1,2.33,1,0
2023-01-22 21:00:00,2.0,9.0,423.0,2.8,4.0,1,hiver,21h-24h,1,3.33,0,0
2023-01-23 00:00:00,0.67,7.0,407.0,2.5,1.2,1,hiver,00h-03h,1,2.0,0,0
2023-01-23 03:00:00,2.0,7.0,438.0,3.2,6.3,1,hiver,03h-06h,1,0.67,0,0
2023-01-23 06:00:00,1.0,7.0,516.0,4.1,7.1,1,hiver,06h-09h,1,2.0,0,0
2023-01-23 09:00:00,0.67,7.0,509.0,3.1,7.6,1,hiver,09h-12h,1,1.0,0,0
2023-01-23 12:00:00,3.0,7.0,452.0,2.9,-0.6,1,hiver,12h-15h,1,0.67,1,0
2023-01-23 15:00:00,2.0,7.0,412.0,2.3,-4.8,1,hiver,15h-18h,1,3.0,1,0
2023-01-23 18:00:00,2.0,7.0,379.0,1.4,-2.6,1,hiver,18h-21h,1,2.0,1,0
2023-01-23 21:00:00,2.67,7.0,425.0,1.6,-1.2,1,hiver,21h-24h,1,2.0,1,0
2023-01-24 00:00:00,1.33,4.0,446.0,3.1,3.6,1,hiver,00h-03h,1,2.67,0,0
2023-01-24 03:00:00,0.67,4.0,419.0,2.8,2.1,1,hiver,03h-06h,1,1.33,0,0
2023-01-24 06:00:00,1.0,4.0,423.0,2.6,-1.8,1,hiver,06h-09h,1,0.67,1,0
2023-01-24 09:00:00,1.33,4.0,401.0,2.5,-0.2,1,hiver,09h-12h,1,1.0,1,0
2023-01-24 12:00:00,1.67,4.0,402.0,3.0,-1.2,1,hiver,12h-15h,1,1.33,1,0
2023-01-24 15:00:00,1.33,4.0,393.0,2.9,-1.3,1,hiver,15h-18h,1,1.67,1,0
2023-01-24 18:00:00,1.0,4.0,405.0,2.4,2.3,1,hiver,18h-21h,1,1.33,0,0
2023-01-24 21:00:00,0.33,4.0,428.0,3.0,3.5,1,hiver,21h-24h,1,1.0,0,0
2023-01-25 00:00:00,0.67,7.0,390.0,2.5,2.6,1,hiver,00h-03h,1,0.33,0,0
2023-01-25 03:00:00,0.67,7.0,424.0,2.2,2.5,1,hiver,03h-06h,1,0.67,0,0
2023-01-25 06:00:00,0.33,7.0,416.0,2.5,2.2,1,hiver,06h-09h,1,0.67,0,0
2023-01-25 09:00:00,2.33,7.0,415.0,2.7,-2.1,1,hiver,09h-12h,1,0.33,1,0
2023-01-25 12:00:00,3.0,7.0,408.0,2.6,0.2,1,hiver,12h-15h,1,2.33,0,0
2023-01-25 15:00:00,2.67,7.0,398.0,2.8,-2.7,1,hiver,15h-18h,1,3.0,1,0
2023-01-25 18:00:00,2.0,7.0,430.0,4.1,6.7,1,hiver,18h-21h,1,2.67,0,0
2023-01-25 21:00:00,1.33,7.0,412.0,5.8,2.1,1,hiver,21h-24h,1,2.0,0,0
2023-01-26 00:00:00,1.67,11.0,420.0,6.6,2.4,1,hiver,00h-03h,1,1.33,0,0
2023-01-26 03:00:00,3.0,11.0,426.0,7.2,-1.3,1,hiver,03h-06h,1,1.67,1,0
2023-01-26 06:00:00,3.0,11.0,464.0,7.8,-2.3,1,hiver,06h-09h,1,3.0,1,0
2023-01-26 09:00:00,2.33,11.0,471.0,8.1,-3.9,1,hiver,09h-12h,1,3.0,1,0
2023-01-26 12:00:00,3.0,11.0,470.0,8.1,-0.2,1,hiver,12h-15h,1,2.33,1,0
2023-01-26 15:00:00,2.67,11.0,505.0,5.4,1.6,1,hiver,15h-18h,1,3.0,0,0
2023-01-26 18:00:00,2.33,11.0,509.0,4.8,5.3,1,hiver,18h-21h,1,2.67,0,0
2023-01-26 21:00:00,1.33,11.0,532.0,5.0,7.1,1,hiver,21h-24h,1,2.33,0,0
2023-01-27 00:00:00,1.0,9.0,534.0,2.3,1.7,1,hiver,00h-03h,1,1.33,0,0
2023-01-27 03:00:00,0.67,9.0,558.0,2.6,5.8,1,hiver,03h-06h,1,1.0,0,0
2023-01-27 06:00:00,1.67,9.0,522.0,2.5,2.5,1,hiver,06h-09h,1,0.67,0,0
2023-01-27 09:00:00,2.67,9.0,514.0,2.3,-3.8,1,hiver,09h-12h,1,1.67,1,0
2023-01-27 12:00:00,2.67,9.0,574.0,2.1,0.3,1,hiver,12h-15h,1,2.67,0,0
2023-01-27 15:00:00,3.0,9.0,562.0,2.3,-0.4,1,hiver,15h-18h,1,2.67,1,0
2023-01-27 18:00:00,2.0,9.0,531.0,2.1,0.9,1,hiver,18h-21h,1,3.0,0,0
2023-01-27 21:00:00,2.67,9.0,521.0,2.8,0.9,1,hiver,21h-24h,1,2.0,0,0
2023-01-28 00:00:00,3.33,10.0,511.0,2.5,-3.0,1,hiver,00h-03h,1,2.67,1,0
2023-01-28 03:00:00,2.67,10.0,510.0,3.2,2.8,1,hiver,03h-06h,1,3.33,0,0
2023-01-28 06:00:00,2.0,10.0,530.0,3.5,1.3,1,hiver,06h-09h,1,2.67,0,0
2023-01-28 09:00:00,1.33,10.0,536.0,3.3,1.4,1,hiver,09h-12h,1,2.0,0,0
2023-01-28 12:00:00,2.33,10.0,544.0,3.6,-0.1,1,hiver,12h-15h,1,1.33,1,0
2023-01-28 15:00:00,2.33,10.0,519.0,3.5,-0.5,1,hiver,15h-18h,1,2.33,1,0
2023-01-28 18:00:00,3.0,10.0,508.0,3.5,-1.6,1,hiver,18h-21h,1,2.33,1,0
2023-01-28 21:00:00,1.67,10.0,502.0,3.3,-1.3,1,hiver,21h-24h,1,3.0,1,0
2023-01-29 00:00:00,1.0,5.0,499.0,3.7,2.5,1,hiver,00h-03h,1,1.67,0,0
2023-01-29 03:00:00,0.33,5.0,489.0,4.4,1.9,1,hiver,03h-06h,1,1.0,0,0
2023-01-29 06:00:00,2.0,5.0,480.0,5.1,0.5,1,hiver,06h-09h,1,0.33,0,0
2023-01-29 09:00:00,1.67,5.0,487.0,4.6,1.9,1,hiver,09h-12h,1,2.0,0,0
2023-01-29 12:00:00,1.0,5.0,480.0,4.7,1.0,1,hiver,12h-15h,1,1.67,0,0
2023-01-29 15:00:00,2.0,5.0,454.0,4.0,-0.5,1,hiver,15h-18h,1,1.0,1,0
2023-01-29 18:00:00,1.33,5.0,461.0,4.2,-0.5,1,hiver,18h-21h,1,2.0,1,0
2023-01-29 21:00:00,1.33,5.0,454.0,3.7,-0.9,1,hiver,21h-24h,1,1.33,1,0
2023-01-30 00:00:00,1.67,5.0,450.0,4.1,0.4,1,hiver,00h-03h,1,1.33,0,0
2023-01-30 03:00:00,0.33,5.0,422.0,4.2,-0.3,1,hiver,03h-06h,1,1.67,1,0
2023-01-30 06:00:00,1.0,5.0,414.0,4.2,-0.2,1,hiver,06h-09h,1,0.33,1,0
2023-01-30 09:00:00,1.33,5.0,402.0,5.9,-1.2,1,hiver,09h-12h,1,1.0,1,0
2023-01-30 12:00:00,0.67,5.0,392.0,7.4,0.6,1,hiver,12h-15h,1,1.33,0,0
2023-01-30 15:00:00,0.67,5.0,395.0,9.5,2.9,1,hiver,15h-18h,1,0.67,0,0
2023-01-30 18:00:00,1.33,5.0,386.0,15.2,4.7,1,hiver,18h-21h,1,0.67,0,0
2023-01-30 21:00:00,2.67,5.0,414.0,9.6,-1.1,1,hiver,21h-24h,1,1.33,1,0
2023-01-31 00:00:00,0.67,9.0,455.0,4.5,2.6,1,hiver,00h-03h,1,2.67,0,0
2023-01-31 03:00:00,2.33,9.0,465.0,6.7,-0.5,1,hiver,03h-06h,1,0.67,1,0
2023-01-31 06:00:00,3.0,9.0,450.0,5.9,-3.6,1,hiver,06h-09h,1,2.33,1,0
2023-01-31 09:00:00,2.0,9.0,478.0,4.1,-0.4,1,hiver,09h-12h,1,3.0,1,0
2023-01-31 12:00:00,0.67,9.0,482.0,5.6,1.8,1,hiver,12h-15h,1,2.0,0,0
2023-01-31 15:00:00,3.33,9.0,453.0,4.0,-3.4,1,hiver,15h-18h,1,0.67,1,0
2023-01-31 18:00:00,2.33,9.0,458.0,2.8,-1.3,1,hiver,18h-21h,1,3.33,1,0
2023-01-31 21:00:00,2.0,9.0,449.0,1.9,-0.9,1,hiver,21h-24h,1,2.33,1,0
2023-02-02 00:00:00,3.67,6.0,412.0,5.3,-5.1,2,hiver,00h-03h,1,2.0,1,0
2023-02-02 03:00:00,1.67,6.0,403.0,4.7,0.7,2,hiver,03h-06h,1,3.67,0,0
2023-02-02 06:00:00,0.67,6.0,381.0,5.2,0.9,2,hiver,06h-09h,1,1.67,0,0
2023-02-02 09:00:00,1.0,6.0,367.0,4.3,-0.6,2,hiver,09h-12h,1,0.67,1,0
2023-02-02 12:00:00,0.67,6.0,365.0,3.2,1.2,2,hiver,12h-15h,1,1.0,0,0
2023-02-02 15:00:00,0.33,6.0,367.0,3.0,1.2,2,hiver,15h-18h,1,0.67,0,0
2023-02-02 18:00:00,1.0,6.0,350.0,2.1,-1.5,2,hiver,18h-21h,1,0.33,1,0
2023-02-02 21:00:00,1.0,6.0,328.0,4.7,-2.4,2,hiver,21h-24h,1,1.0,1,0
2023-02-03 00:00:00,2.67,9.0,337.0,8.0,-2.2,2,hiver,00h-03h,1,1.0,1,0
2023-02-03 03:00:00,1.67,9.0,339.0,7.6,-1.8,2,hiver,03h-06h,1,2.67,1,0
2023-02-03 06:00:00,0.67,9.0,341.0,9.1,3.1,2,hiver,06h-09h,1,1.67,0,0
2023-02-03 09:00:00,0.67,9.0,346.0,9.0,4.3,2,hiver,09h-12h,1,0.67,0,0
2023-02-03 12:00:00,2.0,9.0,357.0,11.2,4.2,2,hiver,12h-15h,1,0.67,0,0
2023-02-03 15:00:00,3.33,9.0,9999.0,,-5.3,2,hiver,15h-18h,1,2.0,1,0
2023-02-03 18:00:00,3.0,9.0,9999.0,,-7.5,2,hiver,18h-21h,1,3.33,1,0
2023-02-03 21:00:00,2.0,9.0,9999.0,,3.6,2,hiver,21h-24h,1,3.0,0,0
2023-02-04 00:00:00,2.67,6.0,9999.0,,-3.7,2,hiver,00h-03h,1,2.0,1,0
2023-02-04 03:00:00,3.0,6.0,9999.0,,-2.8,2,hiver,03h-06h,1,2.67,1,0
2023-02-04 06:00:00,1.0,6.0,9999.0,,-3.4,2,hiver,06h-09h,1,3.0,1,0
2023-02-04 09:00:00,0.67,6.0,9999.0,,2.9,2,hiver,09h-12h,1,1.0,0,0
2023-02-04 12:00:00,1.0,6.0,9999.0,,-3.3,2,hiver,12h-15h,1,0.67,1,0
2023-02-04 15:00:00,1.0,6.0,9999.0,,-0.3,2,hiver,15h-18h,1,1.0,1,0
2023-02-04 18:00:00,0.67,6.0,9999.0,,3.2,2,hiver,18h-21h,1,1.0,0,0
2023-02-04 21:00:00,1.33,6.0,9999.0,,2.6,2,hiver,21h-24h,1,0.67,0,0
2023-02-05 00:00:00,0.67,5.0,9999.0,,2.9,2,hiver,00h-03h,1,1.33,0,0
2023-02-05 03:00:00,2.33,5.0,9999.0,,-1.2,2,hiver,03h-06h,1,0.67,1,0
2023-02-05 06:00:00,0.33,5.0,9999.0,,1.3,2,hiver,06h-09h,1,2.33,0,0
2023-02-05 09:00:00,1.33,5.0,344.0,6.8,1.4,2,hiver,09h-12h,1,0.33,0,0
2023-02-05 12:00:00,1.0,5.0,351.0,8.5,-0.3,2,hiver,12h-15h,1,1.33,1,0
2023-02-05 15:00:00,1.0,5.0,349.0,12.9,-0.3,2,hiver,15h-18h,1,1.0,1,0
2023-02-05 18:00:00,1.67,5.0,345.0,12.3,0.3,2,hiver,18h-21h,1,1.0,0,0
2023-02-05 21:00:00,2.0,5.0,350.0,15.3,4.1,2,hiver,21h-24h,1,1.67,0,0
2023-02-06 00:00:00,3.67,18.0,366.0,17.6,-5.4,2,hiver,00h-03h,1,2.0,1,0
2023-02-06 03:00:00,3.67,18.0,385.0,10.6,-0.4,2,hiver,03h-06h,1,3.67,1,0
2023-02-06 06:00:00,2.67,18.0,398.0,9.3,-1.7,2,hiver,06h-09h,1,3.67,1,0
2023-02-06 09:00:00,3.33,18.0,395.0,10.9,-5.0,2,hiver,09h-12h,1,2.67,1,0
2023-02-06 12:00:00,3.0,18.0,423.0,10.7,3.5,2,hiver,12h-15h,1,3.33,0,0
2023-02-06 15:00:00,2.0,18.0,416.0,7.9,1.2,2,hiver,15h-18h,1,3.0,0,0
2023-02-06 18:00:00,3.67,18.0,424.0,8.7,0.8,2,hiver,18h-21h,1,2.0,0,0
2023-02-06 21:00:00,3.67,18.0,476.0,7.4,-1.4,2,hiver,21h-24h,1,3.67,1,0
2023-02-07 00:00:00,4.0,20.0,9999.0,,-2.0,2,hiver,00h-03h,1,3.67,1,0
2023-02-07 03:00:00,4.0,20.0,9999.0,,-2.5,2,hiver,03h-06h,1,4.0,1,0
2023-02-07 06:00:00,3.33,20.0,9999.0,,2.9,2,hiver,06h-09h,1,4.0,0,0
2023-02-07 09:00:00,3.67,20.0,556.0,3.5,-6.8,2,hiver,09h-12h,1,3.33,1,0
2023-02-07 12:00:00,3.33,20.0,524.0,3.1,-1.3,2,hiver,12h-15h,1,3.67,1,0
2023-02-07 15:00:00,3.0,20.0,520.0,3.8,-2.1,2,hiver,15h-18h,1,3.33,1,0
2023-02-07 18:00:00,3.0,20.0,512.0,3.7,-1.2,2,hiver,18h-21h,1,3.0,1,0
2023-02-07 21:00:00,3.0,20.0,499.0,3.5,-1.8,2,hiver,21h-24h,1,3.0,1,0
2023-02-08 00:00:00,3.33,18.0,520.0,4.3,-2.7,2,hiver,00h-03h,1,3.0,1,0
2023-02-08 03:00:00,3.67,18.0,506.0,4.6,-1.9,2,hiver,03h-06h,1,3.33,1,0
2023-02-08 06:00:00,2.67,18.0,504.0,3.9,1.3,2,hiver,06h-09h,1,3.67,0,0
2023-02-08 09:00:00,3.67,18.0,515.0,4.2,0.5,2,hiver,09h-12h,1,2.67,0,0
2023-02-08 12:00:00,3.33,18.0,584.0,3.3,-2.6,2,hiver,12h-15h,1,3.67,1,0
2023-02-08 15:00:00,2.67,18.0,594.0,4.2,1.3,2,hiver,15h-18h,1,3.33,0,0
2023-02-08 18:00:00,3.33,18.0,597.0,4.0,-0.5,2,hiver,18h-21h,1,2.67,1,0
2023-02-08 21:00:00,3.33,18.0,580.0,4.4,-2.7,2,hiver,21h-24h,1,3.33,1,0
2023-02-09 00:00:00,3.33,21.0,567.0,3.6,-2.5,2,hiver,00h-03h,1,3.33,1,0
2023-02-09 03:00:00,4.0,21.0,554.0,3.6,-4.7,2,hiver,03h-06h,1,3.33,1,0
2023-02-09 06:00:00,3.33,21.0,561.0,3.0,-2.4,2,hiver,06h-09h,1,4.0,1,0
2023-02-09 09:00:00,3.0,21.0,555.0,2.0,2.7,2,hiver,09h-12h,1,3.33,0,0
2023-02-09 12:00:00,2.67,21.0,540.0,2.1,-0.3,2,hiver,12h-15h,1,3.0,1,0
2023-02-09 15:00:00,3.33,21.0,532.0,2.5,-1.4,2,hiver,15h-18h,1,2.67,1,0
2023-02-09 18:00:00,3.33,21.0,504.0,2.7,-5.5,2,hiver,18h-21h,1,3.33,1,0
2023-02-09 21:00:00,4.67,21.0,459.0,2.8,-5.0,2,hiver,21h-24h,1,3.33,1,0
2023-02-10 00:00:00,4.0,16.0,462.0,4.2,-4.5,2,hiver,00h-03h,1,4.67,1,0
2023-02-10 03:00:00,2.67,16.0,455.0,2.8,-3.3,2,hiver,03h-06h,1,4.0,1,0
2023-02-10 06:00:00,2.67,16.0,471.0,3.3,-2.0,2,hiver,06h-09h,1,2.67,1,0
2023-02-10 09:00:00,2.67,16.0,461.0,3.7,-0.8,2,hiver,09h-12h,1,2.67,1,0
2023-02-10 12:00:00,3.0,16.0,486.0,3.8,-3.8,2,hiver,12h-15h,1,2.67,1,0
2023-02-10 15:00:00,2.0,16.0,526.0,2.8,-2.2,2,hiver,15h-18h,1,3.0,1,0
2023-02-10 18:00:00,3.0,16.0,512.0,2.7,-2.9,2,hiver,18h-21h,1,2.0,1,0
2023-02-10 21:00:00,4.0,16.0,509.0,3.1,-3.5,2,hiver,21h-24h,1,3.0,1,0
2023-02-11 00:00:00,4.0,11.0,506.0,5.4,-1.7,2,hiver,00h-03h,1,4.0,1,0
2023-02-11 03:00:00,3.33,11.0,479.0,6.3,-2.0,2,hiver,03h-06h,1,4.0,1,0
2023-02-11 06:00:00,2.0,11.0,473.0,6.0,-2.2,2,hiver,06h-09h,1,3.33,1,0
2023-02-11 09:00:00,2.67,11.0,471.0,5.3,-3.4,2,hiver,09h-12h,1,2.0,1,0
2023-02-11 12:00:00,2.33,11.0,476.0,3.3,0.2,2,hiver,12h-15h,1,2.67,0,0
2023-02-11 15:00:00,1.0,11.0,467.0,2.1,4.0,2,hiver,15h-18h,1,2.33,0,0
2023-02-11 18:00:00,1.33,11.0,493.0,2.0,3.1,2,hiver,18h-21h,1,1.0,0,0
2023-02-11 21:00:00,0.67,11.0,477.0,2.1,2.3,2,hiver,21h-24h,1,1.33,0,0
2023-02-12 00:00:00,2.0,7.0,488.0,1.9,-0.8,2,hiver,00h-03h,1,0.67,1,0
2023-02-12 03:00:00,2.67,7.0,453.0,2.0,-1.6,2,hiver,03h-06h,1,2.0,1,0
2023-02-12 06:00:00,2.0,7.0,449.0,1.8,-1.6,2,hiver,06h-09h,1,2.67,1,0
2023-02-12 09:00:00,2.0,7.0,450.0,2.0,-1.4,2,hiver,09h-12h,1,2.0,1,0
2023-02-12 12:00:00,1.67,7.0,466.0,2.1,0.2,2,hiver,12h-15h,1,2.0,0,0
2023-02-12 15:00:00,1.33,7.0,426.0,1.6,-1.8,2,hiver,15h-18h,1,1.67,1,0
2023-02-12 18:00:00,2.33,7.0,420.0,1.5,-1.6,2,hiver,18h-21h,1,1.33,1,0
2023-02-12 21:00:00,1.67,7.0,408.0,1.9,-0.7,2,hiver,21h-24h,1,2.33,1,0
2023-02-13 00:00:00,1.33,4.0,404.0,1.6,-2.2,2,hiver,00h-03h,1,1.67,1,0
2023-02-13 03:00:00,0.33,4.0,384.0,5.8,-1.3,2,hiver,03h-06h,1,1.33,1,0
2023-02-13 06:00:00,0.67,4.0,381.0,6.3,-1.2,2,hiver,06h-09h,1,0.33,1,0
2023-02-13 09:00:00,1.33,4.0,362.0,5.9,-1.9,2,hiver,09h-12h,1,0.67,1,0
2023-02-13 12:00:00,2.0,4.0,357.0,8.1,-1.9,2,hiver,12h-15h,1,1.33,1,0
2023-02-13 15:00:00,1.0,4.0,352.0,10.6,-0.9,2,hiver,15h-18h,1,2.0,1,0
2023-02-13 18:00:00,1.33,4.0,352.0,13.4,-0.4,2,hiver,18h-21h,1,1.0,1,0
2023-02-13 21:00:00,0.67,4.0,364.0,3.9,-0.1,2,hiver,21h-24h,1,1.33,1,0
2023-02-14 00:00:00,2.67,8.0,358.0,5.3,1.5,2,hiver,00h-03h,1,0.67,0,0
2023-02-14 03:00:00,0.67,8.0,390.0,8.8,0.2,2,hiver,03h-06h,1,2.67,0,0
2023-02-14 06:00:00,3.0,8.0,389.0,7.9,-0.2,2,hiver,06h-09h,1,0.67,1,0
2023-02-14 09:00:00,2.33,8.0,370.0,8.2,-1.5,2,hiver,09h-12h,1,3.0,1,0
2023-02-14 12:00:00,1.0,8.0,357.0,7.7,-2.5,2,hiver,12h-15h,1,2.33,1,0
2023-02-14 15:00:00,1.33,8.0,346.0,5.8,-2.9,2,hiver,15h-18h,1,1.0,1,0
2023-02-14 18:00:00,1.0,8.0,328.0,6.3,-2.9,2,hiver,18h-21h,1,1.33,1,0
2023-02-14 21:00:00,2.33,8.0,321.0,9.3,-3.0,2,hiver,21h-24h,1,1.0,1,0
2023-02-15 00:00:00,3.0,29.0,350.0,23.6,-1.4,2,hiver,00h-03h,1,2.33,1,0
2023-02-15 03:00:00,4.0,29.0,345.0,24.7,0.7,2,hiver,03h-06h,1,3.0,0,0
2023-02-15 06:00:00,5.33,29.0,349.0,23.0,-11.4,2,hiver,06h-09h,1,4.0,1,1
2023-02-15 09:00:00,4.67,29.0,343.0,22.1,-6.8,2,hiver,09h-12h,1,5.33,1,0
2023-02-15 12:00:00,3.0,29.0,336.0,15.6,-8.8,2,hiver,12h-15h,1,4.67,1,0
2023-02-15 15:00:00,4.33,29.0,323.0,13.4,-9.2,2,hiver,15h-18h,1,3.0,1,0
2023-02-15 18:00:00,3.33,29.0,323.0,12.5,-9.8,2,hiver,18h-21h,1,4.33,1,0
2023-02-15 21:00:00,4.33,29.0,322.0,9.4,-6.2,2,hiver,21h-24h,1,3.33,1,0
2023-02-16 00:00:00,3.0,24.0,324.0,15.9,10.1,2,hiver,00h-03h,1,4.33,0,0
2023-02-16 03:00:00,3.0,24.0,347.0,22.5,5.9,2,hiver,03h-06h,1,3.0,0,0
2023-02-16 06:00:00,5.0,24.0,380.0,11.0,-3.7,2,hiver,06h-09h,1,3.0,1,1
2023-02-16 09:00:00,4.33,24.0,402.0,6.6,-12.2,2,hiver,09h-12h,1,5.0,1,0
2023-02-16 12:00:00,4.33,24.0,428.0,12.1,-1.8,2,hiver,12h-15h,1,4.33,1,0
2023-02-16 15:00:00,4.67,24.0,422.0,9.8,-1.5,2,hiver,15h-18h,1,4.33,1,0
2023-02-16 18:00:00,1.67,24.0,466.0,4.2,5.3,2,hiver,18h-21h,1,4.67,0,0
2023-02-16 21:00:00,2.0,24.0,491.0,3.8,10.6,2,hiver,21h-24h,1,1.67,0,0
2023-02-17 00:00:00,1.67,6.0,477.0,3.6,2.9,2,hiver,00h-03h,1,2.0,0,0
2023-02-17 03:00:00,3.0,6.0,528.0,1.9,-1.0,2,hiver,03h-06h,1,1.67,1,0
2023-02-17 06:00:00,2.0,6.0,513.0,2.2,2.0,2,hiver,06h-09h,1,3.0,0,0
2023-02-17 09:00:00,1.33,6.0,495.0,1.9,1.7,2,hiver,09h-12h,1,2.0,0,0
2023-02-17 12:00:00,1.67,6.0,473.0,1.9,1.0,2,hiver,12h-15h,1,1.33,0,0
2023-02-17 15:00:00,1.0,6.0,467.0,2.2,1.7,2,hiver,15h-18h,1,1.67,0,0
2023-02-17 18:00:00,1.67,6.0,464.0,2.3,0.8,2,hiver,18h-21h,1,1.0,0,0
2023-02-17 21:00:00,0.33,6.0,455.0,2.3,2.3,2,hiver,21h-24h,1,1.67,0,0
2023-02-18 00:00:00,1.0,6.0,431.0,2.4,1.8,2,hiver,00h-03h,1,0.33,0,0
2023-02-18 03:00:00,2.33,6.0,413.0,3.2,-0.9,2,hiver,03h-06h,1,1.0,1,0
2023-02-18 06:00:00,0.67,6.0,409.0,3.5,1.9,2,hiver,06h-09h,1,2.33,0,0
2023-02-18 09:00:00,1.33,6.0,403.0,3.8,1.1,2,hiver,09h-12h,1,0.67,0,0
2023-02-18 12:00:00,2.0,6.0,430.0,5.1,1.3,2,hiver,12h-15h,1,1.33,0,0
2023-02-18 15:00:00,1.33,6.0,415.0,5.1,0.4,2,hiver,15h-18h,1,2.0,0,0
2023-02-18 18:00:00,2.33,6.0,405.0,4.5,-1.0,2,hiver,18h-21h,1,1.33,1,0
2023-02-18 21:00:00,2.33,6.0,403.0,4.3,0.4,2,hiver,21h-24h,1,2.33,0,0
2023-02-19 00:00:00,3.0,7.0,398.0,4.4,-2.2,2,hiver,00h-03h,1,2.33,1,0
2023-02-19 03:00:00,0.67,7.0,387.0,4.6,-1.0,2,hiver,03h-06h,1,3.0,1,0
2023-02-19 06:00:00,1.0,7.0,375.0,5.9,2.6,2,hiver,06h-09h,1,0.67,0,0
2023-02-19 09:00:00,1.0,7.0,364.0,6.6,-2.2,2,hiver,09h-12h,1,1.0,1,0
2023-02-19 12:00:00,2.33,7.0,356.0,6.5,-2.3,2,hiver,12h-15h,1,1.0,1,0
2023-02-19 15:00:00,1.33,7.0,358.0,6.5,-0.7,2,hiver,15h-18h,1,2.33,1,0
2023-02-19 18:00:00,2.0,7.0,377.0,6.3,-3.0,2,hiver,18h-21h,1,1.33,1,0
2023-02-19 21:00:00,1.67,7.0,355.0,7.9,-1.5,2,hiver,21h-24h,1,2.0,1,0
2023-02-20 00:00:00,1.0,8.0,341.0,7.4,1.4,2,hiver,00h-03h,1,1.67,0,0
2023-02-20 03:00:00,0.67,8.0,324.0,5.8,2.3,2,hiver,03h-06h,1,1.0,0,0
2023-02-20 06:00:00,2.0,8.0,351.0,6.7,-1.4,2,hiver,06h-09h,1,0.67,1,0
2023-02-20 09:00:00,2.67,8.0,368.0,7.7,-1.5,2,hiver,09h-12h,1,2.0,1,0
2023-02-20 12:00:00,2.33,8.0,402.0,7.5,7.1,2,hiver,12h-15h,1,2.67,0,0
2023-02-20 15:00:00,2.33,8.0,416.0,8.7,1.3,2,hiver,15h-18h,1,2.33,0,0
2023-02-20 18:00:00,2.67,8.0,442.0,10.0,0.4,2,hiver,18h-21h,1,2.33,0,0
2023-02-20 21:00:00,2.0,8.0,414.0,9.2,3.2,2,hiver,21h-24h,1,2.67,0,0
2023-02-21 00:00:00,3.33,17.0,407.0,9.1,1.7,2,hiver,00h-03h,1,2.0,0,0
2023-02-21 03:00:00,3.33,17.0,390.0,8.6,2.0,2,hiver,03h-06h,1,3.33,0,0
2023-02-21 06:00:00,3.33,17.0,379.0,7.9,-3.9,2,hiver,06h-09h,1,3.33,1,0
2023-02-21 09:00:00,4.33,17.0,401.0,7.6,-9.1,2,hiver,09h-12h,1,3.33,1,0
2023-02-21 12:00:00,4.0,17.0,391.0,7.3,-2.2,2,hiver,12h-15h,1,4.33,1,0
2023-02-21 15:00:00,2.0,17.0,382.0,6.5,3.1,2,hiver,15h-18h,1,4.0,0,0
2023-02-21 18:00:00,1.67,17.0,400.0,6.8,4.5,2,hiver,18h-21h,1,2.0,0,0
2023-02-21 21:00:00,1.67,17.0,409.0,6.7,3.8,2,hiver,21h-24h,1,1.67,0,0
2023-02-22 00:00:00,1.67,6.0,396.0,6.8,0.5,2,hiver,00h-03h,1,1.67,0,0
2023-02-22 03:00:00,0.67,6.0,394.0,4.9,4.4,2,hiver,03h-06h,1,1.67,0,0
2023-02-22 06:00:00,1.33,6.0,395.0,4.1,3.1,2,hiver,06h-09h,1,0.67,0,0
2023-02-22 09:00:00,2.0,6.0,431.0,4.4,3.7,2,hiver,09h-12h,1,1.33,0,0
2023-02-22 12:00:00,2.0,6.0,404.0,3.9,-1.8,2,hiver,12h-15h,1,2.0,1,0
2023-02-22 15:00:00,2.0,6.0,428.0,4.2,1.3,2,hiver,15h-18h,1,2.0,0,0
2023-02-22 18:00:00,2.0,6.0,443.0,6.0,-1.3,2,hiver,18h-21h,1,2.0,1,0
2023-02-22 21:00:00,2.33,6.0,470.0,8.0,2.8,2,hiver,21h-24h,1,2.0,0,0
2023-02-23 00:00:00,4.67,22.0,461.0,8.9,1.1,2,hiver,00h-03h,1,2.33,0,0
2023-02-23 03:00:00,3.67,22.0,539.0,5.6,-1.3,2,hiver,03h-06h,1,4.67,1,0
2023-02-23 06:00:00,3.0,22.0,538.0,4.8,-2.5,2,hiver,06h-09h,1,3.67,1,0
2023-02-23 09:00:00,3.0,22.0,551.0,2.9,-1.4,2,hiver,09h-12h,1,3.0,1,0
2023-02-23 12:00:00,2.67,22.0,559.0,3.1,0.1,2,hiver,12h-15h,1,3.0,0,0
2023-02-23 15:00:00,3.67,22.0,549.0,2.8,-2.3,2,hiver,15h-18h,1,2.67,1,0
2023-02-23 18:00:00,3.67,22.0,559.0,3.2,-1.8,2,hiver,18h-21h,1,3.67,1,0
2023-02-23 21:00:00,4.0,22.0,661.0,5.2,4.5,2,hiver,21h-24h,1,3.67,0,0
2023-02-24 00:00:00,3.0,6.0,596.0,6.8,5.1,2,hiver,00h-03h,1,4.0,0,0
2023-02-24 03:00:00,1.33,6.0,578.0,8.0,5.1,2,hiver,03h-06h,1,3.0,0,0
2023-02-24 06:00:00,2.0,6.0,547.0,6.8,3.3,2,hiver,06h-09h,1,1.33,0,0
2023-02-24 09:00:00,1.0,6.0,524.0,6.9,4.6,2,hiver,09h-12h,1,2.0,0,0
2023-02-24 12:00:00,1.67,6.0,496.0,3.5,6.3,2,hiver,12h-15h,1,1.0,0,0
2023-02-24 15:00:00,0.33,6.0,486.0,2.6,6.5,2,hiver,15h-18h,1,1.67,0,0
2023-02-24 18:00:00,0.67,6.0,466.0,4.0,5.0,2,hiver,18h-21h,1,0.33,0,0
2023-02-24 21:00:00,0.67,6.0,450.0,2.8,4.4,2,hiver,21h-24h,1,0.67,0,0
2023-02-25 00:00:00,0.67,10.0,9999.0,,-0.3,2,hiver,00h-03h,1,0.67,1,0
2023-02-25 03:00:00,0.67,10.0,9999.0,,-0.3,2,hiver,03h-06h,1,0.67,1,0
2023-02-25 06:00:00,2.0,10.0,9999.0,,-1.6,2,hiver,06h-09h,1,0.67,1,0
2023-02-25 09:00:00,2.33,10.0,412.0,4.9,-1.6,2,hiver,09h-12h,1,2.0,1,0
2023-02-25 12:00:00,1.67,10.0,9999.0,,0.6,2,hiver,12h-15h,1,2.33,0,0
2023-02-25 15:00:00,3.0,10.0,9999.0,,-4.0,2,hiver,15h-18h,1,1.67,1,0
2023-02-25 18:00:00,3.0,10.0,9999.0,,-7.6,2,hiver,18h-21h,1,3.0,1,0
2023-02-25 21:00:00,3.33,10.0,9999.0,,0.5,2,hiver,21h-24h,1,3.0,0,0
2023-02-26 00:00:00,3.33,26.0,9999.0,,2.1,2,hiver,00h-03h,1,3.33,0,0
2023-02-26 03:00:00,2.67,26.0,446.0,13.7,1.9,2,hiver,03h-06h,1,3.33,0,0
2023-02-26 06:00:00,3.33,26.0,464.0,25.7,0.8,2,hiver,06h-09h,1,2.67,0,0
2023-02-26 09:00:00,3.67,26.0,461.0,14.1,-1.5,2,hiver,09h-12h,1,3.33,1,0
2023-02-26 12:00:00,3.0,26.0,481.0,4.1,2.5,2,hiver,12h-15h,1,3.67,0,0
2023-02-26 15:00:00,1.33,26.0,454.0,5.1,2.2,2,hiver,15h-18h,1,3.0,0,0
2023-02-26 18:00:00,5.0,26.0,461.0,6.8,5.5,2,hiver,18h-21h,1,1.33,0,1
2023-02-26 21:00:00,5.67,26.0,566.0,17.0,-7.2,2,hiver,21h-24h,1,5.0,1,1
2023-02-27 00:00:00,5.0,94.0,660.0,8.5,-2.1,2,hiver,00h-03h,1,5.67,1,1
2023-02-27 03:00:00,6.0,94.0,9999.0,,-0.1,2,hiver,03h-06h,1,5.0,1,1
2023-02-27 06:00:00,6.67,94.0,9999.0,,-12.5,2,hiver,06h-09h,1,6.0,1,1
2023-02-27 09:00:00,7.0,94.0,9999.0,,-9.2,2,hiver,09h-12h,1,6.67,1,1
2023-02-27 12:00:00,6.67,94.0,794.0,6.2,-0.4,2,hiver,12h-15h,1,7.0,1,1
2023-02-27 15:00:00,6.67,94.0,824.0,6.9,-6.0,2,hiver,15h-18h,1,6.67,1,1
2023-02-27 18:00:00,6.33,94.0,797.0,6.3,-1.7,2,hiver,18h-21h,1,6.67,1,1
2023-02-27 21:00:00,5.67,94.0,758.0,2.8,-5.3,2,hiver,21h-24h,1,6.33,1,1
2023-02-28 00:00:00,5.67,28.0,714.0,2.2,-2.6,2,hiver,00h-03h,1,5.67,1,1
2023-02-28 03:00:00,4.67,28.0,680.0,2.5,-1.2,2,hiver,03h-06h,1,5.67,1,0
2023-02-28 06:00:00,3.33,28.0,648.0,1.8,1.8,2,hiver,06h-09h,1,4.67,0,0
2023-02-28 09:00:00,3.33,28.0,651.0,1.4,4.5,2,hiver,09h-12h,1,3.33,0,0
2023-02-28 12:00:00,2.0,28.0,626.0,2.2,-0.5,2,hiver,12h-15h,1,3.33,1,0
2023-02-28 15:00:00,2.0,28.0,603.0,1.9,0.5,2,hiver,15h-18h,1,2.0,0,0
2023-02-28 18:00:00,4.33,28.0,591.0,1.0,-1.6,2,hiver,18h-21h,1,2.0,1,0
2023-02-28 21:00:00,4.33,28.0,629.0,1.2,-1.8,2,hiver,21h-24h,1,4.33,1,0
2023-03-01 00:00:00,3.33,8.0,651.0,1.6,1.1,3,printemps,00h-03h,1,4.33,0,0
2023-03-01 03:00:00,1.67,8.0,669.0,1.6,1.8,3,printemps,03h-06h,1,3.33,0,0
2023-03-01 06:00:00,1.33,8.0,612.0,1.7,2.1,3,printemps,06h-09h,1,1.67,0,0
2023-03-01 09:00:00,2.67,8.0,637.0,2.9,3.4,3,printemps,09h-12h,1,1.33,0,0
2023-03-01 12:00:00,0.67,8.0,605.0,4.8,2.5,3,printemps,12h-15h,1,2.67,0,0
2023-03-01 15:00:00,1.33,8.0,590.0,3.2,1.4,3,printemps,15h-18h,1,0.67,0,0
2023-03-01 18:00:00,2.33,8.0,573.0,5.6,0.9,3,printemps,18h-21h,1,1.33,0,0
2023-03-01 21:00:00,2.33,8.0,567.0,7.0,1.4,3,printemps,21h-24h,1,2.33,0,0
2023-03-02 00:00:00,1.33,9.0,536.0,4.9,4.6,3,printemps,00h-03h,1,2.33,0,0
2023-03-02 03:00:00,1.67,9.0,542.0,2.5,-0.1,3,printemps,03h-06h,1,1.33,1,0
2023-03-02 06:00:00,2.33,9.0,511.0,3.0,-2.0,3,printemps,06h-09h,1,1.67,1,0
2023-03-02 09:00:00,2.33,9.0,503.0,3.4,1.6,3,printemps,09h-12h,1,2.33,0,0
2023-03-02 12:00:00,1.33,9.0,499.0,5.1,3.1,3,printemps,12h-15h,1,2.33,0,0
2023-03-02 15:00:00,1.67,9.0,508.0,4.4,1.1,3,printemps,15h-18h,1,1.33,0,0
2023-03-02 18:00:00,2.67,9.0,484.0,7.5,-3.0,3,printemps,18h-21h,1,1.67,1,0
2023-03-02 21:00:00,3.67,9.0,451.0,2.8,-5.6,3,printemps,21h-24h,1,2.67,1,0
2023-03-03 00:00:00,3.67,22.0,538.0,3.9,-2.5,3,printemps,00h-03h,1,3.67,1,0
2023-03-03 03:00:00,3.67,22.0,565.0,3.6,1.1,3,printemps,03h-06h,1,3.67,0,0
2023-03-03 06:00:00,3.33,22.0,561.0,3.5,-0.8,3,printemps,06h-09h,1,3.67,1,0
2023-03-03 09:00:00,3.67,22.0,573.0,3.7,-3.3,3,printemps,09h-12h,1,3.33,1,0
2023-03-03 12:00:00,3.67,22.0,642.0,2.0,-4.0,3,printemps,12h-15h,1,3.67,1,0
2023-03-03 15:00:00,2.0,22.0,643.0,2.5,2.1,3,printemps,15h-18h,1,3.67,0,0
2023-03-03 18:00:00,4.33,22.0,618.0,2.4,-0.1,3,printemps,18h-21h,1,2.0,1,0
2023-03-03 21:00:00,4.33,22.0,630.0,2.5,1.7,3,printemps,21h-24h,1,4.33,0,0
2023-03-04 00:00:00,3.67,15.0,670.0,1.9,-1.9,3,printemps,00h-03h,1,4.33,1,0
2023-03-04 03:00:00,3.0,15.0,716.0,2.0,1.3,3,printemps,03h-06h,1,3.67,0,0
2023-03-04 06:00:00,3.0,15.0,703.0,1.8,-1.2,3,printemps,06h-09h,1,3.0,1,0
2023-03-04 09:00:00,3.0,15.0,687.0,1.4,1.8,3,printemps,09h-12h,1,3.0,0,0
2023-03-04 12:00:00,2.0,15.0,709.0,1.9,0.8,3,printemps,12h-15h,1,3.0,0,0
2023-03-04 15:00:00,2.67,15.0,706.0,1.5,1.0,3,printemps,15h-18h,1,2.0,0,0
2023-03-04 18:00:00,3.0,15.0,711.0,1.5,0.7,3,printemps,18h-21h,1,2.67,0,0
2023-03-04 21:00:00,3.67,15.0,685.0,1.4,-1.6,3,printemps,21h-24h,1,3.0,1,0
2023-03-05 00:00:00,3.67,22.0,682.0,1.9,-1.0,3,printemps,00h-03h,1,3.67,1,0
2023-03-05 03:00:00,3.33,22.0,655.0,2.3,-0.7,3,printemps,03h-06h,1,3.67,1,0
2023-03-05 06:00:00,3.67,22.0,654.0,2.8,2.2,3,printemps,06h-09h,1,3.33,0,0
2023-03-05 09:00:00,3.0,22.0,622.0,2.4,-3.1,3,printemps,09h-12h,1,3.67,1,0
2023-03-05 12:00:00,4.0,22.0,581.0,3.3,-1.1,3,printemps,12h-15h,1,3.0,1,0
2023-03-05 15:00:00,3.33,22.0,544.0,3.8,-2.2,3,printemps,15h-18h,1,4.0,1,0
2023-03-05 18:00:00,4.0,22.0,592.0,3.4,-3.2,3,printemps,18h-21h,1,3.33,1,0
2023-03-05 21:00:00,4.0,22.0,647.0,3.4,2.5,3,printemps,21h-24h,1,4.0,0,0
2023-03-06 00:00:00,4.0,15.0,572.0,2.8,-1.8,3,printemps,00h-03h,1,4.0,1,0
2023-03-06 03:00:00,3.0,15.0,633.0,2.4,-0.5,3,printemps,03h-06h,1,4.0,1,0
2023-03-06 06:00:00,2.33,15.0,643.0,2.4,2.9,3,printemps,06h-09h,1,3.0,0,0
2023-03-06 09:00:00,2.33,15.0,629.0,2.6,0.2,3,printemps,09h-12h,1,2.33,0,0
2023-03-06 12:00:00,2.67,15.0,612.0,2.0,-0.6,3,printemps,12h-15h,1,2.33,1,0
2023-03-06 15:00:00,3.0,15.0,655.0,2.0,-1.8,3,printemps,15h-18h,1,2.67,1,0
2023-03-06 18:00:00,2.67,15.0,629.0,1.6,-2.3,3,printemps,18h-21h,1,3.0,1,0
2023-03-06 21:00:00,3.67,15.0,617.0,1.5,-0.4,3,printemps,21h-24h,1,2.67,1,0
2023-03-07 00:00:00,2.67,11.0,627.0,1.6,0.2,3,printemps,00h-03h,1,3.67,0,0
2023-03-07 03:00:00,3.33,11.0,652.0,2.3,0.7,3,printemps,03h-06h,1,2.67,0,0
2023-03-07 06:00:00,3.33,11.0,655.0,2.3,0.6,3,printemps,06h-09h,1,3.33,0,0
2023-03-07 09:00:00,3.0,11.0,647.0,1.9,1.2,3,printemps,09h-12h,1,3.33,0,0
2023-03-07 12:00:00,2.33,11.0,603.0,1.4,-0.5,3,printemps,12h-15h,1,3.0,1,0
2023-03-07 15:00:00,1.33,11.0,577.0,1.3,-0.1,3,printemps,15h-18h,1,2.33,1,0
2023-03-07 18:00:00,1.33,11.0,536.0,1.2,-1.0,3,printemps,18h-21h,1,1.33,1,0
2023-03-07 21:00:00,1.0,11.0,480.0,2.5,-0.6,3,printemps,21h-24h,1,1.33,1,0
2023-03-08 00:00:00,1.33,8.0,469.0,3.1,1.8,3,printemps,00h-03h,1,1.0,0,0
2023-03-08 03:00:00,2.0,8.0,431.0,3.1,-2.1,3,printemps,03h-06h,1,1.33,1,0
2023-03-08 06:00:00,2.0,8.0,429.0,3.0,-2.2,3,printemps,06h-09h,1,2.0,1,0
2023-03-08 09:00:00,2.0,8.0,421.0,2.4,-2.7,3,printemps,09h-12h,1,2.0,1,0
2023-03-08 12:00:00,1.33,8.0,403.0,2.9,-0.7,3,printemps,12h-15h,1,2.0,1,0
2023-03-08 15:00:00,1.33,8.0,426.0,3.2,0.2,3,printemps,15h-18h,1,1.33,0,0
2023-03-08 18:00:00,3.0,8.0,425.0,3.2,-4.0,3,printemps,18h-21h,1,1.33,1,0
2023-03-08 21:00:00,2.67,8.0,402.0,3.4,-1.2,3,printemps,21h-24h,1,3.0,1,0
2023-03-09 00:00:00,2.33,17.0,405.0,3.9,-0.2,3,printemps,00h-03h,1,2.67,1,0
2023-03-09 03:00:00,3.33,17.0,418.0,4.9,-3.6,3,printemps,03h-06h,1,2.33,1,0
2023-03-09 06:00:00,4.33,17.0,422.0,6.0,-6.9,3,printemps,06h-09h,1,3.33,1,0
2023-03-09 09:00:00,3.67,17.0,416.0,7.7,-1.9,3,printemps,09h-12h,1,4.33,1,0
2023-03-09 12:00:00,3.33,17.0,422.0,9.0,-3.3,3,printemps,12h-15h,1,3.67,1,0
2023-03-09 15:00:00,2.67,17.0,421.0,8.7,-1.3,3,printemps,15h-18h,1,3.33,1,0
2023-03-09 18:00:00,2.67,17.0,413.0,5.2,-2.3,3,printemps,18h-21h,1,2.67,1,0
2023-03-09 21:00:00,2.33,17.0,410.0,4.6,-3.8,3,printemps,21h-24h,1,2.67,1,0
2023-03-10 00:00:00,4.0,11.0,402.0,4.5,-1.0,3,printemps,00h-03h,1,2.33,1,0
2023-03-10 03:00:00,2.0,11.0,391.0,4.5,-0.1,3,printemps,03h-06h,1,4.0,1,0
2023-03-10 06:00:00,2.33,11.0,403.0,4.9,-2.6,3,printemps,06h-09h,1,2.0,1,0
2023-03-10 09:00:00,1.0,11.0,392.0,5.0,4.7,3,printemps,09h-12h,1,2.33,0,0
2023-03-10 12:00:00,1.33,11.0,371.0,4.9,3.0,3,printemps,12h-15h,1,1.0,0,0
2023-03-10 15:00:00,2.67,11.0,369.0,4.9,-4.1,3,printemps,15h-18h,1,1.33,1,0
2023-03-10 18:00:00,2.33,11.0,361.0,4.6,0.7,3,printemps,18h-21h,1,2.67,0,0
2023-03-10 21:00:00,2.67,11.0,349.0,4.5,0.3,3,printemps,21h-24h,1,2.33,0,0
2023-03-11 00:00:00,2.67,7.0,347.0,4.6,-1.0,3,printemps,00h-03h,1,2.67,1,0
2023-03-11 03:00:00,2.0,7.0,346.0,4.6,0.2,3,printemps,03h-06h,1,2.67,0,0
2023-03-11 06:00:00,1.33,7.0,341.0,4.7,-2.7,3,printemps,06h-09h,1,2.0,1,0
2023-03-11 09:00:00,1.0,7.0,347.0,5.3,3.7,3,printemps,09h-12h,1,1.33,0,0
2023-03-11 12:00:00,1.33,7.0,341.0,5.3,1.9,3,printemps,12h-15h,1,1.0,0,0
2023-03-11 15:00:00,0.67,7.0,349.0,5.5,2.0,3,printemps,15h-18h,1,1.33,0,0
2023-03-11 18:00:00,1.67,7.0,345.0,6.1,-0.7,3,printemps,18h-21h,1,0.67,1,0
2023-03-11 21:00:00,2.67,7.0,353.0,6.2,-1.8,3,printemps,21h-24h,1,1.67,1,0
2023-03-12 00:00:00,2.67,8.0,371.0,7.9,-3.8,3,printemps,00h-03h,1,2.67,1,0
2023-03-12 03:00:00,2.0,8.0,358.0,8.4,-2.7,3,printemps,03h-06h,1,2.67,1,0
2023-03-12 06:00:00,3.0,8.0,371.0,6.9,-0.9,3,printemps,06h-09h,1,2.0,1,0
2023-03-12 09:00:00,2.67,8.0,384.0,5.2,-4.7,3,printemps,09h-12h,1,3.0,1,0
2023-03-12 12:00:00,1.33,8.0,379.0,15.2,1.5,3,printemps,12h-15h,1,2.67,0,0
2023-03-12 15:00:00,0.67,8.0,369.0,11.7,0.4,3,printemps,15h-18h,1,1.33,0,0
2023-03-12 18:00:00,1.0,8.0,383.0,8.2,0.7,3,printemps,18h-21h,1,0.67,0,0
2023-03-12 21:00:00,1.0,8.0,381.0,9.2,0.7,3,printemps,21h-24h,1,1.0,0,0
2023-03-13 00:00:00,1.33,3.0,371.0,8.3,1.0,3,printemps,00h-03h,1,1.0,0,0
2023-03-13 03:00:00,0.33,3.0,352.0,8.3,1.0,3,printemps,03h-06h,1,1.33,0,0
2023-03-13 06:00:00,0.67,3.0,339.0,7.3,2.7,3,printemps,06h-09h,1,0.33,0,0
2023-03-13 09:00:00,0.67,3.0,336.0,7.1,3.1,3,printemps,09h-12h,1,0.67,0,0
2023-03-13 12:00:00,0.67,3.0,334.0,7.5,5.5,3,printemps,12h-15h,1,0.67,0,0
2023-03-13 15:00:00,1.33,3.0,332.0,10.6,6.0,3,printemps,15h-18h,1,0.67,0,0
2023-03-13 18:00:00,0.67,3.0,340.0,11.6,6.8,3,printemps,18h-21h,1,1.33,0,0
2023-03-13 21:00:00,0.67,3.0,338.0,14.9,3.7,3,printemps,21h-24h,1,0.67,0,0
2023-03-14 00:00:00,3.0,17.0,320.0,14.1,-1.6,3,printemps,00h-03h,1,0.67,1,0
2023-03-14 03:00:00,3.33,17.0,329.0,22.7,-2.1,3,printemps,03h-06h,1,3.0,1,0
2023-03-14 06:00:00,3.0,17.0,372.0,21.0,-2.4,3,printemps,06h-09h,1,3.33,1,0
2023-03-14 09:00:00,3.67,17.0,424.0,12.6,-4.2,3,printemps,09h-12h,1,3.0,1,0
2023-03-14 12:00:00,3.33,17.0,423.0,14.9,-4.4,3,printemps,12h-15h,1,3.67,1,0
2023-03-14 15:00:00,3.0,17.0,409.0,10.8,0.6,3,printemps,15h-18h,1,3.33,0,0
2023-03-14 18:00:00,2.33,17.0,411.0,12.2,-2.4,3,printemps,18h-21h,1,3.0,1,0
2023-03-14 21:00:00,4.0,17.0,397.0,13.5,-0.2,3,printemps,21h-24h,1,2.33,1,0
2023-03-15 00:00:00,3.67,29.0,407.0,12.1,-4.3,3,printemps,00h-03h,1,4.0,1,0
2023-03-15 03:00:00,5.67,29.0,423.0,9.6,-5.0,3,printemps,03h-06h,1,3.67,1,1
2023-03-15 06:00:00,4.0,29.0,550.0,18.3,2.3,3,printemps,06h-09h,1,5.67,0,0
2023-03-15 09:00:00,3.67,29.0,524.0,15.2,2.7,3,printemps,09h-12h,1,4.0,0,0
2023-03-15 12:00:00,2.67,29.0,494.0,11.9,4.7,3,printemps,12h-15h,1,3.67,0,0
2023-03-15 15:00:00,2.0,29.0,485.0,9.5,8.4,3,printemps,15h-18h,1,2.67,0,0
2023-03-15 18:00:00,2.0,29.0,481.0,10.8,7.6,3,printemps,18h-21h,1,2.0,0,0
2023-03-15 21:00:00,5.67,29.0,487.0,7.5,-9.3,3,printemps,21h-24h,1,2.0,1,1
2023-03-16 00:00:00,4.33,8.0,528.0,10.3,4.4,3,printemps,00h-03h,1,5.67,0,0
2023-03-16 03:00:00,2.67,8.0,508.0,5.0,3.6,3,printemps,03h-06h,1,4.33,0,0
2023-03-16 06:00:00,1.33,8.0,539.0,2.8,2.6,3,printemps,06h-09h,1,2.67,0,0
2023-03-16 09:00:00,1.33,8.0,519.0,2.3,3.7,3,printemps,09h-12h,1,1.33,0,0
2023-03-16 12:00:00,0.67,8.0,511.0,2.6,3.9,3,printemps,12h-15h,1,1.33,0,0
2023-03-16 15:00:00,0.67,8.0,491.0,2.6,3.5,3,printemps,15h-18h,1,0.67,0,0
2023-03-16 18:00:00,1.0,8.0,457.0,2.1,1.0,3,printemps,18h-21h,1,0.67,0,0
2023-03-16 21:00:00,0.67,8.0,463.0,3.0,3.5,3,printemps,21h-24h,1,1.0,0,0
2023-03-17 00:00:00,1.0,7.0,434.0,2.7,2.6,3,printemps,00h-03h,1,0.67,0,0
2023-03-17 03:00:00,1.67,7.0,432.0,2.5,2.1,3,printemps,03h-06h,1,1.0,0,0
2023-03-17 06:00:00,2.0,7.0,437.0,2.6,3.6,3,printemps,06h-09h,1,1.67,0,0
2023-03-17 09:00:00,2.67,7.0,433.0,2.8,1.0,3,printemps,09h-12h,1,2.0,0,0
2023-03-17 12:00:00,2.67,7.0,403.0,2.7,-1.0,3,printemps,12h-15h,1,2.67,1,0
2023-03-17 15:00:00,0.67,7.0,396.0,3.1,1.7,3,printemps,15h-18h,1,2.67,0,0
2023-03-17 18:00:00,0.67,7.0,402.0,3.8,3.8,3,printemps,18h-21h,1,0.67,0,0
2023-03-17 21:00:00,2.0,7.0,405.0,3.7,0.7,3,printemps,21h-24h,1,0.67,0,0
2023-03-19 00:00:00,2.0,10.0,380.0,2.7,1.0,3,printemps,00h-03h,1,2.0,0,0
2023-03-19 03:00:00,3.0,10.0,420.0,4.7,-2.5,3,printemps,03h-06h,1,2.0,1,0
2023-03-19 06:00:00,3.0,10.0,404.0,4.9,-1.7,3,printemps,06h-09h,1,3.0,1,0
2023-03-19 09:00:00,2.0,10.0,417.0,4.9,2.3,3,printemps,09h-12h,1,3.0,0,0
2023-03-19 12:00:00,1.67,10.0,404.0,4.8,-0.3,3,printemps,12h-15h,1,2.0,1,0
2023-03-19 15:00:00,2.33,10.0,409.0,5.2,-2.1,3,printemps,15h-18h,1,1.67,1,0
2023-03-19 18:00:00,2.67,10.0,405.0,4.2,-3.0,3,printemps,18h-21h,1,2.33,1,0
2023-03-19 21:00:00,1.67,10.0,405.0,4.6,4.0,3,printemps,21h-24h,1,2.67,0,0
2023-03-20 00:00:00,3.0,13.0,411.0,4.5,-2.0,3,printemps,00h-03h,1,1.67,1,0
2023-03-20 03:00:00,1.0,13.0,392.0,4.0,1.7,3,printemps,03h-06h,1,3.0,0,0
2023-03-20 06:00:00,1.0,13.0,406.0,4.1,3.4,3,printemps,06h-09h,1,1.0,0,0
2023-03-20 09:00:00,3.0,13.0,414.0,4.0,-1.3,3,printemps,09h-12h,1,1.0,1,0
2023-03-20 12:00:00,3.67,13.0,424.0,4.8,-4.1,3,printemps,12h-15h,1,3.0,1,0
2023-03-20 15:00:00,4.0,13.0,418.0,4.7,-5.8,3,printemps,15h-18h,1,3.67,1,0
2023-03-20 18:00:00,1.67,13.0,382.0,4.2,5.4,3,printemps,18h-21h,1,4.0,0,0
2023-03-20 21:00:00,2.67,13.0,407.0,5.5,5.8,3,printemps,21h-24h,1,1.67,0,0
2023-03-21 00:00:00,3.0,8.0,396.0,6.0,6.5,3,printemps,00h-03h,1,2.67,0,0
2023-03-21 03:00:00,1.33,8.0,402.0,5.6,10.0,3,printemps,03h-06h,1,3.0,0,0
2023-03-21 06:00:00,2.0,8.0,397.0,6.1,4.4,3,printemps,06h-09h,1,1.33,0,0
2023-03-21 09:00:00,2.0,8.0,388.0,7.1,0.6,3,printemps,09h-12h,1,2.0,0,0
2023-03-21 12:00:00,1.33,8.0,423.0,6.3,3.0,3,printemps,12h-15h,1,2.0,0,0
2023-03-21 15:00:00,2.67,8.0,493.0,3.4,-0.9,3,printemps,15h-18h,1,1.33,1,0
2023-03-21 18:00:00,1.67,8.0,485.0,3.7,3.2,3,printemps,18h-21h,1,2.67,0,0
2023-03-21 21:00:00,2.33,8.0,498.0,4.0,5.2,3,printemps,21h-24h,1,1.67,0,0
2023-03-22 00:00:00,4.0,17.0,515.0,3.4,0.4,3,printemps,00h-03h,1,2.33,0,0
2023-03-22 03:00:00,3.33,17.0,503.0,3.1,-1.6,3,printemps,03h-06h,1,4.0,1,0
2023-03-22 06:00:00,3.67,17.0,529.0,3.2,-0.6,3,printemps,06h-09h,1,3.33,1,0
2023-03-22 09:00:00,3.67,17.0,538.0,3.6,-2.3,3,printemps,09h-12h,1,3.67,1,0
2023-03-22 12:00:00,2.67,17.0,517.0,3.8,1.3,3,printemps,12h-15h,1,3.67,0,0
2023-03-22 15:00:00,2.67,17.0,509.0,4.3,-0.7,3,printemps,15h-18h,1,2.67,1,0
2023-03-22 18:00:00,3.33,17.0,494.0,4.2,2.5,3,printemps,18h-21h,1,2.67,0,0
2023-03-22 21:00:00,0.67,17.0,516.0,5.5,3.8,3,printemps,21h-24h,1,3.33,0,0
2023-03-23 00:00:00,1.33,60.0,504.0,4.0,1.6,3,printemps,00h-03h,1,0.67,0,0
2023-03-23 03:00:00,1.67,60.0,477.0,4.0,-0.1,3,printemps,03h-06h,1,1.33,1,0
2023-03-23 06:00:00,3.67,60.0,470.0,8.4,0.7,3,printemps,06h-09h,1,1.67,0,0
2023-03-23 09:00:00,4.33,60.0,459.0,12.0,-6.3,3,printemps,09h-12h,1,3.67,1,0
2023-03-23 12:00:00,7.0,60.0,501.0,25.8,-3.4,3,printemps,12h-15h,1,4.33,1,1
2023-03-23 15:00:00,5.0,60.0,484.0,5.3,1.3,3,printemps,15h-18h,1,7.0,0,1
2023-03-23 18:00:00,6.0,60.0,473.0,7.2,-13.9,3,printemps,18h-21h,1,5.0,1,1
2023-03-23 21:00:00,7.33,60.0,472.0,6.3,-15.1,3,printemps,21h-24h,1,6.0,1,1
2023-03-24 00:00:00,6.67,66.0,463.0,12.5,-15.7,3,printemps,00h-03h,1,7.33,1,1
2023-03-24 03:00:00,7.67,66.0,439.0,16.4,-12.9,3,printemps,03h-06h,1,6.67,1,1
2023-03-24 06:00:00,6.67,66.0,438.0,16.9,-5.1,3,printemps,06h-09h,1,7.67,1,1
2023-03-24 09:00:00,4.33,66.0,399.0,14.9,-2.3,3,printemps,09h-12h,1,6.67,1,0
2023-03-24 12:00:00,2.33,66.0,435.0,4.4,-4.7,3,printemps,12h-15h,1,4.33,1,0
2023-03-24 15:00:00,3.33,66.0,412.0,11.1,-1.5,3,printemps,15h-18h,1,2.33,1,0
2023-03-24 18:00:00,4.67,66.0,440.0,6.9,-5.5,3,printemps,18h-21h,1,3.33,1,0
2023-03-24 21:00:00,4.33,66.0,457.0,6.3,-2.9,3,printemps,21h-24h,1,4.67,1,0
2023-03-25 00:00:00,3.0,15.0,441.0,2.7,-2.2,3,printemps,00h-03h,1,4.33,1,0
2023-03-25 03:00:00,2.67,15.0,450.0,2.3,-0.2,3,printemps,03h-06h,1,3.0,1,0
2023-03-25 06:00:00,4.0,15.0,503.0,4.3,2.5,3,printemps,06h-09h,1,2.67,0,0
2023-03-25 09:00:00,3.67,15.0,520.0,3.4,-2.3,3,printemps,09h-12h,1,4.0,1,0
2023-03-25 12:00:00,2.67,15.0,531.0,2.5,0.4,3,printemps,12h-15h,1,3.67,0,0
2023-03-25 15:00:00,2.33,15.0,537.0,2.3,1.1,3,printemps,15h-18h,1,2.67,0,0
2023-03-25 18:00:00,2.67,15.0,521.0,1.5,-0.1,3,printemps,18h-21h,1,2.33,1,0
2023-03-25 21:00:00,2.67,15.0,586.0,2.2,-1.5,3,printemps,21h-24h,1,2.67,1,0
2023-03-26 00:00:00,3.0,8.0,575.0,1.0,0.5,3,printemps,00h-03h,1,2.67,0,0
2023-03-26 03:00:00,2.67,8.0,563.0,1.1,1.3,3,printemps,03h-06h,1,3.0,0,0
2023-03-26 06:00:00,2.0,8.0,545.0,0.3,1.1,3,printemps,06h-09h,1,2.67,0,0
2023-03-26 09:00:00,1.0,8.0,605.0,0.5,0.2,3,printemps,09h-12h,1,2.0,0,0
2023-03-26 12:00:00,1.0,8.0,602.0,0.3,0.6,3,printemps,12h-15h,1,1.0,0,0
2023-03-26 15:00:00,1.33,8.0,562.0,0.1,1.2,3,printemps,15h-18h,1,1.0,0,0
2023-03-26 18:00:00,2.67,8.0,509.0,0.3,-0.7,3,printemps,18h-21h,1,1.33,1,0
2023-03-26 21:00:00,1.67,8.0,556.0,0.5,-0.2,3,printemps,21h-24h,1,2.67,1,0
2023-03-27 00:00:00,1.33,3.0,544.0,0.4,0.7,3,printemps,00h-03h,1,1.67,0,0
2023-03-27 03:00:00,0.67,3.0,510.0,0.3,0.5,3,printemps,03h-06h,1,1.33,0,0
2023-03-27 06:00:00,0.67,3.0,480.0,0.2,0.6,3,printemps,06h-09h,1,0.67,0,0
2023-03-27 09:00:00,0.33,3.0,419.0,0.2,1.6,3,printemps,09h-12h,1,0.67,0,0
2023-03-27 12:00:00,0.33,3.0,384.0,0.2,1.1,3,printemps,12h-15h,1,0.33,0,0
2023-03-27 15:00:00,0.67,3.0,373.0,0.3,0.2,3,printemps,15h-18h,1,0.33,0,0
2023-03-27 18:00:00,1.0,3.0,387.0,0.2,-0.7,3,printemps,18h-21h,1,0.67,1,0
2023-03-27 21:00:00,1.33,3.0,405.0,0.6,-4.4,3,printemps,21h-24h,1,1.0,1,0
2023-03-28 00:00:00,2.33,5.0,393.0,0.5,-3.2,3,printemps,00h-03h,1,1.33,1,0
2023-03-28 03:00:00,0.33,5.0,321.0,0.3,-1.9,3,printemps,03h-06h,1,2.33,1,0
2023-03-28 06:00:00,1.33,5.0,355.0,0.5,-1.5,3,printemps,06h-09h,1,0.33,1,0
2023-03-28 09:00:00,1.0,5.0,366.0,0.8,-2.0,3,printemps,09h-12h,1,1.33,1,0
2023-03-28 12:00:00,1.67,5.0,374.0,0.9,1.5,3,printemps,12h-15h,1,1.0,0,0
2023-03-28 15:00:00,1.0,5.0,403.0,0.9,-2.7,3,printemps,15h-18h,1,1.67,1,0
2023-03-28 18:00:00,1.0,5.0,407.0,0.6,-2.6,3,printemps,18h-21h,1,1.0,1,0
2023-03-28 21:00:00,1.33,5.0,372.0,0.8,-2.4,3,printemps,21h-24h,1,1.0,1,0
2023-03-29 00:00:00,2.33,6.0,386.0,0.8,-2.0,3,printemps,00h-03h,1,1.33,1,0
2023-03-29 03:00:00,0.67,6.0,363.0,0.9,-0.8,3,printemps,03h-06h,1,2.33,1,0
2023-03-29 06:00:00,0.67,6.0,348.0,0.9,2.3,3,printemps,06h-09h,1,0.67,0,0
2023-03-29 09:00:00,1.33,6.0,374.0,1.1,1.0,3,printemps,09h-12h,1,0.67,0,0
2023-03-29 12:00:00,1.67,6.0,399.0,1.7,-2.6,3,printemps,12h-15h,1,1.33,1,0
2023-03-29 15:00:00,1.33,6.0,395.0,1.7,-0.9,3,printemps,15h-18h,1,1.67,1,0
2023-03-29 18:00:00,1.33,6.0,397.0,2.2,-0.3,3,printemps,18h-21h,1,1.33,1,0
2023-03-29 21:00:00,2.33,6.0,414.0,2.3,2.3,3,printemps,21h-24h,1,1.33,0,0
2023-03-30 00:00:00,3.33,17.0,442.0,3.9,1.4,3,printemps,00h-03h,1,2.33,0,0
2023-03-30 03:00:00,2.33,17.0,475.0,6.1,-2.5,3,printemps,03h-06h,1,3.33,1,0
2023-03-30 06:00:00,2.67,17.0,488.0,4.7,-1.8,3,printemps,06h-09h,1,2.33,1,0
2023-03-30 09:00:00,3.33,17.0,475.0,6.8,-3.5,3,printemps,09h-12h,1,2.67,1,0
2023-03-30 12:00:00,3.0,17.0,463.0,9.1,-2.4,3,printemps,12h-15h,1,3.33,1,0
2023-03-30 15:00:00,3.67,17.0,518.0,4.4,-3.8,3,printemps,15h-18h,1,3.0,1,0
2023-03-30 18:00:00,4.33,17.0,543.0,5.3,-1.3,3,printemps,18h-21h,1,3.67,1,0
2023-03-30 21:00:00,2.67,17.0,535.0,4.6,-3.9,3,printemps,21h-24h,1,4.33,1,0
2023-03-31 00:00:00,4.33,8.0,568.0,3.9,-2.4,3,printemps,00h-03h,1,2.67,1,0
2023-03-31 03:00:00,4.67,8.0,573.0,3.2,-5.2,3,printemps,03h-06h,1,4.33,1,0
2023-03-31 06:00:00,3.0,8.0,595.0,2.2,-2.4,3,printemps,06h-09h,1,4.67,1,0
2023-03-31 09:00:00,3.67,8.0,589.0,1.8,-2.3,3,printemps,09h-12h,1,3.0,1,0
2023-03-31 12:00:00,2.67,8.0,548.0,2.4,-0.9,3,printemps,12h-15h,1,3.67,1,0
2023-03-31 15:00:00,2.33,8.0,524.0,1.9,-1.5,3,printemps,15h-18h,1,2.67,1,0
2023-03-31 18:00:00,3.0,8.0,478.0,2.6,-1.0,3,printemps,18h-21h,1,2.33,1,0
2023-03-31 21:00:00,3.67,8.0,483.0,4.4,-2.1,3,printemps,21h-24h,1,3.0,1,0
2023-04-02 00:00:00,4.0,15.0,535.0,2.2,-0.5,4,printemps,00h-03h,1,3.67,1,0
2023-04-02 03:00:00,3.67,15.0,548.0,3.4,-2.1,4,printemps,03h-06h,1,4.0,1,0
2023-04-02 06:00:00,3.0,15.0,560.0,3.0,-1.7,4,printemps,06h-09h,1,3.67,1,0
2023-04-02 09:00:00,3.0,15.0,538.0,1.9,1.2,4,printemps,09h-12h,1,3.0,0,0
2023-04-02 12:00:00,2.33,15.0,559.0,1.9,4.0,4,printemps,12h-15h,1,3.0,0,0
2023-04-02 15:00:00,1.0,15.0,548.0,1.4,2.7,4,printemps,15h-18h,1,2.33,0,0
2023-04-02 18:00:00,2.0,15.0,544.0,1.6,2.1,4,printemps,18h-21h,1,1.0,0,0
2023-04-02 21:00:00,3.33,15.0,517.0,1.5,-2.4,4,printemps,21h-24h,1,2.0,1,0
2023-04-03 00:00:00,3.67,15.0,489.0,1.7,-2.1,4,printemps,00h-03h,1,3.33,1,0
2023-04-03 03:00:00,2.0,15.0,476.0,1.6,-1.0,4,printemps,03h-06h,1,3.67,1,0
2023-04-03 06:00:00,2.0,15.0,470.0,1.9,-1.0,4,printemps,06h-09h,1,2.0,1,0
2023-04-03 09:00:00,3.0,15.0,482.0,2.6,-1.0,4,printemps,09h-12h,1,2.0,1,0
2023-04-03 12:00:00,3.0,15.0,494.0,3.5,-1.8,4,printemps,12h-15h,1,3.0,1,0
2023-04-03 15:00:00,2.67,15.0,510.0,3.5,-1.9,4,printemps,15h-18h,1,3.0,1,0
2023-04-03 18:00:00,3.67,15.0,503.0,3.5,-3.3,4,printemps,18h-21h,1,2.67,1,0
2023-04-03 21:00:00,3.33,15.0,481.0,3.7,-0.8,4,printemps,21h-24h,1,3.67,1,0
2023-04-04 00:00:00,3.67,13.0,490.0,4.2,-3.2,4,printemps,00h-03h,1,3.33,1,0
2023-04-04 03:00:00,3.67,13.0,514.0,4.6,-0.6,4,printemps,03h-06h,1,3.67,1,0
2023-04-04 06:00:00,2.33,13.0,514.0,4.6,2.3,4,printemps,06h-09h,1,3.67,0,0
2023-04-04 09:00:00,2.67,13.0,515.0,5.2,3.0,4,printemps,09h-12h,1,2.33,0,0
2023-04-04 12:00:00,2.33,13.0,505.0,4.8,1.3,4,printemps,12h-15h,1,2.67,0,0
2023-04-04 15:00:00,1.0,13.0,513.0,4.8,2.5,4,printemps,15h-18h,1,2.33,0,0
2023-04-04 18:00:00,2.0,13.0,480.0,4.5,0.8,4,printemps,18h-21h,1,1.0,0,0
2023-04-04 21:00:00,3.0,13.0,495.0,4.2,-2.7,4,printemps,21h-24h,1,2.0,1,0
2023-04-05 00:00:00,3.33,11.0,480.0,4.2,-1.5,4,printemps,00h-03h,1,3.0,1,0
2023-04-05 03:00:00,2.67,11.0,491.0,4.2,-1.0,4,printemps,03h-06h,1,3.33,1,0
2023-04-05 06:00:00,2.0,11.0,489.0,3.6,-0.1,4,printemps,06h-09h,1,2.67,1,0
2023-04-05 09:00:00,2.67,11.0,458.0,3.1,-0.2,4,printemps,09h-12h,1,2.0,1,0
2023-04-05 12:00:00,3.0,11.0,445.0,3.8,-2.3,4,printemps,12h-15h,1,2.67,1,0
2023-04-05 15:00:00,2.0,11.0,450.0,4.1,-2.9,4,printemps,15h-18h,1,3.0,1,0
2023-04-05 18:00:00,2.67,11.0,416.0,3.8,-2.1,4,printemps,18h-21h,1,2.0,1,0
2023-04-05 21:00:00,2.0,11.0,394.0,4.5,-2.8,4,printemps,21h-24h,1,2.67,1,0
2023-04-06 00:00:00,2.33,9.0,385.0,4.9,-0.7,4,printemps,00h-03h,1,2.0,1,0
2023-04-06 03:00:00,1.67,9.0,383.0,6.7,-0.5,4,printemps,03h-06h,1,2.33,1,0
2023-04-06 06:00:00,1.33,9.0,389.0,7.3,2.7,4,printemps,06h-09h,1,1.67,0,0
2023-04-06 09:00:00,3.0,9.0,374.0,7.2,-2.8,4,printemps,09h-12h,1,1.33,1,0
2023-04-06 12:00:00,2.0,9.0,361.0,5.5,0.1,4,printemps,12h-15h,1,3.0,0,0
2023-04-06 15:00:00,1.0,9.0,368.0,6.8,-0.2,4,printemps,15h-18h,1,2.0,1,0
2023-04-06 18:00:00,3.33,9.0,365.0,5.8,-3.5,4,printemps,18h-21h,1,1.0,1,0
2023-04-06 21:00:00,2.0,9.0,390.0,5.0,-0.3,4,printemps,21h-24h,1,3.33,1,0
2023-04-07 00:00:00,3.0,8.0,375.0,4.2,-4.3,4,printemps,00h-03h,1,2.0,1,0
2023-04-07 03:00:00,2.67,8.0,384.0,5.5,-3.5,4,printemps,03h-06h,1,3.0,1,0
2023-04-07 06:00:00,2.0,8.0,385.0,4.5,-1.7,4,printemps,06h-09h,1,2.67,1,0
2023-04-07 09:00:00,1.67,8.0,373.0,4.1,-1.4,4,printemps,09h-12h,1,2.0,1,0
2023-04-07 12:00:00,2.0,8.0,367.0,3.7,-1.2,4,printemps,12h-15h,1,1.67,1,0
2023-04-07 15:00:00,1.0,8.0,358.0,3.1,-0.5,4,printemps,15h-18h,1,2.0,1,0
2023-04-07 18:00:00,1.67,8.0,366.0,3.7,2.6,4,printemps,18h-21h,1,1.0,0,0
2023-04-07 21:00:00,1.67,8.0,357.0,3.4,0.3,4,printemps,21h-24h,1,1.67,0,0
2023-04-08 00:00:00,1.67,6.0,366.0,4.0,-2.0,4,printemps,00h-03h,1,1.67,1,0
2023-04-08 03:00:00,2.33,6.0,376.0,4.8,-2.4,4,printemps,03h-06h,1,1.67,1,0
2023-04-08 06:00:00,1.33,6.0,372.0,5.0,-3.0,4,printemps,06h-09h,1,2.33,1,0
2023-04-08 09:00:00,2.33,6.0,338.0,4.2,0.5,4,printemps,09h-12h,1,1.33,0,0
2023-04-08 12:00:00,1.33,6.0,344.0,4.7,0.5,4,printemps,12h-15h,1,2.33,0,0
2023-04-08 15:00:00,1.33,6.0,342.0,4.9,-0.1,4,printemps,15h-18h,1,1.33,1,0
2023-04-08 18:00:00,0.67,6.0,356.0,5.9,4.1,4,printemps,18h-21h,1,1.33,0,0
2023-04-08 21:00:00,2.0,6.0,347.0,4.9,-1.5,4,printemps,21h-24h,1,0.67,1,0
2023-04-09 00:00:00,3.0,6.0,355.0,4.7,-4.6,4,printemps,00h-03h,1,2.0,1,0
2023-04-09 03:00:00,0.67,6.0,339.0,4.6,1.6,4,printemps,03h-06h,1,3.0,0,0
2023-04-09 06:00:00,1.33,6.0,341.0,4.8,-1.2,4,printemps,06h-09h,1,0.67,1,0
2023-04-09 09:00:00,1.33,6.0,333.0,4.7,-0.9,4,printemps,09h-12h,1,1.33,1,0
2023-04-09 12:00:00,1.33,6.0,328.0,4.4,-2.9,4,printemps,12h-15h,1,1.33,1,0
2023-04-09 15:00:00,1.33,6.0,315.0,3.6,-0.4,4,printemps,15h-18h,1,1.33,1,0
2023-04-09 18:00:00,1.0,6.0,322.0,4.6,0.4,4,printemps,18h-21h,1,1.33,0,0
2023-04-09 21:00:00,2.0,6.0,318.0,4.8,-1.5,4,printemps,21h-24h,1,1.0,1,0
2023-04-10 00:00:00,3.0,14.0,348.0,10.0,-2.5,4,printemps,00h-03h,1,2.0,1,0
2023-04-10 03:00:00,3.33,14.0,338.0,12.8,-3.9,4,printemps,03h-06h,1,3.0,1,0
2023-04-10 06:00:00,3.67,14.0,336.0,27.6,-6.4,4,printemps,06h-09h,1,3.33,1,0
2023-04-10 09:00:00,3.0,14.0,426.0,9.5,6.1,4,printemps,09h-12h,1,3.67,0,0
2023-04-10 12:00:00,3.0,14.0,477.0,5.8,0.5,4,printemps,12h-15h,1,3.0,0,0
2023-04-10 15:00:00,3.0,14.0,536.0,5.3,1.9,4,printemps,15h-18h,1,3.0,0,0
2023-04-10 18:00:00,1.33,14.0,513.0,5.4,4.4,4,printemps,18h-21h,1,3.0,0,0
2023-04-10 21:00:00,1.67,14.0,480.0,5.0,3.6,4,printemps,21h-24h,1,1.33,0,0
2023-04-11 00:00:00,1.0,6.0,446.0,6.4,4.9,4,printemps,00h-03h,1,1.67,0,0
2023-04-11 03:00:00,1.33,6.0,439.0,8.4,3.9,4,printemps,03h-06h,1,1.0,0,0
2023-04-11 06:00:00,3.0,6.0,436.0,10.2,-2.1,4,printemps,06h-09h,1,1.33,1,0
2023-04-11 09:00:00,1.33,6.0,439.0,6.5,2.1,4,printemps,09h-12h,1,3.0,0,0
2023-04-11 12:00:00,1.33,6.0,415.0,6.5,0.9,4,printemps,12h-15h,1,1.33,0,0
2023-04-11 15:00:00,1.33,6.0,400.0,6.7,-0.8,4,printemps,15h-18h,1,1.33,1,0
2023-04-11 18:00:00,1.33,6.0,390.0,6.7,-0.4,4,printemps,18h-21h,1,1.33,1,0
2023-04-11 21:00:00,0.67,6.0,382.0,8.4,0.9,4,printemps,21h-24h,1,1.33,0,0
2023-04-12 00:00:00,1.0,4.0,375.0,8.1,3.8,4,printemps,00h-03h,1,0.67,0,0
2023-04-12 03:00:00,1.0,4.0,354.0,6.7,1.5,4,printemps,03h-06h,1,1.0,0,0
2023-04-12 06:00:00,1.67,4.0,365.0,7.5,1.2,4,printemps,06h-09h,1,1.0,0,0
2023-04-12 09:00:00,0.67,4.0,356.0,8.6,-0.4,4,printemps,09h-12h,1,1.67,1,0
2023-04-12 12:00:00,1.67,4.0,358.0,8.4,-0.1,4,printemps,12h-15h,1,0.67,1,0
2023-04-12 15:00:00,1.0,4.0,344.0,7.4,2.0,4,printemps,15h-18h,1,1.67,0,0
2023-04-12 18:00:00,0.67,4.0,352.0,6.9,1.3,4,printemps,18h-21h,1,1.0,0,0
2023-04-12 21:00:00,1.33,4.0,352.0,6.6,2.6,4,printemps,21h-24h,1,0.67,0,0
2023-04-13 00:00:00,2.67,6.0,371.0,9.8,2.7,4,printemps,00h-03h,1,1.33,0,0
2023-04-13 03:00:00,2.0,6.0,387.0,6.8,4.7,4,printemps,03h-06h,1,2.67,0,0
2023-04-13 06:00:00,1.0,6.0,386.0,6.3,4.8,4,printemps,06h-09h,1,2.0,0,0
2023-04-13 09:00:00,0.33,6.0,370.0,5.6,3.4,4,printemps,09h-12h,1,1.0,0,0
2023-04-13 12:00:00,1.0,6.0,363.0,5.4,0.9,4,printemps,12h-15h,1,0.33,0,0
2023-04-13 15:00:00,2.0,6.0,366.0,6.3,-1.5,4,printemps,15h-18h,1,1.0,1,0
2023-04-13 18:00:00,1.67,6.0,387.0,6.1,-3.1,4,printemps,18h-21h,1,2.0,1,0
2023-04-13 21:00:00,1.67,6.0,380.0,6.4,-1.4,4,printemps,21h-24h,1,1.67,1,0
2023-04-14 00:00:00,2.0,7.0,380.0,6.3,-1.1,4,printemps,00h-03h,1,1.67,1,0
2023-04-14 03:00:00,0.67,7.0,365.0,7.4,4.9,4,printemps,03h-06h,1,2.0,0,0
2023-04-14 06:00:00,1.67,7.0,374.0,9.9,1.2,4,printemps,06h-09h,1,0.67,0,0
2023-04-14 09:00:00,2.33,7.0,368.0,9.4,-3.3,4,printemps,09h-12h,1,1.67,1,0
2023-04-14 12:00:00,2.67,7.0,362.0,8.9,-3.9,4,printemps,12h-15h,1,2.33,1,0
2023-04-14 15:00:00,1.67,7.0,354.0,8.6,1.5,4,printemps,15h-18h,1,2.67,0,0
2023-04-14 18:00:00,1.33,7.0,359.0,6.4,4.5,4,printemps,18h-21h,1,1.67,0,0
2023-04-14 21:00:00,2.33,7.0,356.0,7.4,3.4,4,printemps,21h-24h,1,1.33,0,0
2023-04-15 00:00:00,2.67,9.0,345.0,6.9,-0.8,4,printemps,00h-03h,1,2.33,1,0
2023-04-15 03:00:00,1.67,9.0,341.0,6.2,-1.0,4,printemps,03h-06h,1,2.67,1,0
2023-04-15 06:00:00,2.67,9.0,347.0,7.9,-2.9,4,printemps,06h-09h,1,1.67,1,0
2023-04-15 09:00:00,2.33,9.0,337.0,6.7,-4.2,4,printemps,09h-12h,1,2.67,1,0
2023-04-15 12:00:00,2.67,9.0,347.0,10.4,-2.6,4,printemps,12h-15h,1,2.33,1,0
2023-04-15 15:00:00,1.67,9.0,339.0,11.6,-1.2,4,printemps,15h-18h,1,2.67,1,0
2023-04-15 18:00:00,1.33,9.0,353.0,11.1,-2.0,4,printemps,18h-21h,1,1.67,1,0
2023-04-15 21:00:00,2.0,9.0,352.0,9.1,-1.2,4,printemps,21h-24h,1,1.33,1,0
2023-04-16 00:00:00,1.33,4.0,343.0,7.1,-1.7,4,printemps,00h-03h,1,2.0,1,0
2023-04-16 03:00:00,1.0,4.0,333.0,4.2,-1.3,4,printemps,03h-06h,1,1.33,1,0
2023-04-16 06:00:00,2.0,4.0,340.0,4.5,-1.9,4,printemps,06h-09h,1,1.0,1,0
2023-04-16 09:00:00,1.33,4.0,329.0,5.3,-2.2,4,printemps,09h-12h,1,2.0,1,0
2023-04-16 12:00:00,1.0,4.0,331.0,6.4,-0.0,4,printemps,12h-15h,1,1.33,0,0
2023-04-16 15:00:00,0.33,4.0,336.0,7.9,3.5,4,printemps,15h-18h,1,1.0,0,0
2023-04-16 18:00:00,0.33,4.0,334.0,8.5,2.9,4,printemps,18h-21h,1,0.33,0,0
2023-04-16 21:00:00,1.0,4.0,325.0,8.9,1.6,4,printemps,21h-24h,1,0.33,0,0
2023-04-17 00:00:00,1.67,6.0,324.0,10.0,1.5,4,printemps,00h-03h,1,1.0,0,0
2023-04-17 03:00:00,1.33,6.0,337.0,14.0,3.6,4,printemps,03h-06h,1,1.67,0,0
2023-04-17 06:00:00,2.0,6.0,339.0,11.2,2.2,4,printemps,06h-09h,1,1.33,0,0
2023-04-17 09:00:00,2.0,6.0,339.0,11.0,1.6,4,printemps,09h-12h,1,2.0,0,0
2023-04-17 12:00:00,1.33,6.0,328.0,7.5,2.4,4,printemps,12h-15h,1,2.0,0,0
2023-04-17 15:00:00,1.67,6.0,352.0,5.9,-2.9,4,printemps,15h-18h,1,1.33,1,0
2023-04-17 18:00:00,0.67,6.0,351.0,6.3,3.4,4,printemps,18h-21h,1,1.67,0,0
2023-04-17 21:00:00,1.33,6.0,363.0,5.7,2.8,4,printemps,21h-24h,1,0.67,0,0
2023-04-18 00:00:00,1.0,13.0,332.0,3.7,4.0,4,printemps,00h-03h,1,1.33,0,0
2023-04-18 03:00:00,1.0,13.0,347.0,4.6,2.7,4,printemps,03h-06h,1,1.0,0,0
2023-04-18 06:00:00,0.67,13.0,361.0,4.7,0.2,4,printemps,06h-09h,1,1.0,0,0
2023-04-18 09:00:00,0.67,13.0,378.0,3.9,2.6,4,printemps,09h-12h,1,0.67,0,0
2023-04-18 12:00:00,3.67,13.0,379.0,4.0,3.2,4,printemps,12h-15h,1,0.67,0,0
2023-04-18 15:00:00,4.33,13.0,513.0,7.9,16.3,4,printemps,15h-18h,1,3.67,0,0
2023-04-18 18:00:00,3.67,13.0,532.0,14.4,9.5,4,printemps,18h-21h,1,4.33,0,0
2023-04-18 21:00:00,3.0,13.0,616.0,5.0,-0.5,4,printemps,21h-24h,1,3.67,1,0
2023-04-19 00:00:00,2.67,12.0,593.0,1.6,0.8,4,printemps,00h-03h,1,3.0,0,0
2023-04-19 03:00:00,1.33,12.0,544.0,2.0,2.3,4,printemps,03h-06h,1,2.67,0,0
2023-04-19 06:00:00,2.0,12.0,534.0,2.7,3.7,4,printemps,06h-09h,1,1.33,0,0
2023-04-19 09:00:00,3.67,12.0,506.0,3.8,-4.1,4,printemps,09h-12h,1,2.0,1,0
2023-04-19 12:00:00,4.0,12.0,482.0,4.0,-7.1,4,printemps,12h-15h,1,3.67,1,0
2023-04-19 15:00:00,3.0,12.0,451.0,5.6,-3.3,4,printemps,15h-18h,1,4.0,1,0
2023-04-19 18:00:00,1.67,12.0,461.0,2.3,1.7,4,printemps,18h-21h,1,3.0,0,0
2023-04-19 21:00:00,1.0,12.0,448.0,3.8,2.5,4,printemps,21h-24h,1,1.67,0,0
2023-04-20 00:00:00,1.0,5.0,434.0,4.9,5.5,4,printemps,00h-03h,1,1.0,0,0
2023-04-20 03:00:00,1.33,5.0,424.0,5.7,8.7,4,printemps,03h-06h,1,1.0,0,0
2023-04-20 06:00:00,1.67,5.0,416.0,4.0,9.5,4,printemps,06h-09h,1,1.33,0,0
2023-04-20 09:00:00,0.67,5.0,402.0,6.1,8.9,4,printemps,09h-12h,1,1.67,0,0
2023-04-20 12:00:00,1.67,5.0,398.0,5.5,8.3,4,printemps,12h-15h,1,0.67,0,0
2023-04-20 15:00:00,2.33,5.0,386.0,6.6,6.7,4,printemps,15h-18h,1,1.67,0,0
2023-04-20 18:00:00,0.67,5.0,380.0,2.4,5.4,4,printemps,18h-21h,1,2.33,0,0
2023-04-20 21:00:00,2.0,5.0,385.0,2.5,2.1,4,printemps,21h-24h,1,0.67,0,0
2023-04-21 00:00:00,2.67,9.0,373.0,1.6,2.1,4,printemps,00h-03h,1,2.0,0,0
2023-04-21 03:00:00,1.33,9.0,374.0,2.9,2.6,4,printemps,03h-06h,1,2.67,0,0
2023-04-21 06:00:00,1.67,9.0,379.0,5.8,-0.9,4,printemps,06h-09h,1,1.33,1,0
2023-04-21 09:00:00,2.0,9.0,376.0,6.9,-0.8,4,printemps,09h-12h,1,1.67,1,0
2023-04-21 12:00:00,1.67,9.0,391.0,8.1,2.2,4,printemps,12h-15h,1,2.0,0,0
2023-04-21 15:00:00,2.67,9.0,382.0,6.1,-5.1,4,printemps,15h-18h,1,1.67,1,0
2023-04-21 18:00:00,3.0,9.0,392.0,5.9,-4.5,4,printemps,18h-21h,1,2.67,1,0
2023-04-21 21:00:00,2.33,9.0,376.0,5.2,-6.0,4,printemps,21h-24h,1,3.0,1,0
2023-04-22 00:00:00,2.0,7.0,345.0,4.5,-3.2,4,printemps,00h-03h,1,2.33,1,0
2023-04-22 03:00:00,3.0,7.0,363.0,4.0,-1.2,4,printemps,03h-06h,1,2.0,1,0
2023-04-22 06:00:00,1.67,7.0,370.0,3.4,-0.2,4,printemps,06h-09h,1,3.0,1,0
2023-04-22 09:00:00,0.67,7.0,357.0,3.1,1.1,4,printemps,09h-12h,1,1.67,0,0
2023-04-22 12:00:00,1.0,7.0,358.0,3.2,1.3,4,printemps,12h-15h,1,0.67,0,0
2023-04-22 15:00:00,1.33,7.0,356.0,3.5,0.0,4,printemps,15h-18h,1,1.0,0,0
2023-04-22 18:00:00,1.0,7.0,359.0,3.9,-3.4,4,printemps,18h-21h,1,1.33,1,0
2023-04-22 21:00:00,2.33,7.0,348.0,3.5,-1.4,4,printemps,21h-24h,1,1.0,1,0
2023-04-23 00:00:00,2.33,66.0,347.0,4.4,-3.1,4,printemps,00h-03h,1,2.33,1,0
2023-04-23 03:00:00,1.67,66.0,349.0,4.1,-1.9,4,printemps,03h-06h,1,2.33,1,0
2023-04-23 06:00:00,1.67,66.0,349.0,4.0,-1.3,4,printemps,06h-09h,1,1.67,1,0
2023-04-23 09:00:00,3.67,66.0,362.0,9.0,-7.6,4,printemps,09h-12h,1,1.67,1,0
2023-04-23 12:00:00,5.0,66.0,363.0,7.5,-2.9,4,printemps,12h-15h,1,3.67,1,1
2023-04-23 15:00:00,5.0,66.0,361.0,4.5,-9.8,4,printemps,15h-18h,1,5.0,1,1
2023-04-23 18:00:00,8.0,66.0,494.0,14.8,-17.8,4,printemps,18h-21h,1,5.0,1,1
2023-04-23 21:00:00,7.67,66.0,711.0,10.2,11.7,4,printemps,21h-24h,1,8.0,0,1
2023-04-24 00:00:00,7.0,76.0,632.0,12.5,3.0,4,printemps,00h-03h,1,7.67,0,1
2023-04-24 03:00:00,8.0,76.0,565.0,3.6,-30.9,4,printemps,03h-06h,1,7.0,1,1
2023-04-24 06:00:00,6.67,76.0,535.0,4.1,-19.2,4,printemps,06h-09h,1,8.0,1,1
2023-04-24 09:00:00,6.33,76.0,520.0,1.9,-14.1,4,printemps,09h-12h,1,6.67,1,1
2023-04-24 12:00:00,3.67,76.0,543.0,1.0,1.7,4,printemps,12h-15h,1,6.33,0,0
2023-04-24 15:00:00,3.0,76.0,517.0,1.8,7.8,4,printemps,15h-18h,1,3.67,0,0
2023-04-24 18:00:00,2.0,76.0,515.0,0.9,19.7,4,printemps,18h-21h,1,3.0,0,0
2023-04-24 21:00:00,3.33,76.0,497.0,2.0,13.2,4,printemps,21h-24h,1,2.0,0,0
2023-04-25 00:00:00,2.67,10.0,494.0,1.6,9.7,4,printemps,00h-03h,1,3.33,0,0
2023-04-25 03:00:00,1.67,10.0,520.0,0.4,5.1,4,printemps,03h-06h,1,2.67,0,0
2023-04-25 06:00:00,1.33,10.0,536.0,0.5,2.9,4,printemps,06h-09h,1,1.67,0,0
2023-04-25 09:00:00,1.33,10.0,524.0,1.1,3.0,4,printemps,09h-12h,1,1.33,0,0
2023-04-25 12:00:00,2.67,10.0,526.0,1.6,-1.4,4,printemps,12h-15h,1,1.33,1,0
2023-04-25 15:00:00,2.33,10.0,506.0,1.5,-1.7,4,printemps,15h-18h,1,2.67,1,0
2023-04-25 18:00:00,3.33,10.0,528.0,4.9,-2.9,4,printemps,18h-21h,1,2.33,1,0
2023-04-25 21:00:00,2.33,10.0,517.0,2.8,-1.0,4,printemps,21h-24h,1,3.33,1,0
2023-04-26 00:00:00,2.67,15.0,519.0,2.4,-1.8,4,printemps,00h-03h,1,2.33,1,0
2023-04-26 03:00:00,3.33,15.0,527.0,3.0,-0.8,4,printemps,03h-06h,1,2.67,1,0
2023-04-26 06:00:00,2.0,15.0,524.0,3.3,-1.5,4,printemps,06h-09h,1,3.33,1,0
2023-04-26 09:00:00,2.67,15.0,503.0,3.5,-0.8,4,printemps,09h-12h,1,2.0,1,0
2023-04-26 12:00:00,3.33,15.0,519.0,4.6,-1.9,4,printemps,12h-15h,1,2.67,1,0
2023-04-26 15:00:00,3.0,15.0,512.0,4.2,-0.9,4,printemps,15h-18h,1,3.33,1,0
2023-04-26 18:00:00,3.67,15.0,547.0,5.6,-2.1,4,printemps,18h-21h,1,3.0,1,0
2023-04-26 21:00:00,3.0,15.0,642.0,3.2,2.1,4,printemps,21h-24h,1,3.67,0,0
2023-04-27 00:00:00,4.33,23.0,658.0,3.4,1.7,4,printemps,00h-03h,1,3.0,0,0
2023-04-27 03:00:00,4.33,23.0,633.0,2.8,-3.3,4,printemps,03h-06h,1,4.33,1,0
2023-04-27 06:00:00,3.33,23.0,620.0,2.7,-3.0,4,printemps,06h-09h,1,4.33,1,0
2023-04-27 09:00:00,3.33,23.0,610.0,2.6,-2.1,4,printemps,09h-12h,1,3.33,1,0
2023-04-27 12:00:00,3.67,23.0,606.0,2.9,-0.4,4,printemps,12h-15h,1,3.33,1,0
2023-04-27 15:00:00,4.33,23.0,606.0,2.6,-1.8,4,printemps,15h-18h,1,3.67,1,0
2023-04-27 18:00:00,3.0,23.0,570.0,2.1,0.2,4,printemps,18h-21h,1,4.33,0,0
2023-04-27 21:00:00,3.33,23.0,598.0,2.5,2.1,4,printemps,21h-24h,1,3.0,0,0
2023-04-28 00:00:00,3.33,19.0,586.0,2.8,-1.1,4,printemps,00h-03h,1,3.33,1,0
2023-04-28 03:00:00,4.0,19.0,593.0,2.6,-1.2,4,printemps,03h-06h,1,3.33,1,0
2023-04-28 06:00:00,2.67,19.0,614.0,3.0,-2.8,4,printemps,06h-09h,1,4.0,1,0
2023-04-28 09:00:00,3.0,19.0,677.0,2.5,1.4,4,printemps,09h-12h,1,2.67,0,0
2023-04-28 12:00:00,3.0,19.0,655.0,2.0,-1.2,4,printemps,12h-15h,1,3.0,1,0
2023-04-28 15:00:00,4.0,19.0,665.0,2.4,-0.4,4,printemps,15h-18h,1,3.0,1,0
2023-04-28 18:00:00,3.0,19.0,672.0,2.2,0.0,4,printemps,18h-21h,1,4.0,0,0
2023-04-28 21:00:00,3.67,19.0,661.0,2.1,-1.4,4,printemps,21h-24h,1,3.0,1,0
2023-04-29 00:00:00,3.33,20.0,649.0,2.1,-1.2,4,printemps,00h-03h,1,3.67,1,0
2023-04-29 03:00:00,3.33,20.0,650.0,2.1,-0.4,4,printemps,03h-06h,1,3.33,1,0
2023-04-29 06:00:00,4.0,20.0,636.0,2.1,-1.6,4,printemps,06h-09h,1,3.33,1,0
2023-04-29 09:00:00,4.0,20.0,624.0,1.8,-4.3,4,printemps,09h-12h,1,4.0,1,0
2023-04-29 12:00:00,3.67,20.0,642.0,1.5,-2.2,4,printemps,12h-15h,1,4.0,1,0
2023-04-29 15:00:00,3.33,20.0,657.0,1.6,-2.4,4,printemps,15h-18h,1,3.67,1,0
2023-04-29 18:00:00,3.0,20.0,640.0,1.7,-2.5,4,printemps,18h-21h,1,3.33,1,0
2023-04-29 21:00:00,2.67,20.0,596.0,1.4,-2.1,4,printemps,21h-24h,1,3.0,1,0
2023-04-30 00:00:00,3.0,10.0,596.0,1.8,-1.8,4,printemps,00h-03h,1,2.67,1,0
2023-04-30 03:00:00,3.0,10.0,554.0,2.0,-1.1,4,printemps,03h-06h,1,3.0,1,0
2023-04-30 06:00:00,3.33,10.0,557.0,2.4,1.3,4,printemps,06h-09h,1,3.0,0,0
2023-04-30 09:00:00,1.67,10.0,521.0,2.5,2.7,4,printemps,09h-12h,1,3.33,0,0
2023-04-30 12:00:00,1.67,10.0,496.0,2.4,1.0,4,printemps,12h-15h,1,1.67,0,0
2023-04-30 15:00:00,1.67,10.0,485.0,2.2,0.6,4,printemps,15h-18h,1,1.67,0,0
2023-04-30 18:00:00,1.0,10.0,464.0,2.2,0.3,4,printemps,18h-21h,1,1.67,0,0
2023-04-30 21:00:00,1.67,10.0,478.0,2.8,2.2,4,printemps,21h-24h,1,1.0,0,0
2023-05-01 00:00:00,2.67,10.0,488.0,3.4,-2.4,5,printemps,00h-03h,1,1.67,1,0
2023-05-01 03:00:00,1.33,10.0,479.0,2.4,-0.2,5,printemps,03h-06h,1,2.67,1,0
2023-05-01 06:00:00,2.67,10.0,527.0,2.6,-2.0,5,printemps,06h-09h,1,1.33,1,0
2023-05-01 09:00:00,1.67,10.0,499.0,2.1,0.9,5,printemps,09h-12h,1,2.67,0,0
2023-05-01 12:00:00,1.67,10.0,526.0,2.8,-1.3,5,printemps,12h-15h,1,1.67,1,0
2023-05-01 15:00:00,2.0,10.0,519.0,3.1,-2.7,5,printemps,15h-18h,1,1.67,1,0
2023-05-01 18:00:00,2.33,10.0,519.0,2.9,-4.2,5,printemps,18h-21h,1,2.0,1,0
2023-05-01 21:00:00,3.67,10.0,535.0,2.9,-4.0,5,printemps,21h-24h,1,2.33,1,0
2023-05-02 00:00:00,3.0,9.0,534.0,2.4,0.7,5,printemps,00h-03h,1,3.67,0,0
2023-05-02 03:00:00,3.0,9.0,525.0,1.7,-2.9,5,printemps,03h-06h,1,3.0,1,0
2023-05-02 06:00:00,1.67,9.0,527.0,1.1,-0.6,5,printemps,06h-09h,1,3.0,1,0
2023-05-02 09:00:00,3.0,9.0,547.0,1.3,0.7,5,printemps,09h-12h,1,1.67,0,0
2023-05-02 12:00:00,1.67,9.0,520.0,1.0,0.1,5,printemps,12h-15h,1,3.0,0,0
2023-05-02 15:00:00,1.0,9.0,519.0,1.1,-1.3,5,printemps,15h-18h,1,1.67,1,0
2023-05-02 18:00:00,1.67,9.0,495.0,1.1,-1.7,5,printemps,18h-21h,1,1.0,1,0
2023-05-02 21:00:00,1.0,9.0,474.0,2.0,0.2,5,printemps,21h-24h,1,1.67,0,0
2023-05-03 00:00:00,0.33,4.0,461.0,1.9,1.6,5,printemps,00h-03h,1,1.0,0,0
2023-05-03 03:00:00,0.67,4.0,9999.0,,1.1,5,printemps,03h-06h,1,0.33,0,0
2023-05-03 06:00:00,0.67,4.0,464.0,1.9,0.9,5,printemps,06h-09h,1,0.67,0,0
2023-05-03 09:00:00,1.0,4.0,439.0,1.5,1.0,5,printemps,09h-12h,1,0.67,0,0
2023-05-03 12:00:00,1.33,4.0,449.0,1.0,0.6,5,printemps,12h-15h,1,1.0,0,0
2023-05-03 15:00:00,1.0,4.0,458.0,1.4,-0.5,5,printemps,15h-18h,1,1.33,1,0
2023-05-03 18:00:00,0.67,4.0,438.0,1.5,-0.2,5,printemps,18h-21h,1,1.0,1,0
2023-05-03 21:00:00,1.67,4.0,450.0,5.3,-0.5,5,printemps,21h-24h,1,0.67,1,0
2023-05-04 00:00:00,1.33,6.0,439.0,5.8,-1.9,5,printemps,00h-03h,1,1.67,1,0
2023-05-04 03:00:00,1.67,6.0,428.0,4.1,-1.9,5,printemps,03h-06h,1,1.33,1,0
2023-05-04 06:00:00,2.33,6.0,419.0,3.8,-1.7,5,printemps,06h-09h,1,1.67,1,0
2023-05-04 09:00:00,1.0,6.0,411.0,5.0,-0.8,5,printemps,09h-12h,1,2.33,1,0
2023-05-04 12:00:00,1.33,6.0,405.0,5.2,-1.0,5,printemps,12h-15h,1,1.0,1,0
2023-05-04 15:00:00,2.0,6.0,393.0,2.8,-0.8,5,printemps,15h-18h,1,1.33,1,0
2023-05-04 18:00:00,1.67,6.0,404.0,5.7,-1.0,5,printemps,18h-21h,1,2.0,1,0
2023-05-04 21:00:00,2.0,6.0,398.0,6.4,-1.3,5,printemps,21h-24h,1,1.67,1,0
2023-05-05 00:00:00,2.0,5.0,390.0,6.6,-2.8,5,printemps,00h-03h,1,2.0,1,0
2023-05-05 03:00:00,1.33,5.0,359.0,3.1,-1.9,5,printemps,03h-06h,1,2.0,1,0
2023-05-05 06:00:00,1.0,5.0,356.0,2.5,-0.9,5,printemps,06h-09h,1,1.33,1,0
2023-05-05 09:00:00,1.0,5.0,370.0,3.7,-0.5,5,printemps,09h-12h,1,1.0,1,0
2023-05-05 12:00:00,1.0,5.0,365.0,3.4,-0.4,5,printemps,12h-15h,1,1.0,1,0
2023-05-05 15:00:00,1.0,5.0,349.0,3.4,-0.7,5,printemps,15h-18h,1,1.0,1,0
2023-05-05 18:00:00,0.67,5.0,343.0,4.7,-1.6,5,printemps,18h-21h,1,1.0,1,0
2023-05-05 21:00:00,1.33,5.0,343.0,7.9,-3.3,5,printemps,21h-24h,1,0.67,1,0
2023-05-06 00:00:00,4.67,30.0,332.0,6.6,-2.6,5,printemps,00h-03h,1,1.33,1,0
2023-05-06 03:00:00,6.0,30.0,416.0,26.0,-11.4,5,printemps,03h-06h,1,4.67,1,1
2023-05-06 06:00:00,3.67,30.0,385.0,12.3,7.9,5,printemps,06h-09h,1,6.0,0,0
2023-05-06 09:00:00,4.33,30.0,522.0,7.6,-1.7,5,printemps,09h-12h,1,3.67,1,0
2023-05-06 12:00:00,4.0,30.0,527.0,9.6,1.0,5,printemps,12h-15h,1,4.33,0,0
2023-05-06 15:00:00,3.0,30.0,519.0,8.0,2.0,5,printemps,15h-18h,1,4.0,0,0
2023-05-06 18:00:00,3.0,30.0,517.0,5.2,0.4,5,printemps,18h-21h,1,3.0,0,0
2023-05-06 21:00:00,2.0,30.0,512.0,5.7,7.7,5,printemps,21h-24h,1,3.0,0,0
2023-05-07 00:00:00,1.33,9.0,505.0,4.3,3.1,5,printemps,00h-03h,1,2.0,0,0
2023-05-07 03:00:00,2.0,9.0,462.0,3.9,-0.8,5,printemps,03h-06h,1,1.33,1,0
2023-05-07 06:00:00,2.0,9.0,431.0,4.1,-1.8,5,printemps,06h-09h,1,2.0,1,0
2023-05-07 09:00:00,2.0,9.0,484.0,10.1,2.8,5,printemps,09h-12h,1,2.0,0,0
2023-05-07 12:00:00,2.0,9.0,439.0,13.9,3.8,5,printemps,12h-15h,1,2.0,0,0
2023-05-07 15:00:00,3.67,9.0,434.0,39.2,3.7,5,printemps,15h-18h,1,2.0,0,0
2023-05-07 18:00:00,1.67,9.0,438.0,9.4,9.4,5,printemps,18h-21h,1,3.67,0,0
2023-05-07 21:00:00,2.67,9.0,471.0,9.4,6.1,5,printemps,21h-24h,1,1.67,0,0
2023-05-08 00:00:00,4.67,16.0,460.0,19.2,-5.9,5,printemps,00h-03h,1,2.67,1,0
2023-05-08 03:00:00,2.0,16.0,487.0,10.4,1.8,5,printemps,03h-06h,1,4.67,0,0
2023-05-08 06:00:00,2.0,16.0,492.0,5.3,-1.6,5,printemps,06h-09h,1,2.0,1,0
2023-05-08 09:00:00,1.67,16.0,472.0,4.7,3.0,5,printemps,09h-12h,1,2.0,0,0
2023-05-08 12:00:00,3.33,16.0,498.0,5.1,3.3,5,printemps,12h-15h,1,1.67,0,0
2023-05-08 15:00:00,3.67,16.0,521.0,8.0,-3.4,5,printemps,15h-18h,1,3.33,1,0
2023-05-08 18:00:00,2.33,16.0,509.0,4.2,0.0,5,printemps,18h-21h,1,3.67,0,0
2023-05-08 21:00:00,3.33,16.0,474.0,3.7,-3.7,5,printemps,21h-24h,1,2.33,1,0
2023-05-09 00:00:00,3.67,14.0,459.0,4.2,-2.8,5,printemps,00h-03h,1,3.33,1,0
2023-05-09 03:00:00,3.0,14.0,454.0,5.2,-2.7,5,printemps,03h-06h,1,3.67,1,0
2023-05-09 06:00:00,1.33,14.0,427.0,4.4,1.7,5,printemps,06h-09h,1,3.0,0,0
2023-05-09 09:00:00,1.67,14.0,418.0,5.7,-0.7,5,printemps,09h-12h,1,1.33,1,0
2023-05-09 12:00:00,2.33,14.0,402.0,5.9,1.3,5,printemps,12h-15h,1,1.67,0,0
2023-05-09 15:00:00,2.0,14.0,395.0,5.4,-1.7,5,printemps,15h-18h,1,2.33,1,0
2023-05-09 18:00:00,1.33,14.0,392.0,3.9,-1.1,5,printemps,18h-21h,1,2.0,1,0
2023-05-09 21:00:00,4.67,14.0,383.0,3.5,-0.4,5,printemps,21h-24h,1,1.33,1,0
2023-05-10 00:00:00,4.33,26.0,654.0,8.1,3.4,5,printemps,00h-03h,1,4.67,0,0
2023-05-10 03:00:00,5.33,26.0,560.0,36.1,8.2,5,printemps,03h-06h,1,4.33,0,1
2023-05-10 06:00:00,2.33,26.0,573.0,5.4,2.7,5,printemps,06h-09h,1,5.33,0,0
2023-05-10 09:00:00,3.67,26.0,635.0,5.0,-0.1,5,printemps,09h-12h,1,2.33,1,0
2023-05-10 12:00:00,5.0,26.0,668.0,7.5,0.0,5,printemps,12h-15h,1,3.67,0,1
2023-05-10 15:00:00,3.33,26.0,641.0,2.7,-0.1,5,printemps,15h-18h,1,5.0,1,0
2023-05-10 18:00:00,2.0,26.0,647.0,3.5,3.0,5,printemps,18h-21h,1,3.33,0,0
2023-05-10 21:00:00,3.0,26.0,619.0,3.0,1.8,5,printemps,21h-24h,1,2.0,0,0
2023-05-11 00:00:00,3.0,9.0,614.0,2.1,-1.5,5,printemps,00h-03h,1,3.0,1,0
2023-05-11 03:00:00,3.0,9.0,579.0,2.7,-0.6,5,printemps,03h-06h,1,3.0,1,0
2023-05-11 06:00:00,2.33,9.0,543.0,2.5,1.0,5,printemps,06h-09h,1,3.0,0,0
2023-05-11 09:00:00,1.67,9.0,544.0,2.4,-0.7,5,printemps,09h-12h,1,2.33,1,0
2023-05-11 12:00:00,1.67,9.0,518.0,2.5,1.4,5,printemps,12h-15h,1,1.67,0,0
2023-05-11 15:00:00,1.67,9.0,508.0,2.7,-0.5,5,printemps,15h-18h,1,1.67,1,0
2023-05-11 18:00:00,1.67,9.0,494.0,2.1,-0.2,5,printemps,18h-21h,1,1.67,1,0
2023-05-11 21:00:00,2.67,9.0,482.0,1.7,-0.1,5,printemps,21h-24h,1,1.67,1,0
2023-05-12 00:00:00,2.33,19.0,498.0,3.5,-0.5,5,printemps,00h-03h,1,2.67,1,0
2023-05-12 03:00:00,3.67,19.0,505.0,3.5,-2.1,5,printemps,03h-06h,1,2.33,1,0
2023-05-12 06:00:00,3.0,19.0,468.0,2.9,0.6,5,printemps,06h-09h,1,3.67,0,0
2023-05-12 09:00:00,2.33,19.0,562.0,9.9,1.3,5,printemps,09h-12h,1,3.0,0,0
2023-05-12 12:00:00,5.33,19.0,534.0,9.8,3.3,5,printemps,12h-15h,1,2.33,0,1
2023-05-12 15:00:00,3.33,19.0,554.0,6.2,2.7,5,printemps,15h-18h,1,5.33,0,0
2023-05-12 18:00:00,2.33,19.0,552.0,2.8,3.0,5,printemps,18h-21h,1,3.33,0,0
2023-05-12 21:00:00,2.67,19.0,524.0,4.0,1.3,5,printemps,21h-24h,1,2.33,0,0
2023-05-14 00:00:00,1.33,8.0,441.0,2.4,2.3,5,printemps,00h-03h,1,2.67,0,0
2023-05-14 03:00:00,2.0,8.0,433.0,3.0,2.4,5,printemps,03h-06h,1,1.33,0,0
2023-05-14 06:00:00,1.33,8.0,430.0,3.7,2.3,5,printemps,06h-09h,1,2.0,0,0
2023-05-14 09:00:00,0.67,8.0,436.0,4.1,2.3,5,printemps,09h-12h,1,1.33,0,0
2023-05-14 12:00:00,2.0,8.0,459.0,3.8,3.4,5,printemps,12h-15h,1,0.67,0,0
2023-05-14 15:00:00,3.0,8.0,486.0,4.3,1.1,5,printemps,15h-18h,1,2.0,0,0
2023-05-14 18:00:00,2.33,8.0,493.0,3.7,-1.9,5,printemps,18h-21h,1,3.0,1,0
2023-05-14 21:00:00,2.33,8.0,469.0,2.7,0.8,5,printemps,21h-24h,1,2.33,0,0
2023-05-15 00:00:00,1.0,6.0,475.0,2.7,2.6,5,printemps,00h-03h,1,2.33,0,0
2023-05-15 03:00:00,1.0,6.0,469.0,3.6,3.5,5,printemps,03h-06h,1,1.0,0,0
2023-05-15 06:00:00,1.0,6.0,456.0,4.0,2.3,5,printemps,06h-09h,1,1.0,0,0
2023-05-15 09:00:00,0.33,6.0,464.0,3.7,1.2,5,printemps,09h-12h,1,1.0,0,0
2023-05-15 12:00:00,1.33,6.0,454.0,3.7,0.9,5,printemps,12h-15h,1,0.33,0,0
2023-05-15 15:00:00,1.67,6.0,451.0,4.6,1.8,5,printemps,15h-18h,1,1.33,0,0
2023-05-15 18:00:00,2.67,6.0,437.0,3.4,-0.6,5,printemps,18h-21h,1,1.67,1,0
2023-05-15 21:00:00,2.0,6.0,443.0,4.9,2.9,5,printemps,21h-24h,1,2.67,0,0
2023-05-16 00:00:00,2.67,8.0,487.0,4.4,-1.3,5,printemps,00h-03h,1,2.0,1,0
2023-05-16 03:00:00,2.33,8.0,463.0,4.3,-0.6,5,printemps,03h-06h,1,2.67,1,0
2023-05-16 06:00:00,3.0,8.0,478.0,4.8,-1.7,5,printemps,06h-09h,1,2.33,1,0
2023-05-16 09:00:00,1.33,8.0,460.0,3.8,1.4,5,printemps,09h-12h,1,3.0,0,0
2023-05-16 12:00:00,1.67,8.0,462.0,3.5,-1.6,5,printemps,12h-15h,1,1.33,1,0
2023-05-16 15:00:00,1.33,8.0,462.0,3.5,1.2,5,printemps,15h-18h,1,1.67,0,0
2023-05-16 18:00:00,1.67,8.0,470.0,3.5,-0.6,5,printemps,18h-21h,1,1.33,1,0
2023-05-16 21:00:00,1.67,8.0,436.0,3.0,-0.3,5,printemps,21h-24h,1,1.67,1,0
2023-05-17 00:00:00,1.33,4.0,428.0,2.9,1.5,5,printemps,00h-03h,1,1.67,0,0
2023-05-17 03:00:00,1.33,4.0,435.0,3.7,-0.9,5,printemps,03h-06h,1,1.33,1,0
2023-05-17 06:00:00,0.67,4.0,422.0,3.2,3.2,5,printemps,06h-09h,1,1.33,0,0
2023-05-17 09:00:00,1.0,4.0,9999.0,,2.3,5,printemps,09h-12h,1,0.67,0,0
2023-05-17 12:00:00,1.0,4.0,9999.0,,1.6,5,printemps,12h-15h,1,1.0,0,0
2023-05-17 15:00:00,1.0,4.0,9999.0,,0.8,5,printemps,15h-18h,1,1.0,0,0
2023-05-17 18:00:00,1.0,4.0,386.0,2.6,0.7,5,printemps,18h-21h,1,1.0,0,0
2023-05-17 21:00:00,1.0,4.0,399.0,3.0,-0.2,5,printemps,21h-24h,1,1.0,1,0
2023-05-18 00:00:00,0.67,3.0,375.0,2.4,0.3,5,printemps,00h-03h,1,1.0,0,0
2023-05-18 03:00:00,1.33,3.0,371.0,2.3,1.0,5,printemps,03h-06h,1,0.67,0,0
2023-05-18 06:00:00,0.67,3.0,365.0,1.8,0.1,5,printemps,06h-09h,1,1.33,0,0
2023-05-18 09:00:00,1.0,3.0,355.0,2.4,-1.5,5,printemps,09h-12h,1,0.67,1,0
2023-05-18 12:00:00,1.0,3.0,360.0,1.8,0.5,5,printemps,12h-15h,1,1.0,0,0
2023-05-18 15:00:00,0.33,3.0,341.0,2.6,0.4,5,printemps,15h-18h,1,1.0,0,0
2023-05-18 18:00:00,0.67,3.0,314.0,2.5,-0.0,5,printemps,18h-21h,1,0.33,0,0
2023-05-18 21:00:00,0.67,3.0,309.0,2.6,0.8,5,printemps,21h-24h,1,0.67,0,0
2023-05-19 00:00:00,0.67,9.0,330.0,3.1,2.1,5,printemps,00h-03h,1,0.67,0,0
2023-05-19 03:00:00,0.33,9.0,325.0,4.1,2.4,5,printemps,03h-06h,1,0.67,0,0
2023-05-19 06:00:00,1.0,9.0,312.0,4.6,0.9,5,printemps,06h-09h,1,0.33,0,0
2023-05-19 09:00:00,1.0,9.0,314.0,5.5,1.1,5,printemps,09h-12h,1,1.0,0,0
2023-05-19 12:00:00,1.67,9.0,305.0,6.3,0.9,5,printemps,12h-15h,1,1.0,0,0
2023-05-19 15:00:00,1.67,9.0,333.0,10.7,3.7,5,printemps,15h-18h,1,1.67,0,0
2023-05-19 18:00:00,3.0,9.0,329.0,14.8,5.7,5,printemps,18h-21h,1,1.67,0,0
2023-05-19 21:00:00,4.33,9.0,360.0,31.7,-4.8,5,printemps,21h-24h,1,3.0,1,0
2023-05-22 00:00:00,4.67,21.0,574.0,6.1,-2.0,5,printemps,00h-03h,1,4.33,1,0
2023-05-22 03:00:00,3.33,21.0,584.0,5.1,-1.2,5,printemps,03h-06h,1,4.67,1,0
2023-05-22 06:00:00,3.0,21.0,529.0,5.8,-2.0,5,printemps,06h-09h,1,3.33,1,0
2023-05-22 09:00:00,3.0,21.0,531.0,4.4,0.6,5,printemps,09h-12h,1,3.0,0,0
2023-05-22 12:00:00,3.0,21.0,534.0,5.2,-1.1,5,printemps,12h-15h,1,3.0,1,0
2023-05-22 15:00:00,3.0,21.0,560.0,5.5,1.3,5,printemps,15h-18h,1,3.0,0,0
2023-05-22 18:00:00,4.0,21.0,616.0,5.1,0.4,5,printemps,18h-21h,1,3.0,0,0
2023-05-22 21:00:00,4.0,21.0,609.0,5.1,0.0,5,printemps,21h-24h,1,4.0,0,0
2023-05-23 00:00:00,2.67,12.0,589.0,2.9,0.6,5,printemps,00h-03h,1,4.0,0,0
2023-05-23 03:00:00,3.0,12.0,584.0,3.6,-3.2,5,printemps,03h-06h,1,2.67,1,0
2023-05-23 06:00:00,3.0,12.0,541.0,3.8,2.2,5,printemps,06h-09h,1,3.0,0,0
2023-05-23 09:00:00,2.33,12.0,525.0,4.7,5.5,5,printemps,09h-12h,1,3.0,0,0
2023-05-23 12:00:00,1.0,12.0,551.0,2.7,2.5,5,printemps,12h-15h,1,2.33,0,0
2023-05-23 15:00:00,1.33,12.0,571.0,2.8,0.9,5,printemps,15h-18h,1,1.0,0,0
2023-05-23 18:00:00,3.0,12.0,568.0,2.7,-3.1,5,printemps,18h-21h,1,1.33,1,0
2023-05-23 21:00:00,3.67,12.0,572.0,2.8,-3.1,5,printemps,21h-24h,1,3.0,1,0
2023-05-24 00:00:00,2.67,12.0,581.0,3.4,-1.5,5,printemps,00h-03h,1,3.67,1,0
2023-05-24 03:00:00,3.0,12.0,568.0,3.3,-0.8,5,printemps,03h-06h,1,2.67,1,0
2023-05-24 06:00:00,1.67,12.0,566.0,2.8,3.1,5,printemps,06h-09h,1,3.0,0,0
2023-05-24 09:00:00,2.33,12.0,565.0,2.7,3.4,5,printemps,09h-12h,1,1.67,0,0
2023-05-24 12:00:00,2.67,12.0,547.0,2.4,-3.4,5,printemps,12h-15h,1,2.33,1,0
2023-05-24 15:00:00,2.67,12.0,524.0,2.2,-0.6,5,printemps,15h-18h,1,2.67,1,0
2023-05-24 18:00:00,3.0,12.0,539.0,2.6,-2.9,5,printemps,18h-21h,1,2.67,1,0
2023-05-24 21:00:00,3.0,12.0,567.0,2.6,-0.1,5,printemps,21h-24h,1,3.0,1,0
2023-05-25 00:00:00,3.0,11.0,546.0,2.6,1.1,5,printemps,00h-03h,1,3.0,0,0
2023-05-25 03:00:00,2.67,11.0,557.0,2.5,-2.8,5,printemps,03h-06h,1,3.0,1,0
2023-05-25 06:00:00,3.0,11.0,576.0,2.1,-4.1,5,printemps,06h-09h,1,2.67,1,0
2023-05-25 09:00:00,3.0,11.0,626.0,1.9,-3.8,5,printemps,09h-12h,1,3.0,1,0
2023-05-25 12:00:00,2.0,11.0,596.0,1.6,-0.0,5,printemps,12h-15h,1,3.0,0,0
2023-05-25 15:00:00,1.67,11.0,609.0,1.6,2.0,5,printemps,15h-18h,1,2.0,0,0
2023-05-25 18:00:00,2.67,11.0,600.0,1.3,-1.4,5,printemps,18h-21h,1,1.67,1,0
2023-05-25 21:00:00,2.0,11.0,543.0,0.9,-0.6,5,printemps,21h-24h,1,2.67,1,0
2023-05-26 00:00:00,2.0,6.0,501.0,1.5,-1.4,5,printemps,00h-03h,1,2.0,1,0
2023-05-26 03:00:00,2.0,6.0,521.0,1.9,-3.4,5,printemps,03h-06h,1,2.0,1,0
2023-05-26 06:00:00,1.67,6.0,481.0,1.7,-1.3,5,printemps,06h-09h,1,2.0,1,0
2023-05-26 09:00:00,1.0,6.0,465.0,1.5,1.0,5,printemps,09h-12h,1,1.67,0,0
2023-05-26 12:00:00,1.33,6.0,496.0,1.2,2.2,5,printemps,12h-15h,1,1.0,0,0
2023-05-26 15:00:00,1.33,6.0,483.0,0.9,2.2,5,printemps,15h-18h,1,1.33,0,0
2023-05-26 18:00:00,1.33,6.0,463.0,0.9,-0.2,5,printemps,18h-21h,1,1.33,1,0
2023-05-26 21:00:00,1.67,6.0,439.0,0.7,-0.2,5,printemps,21h-24h,1,1.33,1,0
2023-05-27 00:00:00,1.0,4.0,406.0,0.6,-0.4,5,printemps,00h-03h,1,1.67,1,0
2023-05-27 03:00:00,1.33,4.0,426.0,0.7,-1.8,5,printemps,03h-06h,1,1.0,1,0
2023-05-27 06:00:00,1.0,4.0,421.0,0.6,1.2,5,printemps,06h-09h,1,1.33,0,0
2023-05-27 09:00:00,1.0,4.0,388.0,0.5,1.8,5,printemps,09h-12h,1,1.0,0,0
2023-05-27 12:00:00,1.0,4.0,408.0,0.4,2.7,5,printemps,12h-15h,1,1.0,0,0
2023-05-27 15:00:00,1.0,4.0,446.0,0.8,-0.3,5,printemps,15h-18h,1,1.0,1,0
2023-05-27 18:00:00,0.67,4.0,436.0,0.8,-1.5,5,printemps,18h-21h,1,1.0,1,0
2023-05-27 21:00:00,2.0,4.0,425.0,0.8,-1.3,5,printemps,21h-24h,1,0.67,1,0
2023-05-28 00:00:00,3.0,11.0,466.0,1.6,-3.3,5,printemps,00h-03h,1,2.0,1,0
2023-05-28 03:00:00,3.0,11.0,456.0,2.2,-4.4,5,printemps,03h-06h,1,3.0,1,0
2023-05-28 06:00:00,2.67,11.0,437.0,2.6,-3.5,5,printemps,06h-09h,1,3.0,1,0
2023-05-28 09:00:00,2.33,11.0,437.0,2.3,-4.6,5,printemps,09h-12h,1,2.67,1,0
2023-05-28 12:00:00,3.33,11.0,440.0,1.8,-4.7,5,printemps,12h-15h,1,2.33,1,0
2023-05-28 15:00:00,1.33,11.0,422.0,1.6,-3.8,5,printemps,15h-18h,1,3.33,1,0
2023-05-28 18:00:00,1.33,11.0,423.0,2.1,-3.6,5,printemps,18h-21h,1,1.33,1,0
2023-05-28 21:00:00,1.67,11.0,423.0,2.4,-0.9,5,printemps,21h-24h,1,1.33,1,0
2023-05-29 00:00:00,0.67,4.0,410.0,2.2,0.5,5,printemps,00h-03h,1,1.67,0,0
2023-05-29 03:00:00,1.0,4.0,390.0,1.9,-0.0,5,printemps,03h-06h,1,0.67,0,0
2023-05-29 06:00:00,1.33,4.0,389.0,2.1,-0.5,5,printemps,06h-09h,1,1.0,1,0
2023-05-29 09:00:00,1.0,4.0,392.0,2.5,0.7,5,printemps,09h-12h,1,1.33,0,0
2023-05-29 12:00:00,1.0,4.0,396.0,2.6,1.7,5,printemps,12h-15h,1,1.0,0,0
2023-05-29 15:00:00,1.0,4.0,380.0,2.5,0.3,5,printemps,15h-18h,1,1.0,0,0
2023-05-29 18:00:00,1.0,4.0,373.0,2.9,-2.7,5,printemps,18h-21h,1,1.0,1,0
2023-05-29 21:00:00,1.67,4.0,381.0,3.2,-0.7,5,printemps,21h-24h,1,1.0,1,0
2023-05-30 00:00:00,1.0,5.0,379.0,3.2,2.0,5,printemps,00h-03h,1,1.67,0,0
2023-05-30 03:00:00,1.0,5.0,372.0,3.5,3.5,5,printemps,03h-06h,1,1.0,0,0
2023-05-30 06:00:00,1.67,5.0,384.0,3.3,2.5,5,printemps,06h-09h,1,1.0,0,0
2023-05-30 09:00:00,1.33,5.0,383.0,3.4,3.3,5,printemps,09h-12h,1,1.67,0,0
2023-05-30 12:00:00,1.33,5.0,377.0,4.8,1.2,5,printemps,12h-15h,1,1.33,0,0
2023-05-30 15:00:00,0.67,5.0,368.0,3.7,5.3,5,printemps,15h-18h,1,1.33,0,0
2023-05-30 18:00:00,1.33,5.0,372.0,4.0,-2.5,5,printemps,18h-21h,1,0.67,1,0
2023-05-30 21:00:00,2.0,5.0,379.0,5.5,-1.7,5,printemps,21h-24h,1,1.33,1,0
2023-05-31 00:00:00,2.33,10.0,386.0,6.7,-2.0,5,printemps,00h-03h,1,2.0,1,0
2023-05-31 03:00:00,1.67,10.0,370.0,6.5,3.6,5,printemps,03h-06h,1,2.33,0,0
2023-05-31 06:00:00,3.0,10.0,383.0,7.3,-4.4,5,printemps,06h-09h,1,1.67,1,0
2023-05-31 09:00:00,2.0,10.0,365.0,6.0,2.6,5,printemps,09h-12h,1,3.0,0,0
2023-05-31 12:00:00,1.67,10.0,369.0,7.3,-0.9,5,printemps,12h-15h,1,2.0,1,0
2023-05-31 15:00:00,2.67,10.0,358.0,7.6,-1.3,5,printemps,15h-18h,1,1.67,1,0
2023-05-31 18:00:00,2.67,10.0,366.0,9.3,-2.6,5,printemps,18h-21h,1,2.67,1,0
2023-05-31 21:00:00,3.0,10.0,378.0,7.5,-1.9,5,printemps,21h-24h,1,2.67,1,0
2023-06-01 00:00:00,3.67,13.0,392.0,8.1,-4.0,6,ete,00h-03h,1,3.0,1,0
2023-06-01 03:00:00,2.67,13.0,405.0,8.4,-5.4,6,ete,03h-06h,1,3.67,1,0
2023-06-01 06:00:00,3.33,13.0,408.0,7.1,-4.9,6,ete,06h-09h,1,2.67,1,0
2023-06-01 09:00:00,2.33,13.0,396.0,5.7,1.3,6,ete,09h-12h,1,3.33,0,0
2023-06-01 12:00:00,3.33,13.0,444.0,4.0,-3.0,6,ete,12h-15h,1,2.33,1,0
2023-06-01 15:00:00,2.67,13.0,459.0,3.0,-0.4,6,ete,15h-18h,1,3.33,1,0
2023-06-01 18:00:00,2.0,13.0,444.0,2.3,-1.7,6,ete,18h-21h,1,2.67,1,0
2023-06-01 21:00:00,2.33,13.0,435.0,2.4,-1.7,6,ete,21h-24h,1,2.0,1,0
2023-06-02 00:00:00,2.0,5.0,428.0,2.7,-3.4,6,ete,00h-03h,1,2.33,1,0
2023-06-02 03:00:00,1.67,5.0,415.0,3.4,-1.3,6,ete,03h-06h,1,2.0,1,0
2023-06-02 06:00:00,2.0,5.0,387.0,5.6,-2.0,6,ete,06h-09h,1,1.67,1,0
2023-06-02 09:00:00,1.0,5.0,376.0,5.4,-1.2,6,ete,09h-12h,1,2.0,1,0
2023-06-02 12:00:00,1.0,5.0,368.0,5.1,1.6,6,ete,12h-15h,1,1.0,0,0
2023-06-02 15:00:00,0.67,5.0,363.0,4.8,0.9,6,ete,15h-18h,1,1.0,0,0
2023-06-02 18:00:00,1.0,5.0,351.0,4.6,-1.0,6,ete,18h-21h,1,0.67,1,0
2023-06-02 21:00:00,1.67,5.0,353.0,4.1,-1.9,6,ete,21h-24h,1,1.0,1,0
2023-06-03 00:00:00,1.67,5.0,353.0,5.0,-0.4,6,ete,00h-03h,1,1.67,1,0
2023-06-03 03:00:00,1.67,5.0,346.0,3.2,2.0,6,ete,03h-06h,1,1.67,0,0
2023-06-03 06:00:00,1.0,5.0,353.0,5.0,1.2,6,ete,06h-09h,1,1.67,0,0
2023-06-03 09:00:00,1.67,5.0,351.0,5.4,-0.9,6,ete,09h-12h,1,1.0,1,0
2023-06-03 12:00:00,0.67,5.0,340.0,6.4,3.7,6,ete,12h-15h,1,1.67,0,0
2023-06-03 15:00:00,0.33,5.0,327.0,8.9,1.9,6,ete,15h-18h,1,0.67,0,0
2023-06-03 18:00:00,1.0,5.0,318.0,8.6,0.8,6,ete,18h-21h,1,0.33,0,0
2023-06-03 21:00:00,2.0,5.0,331.0,13.2,1.8,6,ete,21h-24h,1,1.0,0,0
2023-06-04 00:00:00,2.33,11.0,334.0,11.5,3.3,6,ete,00h-03h,1,2.0,0,0
2023-06-04 03:00:00,1.67,11.0,328.0,14.6,2.6,6,ete,03h-06h,1,2.33,0,0
2023-06-04 06:00:00,2.33,11.0,322.0,16.8,-1.6,6,ete,06h-09h,1,1.67,1,0
2023-06-04 09:00:00,2.67,11.0,325.0,18.1,-3.1,6,ete,09h-12h,1,2.33,1,0
2023-06-04 12:00:00,1.67,11.0,341.0,11.1,8.1,6,ete,12h-15h,1,2.67,0,0
2023-06-04 15:00:00,1.67,11.0,342.0,14.1,7.8,6,ete,15h-18h,1,1.67,0,0
2023-06-04 18:00:00,4.0,11.0,346.0,12.4,-6.1,6,ete,18h-21h,1,1.67,1,0
2023-06-04 21:00:00,2.33,11.0,344.0,9.7,3.3,6,ete,21h-24h,1,4.0,0,0
2023-06-05 00:00:00,1.0,5.0,347.0,5.4,2.1,6,ete,00h-03h,1,2.33,0,0
2023-06-05 03:00:00,1.33,5.0,349.0,4.8,-0.8,6,ete,03h-06h,1,1.0,1,0
2023-06-05 06:00:00,1.33,5.0,394.0,5.0,2.2,6,ete,06h-09h,1,1.33,0,0
2023-06-05 09:00:00,2.33,5.0,424.0,5.8,0.1,6,ete,09h-12h,1,1.33,0,0
2023-06-05 12:00:00,1.0,5.0,395.0,5.1,2.4,6,ete,12h-15h,1,2.33,0,0
2023-06-05 15:00:00,0.67,5.0,380.0,5.4,3.6,6,ete,15h-18h,1,1.0,0,0
2023-06-05 18:00:00,1.33,5.0,366.0,6.5,5.5,6,ete,18h-21h,1,0.67,0,0
2023-06-05 21:00:00,1.67,5.0,373.0,7.3,4.7,6,ete,21h-24h,1,1.33,0,0
2023-06-06 00:00:00,2.67,7.0,349.0,9.9,-0.1,6,ete,00h-03h,1,1.67,1,0
2023-06-06 03:00:00,2.33,7.0,357.0,9.6,6.1,6,ete,03h-06h,1,2.67,0,0
2023-06-06 06:00:00,1.33,7.0,358.0,8.8,4.7,6,ete,06h-09h,1,2.33,0,0
2023-06-06 09:00:00,2.33,7.0,365.0,5.4,-2.8,6,ete,09h-12h,1,1.33,1,0
2023-06-06 12:00:00,2.0,7.0,386.0,5.7,-1.5,6,ete,12h-15h,1,2.33,1,0
2023-06-06 15:00:00,1.0,7.0,357.0,4.4,2.8,6,ete,15h-18h,1,2.0,0,0
2023-06-06 18:00:00,1.0,7.0,361.0,4.5,1.1,6,ete,18h-21h,1,1.0,0,0
2023-06-06 21:00:00,1.0,7.0,365.0,3.8,2.8,6,ete,21h-24h,1,1.0,0,0
2023-06-07 00:00:00,0.67,5.0,350.0,3.0,2.0,6,ete,00h-03h,1,1.0,0,0
2023-06-07 03:00:00,1.0,5.0,337.0,4.2,0.9,6,ete,03h-06h,1,0.67,0,0
2023-06-07 06:00:00,1.0,5.0,337.0,4.7,3.0,6,ete,06h-09h,1,1.0,0,0
2023-06-07 09:00:00,1.67,5.0,319.0,3.4,-1.4,6,ete,09h-12h,1,1.0,1,0
2023-06-07 12:00:00,1.0,5.0,306.0,2.8,0.5,6,ete,12h-15h,1,1.67,0,0
2023-06-07 15:00:00,0.67,5.0,322.0,4.4,1.0,6,ete,15h-18h,1,1.0,0,0
2023-06-07 18:00:00,0.33,5.0,335.0,5.9,0.1,6,ete,18h-21h,1,0.67,0,0
2023-06-07 21:00:00,2.67,5.0,322.0,5.4,-0.4,6,ete,21h-24h,1,0.33,1,0
2023-06-08 00:00:00,2.0,5.0,355.0,9.5,1.7,6,ete,00h-03h,1,2.67,0,0
2023-06-08 03:00:00,1.67,5.0,357.0,9.2,-0.7,6,ete,03h-06h,1,2.0,1,0
2023-06-08 06:00:00,1.33,5.0,342.0,7.9,-1.7,6,ete,06h-09h,1,1.67,1,0
2023-06-08 09:00:00,1.67,5.0,321.0,6.0,-4.3,6,ete,09h-12h,1,1.33,1,0
2023-06-08 12:00:00,1.67,5.0,321.0,5.4,-0.3,6,ete,12h-15h,1,1.67,1,0
2023-06-08 15:00:00,1.0,5.0,330.0,6.5,1.3,6,ete,15h-18h,1,1.67,0,0
2023-06-08 18:00:00,1.0,5.0,334.0,8.7,-0.3,6,ete,18h-21h,1,1.0,1,0
2023-06-08 21:00:00,0.67,5.0,322.0,8.3,2.2,6,ete,21h-24h,1,1.0,0,0
2023-06-09 00:00:00,1.0,4.0,315.0,8.0,0.1,6,ete,00h-03h,1,0.67,0,0
2023-06-09 03:00:00,1.0,4.0,311.0,6.9,0.4,6,ete,03h-06h,1,1.0,0,0
2023-06-09 06:00:00,1.0,4.0,301.0,5.5,-0.4,6,ete,06h-09h,1,1.0,1,0
2023-06-09 09:00:00,0.67,4.0,290.0,6.3,0.4,6,ete,09h-12h,1,1.0,0,0
2023-06-09 12:00:00,0.67,4.0,281.0,7.5,0.5,6,ete,12h-15h,1,0.67,0,0
2023-06-09 15:00:00,1.0,4.0,290.0,12.1,0.4,6,ete,15h-18h,1,0.67,0,0
2023-06-09 18:00:00,2.0,4.0,304.0,14.7,-3.2,6,ete,18h-21h,1,1.0,1,0
2023-06-09 21:00:00,1.67,4.0,301.0,18.5,1.0,6,ete,21h-24h,1,2.0,0,0
2023-06-10 00:00:00,1.33,5.0,304.0,10.4,3.5,6,ete,00h-03h,1,1.67,0,0
2023-06-10 03:00:00,0.67,5.0,304.0,11.0,2.6,6,ete,03h-06h,1,1.33,0,0
2023-06-10 06:00:00,1.33,5.0,299.0,15.4,-0.6,6,ete,06h-09h,1,0.67,1,0
2023-06-10 09:00:00,1.67,5.0,305.0,12.9,-1.3,6,ete,09h-12h,1,1.33,1,0
2023-06-10 12:00:00,1.0,5.0,313.0,10.4,-1.2,6,ete,12h-15h,1,1.67,1,0
2023-06-10 15:00:00,1.33,5.0,316.0,14.1,-1.1,6,ete,15h-18h,1,1.0,1,0
2023-06-10 18:00:00,1.67,5.0,312.0,17.3,1.1,6,ete,18h-21h,1,1.33,0,0
2023-06-10 21:00:00,1.33,5.0,320.0,20.9,-0.2,6,ete,21h-24h,1,1.67,1,0
2023-06-11 00:00:00,2.67,9.0,328.0,26.4,3.6,6,ete,00h-03h,1,1.33,0,0
2023-06-11 03:00:00,2.67,9.0,351.0,14.2,3.6,6,ete,03h-06h,1,2.67,0,0
2023-06-11 06:00:00,2.33,9.0,372.0,12.1,0.0,6,ete,06h-09h,1,2.67,0,0
2023-06-11 09:00:00,1.67,9.0,385.0,13.9,-1.6,6,ete,09h-12h,1,2.33,1,0
2023-06-11 12:00:00,2.0,9.0,407.0,8.5,-0.5,6,ete,12h-15h,1,1.67,1,0
2023-06-11 15:00:00,2.67,9.0,408.0,9.7,-0.7,6,ete,15h-18h,1,2.0,1,0
2023-06-11 18:00:00,1.67,9.0,403.0,6.3,1.4,6,ete,18h-21h,1,2.67,0,0
2023-06-11 21:00:00,1.67,9.0,431.0,7.5,3.1,6,ete,21h-24h,1,1.67,0,0
2023-06-12 00:00:00,2.0,6.0,427.0,8.4,-0.7,6,ete,00h-03h,1,1.67,1,0
2023-06-12 03:00:00,1.33,6.0,415.0,6.6,1.8,6,ete,03h-06h,1,2.0,0,0
2023-06-12 06:00:00,1.33,6.0,434.0,4.3,3.0,6,ete,06h-09h,1,1.33,0,0
2023-06-12 09:00:00,1.33,6.0,431.0,4.0,2.9,6,ete,09h-12h,1,1.33,0,0
2023-06-12 12:00:00,2.67,6.0,434.0,4.2,1.1,6,ete,12h-15h,1,1.33,0,0
2023-06-12 15:00:00,1.67,6.0,421.0,3.8,0.5,6,ete,15h-18h,1,2.67,0,0
2023-06-12 18:00:00,1.67,6.0,427.0,3.9,0.8,6,ete,18h-21h,1,1.67,0,0
2023-06-12 21:00:00,1.33,6.0,414.0,3.6,-1.6,6,ete,21h-24h,1,1.67,1,0
2023-06-13 00:00:00,1.67,6.0,468.0,3.0,2.1,6,ete,00h-03h,1,1.33,0,0
2023-06-13 03:00:00,1.67,6.0,448.0,3.2,1.9,6,ete,03h-06h,1,1.67,0,0
2023-06-13 06:00:00,2.0,6.0,435.0,3.4,0.0,6,ete,06h-09h,1,1.67,0,0
2023-06-13 09:00:00,1.67,6.0,425.0,3.3,-0.3,6,ete,09h-12h,1,2.0,1,0
2023-06-13 12:00:00,1.67,6.0,422.0,3.1,-0.7,6,ete,12h-15h,1,1.67,1,0
2023-06-13 15:00:00,2.33,6.0,410.0,3.6,-0.7,6,ete,15h-18h,1,1.67,1,0
2023-06-13 18:00:00,1.0,6.0,378.0,3.8,2.1,6,ete,18h-21h,1,2.33,0,0
2023-06-13 21:00:00,1.33,6.0,368.0,3.4,-1.6,6,ete,21h-24h,1,1.0,1,0
2023-06-14 00:00:00,2.67,5.0,354.0,4.5,-1.4,6,ete,00h-03h,1,1.33,1,0
2023-06-14 03:00:00,1.33,5.0,340.0,3.9,-0.2,6,ete,03h-06h,1,2.67,1,0
2023-06-14 06:00:00,1.33,5.0,359.0,3.9,3.6,6,ete,06h-09h,1,1.33,0,0
2023-06-14 09:00:00,1.0,5.0,341.0,4.0,3.1,6,ete,09h-12h,1,1.33,0,0
2023-06-14 12:00:00,1.0,5.0,333.0,3.3,1.1,6,ete,12h-15h,1,1.0,0,0
2023-06-14 15:00:00,0.67,5.0,324.0,2.9,1.5,6,ete,15h-18h,1,1.0,0,0
2023-06-14 18:00:00,0.67,5.0,331.0,3.0,0.6,6,ete,18h-21h,1,0.67,0,0
2023-06-14 21:00:00,1.0,5.0,333.0,3.4,2.1,6,ete,21h-24h,1,0.67,0,0
2023-06-15 00:00:00,1.33,24.0,323.0,3.5,0.0,6,ete,00h-03h,1,1.0,0,0
2023-06-15 03:00:00,1.67,24.0,317.0,3.8,-2.2,6,ete,03h-06h,1,1.33,1,0
2023-06-15 06:00:00,1.67,24.0,318.0,3.8,-2.2,6,ete,06h-09h,1,1.67,1,0
2023-06-15 09:00:00,1.67,24.0,357.0,6.0,-2.6,6,ete,09h-12h,1,1.67,1,0
2023-06-15 12:00:00,4.33,24.0,375.0,12.8,-4.5,6,ete,12h-15h,1,1.67,1,0
2023-06-15 15:00:00,4.33,24.0,409.0,31.4,-6.7,6,ete,15h-18h,1,4.33,1,0
2023-06-15 18:00:00,4.67,24.0,442.0,13.5,-6.6,6,ete,18h-21h,1,4.33,1,0
2023-06-15 21:00:00,5.67,24.0,540.0,6.8,-5.2,6,ete,21h-24h,1,4.67,1,1
2023-06-16 00:00:00,5.0,38.0,617.0,5.7,-5.0,6,ete,00h-03h,1,5.67,1,1
2023-06-16 03:00:00,6.33,38.0,621.0,5.1,2.5,6,ete,03h-06h,1,5.0,0,1
2023-06-16 06:00:00,4.67,38.0,681.0,3.7,-4.2,6,ete,06h-09h,1,6.33,1,0
2023-06-16 09:00:00,5.0,38.0,651.0,3.9,-3.1,6,ete,09h-12h,1,4.67,1,1
2023-06-16 12:00:00,4.0,38.0,682.0,3.7,-3.0,6,ete,12h-15h,1,5.0,1,0
2023-06-16 15:00:00,3.0,38.0,644.0,1.9,-1.2,6,ete,15h-18h,1,4.0,1,0
2023-06-16 18:00:00,3.33,38.0,627.0,2.2,2.0,6,ete,18h-21h,1,3.0,0,0
2023-06-16 21:00:00,3.33,38.0,611.0,1.8,-0.8,6,ete,21h-24h,1,3.33,1,0
2023-06-17 00:00:00,2.33,8.0,607.0,1.9,0.0,6,ete,00h-03h,1,3.33,0,0
2023-06-17 03:00:00,2.67,8.0,593.0,2.4,-0.1,6,ete,03h-06h,1,2.33,1,0
2023-06-17 06:00:00,2.0,8.0,573.0,1.6,-0.6,6,ete,06h-09h,1,2.67,1,0
2023-06-17 09:00:00,2.33,8.0,570.0,1.5,1.4,6,ete,09h-12h,1,2.0,0,0
2023-06-17 12:00:00,2.0,8.0,547.0,1.9,-0.3,6,ete,12h-15h,1,2.33,1,0
2023-06-17 15:00:00,2.33,8.0,538.0,2.0,-2.4,6,ete,15h-18h,1,2.0,1,0
2023-06-17 18:00:00,2.0,8.0,539.0,1.8,-1.5,6,ete,18h-21h,1,2.33,1,0
2023-06-17 21:00:00,2.0,8.0,512.0,1.8,-3.4,6,ete,21h-24h,1,2.0,1,0
2023-06-18 00:00:00,2.67,10.0,497.0,1.9,-2.7,6,ete,00h-03h,1,2.0,1,0
2023-06-18 03:00:00,2.67,10.0,485.0,2.1,-2.8,6,ete,03h-06h,1,2.67,1,0
2023-06-18 06:00:00,1.67,10.0,403.0,2.7,-1.9,6,ete,06h-09h,1,2.67,1,0
2023-06-18 09:00:00,2.67,10.0,392.0,2.7,-3.7,6,ete,09h-12h,1,1.67,1,0
2023-06-18 12:00:00,1.67,10.0,388.0,3.4,-2.8,6,ete,12h-15h,1,2.67,1,0
2023-06-18 15:00:00,2.0,10.0,386.0,4.1,-5.4,6,ete,15h-18h,1,1.67,1,0
2023-06-18 18:00:00,3.0,10.0,391.0,5.7,-4.3,6,ete,18h-21h,1,2.0,1,0
2023-06-18 21:00:00,2.33,10.0,388.0,6.0,-3.6,6,ete,21h-24h,1,3.0,1,0
2023-06-19 00:00:00,2.67,10.0,382.0,6.6,-2.9,6,ete,00h-03h,1,2.33,1,0
2023-06-19 03:00:00,2.0,10.0,378.0,8.2,2.2,6,ete,03h-06h,1,2.67,0,0
2023-06-19 06:00:00,2.0,10.0,384.0,4.9,-0.0,6,ete,06h-09h,1,2.0,0,0
2023-06-19 09:00:00,2.33,10.0,383.0,6.3,-4.0,6,ete,09h-12h,1,2.0,1,0
2023-06-19 12:00:00,2.33,10.0,380.0,5.9,-2.7,6,ete,12h-15h,1,2.33,1,0
2023-06-19 15:00:00,2.67,10.0,382.0,5.0,-3.1,6,ete,15h-18h,1,2.33,1,0
2023-06-19 18:00:00,2.67,10.0,429.0,4.7,-0.3,6,ete,18h-21h,1,2.67,1,0
2023-06-19 21:00:00,3.0,10.0,429.0,3.2,-3.4,6,ete,21h-24h,1,2.67,1,0
2023-06-20 00:00:00,3.0,10.0,465.0,3.8,0.9,6,ete,00h-03h,1,3.0,0,0
2023-06-20 03:00:00,2.67,10.0,396.0,2.9,-0.0,6,ete,03h-06h,1,3.0,0,0
2023-06-20 06:00:00,1.67,10.0,388.0,3.0,1.6,6,ete,06h-09h,1,2.67,0,0
2023-06-20 09:00:00,2.33,10.0,375.0,2.6,2.4,6,ete,09h-12h,1,1.67,0,0
2023-06-20 12:00:00,2.33,10.0,409.0,4.2,-3.7,6,ete,12h-15h,1,2.33,1,0
2023-06-20 15:00:00,2.67,10.0,393.0,4.9,-1.6,6,ete,15h-18h,1,2.33,1,0
2023-06-20 18:00:00,1.67,10.0,383.0,4.7,-0.5,6,ete,18h-21h,1,2.67,1,0
2023-06-20 21:00:00,2.67,10.0,413.0,4.4,-4.8,6,ete,21h-24h,1,1.67,1,0
2023-06-21 00:00:00,2.67,8.0,397.0,5.3,-3.6,6,ete,00h-03h,1,2.67,1,0
2023-06-21 03:00:00,2.0,8.0,407.0,6.0,0.4,6,ete,03h-06h,1,2.67,0,0
2023-06-21 06:00:00,1.67,8.0,410.0,5.8,-3.0,6,ete,06h-09h,1,2.0,1,0
2023-06-21 09:00:00,1.0,8.0,424.0,5.0,1.6,6,ete,09h-12h,1,1.67,0,0
2023-06-21 12:00:00,1.67,8.0,425.0,4.6,4.9,6,ete,12h-15h,1,1.0,0,0
2023-06-21 15:00:00,1.0,8.0,437.0,2.4,5.3,6,ete,15h-18h,1,1.67,0,0
2023-06-21 18:00:00,1.0,8.0,435.0,1.7,4.8,6,ete,18h-21h,1,1.0,0,0
2023-06-21 21:00:00,3.33,8.0,454.0,2.1,-4.7,6,ete,21h-24h,1,1.0,1,0
2023-06-22 00:00:00,1.0,8.0,422.0,1.9,0.1,6,ete,00h-03h,1,3.33,0,0
2023-06-22 03:00:00,1.33,8.0,413.0,1.9,0.4,6,ete,03h-06h,1,1.0,0,0
2023-06-22 06:00:00,2.67,8.0,418.0,1.9,-2.0,6,ete,06h-09h,1,1.33,1,0
2023-06-22 09:00:00,2.67,8.0,400.0,2.7,1.3,6,ete,09h-12h,1,2.67,0,0
2023-06-22 12:00:00,2.33,8.0,400.0,5.4,-4.1,6,ete,12h-15h,1,2.67,1,0
2023-06-22 15:00:00,1.67,8.0,416.0,5.9,-5.1,6,ete,15h-18h,1,2.33,1,0
2023-06-22 18:00:00,2.0,8.0,400.0,6.1,-4.4,6,ete,18h-21h,1,1.67,1,0
2023-06-22 21:00:00,2.33,8.0,392.0,6.5,-3.7,6,ete,21h-24h,1,2.0,1,0
2023-06-23 00:00:00,2.0,9.0,385.0,6.5,0.1,6,ete,00h-03h,1,2.33,0,0
2023-06-23 03:00:00,2.33,9.0,369.0,6.0,-0.4,6,ete,03h-06h,1,2.0,1,0
2023-06-23 06:00:00,2.0,9.0,371.0,6.7,1.7,6,ete,06h-09h,1,2.33,0,0
2023-06-23 09:00:00,2.67,9.0,352.0,4.8,-3.1,6,ete,09h-12h,1,2.0,1,0
2023-06-23 12:00:00,2.0,9.0,371.0,7.0,-3.2,6,ete,12h-15h,1,2.67,1,0
2023-06-23 15:00:00,2.33,9.0,375.0,6.8,-2.1,6,ete,15h-18h,1,2.0,1,0
2023-06-23 18:00:00,2.33,9.0,404.0,6.7,-2.2,6,ete,18h-21h,1,2.33,1,0
2023-06-23 21:00:00,2.33,9.0,428.0,4.0,-1.4,6,ete,21h-24h,1,2.33,1,0
2023-06-24 00:00:00,1.67,16.0,415.0,3.4,2.4,6,ete,00h-03h,1,2.33,0,0
2023-06-24 03:00:00,3.0,16.0,418.0,2.7,2.8,6,ete,03h-06h,1,1.67,0,0
2023-06-24 06:00:00,2.67,16.0,428.0,2.9,-0.6,6,ete,06h-09h,1,3.0,1,0
2023-06-24 09:00:00,2.67,16.0,445.0,2.3,-0.2,6,ete,09h-12h,1,2.67,1,0
2023-06-24 12:00:00,2.67,16.0,456.0,1.9,2.1,6,ete,12h-15h,1,2.67,0,0
2023-06-24 15:00:00,3.0,16.0,421.0,1.7,-1.0,6,ete,15h-18h,1,2.67,1,0
2023-06-24 18:00:00,4.0,16.0,465.0,3.1,-5.0,6,ete,18h-21h,1,3.0,1,0
2023-06-24 21:00:00,4.33,16.0,488.0,5.2,-9.0,6,ete,21h-24h,1,4.0,1,0
2023-06-25 00:00:00,5.0,15.0,501.0,4.8,-9.2,6,ete,00h-03h,1,4.33,1,1
2023-06-25 03:00:00,2.33,15.0,512.0,7.4,2.7,6,ete,03h-06h,1,5.0,0,0
2023-06-25 06:00:00,2.0,15.0,484.0,3.3,2.4,6,ete,06h-09h,1,2.33,0,0
2023-06-25 09:00:00,1.33,15.0,515.0,3.1,5.2,6,ete,09h-12h,1,2.0,0,0
2023-06-25 12:00:00,2.33,15.0,515.0,3.3,2.1,6,ete,12h-15h,1,1.33,0,0
2023-06-25 15:00:00,2.67,15.0,521.0,3.3,-4.7,6,ete,15h-18h,1,2.33,1,0
2023-06-25 18:00:00,3.0,15.0,521.0,2.3,0.1,6,ete,18h-21h,1,2.67,0,0
2023-06-25 21:00:00,3.0,15.0,568.0,2.0,1.0,6,ete,21h-24h,1,3.0,0,0
2023-06-26 00:00:00,2.67,11.0,571.0,2.0,-0.5,6,ete,00h-03h,1,3.0,1,0
2023-06-26 03:00:00,2.33,11.0,564.0,1.6,1.2,6,ete,03h-06h,1,2.67,0,0
2023-06-26 06:00:00,2.33,11.0,557.0,1.7,0.5,6,ete,06h-09h,1,2.33,0,0
2023-06-26 09:00:00,2.67,11.0,523.0,1.6,-0.2,6,ete,09h-12h,1,2.33,1,0
2023-06-26 12:00:00,2.67,11.0,519.0,2.0,-0.5,6,ete,12h-15h,1,2.67,1,0
2023-06-26 15:00:00,3.0,11.0,538.0,2.1,-2.9,6,ete,15h-18h,1,2.67,1,0
2023-06-26 18:00:00,1.67,11.0,537.0,1.9,-1.5,6,ete,18h-21h,1,3.0,1,0
2023-06-26 21:00:00,3.0,11.0,528.0,1.8,0.4,6,ete,21h-24h,1,1.67,0,0
2023-06-27 00:00:00,2.33,8.0,523.0,2.1,-3.1,6,ete,00h-03h,1,3.0,1,0
2023-06-27 03:00:00,2.0,8.0,494.0,1.8,-0.9,6,ete,03h-06h,1,2.33,1,0
2023-06-27 06:00:00,2.67,8.0,527.0,2.4,-3.0,6,ete,06h-09h,1,2.0,1,0
2023-06-27 09:00:00,2.33,8.0,503.0,2.5,-1.1,6,ete,09h-12h,1,2.67,1,0
2023-06-27 12:00:00,2.0,8.0,477.0,2.5,0.0,6,ete,12h-15h,1,2.33,0,0
2023-06-27 15:00:00,2.0,8.0,495.0,2.8,-1.2,6,ete,15h-18h,1,2.0,1,0
2023-06-27 18:00:00,1.67,8.0,485.0,3.1,0.7,6,ete,18h-21h,1,2.0,0,0
2023-06-27 21:00:00,2.33,8.0,488.0,3.4,-2.3,6,ete,21h-24h,1,1.67,1,0
2023-06-28 00:00:00,2.33,8.0,457.0,3.5,-0.6,6,ete,00h-03h,1,2.33,1,0
2023-06-28 03:00:00,2.33,8.0,453.0,3.5,-2.1,6,ete,03h-06h,1,2.33,1,0
2023-06-28 06:00:00,2.0,8.0,442.0,3.3,0.4,6,ete,06h-09h,1,2.33,0,0
2023-06-28 09:00:00,2.33,8.0,447.0,3.8,-1.1,6,ete,09h-12h,1,2.0,1,0
2023-06-28 12:00:00,1.67,8.0,445.0,3.4,1.0,6,ete,12h-15h,1,2.33,0,0
2023-06-28 15:00:00,1.33,8.0,442.0,3.6,2.5,6,ete,15h-18h,1,1.67,0,0
2023-06-28 18:00:00,1.67,8.0,441.0,3.1,-0.1,6,ete,18h-21h,1,1.33,1,0
2023-06-28 21:00:00,2.33,8.0,446.0,2.9,-0.6,6,ete,21h-24h,1,1.67,1,0
2023-06-29 00:00:00,2.67,17.0,431.0,3.1,-0.5,6,ete,00h-03h,1,2.33,1,0
2023-06-29 03:00:00,3.0,17.0,438.0,3.0,-2.1,6,ete,03h-06h,1,2.67,1,0
2023-06-29 06:00:00,3.0,17.0,478.0,3.6,-2.4,6,ete,06h-09h,1,3.0,1,0
2023-06-29 09:00:00,3.33,17.0,474.0,4.0,-4.9,6,ete,09h-12h,1,3.0,1,0
2023-06-29 12:00:00,2.0,17.0,474.0,1.9,-2.3,6,ete,12h-15h,1,3.33,1,0
2023-06-29 15:00:00,4.0,17.0,483.0,3.0,-3.1,6,ete,15h-18h,1,2.0,1,0
2023-06-29 18:00:00,3.67,17.0,493.0,6.8,-4.7,6,ete,18h-21h,1,4.0,1,0
2023-06-29 21:00:00,3.67,17.0,457.0,4.6,-3.2,6,ete,21h-24h,1,3.67,1,0
2023-06-30 00:00:00,3.33,18.0,455.0,3.3,-2.1,6,ete,00h-03h,1,3.67,1,0
2023-06-30 03:00:00,1.67,18.0,488.0,2.9,1.8,6,ete,03h-06h,1,3.33,0,0
2023-06-30 06:00:00,2.33,18.0,494.0,2.5,-0.7,6,ete,06h-09h,1,1.67,1,0
2023-06-30 09:00:00,2.0,18.0,499.0,1.6,-2.0,6,ete,09h-12h,1,2.33,1,0
2023-06-30 12:00:00,2.67,18.0,520.0,2.4,-2.0,6,ete,12h-15h,1,2.0,1,0
2023-06-30 15:00:00,1.67,18.0,559.0,3.0,-0.1,6,ete,15h-18h,1,2.67,1,0
2023-06-30 18:00:00,0.67,18.0,512.0,1.6,1.4,6,ete,18h-21h,1,1.67,0,0
2023-06-30 21:00:00,0.33,18.0,497.0,1.4,2.4,6,ete,21h-24h,1,0.67,0,0
2023-07-01 00:00:00,2.0,5.0,466.0,2.3,4.2,7,ete,00h-03h,1,0.33,0,0
2023-07-01 03:00:00,1.67,5.0,455.0,2.8,1.3,7,ete,03h-06h,1,2.0,0,0
2023-07-01 06:00:00,1.33,5.0,470.0,1.8,2.3,7,ete,06h-09h,1,1.67,0,0
2023-07-01 09:00:00,1.0,5.0,456.0,1.6,-0.1,7,ete,09h-12h,1,1.33,1,0
2023-07-01 12:00:00,1.0,5.0,446.0,1.5,-0.4,7,ete,12h-15h,1,1.0,1,0
2023-07-01 15:00:00,1.0,5.0,469.0,1.5,0.6,7,ete,15h-18h,1,1.0,0,0
2023-07-01 18:00:00,1.33,5.0,448.0,1.1,1.3,7,ete,18h-21h,1,1.0,0,0
2023-07-01 21:00:00,2.0,5.0,409.0,1.8,0.5,7,ete,21h-24h,1,1.33,0,0
2023-07-02 00:00:00,1.33,5.0,424.0,3.2,0.7,7,ete,00h-03h,1,2.0,0,0
2023-07-02 03:00:00,1.33,5.0,422.0,3.1,0.2,7,ete,03h-06h,1,1.33,0,0
2023-07-02 06:00:00,1.67,5.0,432.0,3.1,-0.5,7,ete,06h-09h,1,1.33,1,0
2023-07-02 09:00:00,2.0,5.0,435.0,3.1,-2.4,7,ete,09h-12h,1,1.67,1,0
2023-07-02 12:00:00,2.0,5.0,418.0,2.9,-2.1,7,ete,12h-15h,1,2.0,1,0
2023-07-02 15:00:00,1.33,5.0,426.0,3.1,-0.4,7,ete,15h-18h,1,2.0,1,0
2023-07-02 18:00:00,0.67,5.0,430.0,4.1,-0.1,7,ete,18h-21h,1,1.33,1,0
2023-07-02 21:00:00,1.0,5.0,390.0,3.8,0.4,7,ete,21h-24h,1,0.67,0,0
2023-07-03 00:00:00,1.67,5.0,376.0,4.2,0.2,7,ete,00h-03h,1,1.0,0,0
2023-07-03 03:00:00,1.33,5.0,374.0,5.7,1.5,7,ete,03h-06h,1,1.67,0,0
2023-07-03 06:00:00,1.33,5.0,384.0,4.4,3.0,7,ete,06h-09h,1,1.33,0,0
2023-07-03 09:00:00,1.0,5.0,373.0,6.1,1.2,7,ete,09h-12h,1,1.33,0,0
2023-07-03 12:00:00,1.33,5.0,371.0,3.9,-0.6,7,ete,12h-15h,1,1.0,1,0
2023-07-03 15:00:00,1.33,5.0,375.0,4.1,0.5,7,ete,15h-18h,1,1.33,0,0
2023-07-03 18:00:00,1.33,5.0,379.0,3.4,-1.7,7,ete,18h-21h,1,1.33,1,0
2023-07-03 21:00:00,1.33,5.0,386.0,3.1,-0.4,7,ete,21h-24h,1,1.33,1,0
2023-07-04 00:00:00,1.33,4.0,361.0,2.3,1.1,7,ete,00h-03h,1,1.33,0,0
2023-07-04 03:00:00,1.33,4.0,358.0,2.5,0.6,7,ete,03h-06h,1,1.33,0,0
2023-07-04 06:00:00,1.33,4.0,380.0,4.4,-0.6,7,ete,06h-09h,1,1.33,1,0
2023-07-04 09:00:00,1.0,4.0,379.0,3.9,-0.1,7,ete,09h-12h,1,1.33,1,0
2023-07-04 12:00:00,1.0,4.0,354.0,3.2,1.0,7,ete,12h-15h,1,1.0,0,0
2023-07-04 15:00:00,0.67,4.0,340.0,4.1,0.4,7,ete,15h-18h,1,1.0,0,0
2023-07-04 18:00:00,1.0,4.0,357.0,5.9,0.5,7,ete,18h-21h,1,0.67,0,0
2023-07-04 21:00:00,1.0,4.0,354.0,7.1,1.5,7,ete,21h-24h,1,1.0,0,0
2023-07-05 00:00:00,1.67,7.0,352.0,6.7,-1.9,7,ete,00h-03h,1,1.0,1,0
2023-07-05 03:00:00,0.67,7.0,351.0,6.1,0.6,7,ete,03h-06h,1,1.67,0,0
2023-07-05 06:00:00,1.0,7.0,351.0,7.2,1.6,7,ete,06h-09h,1,0.67,0,0
2023-07-05 09:00:00,1.0,7.0,344.0,9.7,2.5,7,ete,09h-12h,1,1.0,0,0
2023-07-05 12:00:00,1.67,7.0,340.0,16.2,2.7,7,ete,12h-15h,1,1.0,0,0
2023-07-05 15:00:00,2.67,7.0,354.0,10.4,-3.2,7,ete,15h-18h,1,1.67,1,0
2023-07-05 18:00:00,1.67,7.0,382.0,15.2,-0.2,7,ete,18h-21h,1,2.67,1,0
2023-07-05 21:00:00,2.67,7.0,405.0,5.3,0.8,7,ete,21h-24h,1,1.67,0,0
2023-07-06 00:00:00,2.33,11.0,414.0,7.1,0.4,7,ete,00h-03h,1,2.67,0,0
2023-07-06 03:00:00,2.33,11.0,431.0,7.0,-0.8,7,ete,03h-06h,1,2.33,1,0
2023-07-06 06:00:00,2.0,11.0,423.0,7.6,1.3,7,ete,06h-09h,1,2.33,0,0
2023-07-06 09:00:00,3.0,11.0,441.0,9.6,-2.1,7,ete,09h-12h,1,2.0,1,0
2023-07-06 12:00:00,3.0,11.0,448.0,8.7,0.4,7,ete,12h-15h,1,3.0,0,0
2023-07-06 15:00:00,2.33,11.0,444.0,7.1,0.1,7,ete,15h-18h,1,3.0,0,0
2023-07-06 18:00:00,2.33,11.0,436.0,6.6,0.6,7,ete,18h-21h,1,2.33,0,0
2023-07-06 21:00:00,3.0,11.0,445.0,6.4,-0.3,7,ete,21h-24h,1,2.33,1,0
2023-07-07 00:00:00,3.33,18.0,468.0,6.9,3.5,7,ete,00h-03h,1,3.0,0,0
2023-07-07 03:00:00,2.67,18.0,487.0,7.6,3.8,7,ete,03h-06h,1,3.33,0,0
2023-07-07 06:00:00,3.67,18.0,465.0,5.5,2.2,7,ete,06h-09h,1,2.67,0,0
2023-07-07 09:00:00,4.0,18.0,494.0,4.6,-6.5,7,ete,09h-12h,1,3.67,1,0
2023-07-07 12:00:00,3.33,18.0,489.0,3.5,-4.4,7,ete,12h-15h,1,4.0,1,0
2023-07-07 15:00:00,2.67,18.0,477.0,5.9,-4.2,7,ete,15h-18h,1,3.33,1,0
2023-07-07 18:00:00,3.33,18.0,484.0,6.8,-4.6,7,ete,18h-21h,1,2.67,1,0
2023-07-07 21:00:00,3.33,18.0,489.0,7.8,-5.3,7,ete,21h-24h,1,3.33,1,0
2023-07-08 00:00:00,4.0,8.0,466.0,5.9,-2.4,7,ete,00h-03h,1,3.33,1,0
2023-07-08 03:00:00,2.33,8.0,466.0,7.0,-0.1,7,ete,03h-06h,1,4.0,1,0
2023-07-08 06:00:00,1.33,8.0,442.0,5.4,-0.2,7,ete,06h-09h,1,2.33,1,0
2023-07-08 09:00:00,1.33,8.0,412.0,7.9,1.9,7,ete,09h-12h,1,1.33,0,0
2023-07-08 12:00:00,1.0,8.0,396.0,5.6,2.2,7,ete,12h-15h,1,1.33,0,0
2023-07-08 15:00:00,1.0,8.0,391.0,4.0,2.6,7,ete,15h-18h,1,1.0,0,0
2023-07-08 18:00:00,1.0,8.0,407.0,6.3,2.6,7,ete,18h-21h,1,1.0,0,0
2023-07-08 21:00:00,1.0,8.0,409.0,5.4,5.0,7,ete,21h-24h,1,1.0,0,0
2023-07-09 00:00:00,1.0,4.0,387.0,4.9,4.5,7,ete,00h-03h,1,1.0,0,0
2023-07-09 03:00:00,0.67,4.0,365.0,4.9,4.0,7,ete,03h-06h,1,1.0,0,0
2023-07-09 06:00:00,0.33,4.0,354.0,4.6,1.2,7,ete,06h-09h,1,0.67,0,0
2023-07-09 09:00:00,1.33,4.0,360.0,4.5,-0.9,7,ete,09h-12h,1,0.33,1,0
2023-07-09 12:00:00,1.33,4.0,361.0,3.9,0.3,7,ete,12h-15h,1,1.33,0,0
2023-07-09 15:00:00,1.33,4.0,364.0,4.5,-0.2,7,ete,15h-18h,1,1.33,1,0
2023-07-09 18:00:00,0.67,4.0,375.0,4.0,-0.7,7,ete,18h-21h,1,1.33,1,0
2023-07-09 21:00:00,1.33,4.0,368.0,4.3,0.6,7,ete,21h-24h,1,0.67,0,0
2023-07-10 00:00:00,1.67,5.0,350.0,4.4,0.8,7,ete,00h-03h,1,1.33,0,0
2023-07-10 03:00:00,1.67,5.0,342.0,4.6,0.0,7,ete,03h-06h,1,1.67,0,0
2023-07-10 06:00:00,1.0,5.0,346.0,3.5,-0.1,7,ete,06h-09h,1,1.67,1,0
2023-07-10 09:00:00,1.67,5.0,342.0,4.0,-1.7,7,ete,09h-12h,1,1.0,1,0
2023-07-10 12:00:00,1.0,5.0,347.0,5.4,-2.0,7,ete,12h-15h,1,1.67,1,0
2023-07-10 15:00:00,1.33,5.0,343.0,5.7,1.1,7,ete,15h-18h,1,1.0,0,0
2023-07-10 18:00:00,1.0,5.0,335.0,4.5,-1.4,7,ete,18h-21h,1,1.33,1,0
2023-07-10 21:00:00,1.0,5.0,331.0,4.8,0.6,7,ete,21h-24h,1,1.0,0,0
2023-07-11 00:00:00,2.0,8.0,329.0,5.3,-1.9,7,ete,00h-03h,1,1.0,1,0
2023-07-11 03:00:00,1.33,8.0,325.0,5.8,-3.3,7,ete,03h-06h,1,2.0,1,0
2023-07-11 06:00:00,3.0,8.0,324.0,6.1,-5.0,7,ete,06h-09h,1,1.33,1,0
2023-07-11 09:00:00,1.67,8.0,325.0,7.6,-2.0,7,ete,09h-12h,1,3.0,1,0
2023-07-11 12:00:00,2.33,8.0,328.0,8.6,-4.4,7,ete,12h-15h,1,1.67,1,0
2023-07-11 15:00:00,2.0,8.0,329.0,12.6,-2.8,7,ete,15h-18h,1,2.33,1,0
2023-07-11 18:00:00,1.67,8.0,332.0,12.3,2.4,7,ete,18h-21h,1,2.0,0,0
2023-07-11 21:00:00,1.67,8.0,345.0,11.1,0.7,7,ete,21h-24h,1,1.67,0,0
2023-07-12 00:00:00,2.33,6.0,336.0,8.4,-1.3,7,ete,00h-03h,1,1.67,1,0
2023-07-12 03:00:00,1.33,6.0,328.0,8.6,-1.1,7,ete,03h-06h,1,2.33,1,0
2023-07-12 06:00:00,1.33,6.0,322.0,7.5,-2.9,7,ete,06h-09h,1,1.33,1,0
2023-07-12 09:00:00,1.67,6.0,316.0,7.4,-4.2,7,ete,09h-12h,1,1.33,1,0
2023-07-12 12:00:00,1.67,6.0,313.0,7.3,-3.5,7,ete,12h-15h,1,1.67,1,0
2023-07-12 15:00:00,2.0,6.0,304.0,9.2,-1.9,7,ete,15h-18h,1,1.67,1,0
2023-07-12 18:00:00,2.0,6.0,307.0,10.3,-2.7,7,ete,18h-21h,1,2.0,1,0
2023-07-12 21:00:00,1.33,6.0,296.0,4.7,5.7,7,ete,21h-24h,1,2.0,0,0
2023-07-13 00:00:00,2.0,7.0,300.0,10.0,-0.8,7,ete,00h-03h,1,1.33,1,0
2023-07-13 03:00:00,1.33,7.0,305.0,17.8,1.4,7,ete,03h-06h,1,2.0,0,0
2023-07-13 06:00:00,1.67,7.0,312.0,19.3,2.1,7,ete,06h-09h,1,1.33,0,0
2023-07-13 09:00:00,1.0,7.0,310.0,12.3,1.0,7,ete,09h-12h,1,1.67,0,0
2023-07-13 12:00:00,1.67,7.0,314.0,15.5,4.1,7,ete,12h-15h,1,1.0,0,0
2023-07-13 15:00:00,3.0,7.0,309.0,15.3,5.5,7,ete,15h-18h,1,1.67,0,0
2023-07-13 18:00:00,2.0,7.0,341.0,16.3,5.2,7,ete,18h-21h,1,3.0,0,0
2023-07-13 21:00:00,2.0,7.0,341.0,13.5,3.1,7,ete,21h-24h,1,2.0,0,0
2023-07-14 00:00:00,3.33,20.0,319.0,11.4,-3.9,7,ete,00h-03h,1,2.0,1,0
2023-07-14 03:00:00,3.67,20.0,347.0,12.4,-7.7,7,ete,03h-06h,1,3.33,1,0
2023-07-14 06:00:00,3.33,20.0,331.0,11.4,-3.9,7,ete,06h-09h,1,3.67,1,0
2023-07-14 09:00:00,2.0,20.0,347.0,14.7,0.2,7,ete,09h-12h,1,3.33,0,0
2023-07-14 12:00:00,3.0,20.0,364.0,12.5,-2.6,7,ete,12h-15h,1,2.0,1,0
2023-07-14 15:00:00,4.0,20.0,374.0,12.6,-3.4,7,ete,15h-18h,1,3.0,1,0
2023-07-14 18:00:00,4.33,20.0,429.0,26.5,-8.9,7,ete,18h-21h,1,4.0,1,0
2023-07-14 21:00:00,3.67,20.0,418.0,21.7,8.8,7,ete,21h-24h,1,4.33,0,0
2023-07-15 00:00:00,2.67,8.0,407.0,6.9,1.3,7,ete,00h-03h,1,3.67,0,0
2023-07-15 03:00:00,2.0,8.0,373.0,6.3,1.0,7,ete,03h-06h,1,2.67,0,0
2023-07-15 06:00:00,1.67,8.0,351.0,6.6,0.5,7,ete,06h-09h,1,2.0,0,0
2023-07-15 09:00:00,2.67,8.0,354.0,5.1,3.8,7,ete,09h-12h,1,1.67,0,0
2023-07-15 12:00:00,2.33,8.0,393.0,1.4,2.7,7,ete,12h-15h,1,2.67,0,0
2023-07-15 15:00:00,0.67,8.0,423.0,0.4,1.0,7,ete,15h-18h,1,2.33,0,0
2023-07-15 18:00:00,1.67,8.0,418.0,0.3,-1.3,7,ete,18h-21h,1,0.67,1,0
2023-07-15 21:00:00,1.33,8.0,402.0,0.3,-1.6,7,ete,21h-24h,1,1.67,1,0
2023-07-16 00:00:00,1.0,10.0,402.0,0.3,-0.7,7,ete,00h-03h,1,1.33,1,0
2023-07-16 03:00:00,0.67,10.0,367.0,0.4,-2.9,7,ete,03h-06h,1,1.0,1,0
2023-07-16 06:00:00,1.0,10.0,368.0,0.4,-2.6,7,ete,06h-09h,1,0.67,1,0
2023-07-16 09:00:00,1.0,10.0,351.0,0.4,-0.7,7,ete,09h-12h,1,1.0,1,0
2023-07-16 12:00:00,1.33,10.0,349.0,0.4,-0.8,7,ete,12h-15h,1,1.0,1,0
2023-07-16 15:00:00,1.0,10.0,339.0,0.4,-2.3,7,ete,15h-18h,1,1.33,1,0
2023-07-16 18:00:00,3.0,10.0,346.0,0.7,-2.0,7,ete,18h-21h,1,1.0,1,0
2023-07-16 21:00:00,4.67,10.0,455.0,5.1,-10.6,7,ete,21h-24h,1,3.0,1,0
2023-07-17 00:00:00,3.0,24.0,490.0,0.3,,7,ete,00h-03h,1,4.67,0,0
2023-07-17 03:00:00,2.0,24.0,425.0,0.3,2.8,7,ete,03h-06h,1,3.0,0,0
2023-07-17 06:00:00,4.33,24.0,449.0,3.8,-4.4,7,ete,06h-09h,1,2.0,1,0
2023-07-17 09:00:00,4.33,24.0,480.0,4.7,-7.1,7,ete,09h-12h,1,4.33,1,0
2023-07-17 12:00:00,3.33,24.0,483.0,4.1,4.2,7,ete,12h-15h,1,4.33,0,0
2023-07-17 15:00:00,2.33,24.0,554.0,1.8,-0.5,7,ete,15h-18h,1,3.33,1,0
2023-07-17 18:00:00,4.67,24.0,582.0,1.8,-5.7,7,ete,18h-21h,1,2.33,1,0
2023-07-17 21:00:00,4.67,24.0,562.0,2.2,-5.4,7,ete,21h-24h,1,4.67,1,0
2023-07-18 00:00:00,4.67,16.0,537.0,3.3,-2.4,7,ete,00h-03h,1,4.67,1,0
2023-07-18 03:00:00,3.0,16.0,534.0,3.3,-2.0,7,ete,03h-06h,1,4.67,1,0
2023-07-18 06:00:00,2.33,16.0,518.0,2.6,-0.6,7,ete,06h-09h,1,3.0,1,0
2023-07-18 09:00:00,2.0,16.0,508.0,4.1,2.1,7,ete,09h-12h,1,2.33,0,0
2023-07-18 12:00:00,3.33,16.0,505.0,5.5,3.5,7,ete,12h-15h,1,2.0,0,0
2023-07-18 15:00:00,1.33,16.0,484.0,7.5,2.0,7,ete,15h-18h,1,3.33,0,0
2023-07-18 18:00:00,3.67,16.0,469.0,5.4,3.7,7,ete,18h-21h,1,1.33,0,0
2023-07-18 21:00:00,2.67,16.0,455.0,3.3,3.6,7,ete,21h-24h,1,3.67,0,0
2023-07-19 00:00:00,1.33,5.0,448.0,1.6,3.4,7,ete,00h-03h,1,2.67,0,0
2023-07-19 03:00:00,1.33,5.0,425.0,1.3,0.9,7,ete,03h-06h,1,1.33,0,0
2023-07-19 06:00:00,1.33,5.0,421.0,1.4,0.7,7,ete,06h-09h,1,1.33,0,0
2023-07-19 09:00:00,1.67,5.0,414.0,1.4,0.2,7,ete,09h-12h,1,1.33,0,0
2023-07-19 12:00:00,2.0,5.0,419.0,1.8,0.2,7,ete,12h-15h,1,1.67,0,0
2023-07-19 15:00:00,1.0,5.0,412.0,2.9,0.5,7,ete,15h-18h,1,2.0,0,0
2023-07-19 18:00:00,1.0,5.0,409.0,3.8,1.8,7,ete,18h-21h,1,1.0,0,0
2023-07-19 21:00:00,1.0,5.0,393.0,3.6,1.9,7,ete,21h-24h,1,1.0,0,0
2023-07-20 00:00:00,1.0,10.0,390.0,4.1,0.6,7,ete,00h-03h,1,1.0,0,0
2023-07-20 03:00:00,1.33,10.0,383.0,4.4,1.5,7,ete,03h-06h,1,1.0,0,0
2023-07-20 06:00:00,0.67,10.0,377.0,4.4,1.9,7,ete,06h-09h,1,1.33,0,0
2023-07-20 09:00:00,1.33,10.0,380.0,5.0,0.7,7,ete,09h-12h,1,0.67,0,0
2023-07-20 12:00:00,1.67,10.0,357.0,4.0,-1.0,7,ete,12h-15h,1,1.33,1,0
2023-07-20 15:00:00,4.0,10.0,359.0,5.6,2.8,7,ete,15h-18h,1,1.67,0,0
2023-07-20 18:00:00,3.67,10.0,415.0,13.7,-6.1,7,ete,18h-21h,1,4.0,1,0
2023-07-20 21:00:00,2.0,10.0,403.0,10.1,3.2,7,ete,21h-24h,1,3.67,0,0
2023-07-21 00:00:00,2.67,13.0,385.0,9.7,-0.1,7,ete,00h-03h,1,2.0,1,0
2023-07-21 03:00:00,3.33,13.0,394.0,11.4,2.8,7,ete,03h-06h,1,2.67,0,0
2023-07-21 06:00:00,2.33,13.0,398.0,9.2,1.2,7,ete,06h-09h,1,3.33,0,0
2023-07-21 09:00:00,2.0,13.0,394.0,12.0,1.7,7,ete,09h-12h,1,2.33,0,0
2023-07-21 12:00:00,1.33,13.0,380.0,12.3,-0.7,7,ete,12h-15h,1,2.0,1,0
2023-07-21 15:00:00,2.0,13.0,372.0,10.2,0.7,7,ete,15h-18h,1,1.33,0,0
2023-07-21 18:00:00,2.67,13.0,364.0,8.9,1.1,7,ete,18h-21h,1,2.0,0,0
2023-07-21 21:00:00,4.33,13.0,410.0,12.5,1.7,7,ete,21h-24h,1,2.67,0,0
2023-07-22 00:00:00,3.33,9.0,408.0,8.4,1.5,7,ete,00h-03h,1,4.33,0,0
2023-07-22 03:00:00,2.67,9.0,381.0,8.9,-3.1,7,ete,03h-06h,1,3.33,1,0
2023-07-22 06:00:00,2.33,9.0,393.0,4.7,1.1,7,ete,06h-09h,1,2.67,0,0
2023-07-22 09:00:00,2.33,9.0,411.0,3.9,-2.3,7,ete,09h-12h,1,2.33,1,0
2023-07-22 12:00:00,2.0,9.0,409.0,2.9,2.0,7,ete,12h-15h,1,2.33,0,0
2023-07-22 15:00:00,0.67,9.0,415.0,2.1,3.5,7,ete,15h-18h,1,2.0,0,0
2023-07-22 18:00:00,1.0,9.0,400.0,2.1,3.1,7,ete,18h-21h,1,0.67,0,0
2023-07-22 21:00:00,1.67,9.0,407.0,2.4,-1.0,7,ete,21h-24h,1,1.0,1,0
2023-07-24 00:00:00,2.33,7.0,382.0,3.2,-2.9,7,ete,00h-03h,1,1.67,1,0
2023-07-24 03:00:00,1.33,7.0,404.0,3.2,-0.1,7,ete,03h-06h,1,2.33,1,0
2023-07-24 06:00:00,1.0,7.0,417.0,3.1,4.1,7,ete,06h-09h,1,1.33,0,0
2023-07-24 09:00:00,1.33,7.0,398.0,3.4,3.6,7,ete,09h-12h,1,1.0,0,0
2023-07-24 12:00:00,2.33,7.0,392.0,3.4,0.2,7,ete,12h-15h,1,1.33,0,0
2023-07-24 15:00:00,1.0,7.0,385.0,3.2,1.8,7,ete,15h-18h,1,2.33,0,0
2023-07-24 18:00:00,1.67,7.0,388.0,2.7,2.1,7,ete,18h-21h,1,1.0,0,0
2023-07-24 21:00:00,2.67,7.0,385.0,3.1,-3.6,7,ete,21h-24h,1,1.67,1,0
2023-07-25 00:00:00,1.33,11.0,397.0,3.5,-1.9,7,ete,00h-03h,1,2.67,1,0
2023-07-25 03:00:00,1.0,11.0,380.0,3.3,-0.3,7,ete,03h-06h,1,1.33,1,0
2023-07-25 06:00:00,2.0,11.0,391.0,4.0,-1.5,7,ete,06h-09h,1,1.0,1,0
2023-07-25 09:00:00,1.67,11.0,360.0,3.4,2.9,7,ete,09h-12h,1,2.0,0,0
2023-07-25 12:00:00,2.33,11.0,369.0,4.5,-3.9,7,ete,12h-15h,1,1.67,1,0
2023-07-25 15:00:00,2.0,11.0,361.0,5.6,-4.8,7,ete,15h-18h,1,2.33,1,0
2023-07-25 18:00:00,2.33,11.0,375.0,4.2,-4.3,7,ete,18h-21h,1,2.0,1,0
2023-07-25 21:00:00,4.67,11.0,380.0,4.0,,7,ete,21h-24h,1,2.33,0,0
2023-07-26 00:00:00,3.67,21.0,477.0,9.3,-2.1,7,ete,00h-03h,1,4.67,1,0
2023-07-26 03:00:00,4.67,21.0,495.0,6.4,-2.1,7,ete,03h-06h,1,3.67,1,0
2023-07-26 06:00:00,4.33,21.0,482.0,3.6,-6.7,7,ete,06h-09h,1,4.67,1,0
2023-07-26 09:00:00,3.67,21.0,9999.0,,-2.7,7,ete,09h-12h,1,4.33,1,0
2023-07-26 12:00:00,3.33,21.0,521.0,2.1,-2.5,7,ete,12h-15h,1,3.67,1,0
2023-07-26 15:00:00,2.67,21.0,524.0,2.6,-2.5,7,ete,15h-18h,1,3.33,1,0
2023-07-26 18:00:00,2.33,21.0,559.0,4.8,-0.6,7,ete,18h-21h,1,2.67,1,0
2023-07-26 21:00:00,2.67,21.0,541.0,4.2,-0.6,7,ete,21h-24h,1,2.33,1,0
2023-07-27 00:00:00,2.33,7.0,519.0,4.4,0.4,7,ete,00h-03h,1,2.67,0,0
2023-07-27 03:00:00,1.67,7.0,501.0,4.6,2.9,7,ete,03h-06h,1,2.33,0,0
2023-07-27 06:00:00,1.67,7.0,485.0,4.6,2.1,7,ete,06h-09h,1,1.67,0,0
2023-07-27 09:00:00,1.67,7.0,475.0,6.5,1.7,7,ete,09h-12h,1,1.67,0,0
2023-07-27 12:00:00,1.67,7.0,9999.0,,1.4,7,ete,12h-15h,1,1.67,0,0
2023-07-27 15:00:00,2.0,7.0,436.0,10.6,-0.8,7,ete,15h-18h,1,1.67,1,0
2023-07-27 18:00:00,2.0,7.0,434.0,3.8,-1.5,7,ete,18h-21h,1,2.0,1,0
2023-07-27 21:00:00,1.33,7.0,420.0,3.7,3.1,7,ete,21h-24h,1,2.0,0,0
2023-07-28 00:00:00,0.67,6.0,404.0,4.1,2.5,7,ete,00h-03h,1,1.33,0,0
2023-07-28 03:00:00,0.67,6.0,392.0,4.3,0.6,7,ete,03h-06h,1,0.67,0,0
2023-07-28 06:00:00,0.67,6.0,395.0,4.6,1.8,7,ete,06h-09h,1,0.67,0,0
2023-07-28 09:00:00,0.67,6.0,387.0,3.9,3.1,7,ete,09h-12h,1,0.67,0,0
2023-07-28 12:00:00,2.33,6.0,409.0,4.9,-1.9,7,ete,12h-15h,1,0.67,1,0
2023-07-28 15:00:00,1.33,6.0,373.0,5.4,-2.3,7,ete,15h-18h,1,2.33,1,0
2023-07-28 18:00:00,2.67,6.0,377.0,4.7,3.1,7,ete,18h-21h,1,1.33,0,0
2023-07-28 21:00:00,2.67,6.0,386.0,4.4,-2.8,7,ete,21h-24h,1,2.67,1,0
2023-07-29 00:00:00,2.33,9.0,370.0,4.3,-2.3,7,ete,00h-03h,1,2.67,1,0
2023-07-29 03:00:00,2.33,9.0,363.0,4.0,-3.2,7,ete,03h-06h,1,2.33,1,0
2023-07-29 06:00:00,1.0,9.0,354.0,3.5,4.3,7,ete,06h-09h,1,2.33,0,0
2023-07-29 09:00:00,1.67,9.0,9999.0,,1.2,7,ete,09h-12h,1,1.0,0,0
2023-07-29 12:00:00,3.0,9.0,9999.0,,-4.5,7,ete,12h-15h,1,1.67,1,0
2023-07-29 15:00:00,2.67,9.0,9999.0,,2.2,7,ete,15h-18h,1,3.0,0,0
2023-07-29 18:00:00,2.33,9.0,9999.0,,-1.4,7,ete,18h-21h,1,2.67,1,0
2023-07-29 21:00:00,2.0,9.0,9999.0,,4.8,7,ete,21h-24h,1,2.33,0,0
2023-07-30 00:00:00,1.0,9.0,9999.0,,7.3,7,ete,00h-03h,1,2.0,0,0
2023-07-30 03:00:00,2.67,9.0,9999.0,,-1.0,7,ete,03h-06h,1,1.0,1,0
2023-07-30 06:00:00,2.0,9.0,9999.0,,-4.1,7,ete,06h-09h,1,2.67,1,0
2023-07-30 09:00:00,2.33,9.0,512.0,1.2,-0.1,7,ete,09h-12h,1,2.0,1,0
2023-07-30 12:00:00,3.0,9.0,478.0,1.3,-3.5,7,ete,12h-15h,1,2.33,1,0
2023-07-30 15:00:00,2.0,9.0,456.0,1.7,-2.6,7,ete,15h-18h,1,3.0,1,0
2023-07-30 18:00:00,2.67,9.0,446.0,1.5,-2.3,7,ete,18h-21h,1,2.0,1,0
2023-07-30 21:00:00,2.0,9.0,454.0,1.6,-0.0,7,ete,21h-24h,1,2.67,0,0
2023-07-31 00:00:00,1.67,6.0,388.0,1.3,-0.6,7,ete,00h-03h,1,2.0,1,0
2023-07-31 03:00:00,1.33,6.0,387.0,1.3,-3.6,7,ete,03h-06h,1,1.67,1,0
2023-07-31 06:00:00,2.0,6.0,383.0,2.1,-3.7,7,ete,06h-09h,1,1.33,1,0
2023-07-31 09:00:00,2.0,6.0,380.0,2.2,-2.6,7,ete,09h-12h,1,2.0,1,0
2023-07-31 12:00:00,2.0,6.0,386.0,2.1,-3.4,7,ete,12h-15h,1,2.0,1,0
2023-07-31 15:00:00,2.0,6.0,386.0,1.9,-3.5,7,ete,15h-18h,1,2.0,1,0
2023-07-31 18:00:00,0.67,6.0,342.0,1.8,-0.1,7,ete,18h-21h,1,2.0,1,0
2023-07-31 21:00:00,1.67,6.0,384.0,2.3,-2.1,7,ete,21h-24h,1,0.67,1,0
2023-08-01 00:00:00,2.33,9.0,372.0,2.9,-3.4,8,ete,00h-03h,1,1.67,1,0
2023-08-01 03:00:00,1.67,9.0,368.0,4.7,1.6,8,ete,03h-06h,1,2.33,0,0
2023-08-01 06:00:00,1.0,9.0,362.0,4.1,2.1,8,ete,06h-09h,1,1.67,0,0
2023-08-01 09:00:00,1.67,9.0,376.0,9.2,1.7,8,ete,09h-12h,1,1.0,0,0
2023-08-01 12:00:00,3.33,9.0,389.0,13.0,1.3,8,ete,12h-15h,1,1.67,0,0
2023-08-01 15:00:00,2.67,9.0,383.0,26.7,-2.6,8,ete,15h-18h,1,3.33,1,0
2023-08-01 18:00:00,2.33,9.0,396.0,6.0,0.3,8,ete,18h-21h,1,2.67,0,0
2023-08-01 21:00:00,2.0,9.0,375.0,12.4,-0.6,8,ete,21h-24h,1,2.33,1,0
2023-08-02 00:00:00,1.67,12.0,376.0,10.2,2.9,8,ete,00h-03h,1,2.0,0,0
2023-08-02 03:00:00,1.67,12.0,398.0,10.7,5.4,8,ete,03h-06h,1,1.67,0,0
2023-08-02 06:00:00,2.0,12.0,392.0,6.1,-2.9,8,ete,06h-09h,1,1.67,1,0
2023-08-02 09:00:00,3.33,12.0,391.0,4.9,-6.4,8,ete,09h-12h,1,2.0,1,0
2023-08-02 12:00:00,4.0,12.0,391.0,9.7,-7.7,8,ete,12h-15h,1,3.33,1,0
2023-08-02 15:00:00,3.67,12.0,373.0,14.5,-6.3,8,ete,15h-18h,1,4.0,1,0
2023-08-02 18:00:00,2.0,12.0,380.0,14.0,-1.3,8,ete,18h-21h,1,3.67,1,0
2023-08-02 21:00:00,1.33,12.0,374.0,12.5,-1.2,8,ete,21h-24h,1,2.0,1,0
2023-08-05 00:00:00,4.67,36.0,390.0,12.3,-10.2,8,ete,00h-03h,1,1.33,1,0
2023-08-05 03:00:00,6.67,36.0,424.0,20.1,-13.9,8,ete,03h-06h,1,4.67,1,1
2023-08-05 06:00:00,5.33,36.0,355.0,7.4,-5.3,8,ete,06h-09h,1,6.67,1,1
2023-08-05 09:00:00,5.0,36.0,386.0,14.2,-4.0,8,ete,09h-12h,1,5.33,1,1
2023-08-05 12:00:00,3.0,36.0,376.0,3.6,0.2,8,ete,12h-15h,1,5.0,0,0
2023-08-05 15:00:00,2.0,36.0,349.0,0.7,5.4,8,ete,15h-18h,1,3.0,0,0
2023-08-05 18:00:00,1.67,36.0,364.0,0.8,3.1,8,ete,18h-21h,1,2.0,0,0
2023-08-05 21:00:00,1.33,36.0,324.0,1.5,4.2,8,ete,21h-24h,1,1.67,0,0
2023-08-06 00:00:00,1.0,4.0,366.0,2.1,5.6,8,ete,00h-03h,1,1.33,0,0
2023-08-06 03:00:00,1.0,4.0,351.0,2.2,5.3,8,ete,03h-06h,1,1.0,0,0
2023-08-06 06:00:00,1.0,4.0,341.0,2.3,4.4,8,ete,06h-09h,1,1.0,0,0
2023-08-06 09:00:00,0.67,4.0,338.0,1.6,3.5,8,ete,09h-12h,1,1.0,0,0
2023-08-06 12:00:00,0.33,4.0,316.0,1.9,3.4,8,ete,12h-15h,1,0.67,0,0
2023-08-06 15:00:00,1.0,4.0,371.0,1.3,1.9,8,ete,15h-18h,1,0.33,0,0
2023-08-06 18:00:00,1.33,4.0,350.0,1.9,-0.2,8,ete,18h-21h,1,1.0,1,0
2023-08-06 21:00:00,0.67,4.0,309.0,1.6,1.2,8,ete,21h-24h,1,1.33,0,0
2023-08-07 00:00:00,3.33,12.0,292.0,2.1,-0.4,8,ete,00h-03h,1,0.67,1,0
2023-08-07 03:00:00,2.33,12.0,386.0,2.0,-2.8,8,ete,03h-06h,1,3.33,1,0
2023-08-07 06:00:00,1.33,12.0,362.0,1.5,2.2,8,ete,06h-09h,1,2.33,0,0
2023-08-07 09:00:00,1.33,12.0,357.0,2.0,4.0,8,ete,09h-12h,1,1.33,0,0
2023-08-07 12:00:00,2.67,12.0,415.0,2.5,-3.4,8,ete,12h-15h,1,1.33,1,0
2023-08-07 15:00:00,1.33,12.0,392.0,1.6,1.7,8,ete,15h-18h,1,2.67,0,0
2023-08-07 18:00:00,3.0,12.0,463.0,1.5,-2.3,8,ete,18h-21h,1,1.33,1,0
2023-08-07 21:00:00,4.0,12.0,577.0,0.8,-4.4,8,ete,21h-24h,1,3.0,1,0
2023-08-08 00:00:00,4.0,8.0,584.0,1.1,-4.3,8,ete,00h-03h,1,4.0,1,0
2023-08-08 03:00:00,1.67,8.0,440.0,1.3,0.2,8,ete,03h-06h,1,4.0,0,0
2023-08-08 06:00:00,1.33,8.0,437.0,1.4,-0.6,8,ete,06h-09h,1,1.67,1,0
2023-08-08 09:00:00,1.67,8.0,467.0,1.3,-0.0,8,ete,09h-12h,1,1.33,0,0
2023-08-08 12:00:00,1.33,8.0,485.0,2.5,-1.2,8,ete,12h-15h,1,1.67,1,0
2023-08-08 15:00:00,1.67,8.0,489.0,1.8,-0.9,8,ete,15h-18h,1,1.33,1,0
2023-08-08 18:00:00,1.67,8.0,488.0,2.0,-0.5,8,ete,18h-21h,1,1.67,1,0
2023-08-08 21:00:00,1.33,8.0,465.0,3.0,2.3,8,ete,21h-24h,1,1.67,0,0
2023-08-09 00:00:00,2.0,7.0,451.0,3.4,-0.4,8,ete,00h-03h,1,1.33,1,0
2023-08-09 03:00:00,1.33,7.0,413.0,6.0,-0.4,8,ete,03h-06h,1,2.0,1,0
2023-08-09 06:00:00,2.0,7.0,413.0,5.0,-0.3,8,ete,06h-09h,1,1.33,1,0
2023-08-09 09:00:00,1.33,7.0,408.0,6.4,-0.8,8,ete,09h-12h,1,2.0,1,0
2023-08-09 12:00:00,2.33,7.0,403.0,5.7,-2.1,8,ete,12h-15h,1,1.33,1,0
2023-08-09 15:00:00,1.67,7.0,404.0,8.8,-1.1,8,ete,15h-18h,1,2.33,1,0
2023-08-09 18:00:00,1.67,7.0,400.0,12.3,0.0,8,ete,18h-21h,1,1.67,0,0
2023-08-09 21:00:00,2.67,7.0,389.0,9.7,-1.7,8,ete,21h-24h,1,1.67,1,0
2023-08-10 00:00:00,2.0,7.0,385.0,6.5,-3.1,8,ete,00h-03h,1,2.67,1,0
2023-08-10 03:00:00,2.0,7.0,367.0,3.2,-2.1,8,ete,03h-06h,1,2.0,1,0
2023-08-10 06:00:00,1.67,7.0,374.0,6.8,-1.9,8,ete,06h-09h,1,2.0,1,0
2023-08-10 09:00:00,2.0,7.0,363.0,3.2,-3.0,8,ete,09h-12h,1,1.67,1,0
2023-08-10 12:00:00,2.0,7.0,367.0,3.9,-1.8,8,ete,12h-15h,1,2.0,1,0
2023-08-10 15:00:00,2.67,7.0,384.0,8.0,-3.8,8,ete,15h-18h,1,2.0,1,0
2023-08-10 18:00:00,1.67,7.0,398.0,5.2,3.7,8,ete,18h-21h,1,2.67,0,0
2023-08-10 21:00:00,2.0,7.0,444.0,2.6,0.1,8,ete,21h-24h,1,1.67,0,0
2023-08-11 00:00:00,2.0,5.0,490.0,3.4,2.1,8,ete,00h-03h,1,2.0,0,0
2023-08-11 03:00:00,1.0,5.0,462.0,3.7,2.5,8,ete,03h-06h,1,2.0,0,0
2023-08-11 06:00:00,1.33,5.0,436.0,5.8,3.0,8,ete,06h-09h,1,1.0,0,0
2023-08-11 09:00:00,1.33,5.0,454.0,4.0,2.2,8,ete,09h-12h,1,1.33,0,0
2023-08-11 12:00:00,1.33,5.0,461.0,4.4,3.6,8,ete,12h-15h,1,1.33,0,0
2023-08-11 15:00:00,1.33,5.0,436.0,3.4,1.3,8,ete,15h-18h,1,1.33,0,0
2023-08-11 18:00:00,1.33,5.0,459.0,4.0,3.3,8,ete,18h-21h,1,1.33,0,0
2023-08-11 21:00:00,1.33,5.0,476.0,3.4,2.5,8,ete,21h-24h,1,1.33,0,0
2023-08-12 00:00:00,2.0,8.0,443.0,2.7,1.5,8,ete,00h-03h,1,1.33,0,0
2023-08-12 03:00:00,3.0,8.0,453.0,3.7,-2.2,8,ete,03h-06h,1,2.0,1,0
2023-08-12 06:00:00,2.33,8.0,427.0,3.2,-0.9,8,ete,06h-09h,1,3.0,1,0
2023-08-12 09:00:00,1.33,8.0,455.0,3.1,0.7,8,ete,09h-12h,1,2.33,0,0
2023-08-12 12:00:00,2.0,8.0,412.0,1.8,0.4,8,ete,12h-15h,1,1.33,0,0
2023-08-12 15:00:00,1.33,8.0,409.0,2.1,-1.9,8,ete,15h-18h,1,2.0,1,0
2023-08-12 18:00:00,2.0,8.0,405.0,2.5,-1.6,8,ete,18h-21h,1,1.33,1,0
2023-08-12 21:00:00,1.67,8.0,414.0,2.9,-1.9,8,ete,21h-24h,1,2.0,1,0
2023-08-13 00:00:00,2.0,5.0,390.0,2.5,-2.4,8,ete,00h-03h,1,1.67,1,0
2023-08-13 03:00:00,1.67,5.0,389.0,2.6,-0.8,8,ete,03h-06h,1,2.0,1,0
2023-08-13 06:00:00,0.67,5.0,383.0,3.1,2.4,8,ete,06h-09h,1,1.67,0,0
2023-08-13 09:00:00,1.33,5.0,357.0,2.7,-0.4,8,ete,09h-12h,1,0.67,1,0
2023-08-13 12:00:00,1.33,5.0,384.0,3.1,2.4,8,ete,12h-15h,1,1.33,0,0
2023-08-13 15:00:00,0.67,5.0,378.0,2.9,0.2,8,ete,15h-18h,1,1.33,0,0
2023-08-13 18:00:00,1.0,5.0,366.0,2.2,1.1,8,ete,18h-21h,1,0.67,0,0
2023-08-13 21:00:00,2.33,5.0,345.0,4.5,2.2,8,ete,21h-24h,1,1.0,0,0
2023-08-14 00:00:00,1.67,5.0,358.0,6.7,-1.4,8,ete,00h-03h,1,2.33,1,0
2023-08-14 03:00:00,1.33,5.0,354.0,8.9,-0.9,8,ete,03h-06h,1,1.67,1,0
2023-08-14 06:00:00,1.0,5.0,356.0,7.9,1.8,8,ete,06h-09h,1,1.33,0,0
2023-08-14 09:00:00,1.0,5.0,344.0,8.3,-0.8,8,ete,09h-12h,1,1.0,1,0
2023-08-14 12:00:00,1.67,5.0,344.0,7.5,0.0,8,ete,12h-15h,1,1.0,0,0
2023-08-14 15:00:00,0.67,5.0,332.0,6.7,0.0,8,ete,15h-18h,1,1.67,0,0
2023-08-14 18:00:00,1.67,5.0,331.0,6.7,-2.1,8,ete,18h-21h,1,0.67,1,0
2023-08-14 21:00:00,1.33,5.0,326.0,6.7,0.4,8,ete,21h-24h,1,1.67,0,0
2023-08-15 00:00:00,1.0,4.0,322.0,7.7,-2.2,8,ete,00h-03h,1,1.33,1,0
2023-08-15 03:00:00,1.33,4.0,321.0,9.6,0.1,8,ete,03h-06h,1,1.0,0,0
2023-08-15 06:00:00,0.67,4.0,313.0,11.3,1.3,8,ete,06h-09h,1,1.33,0,0
2023-08-15 09:00:00,1.0,4.0,307.0,11.5,-1.8,8,ete,09h-12h,1,0.67,1,0
2023-08-15 12:00:00,1.67,4.0,300.0,11.4,0.2,8,ete,12h-15h,1,1.0,0,0
2023-08-15 15:00:00,0.67,4.0,302.0,14.5,-0.4,8,ete,15h-18h,1,1.67,1,0
2023-08-15 18:00:00,1.0,4.0,295.0,11.9,-4.1,8,ete,18h-21h,1,0.67,1,0
2023-08-15 21:00:00,1.67,4.0,289.0,12.3,-3.0,8,ete,21h-24h,1,1.0,1,0
2023-08-16 00:00:00,1.67,8.0,289.0,9.0,-1.9,8,ete,00h-03h,1,1.67,1,0
2023-08-16 03:00:00,1.0,8.0,278.0,16.0,0.8,8,ete,03h-06h,1,1.67,0,0
2023-08-16 06:00:00,1.33,8.0,287.0,13.7,3.8,8,ete,06h-09h,1,1.0,0,0
2023-08-16 09:00:00,2.33,8.0,295.0,13.7,-0.8,8,ete,09h-12h,1,1.33,1,0
2023-08-16 12:00:00,2.67,8.0,311.0,13.8,4.1,8,ete,12h-15h,1,2.33,0,0
2023-08-16 15:00:00,3.33,8.0,316.0,9.1,-7.4,8,ete,15h-18h,1,2.67,1,0
2023-08-16 18:00:00,1.67,8.0,319.0,12.1,-6.8,8,ete,18h-21h,1,3.33,1,0
2023-08-16 21:00:00,1.67,8.0,318.0,11.3,1.6,8,ete,21h-24h,1,1.67,0,0
2023-08-17 00:00:00,2.67,8.0,309.0,13.0,0.1,8,ete,00h-03h,1,1.67,0,0
2023-08-17 03:00:00,1.67,8.0,315.0,14.0,-2.9,8,ete,03h-06h,1,2.67,1,0
2023-08-17 06:00:00,2.67,8.0,317.0,9.4,-3.4,8,ete,06h-09h,1,1.67,1,0
2023-08-17 09:00:00,1.0,8.0,320.0,4.5,2.9,8,ete,09h-12h,1,2.67,0,0
2023-08-17 12:00:00,2.0,8.0,326.0,5.4,-2.3,8,ete,12h-15h,1,1.0,1,0
2023-08-17 15:00:00,1.67,8.0,328.0,7.5,-1.2,8,ete,15h-18h,1,2.0,1,0
2023-08-17 18:00:00,2.0,8.0,321.0,20.6,4.5,8,ete,18h-21h,1,1.67,0,0
2023-08-17 21:00:00,2.0,8.0,330.0,25.1,7.5,8,ete,21h-24h,1,2.0,0,0
2023-08-18 00:00:00,2.0,11.0,327.0,29.9,5.4,8,ete,00h-03h,1,2.0,0,0
2023-08-18 03:00:00,2.67,11.0,326.0,25.3,2.8,8,ete,03h-06h,1,2.0,0,0
2023-08-18 06:00:00,3.0,11.0,413.0,6.3,-1.1,8,ete,06h-09h,1,2.67,1,0
2023-08-18 09:00:00,3.0,11.0,476.0,4.3,-2.0,8,ete,09h-12h,1,3.0,1,0
2023-08-18 12:00:00,2.0,11.0,475.0,4.8,7.5,8,ete,12h-15h,1,3.0,0,0
2023-08-18 15:00:00,2.0,11.0,469.0,4.0,1.0,8,ete,15h-18h,1,2.0,0,0
2023-08-18 18:00:00,2.33,11.0,485.0,4.0,1.7,8,ete,18h-21h,1,2.0,0,0
2023-08-18 21:00:00,3.0,11.0,475.0,3.8,-1.8,8,ete,21h-24h,1,2.33,1,0
2023-08-19 00:00:00,2.33,8.0,489.0,1.3,0.8,8,ete,00h-03h,1,3.0,0,0
2023-08-19 03:00:00,1.33,8.0,487.0,1.3,1.4,8,ete,03h-06h,1,2.33,0,0
2023-08-19 06:00:00,1.33,8.0,472.0,2.1,-0.2,8,ete,06h-09h,1,1.33,1,0
2023-08-19 09:00:00,2.0,8.0,444.0,2.4,0.1,8,ete,09h-12h,1,1.33,0,0
2023-08-19 12:00:00,2.0,8.0,438.0,3.1,1.7,8,ete,12h-15h,1,2.0,0,0
2023-08-19 15:00:00,1.33,8.0,450.0,4.6,3.2,8,ete,15h-18h,1,2.0,0,0
2023-08-19 18:00:00,3.33,8.0,460.0,7.4,3.0,8,ete,18h-21h,1,1.33,0,0
2023-08-19 21:00:00,2.33,8.0,512.0,2.6,1.0,8,ete,21h-24h,1,3.33,0,0
2023-08-20 00:00:00,3.33,11.0,534.0,1.8,-3.9,8,ete,00h-03h,1,2.33,1,0
2023-08-20 03:00:00,3.0,11.0,521.0,3.1,4.2,8,ete,03h-06h,1,3.33,0,0
2023-08-20 06:00:00,2.0,11.0,577.0,2.8,5.8,8,ete,06h-09h,1,3.0,0,0
2023-08-20 09:00:00,2.67,11.0,608.0,2.0,3.6,8,ete,09h-12h,1,2.0,0,0
2023-08-20 12:00:00,1.67,11.0,620.0,2.0,3.2,8,ete,12h-15h,1,2.67,0,0
2023-08-20 15:00:00,1.67,11.0,582.0,1.8,1.4,8,ete,15h-18h,1,1.67,0,0
2023-08-20 18:00:00,2.0,11.0,587.0,2.0,1.2,8,ete,18h-21h,1,1.67,0,0
2023-08-20 21:00:00,3.0,11.0,623.0,2.2,0.3,8,ete,21h-24h,1,2.0,0,0
2023-08-21 00:00:00,2.33,9.0,629.0,1.8,1.2,8,ete,00h-03h,1,3.0,0,0
2023-08-21 03:00:00,2.0,9.0,590.0,1.4,0.3,8,ete,03h-06h,1,2.33,0,0
2023-08-21 06:00:00,3.0,9.0,579.0,1.5,-0.3,8,ete,06h-09h,1,2.0,1,0
2023-08-21 09:00:00,2.33,9.0,593.0,2.2,2.1,8,ete,09h-12h,1,3.0,0,0
2023-08-21 12:00:00,2.67,9.0,615.0,2.3,-0.7,8,ete,12h-15h,1,2.33,1,0
2023-08-21 15:00:00,1.67,9.0,586.0,1.9,0.8,8,ete,15h-18h,1,2.67,0,0
2023-08-21 18:00:00,2.0,9.0,550.0,1.7,-0.3,8,ete,18h-21h,1,1.67,1,0
2023-08-21 21:00:00,1.67,9.0,536.0,1.6,0.3,8,ete,21h-24h,1,2.0,0,0
2023-08-23 00:00:00,1.67,4.0,431.0,3.2,1.2,8,ete,00h-03h,1,1.67,0,0
2023-08-23 03:00:00,1.0,4.0,425.0,3.7,1.6,8,ete,03h-06h,1,1.67,0,0
2023-08-23 06:00:00,0.33,4.0,410.0,3.5,1.1,8,ete,06h-09h,1,1.0,0,0
2023-08-23 09:00:00,0.67,4.0,410.0,4.3,2.4,8,ete,09h-12h,1,0.33,0,0
2023-08-23 12:00:00,1.0,4.0,414.0,3.3,2.5,8,ete,12h-15h,1,0.67,0,0
2023-08-23 15:00:00,0.33,4.0,420.0,3.4,0.9,8,ete,15h-18h,1,1.0,0,0
2023-08-23 18:00:00,1.0,4.0,398.0,3.4,1.6,8,ete,18h-21h,1,0.33,0,0
2023-08-23 21:00:00,1.67,4.0,393.0,4.3,0.6,8,ete,21h-24h,1,1.0,0,0
2023-08-24 00:00:00,0.67,9.0,367.0,3.5,3.2,8,ete,00h-03h,1,1.67,0,0
2023-08-24 03:00:00,1.33,9.0,396.0,3.9,3.0,8,ete,03h-06h,1,0.67,0,0
2023-08-24 06:00:00,1.33,9.0,398.0,3.9,1.6,8,ete,06h-09h,1,1.33,0,0
2023-08-24 09:00:00,1.33,9.0,380.0,4.0,2.5,8,ete,09h-12h,1,1.33,0,0
2023-08-24 12:00:00,2.0,9.0,365.0,3.8,2.2,8,ete,12h-15h,1,1.33,0,0
2023-08-24 15:00:00,3.33,9.0,383.0,4.8,-2.0,8,ete,15h-18h,1,2.0,1,0
2023-08-24 18:00:00,3.0,9.0,463.0,5.2,-4.3,8,ete,18h-21h,1,3.33,1,0
2023-08-24 21:00:00,2.67,9.0,454.0,3.5,-1.8,8,ete,21h-24h,1,3.0,1,0
2023-08-25 00:00:00,2.33,5.0,475.0,2.8,-2.1,8,ete,00h-03h,1,2.67,1,0
2023-08-25 03:00:00,1.33,5.0,434.0,2.1,-0.8,8,ete,03h-06h,1,2.33,1,0
2023-08-25 06:00:00,1.0,5.0,407.0,1.1,2.7,8,ete,06h-09h,1,1.33,0,0
2023-08-25 09:00:00,1.33,5.0,383.0,1.0,0.2,8,ete,09h-12h,1,1.0,0,0
2023-08-25 12:00:00,1.67,5.0,404.0,1.5,-1.9,8,ete,12h-15h,1,1.33,1,0
2023-08-25 15:00:00,1.33,5.0,385.0,1.5,-1.4,8,ete,15h-18h,1,1.67,1,0
2023-08-25 18:00:00,1.67,5.0,385.0,1.9,-1.7,8,ete,18h-21h,1,1.33,1,0
2023-08-25 21:00:00,0.67,5.0,380.0,2.2,-1.1,8,ete,21h-24h,1,1.67,1,0
2023-08-26 00:00:00,1.67,7.0,374.0,1.9,1.5,8,ete,00h-03h,1,0.67,0,0
2023-08-26 03:00:00,2.33,7.0,392.0,3.1,-2.8,8,ete,03h-06h,1,1.67,1,0
2023-08-26 06:00:00,2.67,7.0,392.0,2.4,-3.6,8,ete,06h-09h,1,2.33,1,0
2023-08-26 09:00:00,1.67,7.0,359.0,2.4,-1.4,8,ete,09h-12h,1,2.67,1,0
2023-08-26 12:00:00,1.67,7.0,345.0,2.4,-2.8,8,ete,12h-15h,1,1.67,1,0
2023-08-26 15:00:00,2.0,7.0,390.0,5.0,-3.4,8,ete,15h-18h,1,1.67,1,0
2023-08-26 18:00:00,1.33,7.0,397.0,6.8,0.2,8,ete,18h-21h,1,2.0,0,0
2023-08-26 21:00:00,2.0,7.0,386.0,6.5,1.2,8,ete,21h-24h,1,1.33,0,0
2023-08-27 00:00:00,3.67,11.0,389.0,6.3,-3.2,8,ete,00h-03h,1,2.0,1,0
2023-08-27 03:00:00,3.33,11.0,377.0,4.2,-2.6,8,ete,03h-06h,1,3.67,1,0
2023-08-27 06:00:00,2.67,11.0,381.0,5.8,-2.5,8,ete,06h-09h,1,3.33,1,0
2023-08-27 09:00:00,1.33,11.0,372.0,6.3,-1.5,8,ete,09h-12h,1,2.67,1,0
2023-08-27 12:00:00,1.67,11.0,355.0,4.2,0.2,8,ete,12h-15h,1,1.33,0,0
2023-08-27 15:00:00,1.67,11.0,372.0,3.3,-2.7,8,ete,15h-18h,1,1.67,1,0
2023-08-27 18:00:00,2.67,11.0,359.0,3.5,0.9,8,ete,18h-21h,1,1.67,0,0
2023-08-27 21:00:00,1.0,11.0,352.0,4.3,-0.3,8,ete,21h-24h,1,2.67,1,0
2023-08-28 00:00:00,2.0,6.0,346.0,5.1,-0.9,8,ete,00h-03h,1,1.0,1,0
2023-08-28 03:00:00,2.0,6.0,337.0,5.1,-4.1,8,ete,03h-06h,1,2.0,1,0
2023-08-28 06:00:00,2.0,6.0,337.0,6.4,-1.2,8,ete,06h-09h,1,2.0,1,0
2023-08-28 09:00:00,2.0,6.0,330.0,7.4,-3.7,8,ete,09h-12h,1,2.0,1,0
2023-08-28 12:00:00,1.67,6.0,327.0,7.8,-2.7,8,ete,12h-15h,1,2.0,1,0
2023-08-28 15:00:00,1.67,6.0,332.0,10.1,-1.8,8,ete,15h-18h,1,1.67,1,0
2023-08-28 18:00:00,2.0,6.0,331.0,11.3,-3.3,8,ete,18h-21h,1,1.67,1,0
2023-08-28 21:00:00,1.0,6.0,337.0,7.3,4.0,8,ete,21h-24h,1,2.0,0,0
2023-08-29 00:00:00,0.67,5.0,342.0,9.5,5.0,8,ete,00h-03h,1,1.0,0,0
2023-08-29 03:00:00,0.67,5.0,336.0,7.4,5.3,8,ete,03h-06h,1,0.67,0,0
2023-08-29 06:00:00,0.67,5.0,338.0,6.7,6.1,8,ete,06h-09h,1,0.67,0,0
2023-08-29 09:00:00,2.0,5.0,334.0,7.6,2.8,8,ete,09h-12h,1,0.67,0,0
2023-08-29 12:00:00,2.33,5.0,339.0,8.1,-2.5,8,ete,12h-15h,1,2.0,1,0
2023-08-29 15:00:00,0.67,5.0,333.0,7.0,-2.0,8,ete,15h-18h,1,2.33,1,0
2023-08-29 18:00:00,1.0,5.0,329.0,7.0,-0.6,8,ete,18h-21h,1,0.67,1,0
2023-08-29 21:00:00,2.0,5.0,329.0,6.9,-2.9,8,ete,21h-24h,1,1.0,1,0
2023-08-30 00:00:00,2.33,6.0,333.0,7.5,-3.7,8,ete,00h-03h,1,2.0,1,0
2023-08-30 03:00:00,1.33,6.0,319.0,7.2,-2.0,8,ete,03h-06h,1,2.33,1,0
2023-08-30 06:00:00,1.33,6.0,308.0,6.6,-0.3,8,ete,06h-09h,1,1.33,1,0
2023-08-30 09:00:00,2.0,6.0,308.0,6.8,-2.4,8,ete,09h-12h,1,1.33,1,0
2023-08-30 12:00:00,2.33,6.0,315.0,7.3,-4.8,8,ete,12h-15h,1,2.0,1,0
2023-08-30 15:00:00,1.33,6.0,318.0,8.6,-1.8,8,ete,15h-18h,1,2.33,1,0
2023-08-30 18:00:00,2.0,6.0,312.0,8.8,-0.5,8,ete,18h-21h,1,1.33,1,0
2023-08-30 21:00:00,1.0,6.0,306.0,9.1,4.9,8,ete,21h-24h,1,2.0,0,0
2023-08-31 00:00:00,1.0,6.0,302.0,8.6,4.1,8,ete,00h-03h,1,1.0,0,0
2023-08-31 03:00:00,1.67,6.0,310.0,7.4,4.1,8,ete,03h-06h,1,1.0,0,0
2023-08-31 06:00:00,2.0,6.0,304.0,8.5,2.5,8,ete,06h-09h,1,1.67,0,0
2023-08-31 09:00:00,2.33,6.0,313.0,9.8,4.5,8,ete,09h-12h,1,2.0,0,0
2023-08-31 12:00:00,1.0,6.0,328.0,13.3,7.4,8,ete,12h-15h,1,2.33,0,0
2023-08-31 15:00:00,1.33,6.0,318.0,12.5,0.3,8,ete,15h-18h,1,1.0,0,0
2023-08-31 18:00:00,1.67,6.0,353.0,7.5,2.5,8,ete,18h-21h,1,1.33,0,0
2023-08-31 21:00:00,1.67,6.0,390.0,6.8,3.3,8,ete,21h-24h,1,1.67,0,0
2023-09-01 00:00:00,3.0,12.0,379.0,6.1,-2.1,9,automne,00h-03h,1,1.67,1,0
2023-09-01 03:00:00,2.67,12.0,366.0,5.6,-2.6,9,automne,03h-06h,1,3.0,1,0
2023-09-01 06:00:00,2.67,12.0,371.0,5.7,-4.9,9,automne,06h-09h,1,2.67,1,0
2023-09-01 09:00:00,3.33,12.0,393.0,8.8,-1.5,9,automne,09h-12h,1,2.67,1,0
2023-09-01 12:00:00,3.0,12.0,409.0,9.4,-4.9,9,automne,12h-15h,1,3.33,1,0
2023-09-01 15:00:00,2.33,12.0,395.0,7.9,3.2,9,automne,15h-18h,1,3.0,0,0
2023-09-01 18:00:00,2.67,12.0,411.0,5.2,-3.6,9,automne,18h-21h,1,2.33,1,0
2023-09-01 21:00:00,1.67,12.0,522.0,2.5,-0.4,9,automne,21h-24h,1,2.67,1,0
2023-09-02 00:00:00,3.33,38.0,558.0,3.3,2.6,9,automne,00h-03h,1,1.67,0,0
2023-09-02 03:00:00,4.33,38.0,564.0,3.1,-3.2,9,automne,03h-06h,1,3.33,1,0
2023-09-02 06:00:00,5.33,38.0,703.0,3.2,-3.6,9,automne,06h-09h,1,4.33,1,1
2023-09-02 09:00:00,5.0,38.0,710.0,3.2,-5.8,9,automne,09h-12h,1,5.33,1,1
2023-09-02 12:00:00,4.67,38.0,603.0,5.2,-4.3,9,automne,12h-15h,1,5.0,1,0
2023-09-02 15:00:00,4.33,38.0,547.0,4.7,-2.0,9,automne,15h-18h,1,4.67,1,0
2023-09-02 18:00:00,4.33,38.0,559.0,5.6,-2.2,9,automne,18h-21h,1,4.33,1,0
2023-09-02 21:00:00,5.0,38.0,566.0,8.5,-1.7,9,automne,21h-24h,1,4.33,1,1
2023-09-03 00:00:00,5.67,25.0,539.0,20.4,-0.3,9,automne,00h-03h,1,5.0,1,1
2023-09-03 03:00:00,3.33,25.0,515.0,25.2,2.3,9,automne,03h-06h,1,5.67,0,0
2023-09-03 06:00:00,4.67,25.0,492.0,10.6,-0.5,9,automne,06h-09h,1,3.33,1,0
2023-09-03 09:00:00,3.67,25.0,483.0,4.2,-2.7,9,automne,09h-12h,1,4.67,1,0
2023-09-03 12:00:00,3.33,25.0,465.0,5.8,-1.8,9,automne,12h-15h,1,3.67,1,0
2023-09-03 15:00:00,3.0,25.0,456.0,6.8,-2.9,9,automne,15h-18h,1,3.33,1,0
2023-09-03 18:00:00,1.67,25.0,449.0,7.9,-0.7,9,automne,18h-21h,1,3.0,1,0
2023-09-03 21:00:00,3.0,25.0,442.0,5.0,-2.7,9,automne,21h-24h,1,1.67,1,0
2023-09-04 00:00:00,2.67,8.0,431.0,4.2,-1.8,9,automne,00h-03h,1,3.0,1,0
2023-09-04 03:00:00,2.67,8.0,409.0,4.4,-0.5,9,automne,03h-06h,1,2.67,1,0
2023-09-04 06:00:00,2.0,8.0,402.0,4.9,-0.1,9,automne,06h-09h,1,2.67,1,0
2023-09-04 09:00:00,1.33,8.0,413.0,5.1,0.1,9,automne,09h-12h,1,2.0,0,0
2023-09-04 12:00:00,1.67,8.0,405.0,5.5,0.9,9,automne,12h-15h,1,1.33,0,0
2023-09-04 15:00:00,2.0,8.0,395.0,4.2,-3.4,9,automne,15h-18h,1,1.67,1,0
2023-09-04 18:00:00,1.67,8.0,398.0,4.9,1.9,9,automne,18h-21h,1,2.0,0,0
2023-09-04 21:00:00,1.33,8.0,370.0,4.2,0.1,9,automne,21h-24h,1,1.67,0,0
2023-09-05 00:00:00,1.33,11.0,390.0,4.3,0.7,9,automne,00h-03h,1,1.33,0,0
2023-09-05 03:00:00,1.33,11.0,379.0,2.6,0.5,9,automne,03h-06h,1,1.33,0,0
2023-09-05 06:00:00,1.33,11.0,369.0,4.2,0.7,9,automne,06h-09h,1,1.33,0,0
2023-09-05 09:00:00,1.33,11.0,388.0,4.7,0.1,9,automne,09h-12h,1,1.33,0,0
2023-09-05 12:00:00,1.67,11.0,375.0,4.2,-0.2,9,automne,12h-15h,1,1.33,1,0
2023-09-05 15:00:00,3.67,11.0,410.0,8.3,-2.5,9,automne,15h-18h,1,1.67,1,0
2023-09-05 18:00:00,4.0,11.0,404.0,7.4,-3.0,9,automne,18h-21h,1,3.67,1,0
2023-09-05 21:00:00,2.33,11.0,429.0,9.0,1.2,9,automne,21h-24h,1,4.0,0,0
2023-09-06 00:00:00,2.0,8.0,428.0,8.8,0.9,9,automne,00h-03h,1,2.33,0,0
2023-09-06 03:00:00,1.0,8.0,424.0,7.9,1.6,9,automne,03h-06h,1,2.0,0,0
2023-09-06 06:00:00,2.33,8.0,382.0,4.9,0.2,9,automne,06h-09h,1,1.0,0,0
2023-09-06 09:00:00,1.33,8.0,377.0,4.5,0.6,9,automne,09h-12h,1,2.33,0,0
2023-09-06 12:00:00,3.0,8.0,371.0,5.3,-3.1,9,automne,12h-15h,1,1.33,1,0
2023-09-06 15:00:00,2.67,8.0,408.0,11.2,0.1,9,automne,15h-18h,1,3.0,0,0
2023-09-06 18:00:00,1.0,8.0,412.0,4.7,0.4,9,automne,18h-21h,1,2.67,0,0
2023-09-06 21:00:00,1.0,8.0,402.0,3.4,2.2,9,automne,21h-24h,1,1.0,0,0
2023-09-07 00:00:00,2.67,6.0,410.0,4.2,-3.3,9,automne,00h-03h,1,1.0,1,0
2023-09-07 03:00:00,1.33,6.0,395.0,4.3,1.6,9,automne,03h-06h,1,2.67,0,0
2023-09-07 06:00:00,1.33,6.0,354.0,4.5,-0.6,9,automne,06h-09h,1,1.33,1,0
2023-09-07 09:00:00,1.33,6.0,375.0,6.1,1.6,9,automne,09h-12h,1,1.33,0,0
2023-09-07 12:00:00,1.67,6.0,367.0,5.7,-2.4,9,automne,12h-15h,1,1.33,1,0
2023-09-07 15:00:00,1.33,6.0,351.0,5.9,-1.7,9,automne,15h-18h,1,1.67,1,0
2023-09-07 18:00:00,1.67,6.0,352.0,5.4,-2.0,9,automne,18h-21h,1,1.33,1,0
2023-09-07 21:00:00,2.0,6.0,359.0,5.1,-1.1,9,automne,21h-24h,1,1.67,1,0
2023-09-08 00:00:00,3.0,6.0,359.0,5.4,-2.7,9,automne,00h-03h,1,2.0,1,0
2023-09-08 03:00:00,1.33,6.0,340.0,4.4,1.6,9,automne,03h-06h,1,3.0,0,0
2023-09-08 06:00:00,0.33,6.0,337.0,5.5,1.8,9,automne,06h-09h,1,1.33,0,0
2023-09-08 09:00:00,0.67,6.0,333.0,5.9,0.8,9,automne,09h-12h,1,0.33,0,0
2023-09-08 12:00:00,1.33,6.0,339.0,7.1,2.9,9,automne,12h-15h,1,0.67,0,0
2023-09-08 15:00:00,2.0,6.0,351.0,8.3,3.5,9,automne,15h-18h,1,1.33,0,0
2023-09-08 18:00:00,1.33,6.0,357.0,6.2,-0.9,9,automne,18h-21h,1,2.0,1,0
2023-09-08 21:00:00,1.0,6.0,366.0,6.1,5.4,9,automne,21h-24h,1,1.33,0,0
2023-09-09 00:00:00,3.0,8.0,354.0,6.0,-2.9,9,automne,00h-03h,1,1.0,1,0
2023-09-09 03:00:00,1.67,8.0,344.0,5.9,0.6,9,automne,03h-06h,1,3.0,0,0
2023-09-09 06:00:00,1.0,8.0,357.0,6.5,5.5,9,automne,06h-09h,1,1.67,0,0
2023-09-09 09:00:00,2.0,8.0,340.0,5.9,2.1,9,automne,09h-12h,1,1.0,0,0
2023-09-09 12:00:00,2.67,8.0,361.0,7.9,0.3,9,automne,12h-15h,1,2.0,0,0
2023-09-09 15:00:00,2.67,8.0,363.0,8.3,-1.4,9,automne,15h-18h,1,2.67,1,0
2023-09-09 18:00:00,0.33,8.0,372.0,11.8,2.0,9,automne,18h-21h,1,2.67,0,0
2023-09-09 21:00:00,0.67,8.0,358.0,11.3,2.6,9,automne,21h-24h,1,0.33,0,0
2023-09-10 00:00:00,2.0,4.0,346.0,9.9,2.4,9,automne,00h-03h,1,0.67,0,0
2023-09-10 03:00:00,0.67,4.0,337.0,3.2,4.2,9,automne,03h-06h,1,2.0,0,0
2023-09-10 06:00:00,0.67,4.0,322.0,4.0,2.6,9,automne,06h-09h,1,0.67,0,0
2023-09-10 09:00:00,0.67,4.0,320.0,5.1,1.1,9,automne,09h-12h,1,0.67,0,0
2023-09-10 12:00:00,0.67,4.0,330.0,6.7,2.1,9,automne,12h-15h,1,0.67,0,0
2023-09-10 15:00:00,1.33,4.0,320.0,5.9,1.3,9,automne,15h-18h,1,0.67,0,0
2023-09-10 18:00:00,1.0,4.0,325.0,7.1,1.5,9,automne,18h-21h,1,1.33,0,0
2023-09-10 21:00:00,1.33,4.0,322.0,6.7,-0.0,9,automne,21h-24h,1,1.0,0,0
2023-09-11 00:00:00,2.33,7.0,342.0,9.8,2.6,9,automne,00h-03h,1,1.33,0,0
2023-09-11 03:00:00,1.67,7.0,349.0,10.7,2.1,9,automne,03h-06h,1,2.33,0,0
2023-09-11 06:00:00,1.67,7.0,377.0,10.4,3.8,9,automne,06h-09h,1,1.67,0,0
2023-09-11 09:00:00,1.67,7.0,384.0,7.9,1.3,9,automne,09h-12h,1,1.67,0,0
2023-09-11 12:00:00,2.0,7.0,385.0,7.7,1.6,9,automne,12h-15h,1,1.67,0,0
2023-09-11 15:00:00,1.67,7.0,376.0,6.8,2.7,9,automne,15h-18h,1,2.0,0,0
2023-09-11 18:00:00,1.67,7.0,372.0,5.3,1.7,9,automne,18h-21h,1,1.67,0,0
2023-09-11 21:00:00,2.0,7.0,392.0,6.2,0.4,9,automne,21h-24h,1,1.67,0,0
2023-09-12 00:00:00,1.67,25.0,390.0,12.0,0.6,9,automne,00h-03h,1,2.0,0,0
2023-09-12 03:00:00,1.0,25.0,379.0,9.6,1.6,9,automne,03h-06h,1,1.67,0,0
2023-09-12 06:00:00,1.33,25.0,366.0,7.9,1.8,9,automne,06h-09h,1,1.0,0,0
2023-09-12 09:00:00,3.0,25.0,371.0,10.6,1.2,9,automne,09h-12h,1,1.33,0,0
2023-09-12 12:00:00,5.33,25.0,434.0,44.4,-4.7,9,automne,12h-15h,1,3.0,1,1
2023-09-12 15:00:00,5.67,25.0,393.0,12.6,-16.3,9,automne,15h-18h,1,5.33,1,1
2023-09-12 18:00:00,3.33,25.0,369.0,17.9,-10.1,9,automne,18h-21h,1,5.67,1,0
2023-09-12 21:00:00,4.0,25.0,379.0,14.2,-6.7,9,automne,21h-24h,1,3.33,1,0
2023-09-13 00:00:00,4.67,17.0,388.0,12.9,-8.7,9,automne,00h-03h,1,4.0,1,0
2023-09-13 03:00:00,3.67,17.0,402.0,12.2,0.1,9,automne,03h-06h,1,4.67,0,0
2023-09-13 06:00:00,2.67,17.0,429.0,11.3,-1.6,9,automne,06h-09h,1,3.67,1,0
2023-09-13 09:00:00,2.67,17.0,425.0,8.8,1.2,9,automne,09h-12h,1,2.67,0,0
2023-09-13 12:00:00,3.0,17.0,423.0,5.0,-2.3,9,automne,12h-15h,1,2.67,1,0
2023-09-13 15:00:00,3.0,17.0,410.0,5.0,-4.6,9,automne,15h-18h,1,3.0,1,0
2023-09-13 18:00:00,2.0,17.0,405.0,5.7,-1.0,9,automne,18h-21h,1,3.0,1,0
2023-09-13 21:00:00,3.0,17.0,383.0,3.8,-4.2,9,automne,21h-24h,1,2.0,1,0
2023-09-14 00:00:00,4.33,18.0,376.0,6.1,-3.1,9,automne,00h-03h,1,3.0,1,0
2023-09-14 03:00:00,2.67,18.0,382.0,5.4,-0.8,9,automne,03h-06h,1,4.33,1,0
2023-09-14 06:00:00,3.0,18.0,447.0,9.3,0.3,9,automne,06h-09h,1,2.67,0,0
2023-09-14 09:00:00,2.0,18.0,451.0,8.5,2.8,9,automne,09h-12h,1,3.0,0,0
2023-09-14 12:00:00,1.67,18.0,459.0,5.9,3.1,9,automne,12h-15h,1,2.0,0,0
2023-09-14 15:00:00,2.33,18.0,499.0,6.4,5.3,9,automne,15h-18h,1,1.67,0,0
2023-09-14 18:00:00,4.0,18.0,490.0,7.6,-5.5,9,automne,18h-21h,1,2.33,1,0
2023-09-14 21:00:00,4.33,18.0,513.0,6.2,-2.0,9,automne,21h-24h,1,4.0,1,0
2023-09-15 00:00:00,2.67,7.0,466.0,6.9,2.3,9,automne,00h-03h,1,4.33,0,0
2023-09-15 03:00:00,2.0,7.0,425.0,4.8,1.1,9,automne,03h-06h,1,2.67,0,0
2023-09-15 06:00:00,1.0,7.0,446.0,3.7,6.6,9,automne,06h-09h,1,2.0,0,0
2023-09-15 09:00:00,0.33,7.0,454.0,3.3,5.6,9,automne,09h-12h,1,1.0,0,0
2023-09-15 12:00:00,1.67,7.0,463.0,3.9,-0.3,9,automne,12h-15h,1,0.33,1,0
2023-09-15 15:00:00,2.0,7.0,460.0,3.1,-1.5,9,automne,15h-18h,1,1.67,1,0
2023-09-15 18:00:00,1.33,7.0,432.0,2.5,1.1,9,automne,18h-21h,1,2.0,0,0
2023-09-15 21:00:00,2.67,7.0,443.0,3.0,-3.6,9,automne,21h-24h,1,1.33,1,0
2023-09-16 00:00:00,2.0,7.0,426.0,2.6,1.4,9,automne,00h-03h,1,2.67,0,0
2023-09-16 03:00:00,0.67,7.0,449.0,3.0,4.9,9,automne,03h-06h,1,2.0,0,0
2023-09-16 06:00:00,1.0,7.0,404.0,3.2,3.4,9,automne,06h-09h,1,0.67,0,0
2023-09-16 09:00:00,1.0,7.0,397.0,4.1,3.5,9,automne,09h-12h,1,1.0,0,0
2023-09-16 12:00:00,0.67,7.0,393.0,3.6,3.1,9,automne,12h-15h,1,1.0,0,0
2023-09-16 15:00:00,1.33,7.0,380.0,3.4,1.3,9,automne,15h-18h,1,0.67,0,0
2023-09-16 18:00:00,3.0,7.0,388.0,3.8,-0.4,9,automne,18h-21h,1,1.33,1,0
2023-09-16 21:00:00,2.67,7.0,404.0,4.9,-4.6,9,automne,21h-24h,1,3.0,1,0
2023-09-17 00:00:00,3.33,16.0,397.0,5.6,-0.5,9,automne,00h-03h,1,2.67,1,0
2023-09-17 03:00:00,3.67,16.0,483.0,12.8,1.5,9,automne,03h-06h,1,3.33,0,0
2023-09-17 06:00:00,3.0,16.0,475.0,10.1,5.6,9,automne,06h-09h,1,3.67,0,0
2023-09-17 09:00:00,3.33,16.0,458.0,8.4,1.8,9,automne,09h-12h,1,3.0,0,0
2023-09-17 12:00:00,2.67,16.0,457.0,6.9,-3.1,9,automne,12h-15h,1,3.33,1,0
2023-09-17 15:00:00,2.67,16.0,425.0,4.8,-1.4,9,automne,15h-18h,1,2.67,1,0
2023-09-17 18:00:00,3.33,16.0,438.0,6.4,1.0,9,automne,18h-21h,1,2.67,0,0
2023-09-17 21:00:00,3.0,16.0,428.0,6.4,1.7,9,automne,21h-24h,1,3.33,0,0
2023-09-18 00:00:00,4.67,30.0,419.0,6.6,-3.3,9,automne,00h-03h,1,3.0,1,0
2023-09-18 03:00:00,4.0,30.0,437.0,8.5,-4.3,9,automne,03h-06h,1,4.67,1,0
2023-09-18 06:00:00,2.67,30.0,428.0,4.1,-1.4,9,automne,06h-09h,1,4.0,1,0
2023-09-18 09:00:00,2.0,30.0,9999.0,,,9,automne,09h-12h,1,2.67,0,0
2023-09-18 12:00:00,4.33,30.0,419.0,3.0,0.7,9,automne,12h-15h,1,2.0,0,0
2023-09-18 15:00:00,4.67,30.0,561.0,9.9,4.0,9,automne,15h-18h,1,4.33,0,0
2023-09-18 18:00:00,5.0,30.0,546.0,7.0,-6.4,9,automne,18h-21h,1,4.67,1,1
2023-09-18 21:00:00,4.33,30.0,544.0,4.7,10.9,9,automne,21h-24h,1,5.0,0,0
2023-09-19 00:00:00,5.67,49.0,589.0,5.1,-8.2,9,automne,00h-03h,1,4.33,1,1
2023-09-19 03:00:00,6.67,49.0,643.0,2.7,-5.2,9,automne,03h-06h,1,5.67,1,1
2023-09-19 06:00:00,4.33,49.0,604.0,4.5,0.0,9,automne,06h-09h,1,6.67,0,0
2023-09-19 09:00:00,4.33,49.0,621.0,2.6,-1.2,9,automne,09h-12h,1,4.33,1,0
2023-09-19 12:00:00,5.33,49.0,607.0,2.6,-4.8,9,automne,12h-15h,1,4.33,1,1
2023-09-19 15:00:00,5.33,49.0,581.0,4.6,-5.8,9,automne,15h-18h,1,5.33,1,1
2023-09-19 18:00:00,3.67,49.0,561.0,7.5,-2.3,9,automne,18h-21h,1,5.33,1,0
2023-09-19 21:00:00,3.0,49.0,546.0,2.4,2.8,9,automne,21h-24h,1,3.67,0,0
2023-09-20 00:00:00,3.67,16.0,578.0,3.6,-0.4,9,automne,00h-03h,1,3.0,1,0
2023-09-20 03:00:00,3.33,16.0,549.0,4.1,0.0,9,automne,03h-06h,1,3.67,0,0
2023-09-20 06:00:00,3.67,16.0,537.0,6.3,-0.5,9,automne,06h-09h,1,3.33,1,0
2023-09-20 09:00:00,3.0,16.0,528.0,6.4,-3.1,9,automne,09h-12h,1,3.67,1,0
2023-09-20 12:00:00,2.33,16.0,512.0,9.1,0.6,9,automne,12h-15h,1,3.0,0,0
2023-09-20 15:00:00,2.0,16.0,510.0,11.8,3.1,9,automne,15h-18h,1,2.33,0,0
2023-09-20 18:00:00,3.0,16.0,9999.0,,,9,automne,18h-21h,1,2.0,0,0
2023-09-20 21:00:00,3.67,16.0,9999.0,,,9,automne,21h-24h,1,3.0,0,0
2023-09-21 00:00:00,2.67,10.0,9999.0,,,9,automne,00h-03h,1,3.67,0,0
2023-09-21 03:00:00,2.67,10.0,9999.0,,,9,automne,03h-06h,1,2.67,0,0
2023-09-21 06:00:00,2.33,10.0,9999.0,,,9,automne,06h-09h,1,2.67,0,0
2023-09-21 09:00:00,1.67,10.0,9999.0,,,9,automne,09h-12h,1,2.33,0,0
2023-09-21 12:00:00,2.33,10.0,9999.0,,,9,automne,12h-15h,1,1.67,0,0
2023-09-21 15:00:00,2.67,10.0,419.0,5.8,-2.4,9,automne,15h-18h,1,2.33,1,0
2023-09-21 18:00:00,2.0,10.0,408.0,5.4,-2.8,9,automne,18h-21h,1,2.67,1,0
2023-09-21 21:00:00,2.33,10.0,409.0,3.6,-2.4,9,automne,21h-24h,1,2.0,1,0
2023-09-22 00:00:00,2.0,8.0,383.0,4.2,-2.6,9,automne,00h-03h,1,2.33,1,0
2023-09-22 03:00:00,1.33,8.0,390.0,4.5,1.2,9,automne,03h-06h,1,2.0,0,0
2023-09-22 06:00:00,2.67,8.0,380.0,5.4,-2.9,9,automne,06h-09h,1,1.33,1,0
2023-09-22 09:00:00,2.33,8.0,381.0,6.0,-3.0,9,automne,09h-12h,1,2.67,1,0
2023-09-22 12:00:00,2.0,8.0,377.0,6.0,-2.1,9,automne,12h-15h,1,2.33,1,0
2023-09-22 15:00:00,2.67,8.0,385.0,5.5,-2.0,9,automne,15h-18h,1,2.0,1,0
2023-09-22 18:00:00,2.0,8.0,385.0,5.2,-1.0,9,automne,18h-21h,1,2.67,1,0
2023-09-22 21:00:00,2.0,8.0,393.0,4.8,-2.7,9,automne,21h-24h,1,2.0,1,0
2023-09-23 00:00:00,3.0,10.0,388.0,4.8,-2.0,9,automne,00h-03h,1,2.0,1,0
2023-09-23 03:00:00,2.67,10.0,376.0,5.7,-0.5,9,automne,03h-06h,1,3.0,1,0
2023-09-23 06:00:00,2.0,10.0,369.0,4.9,,9,automne,06h-09h,1,2.67,0,0
2023-09-23 09:00:00,2.67,10.0,359.0,5.8,,9,automne,09h-12h,1,2.0,0,0
2023-09-23 12:00:00,2.33,10.0,353.0,4.2,-4.0,9,automne,12h-15h,1,2.67,1,0
2023-09-23 15:00:00,1.33,10.0,318.0,3.7,0.0,9,automne,15h-18h,1,2.33,0,0
2023-09-23 18:00:00,2.0,10.0,326.0,5.1,-2.8,9,automne,18h-21h,1,1.33,1,0
2023-09-23 21:00:00,2.33,10.0,330.0,4.9,-3.4,9,automne,21h-24h,1,2.0,1,0
2023-09-24 00:00:00,2.0,21.0,330.0,6.1,-3.4,9,automne,00h-03h,1,2.33,1,0
2023-09-24 03:00:00,2.0,21.0,322.0,5.2,-2.8,9,automne,03h-06h,1,2.0,1,0
2023-09-24 06:00:00,2.0,21.0,329.0,5.1,-3.6,9,automne,06h-09h,1,2.0,1,0
2023-09-24 09:00:00,2.0,21.0,318.0,5.9,-1.5,9,automne,09h-12h,1,2.0,1,0
2023-09-24 12:00:00,1.0,21.0,312.0,6.6,-1.8,9,automne,12h-15h,1,2.0,1,0
2023-09-24 15:00:00,0.33,21.0,311.0,6.5,0.4,9,automne,15h-18h,1,1.0,0,0
2023-09-24 18:00:00,5.67,21.0,322.0,7.5,-2.1,9,automne,18h-21h,1,0.33,1,1
2023-09-24 21:00:00,5.67,21.0,438.0,58.6,-5.1,9,automne,21h-24h,1,5.67,1,1
2023-09-25 00:00:00,5.33,23.0,437.0,22.8,9.4,9,automne,00h-03h,1,5.67,0,1
2023-09-25 03:00:00,5.0,23.0,438.0,11.1,11.1,9,automne,03h-06h,1,5.33,0,1
2023-09-25 06:00:00,3.33,23.0,482.0,11.4,19.1,9,automne,06h-09h,1,5.0,0,0
2023-09-25 09:00:00,3.33,23.0,477.0,10.6,27.5,9,automne,09h-12h,1,3.33,0,0
2023-09-25 12:00:00,3.67,23.0,474.0,19.2,14.0,9,automne,12h-15h,1,3.33,0,0
2023-09-25 15:00:00,2.33,23.0,422.0,16.1,7.6,9,automne,15h-18h,1,3.67,0,0
2023-09-25 18:00:00,2.33,23.0,450.0,13.4,6.9,9,automne,18h-21h,1,2.33,0,0
2023-09-25 21:00:00,2.0,23.0,436.0,7.4,6.9,9,automne,21h-24h,1,2.33,0,0
2023-09-26 00:00:00,3.33,32.0,427.0,3.6,2.0,9,automne,00h-03h,1,2.0,0,0
2023-09-26 03:00:00,4.33,32.0,413.0,2.9,-2.3,9,automne,03h-06h,1,3.33,1,0
2023-09-26 06:00:00,4.67,32.0,425.0,2.4,-10.3,9,automne,06h-09h,1,4.33,1,0
2023-09-26 09:00:00,5.33,32.0,440.0,1.6,-11.0,9,automne,09h-12h,1,4.67,1,1
2023-09-26 12:00:00,5.33,32.0,439.0,10.3,-1.7,9,automne,12h-15h,1,5.33,1,1
2023-09-26 15:00:00,3.67,32.0,498.0,6.9,-2.1,9,automne,15h-18h,1,5.33,1,0
2023-09-26 18:00:00,3.33,32.0,521.0,3.1,-1.7,9,automne,18h-21h,1,3.67,1,0
2023-09-26 21:00:00,3.33,32.0,515.0,2.7,-3.2,9,automne,21h-24h,1,3.33,1,0
2023-09-27 00:00:00,4.0,15.0,492.0,6.3,-0.8,9,automne,00h-03h,1,3.33,1,0
2023-09-27 03:00:00,3.0,15.0,463.0,6.6,0.9,9,automne,03h-06h,1,4.0,0,0
2023-09-27 06:00:00,3.33,15.0,470.0,8.0,-1.8,9,automne,06h-09h,1,3.0,1,0
2023-09-27 09:00:00,3.33,15.0,462.0,11.9,0.1,9,automne,09h-12h,1,3.33,0,0
2023-09-27 12:00:00,3.0,15.0,439.0,7.4,1.5,9,automne,12h-15h,1,3.33,0,0
2023-09-27 15:00:00,3.0,15.0,423.0,22.6,1.9,9,automne,15h-18h,1,3.0,0,0
2023-09-27 18:00:00,2.33,15.0,426.0,1.7,-1.6,9,automne,18h-21h,1,3.0,1,0
2023-09-27 21:00:00,1.0,15.0,447.0,1.5,-0.7,9,automne,21h-24h,1,2.33,1,0
2023-09-28 00:00:00,1.67,6.0,439.0,1.3,-2.2,9,automne,00h-03h,1,1.0,1,0
2023-09-28 03:00:00,3.0,6.0,420.0,1.2,-4.3,9,automne,03h-06h,1,1.67,1,0
2023-09-28 06:00:00,0.67,6.0,391.0,1.4,1.1,9,automne,06h-09h,1,3.0,0,0
2023-09-28 09:00:00,1.67,6.0,372.0,1.4,-2.3,9,automne,09h-12h,1,0.67,1,0
2023-09-28 12:00:00,0.67,6.0,380.0,1.9,0.9,9,automne,12h-15h,1,1.67,0,0
2023-09-28 15:00:00,0.67,6.0,366.0,2.2,0.1,9,automne,15h-18h,1,0.67,0,0
2023-09-28 18:00:00,0.67,6.0,378.0,2.2,1.9,9,automne,18h-21h,1,0.67,0,0
2023-09-28 21:00:00,2.33,6.0,430.0,2.5,-0.0,9,automne,21h-24h,1,0.67,0,0
2023-09-29 00:00:00,2.33,12.0,410.0,2.7,-0.6,9,automne,00h-03h,1,2.33,1,0
2023-09-29 03:00:00,2.33,12.0,410.0,2.7,-5.2,9,automne,03h-06h,1,2.33,1,0
2023-09-29 06:00:00,3.67,12.0,429.0,3.4,-6.2,9,automne,06h-09h,1,2.33,1,0
2023-09-29 09:00:00,4.0,12.0,418.0,2.9,-6.4,9,automne,09h-12h,1,3.67,1,0
2023-09-29 12:00:00,3.33,12.0,423.0,2.0,4.8,9,automne,12h-15h,1,4.0,0,0
2023-09-29 15:00:00,1.33,12.0,456.0,6.6,5.8,9,automne,15h-18h,1,3.33,0,0
2023-09-29 18:00:00,1.0,12.0,454.0,5.5,3.9,9,automne,18h-21h,1,1.33,0,0
2023-09-29 21:00:00,1.33,12.0,454.0,5.0,3.4,9,automne,21h-24h,1,1.0,0,0
2023-09-30 00:00:00,1.67,6.0,431.0,3.9,1.4,9,automne,00h-03h,1,1.33,0,0
2023-09-30 03:00:00,2.33,6.0,422.0,3.8,-0.9,9,automne,03h-06h,1,1.67,1,0
2023-09-30 06:00:00,3.0,6.0,424.0,3.1,-3.6,9,automne,06h-09h,1,2.33,1,0
2023-09-30 09:00:00,2.33,6.0,406.0,2.8,-3.3,9,automne,09h-12h,1,3.0,1,0
2023-09-30 12:00:00,2.33,6.0,407.0,2.5,-2.9,9,automne,12h-15h,1,2.33,1,0
2023-09-30 15:00:00,2.0,6.0,413.0,3.5,-2.4,9,automne,15h-18h,1,2.33,1,0
2023-09-30 18:00:00,2.33,6.0,409.0,4.1,-4.0,9,automne,18h-21h,1,2.0,1,0
2023-09-30 21:00:00,3.0,6.0,395.0,3.5,-5.2,9,automne,21h-24h,1,2.33,1,0
2023-10-01 00:00:00,4.0,9.0,401.0,5.0,1.0,10,automne,00h-03h,1,3.0,0,0
2023-10-01 03:00:00,2.0,9.0,389.0,4.0,-0.0,10,automne,03h-06h,1,4.0,0,0
2023-10-01 06:00:00,2.0,9.0,396.0,5.3,-2.6,10,automne,06h-09h,1,2.0,1,0
2023-10-01 09:00:00,2.0,9.0,368.0,5.6,-0.2,10,automne,09h-12h,1,2.0,1,0
2023-10-01 12:00:00,2.0,9.0,368.0,4.6,-2.0,10,automne,12h-15h,1,2.0,1,0
2023-10-01 15:00:00,1.0,9.0,361.0,4.1,1.6,10,automne,15h-18h,1,2.0,0,0
2023-10-01 18:00:00,1.33,9.0,367.0,4.1,2.5,10,automne,18h-21h,1,1.0,0,0
2023-10-01 21:00:00,1.67,9.0,374.0,3.8,0.9,10,automne,21h-24h,1,1.33,0,0
2023-10-02 00:00:00,3.0,9.0,364.0,5.4,-3.6,10,automne,00h-03h,1,1.67,1,0
2023-10-02 03:00:00,3.33,9.0,357.0,3.8,-2.3,10,automne,03h-06h,1,3.0,1,0
2023-10-02 06:00:00,1.0,9.0,356.0,4.4,-3.4,10,automne,06h-09h,1,3.33,1,0
2023-10-02 09:00:00,2.33,9.0,354.0,4.2,-2.3,10,automne,09h-12h,1,1.0,1,0
2023-10-02 12:00:00,1.67,9.0,363.0,4.8,2.0,10,automne,12h-15h,1,2.33,0,0
2023-10-02 15:00:00,1.67,9.0,361.0,5.4,-0.3,10,automne,15h-18h,1,1.67,1,0
2023-10-02 18:00:00,1.67,9.0,370.0,5.9,-3.9,10,automne,18h-21h,1,1.67,1,0
2023-10-02 21:00:00,2.33,9.0,349.0,5.6,-2.4,10,automne,21h-24h,1,1.67,1,0
2023-10-03 00:00:00,1.33,8.0,348.0,5.4,-0.6,10,automne,00h-03h,1,2.33,1,0
2023-10-03 03:00:00,2.67,8.0,339.0,4.9,1.0,10,automne,03h-06h,1,1.33,0,0
2023-10-03 06:00:00,1.67,8.0,341.0,4.2,0.4,10,automne,06h-09h,1,2.67,0,0
2023-10-03 09:00:00,1.33,8.0,321.0,3.8,-2.1,10,automne,09h-12h,1,1.67,1,0
2023-10-03 12:00:00,2.33,8.0,340.0,6.3,-3.6,10,automne,12h-15h,1,1.33,1,0
2023-10-03 15:00:00,2.33,8.0,340.0,12.8,-6.0,10,automne,15h-18h,1,2.33,1,0
2023-10-03 18:00:00,2.33,8.0,330.0,11.4,-3.7,10,automne,18h-21h,1,2.33,1,0
2023-10-03 21:00:00,1.67,8.0,351.0,5.4,-1.5,10,automne,21h-24h,1,2.33,1,0
2023-10-04 00:00:00,2.67,10.0,369.0,6.5,-0.9,10,automne,00h-03h,1,1.67,1,0
2023-10-04 03:00:00,2.33,10.0,343.0,5.7,-0.8,10,automne,03h-06h,1,2.67,1,0
2023-10-04 06:00:00,2.67,10.0,345.0,4.6,-1.4,10,automne,06h-09h,1,2.33,1,0
2023-10-04 09:00:00,2.67,10.0,345.0,5.3,-3.1,10,automne,09h-12h,1,2.67,1,0
2023-10-04 12:00:00,2.0,10.0,344.0,7.5,-3.8,10,automne,12h-15h,1,2.67,1,0
2023-10-04 15:00:00,1.67,10.0,344.0,4.6,0.5,10,automne,15h-18h,1,2.0,0,0
2023-10-04 18:00:00,2.0,10.0,381.0,6.2,-0.7,10,automne,18h-21h,1,1.67,1,0
2023-10-04 21:00:00,3.33,10.0,399.0,7.3,-4.2,10,automne,21h-24h,1,2.0,1,0
2023-10-05 00:00:00,4.33,16.0,414.0,6.5,-2.1,10,automne,00h-03h,1,3.33,1,0
2023-10-05 03:00:00,5.0,16.0,420.0,4.3,-2.7,10,automne,03h-06h,1,4.33,1,1
2023-10-05 06:00:00,2.33,16.0,430.0,6.5,-1.6,10,automne,06h-09h,1,5.0,1,0
2023-10-05 09:00:00,3.0,16.0,431.0,6.1,-2.3,10,automne,09h-12h,1,2.33,1,0
2023-10-05 12:00:00,2.0,16.0,419.0,3.7,-3.3,10,automne,12h-15h,1,3.0,1,0
2023-10-05 15:00:00,1.0,16.0,419.0,3.1,1.1,10,automne,15h-18h,1,2.0,0,0
2023-10-05 18:00:00,1.33,16.0,419.0,3.4,-0.7,10,automne,18h-21h,1,1.0,1,0
2023-10-05 21:00:00,2.33,16.0,435.0,3.0,2.3,10,automne,21h-24h,1,1.33,0,0
2023-10-06 00:00:00,2.33,9.0,471.0,9.2,0.6,10,automne,00h-03h,1,2.33,0,0
2023-10-06 03:00:00,2.67,9.0,456.0,9.1,1.4,10,automne,03h-06h,1,2.33,0,0
2023-10-06 06:00:00,2.33,9.0,432.0,11.5,-1.4,10,automne,06h-09h,1,2.67,1,0
2023-10-06 09:00:00,1.67,9.0,429.0,11.2,3.6,10,automne,09h-12h,1,2.33,0,0
2023-10-06 12:00:00,1.33,9.0,423.0,9.5,3.3,10,automne,12h-15h,1,1.67,0,0
2023-10-06 15:00:00,1.67,9.0,398.0,7.3,-1.5,10,automne,15h-18h,1,1.33,1,0
2023-10-06 18:00:00,1.0,9.0,389.0,4.2,2.2,10,automne,18h-21h,1,1.67,0,0
2023-10-06 21:00:00,3.33,9.0,392.0,4.3,1.4,10,automne,21h-24h,1,1.0,0,0
2023-10-12 00:00:00,1.33,4.0,309.0,8.3,-0.3,10,automne,00h-03h,1,3.33,1,0
2023-10-12 03:00:00,1.0,4.0,304.0,4.6,0.1,10,automne,03h-06h,1,1.33,0,0
2023-10-12 06:00:00,1.33,4.0,296.0,7.7,0.7,10,automne,06h-09h,1,1.0,0,0
2023-10-12 09:00:00,1.0,4.0,300.0,8.7,1.6,10,automne,09h-12h,1,1.33,0,0
2023-10-12 12:00:00,0.67,4.0,303.0,5.9,1.2,10,automne,12h-15h,1,1.0,0,0
2023-10-12 15:00:00,1.0,4.0,315.0,7.9,3.9,10,automne,15h-18h,1,0.67,0,0
2023-10-12 18:00:00,0.67,4.0,330.0,11.5,3.2,10,automne,18h-21h,1,1.0,0,0
2023-10-12 21:00:00,1.0,4.0,315.0,11.8,6.3,10,automne,21h-24h,1,0.67,0,0
2023-10-13 00:00:00,1.0,13.0,324.0,11.9,4.3,10,automne,00h-03h,1,1.0,0,0
2023-10-13 03:00:00,2.67,13.0,336.0,18.2,0.0,10,automne,03h-06h,1,1.0,0,0
2023-10-13 06:00:00,3.33,13.0,351.0,37.6,-0.6,10,automne,06h-09h,1,2.67,1,0
2023-10-13 09:00:00,2.67,13.0,370.0,30.6,19.5,10,automne,09h-12h,1,3.33,0,0
2023-10-13 12:00:00,3.0,13.0,362.0,23.6,-3.9,10,automne,12h-15h,1,2.67,1,0
2023-10-13 15:00:00,3.67,13.0,365.0,12.3,-7.4,10,automne,15h-18h,1,3.0,1,0
2023-10-13 18:00:00,2.67,13.0,459.0,6.8,7.5,10,automne,18h-21h,1,3.67,0,0
2023-10-13 21:00:00,2.33,13.0,387.0,6.2,7.6,10,automne,21h-24h,1,2.67,0,0
2023-10-14 00:00:00,2.0,8.0,500.0,2.8,3.3,10,automne,00h-03h,1,2.33,0,0
2023-10-14 03:00:00,1.67,8.0,541.0,2.3,2.7,10,automne,03h-06h,1,2.0,0,0
2023-10-14 06:00:00,2.0,8.0,536.0,2.5,0.9,10,automne,06h-09h,1,1.67,0,0
2023-10-14 09:00:00,3.0,8.0,490.0,2.5,0.4,10,automne,09h-12h,1,2.0,0,0
2023-10-14 12:00:00,1.67,8.0,505.0,2.9,1.6,10,automne,12h-15h,1,3.0,0,0
2023-10-14 15:00:00,1.0,8.0,505.0,3.5,2.8,10,automne,15h-18h,1,1.67,0,0
2023-10-14 18:00:00,2.67,8.0,497.0,3.4,-0.8,10,automne,18h-21h,1,1.0,1,0
2023-10-14 21:00:00,1.0,8.0,489.0,3.1,-0.3,10,automne,21h-24h,1,2.67,1,0
2023-10-15 00:00:00,0.67,4.0,475.0,3.3,1.2,10,automne,00h-03h,1,1.0,0,0
2023-10-15 03:00:00,0.33,4.0,458.0,2.8,0.6,10,automne,03h-06h,1,0.67,0,0
2023-10-15 06:00:00,1.0,4.0,438.0,2.3,0.9,10,automne,06h-09h,1,0.33,0,0
2023-10-15 09:00:00,0.67,4.0,423.0,2.4,2.4,10,automne,09h-12h,1,1.0,0,0
2023-10-15 12:00:00,0.67,4.0,407.0,2.4,1.5,10,automne,12h-15h,1,0.67,0,0
2023-10-15 15:00:00,0.67,4.0,389.0,2.3,-0.5,10,automne,15h-18h,1,0.67,1,0
2023-10-15 18:00:00,1.0,4.0,379.0,2.2,-0.3,10,automne,18h-21h,1,0.67,1,0
2023-10-15 21:00:00,2.0,4.0,380.0,2.4,-1.1,10,automne,21h-24h,1,1.0,1,0
2023-10-16 00:00:00,2.0,4.0,364.0,2.8,-0.2,10,automne,00h-03h,1,2.0,1,0
2023-10-16 03:00:00,0.33,4.0,369.0,2.9,0.9,10,automne,03h-06h,1,2.0,0,0
2023-10-16 06:00:00,0.67,4.0,370.0,3.0,0.4,10,automne,06h-09h,1,0.33,0,0
2023-10-16 09:00:00,1.0,4.0,346.0,3.2,1.4,10,automne,09h-12h,1,0.67,0,0
2023-10-16 12:00:00,1.33,4.0,349.0,3.6,0.7,10,automne,12h-15h,1,1.0,0,0
2023-10-16 15:00:00,0.67,4.0,344.0,3.7,0.1,10,automne,15h-18h,1,1.33,0,0
2023-10-16 18:00:00,0.33,4.0,336.0,3.5,0.9,10,automne,18h-21h,1,0.67,0,0
2023-10-16 21:00:00,0.33,4.0,332.0,4.0,1.1,10,automne,21h-24h,1,0.33,0,0
2023-10-17 00:00:00,0.67,3.0,332.0,4.0,-0.6,10,automne,00h-03h,1,0.33,1,0
2023-10-17 03:00:00,0.33,3.0,323.0,4.0,1.2,10,automne,03h-06h,1,0.67,0,0
2023-10-17 06:00:00,0.67,3.0,322.0,4.6,1.2,10,automne,06h-09h,1,0.33,0,0
2023-10-17 09:00:00,1.0,3.0,308.0,4.1,1.1,10,automne,09h-12h,1,0.67,0,0
2023-10-17 12:00:00,1.0,3.0,307.0,4.6,-0.7,10,automne,12h-15h,1,1.0,1,0
2023-10-17 15:00:00,0.33,3.0,307.0,6.9,0.2,10,automne,15h-18h,1,1.0,0,0
2023-10-17 18:00:00,0.0,3.0,301.0,7.7,-0.0,10,automne,18h-21h,1,0.33,0,0
2023-10-17 21:00:00,0.67,3.0,295.0,8.4,-0.7,10,automne,21h-24h,1,0.0,1,0
2023-10-18 00:00:00,0.33,9.0,286.0,7.9,0.2,10,automne,00h-03h,1,0.67,0,0
2023-10-18 03:00:00,2.0,9.0,297.0,11.2,-0.3,10,automne,03h-06h,1,0.33,1,0
2023-10-18 06:00:00,1.33,9.0,333.0,23.0,2.9,10,automne,06h-09h,1,2.0,0,0
2023-10-18 09:00:00,2.33,9.0,329.0,26.5,0.7,10,automne,09h-12h,1,1.33,0,0
2023-10-18 12:00:00,3.0,9.0,377.0,7.4,-7.9,10,automne,12h-15h,1,2.33,1,0
2023-10-18 15:00:00,3.0,9.0,401.0,4.7,-4.9,10,automne,15h-18h,1,3.0,1,0
2023-10-18 18:00:00,2.33,9.0,408.0,5.9,-5.3,10,automne,18h-21h,1,3.0,1,0
2023-10-18 21:00:00,2.33,9.0,395.0,5.1,-2.5,10,automne,21h-24h,1,2.33,1,0
2023-10-19 00:00:00,2.67,10.0,387.0,4.8,-2.5,10,automne,00h-03h,1,2.33,1,0
2023-10-19 03:00:00,3.67,10.0,395.0,5.5,-3.6,10,automne,03h-06h,1,2.67,1,0
2023-10-19 06:00:00,2.33,10.0,374.0,6.1,-4.2,10,automne,06h-09h,1,3.67,1,0
2023-10-19 09:00:00,2.67,10.0,364.0,3.6,-4.3,10,automne,09h-12h,1,2.33,1,0
2023-10-19 12:00:00,1.67,10.0,358.0,4.4,-4.4,10,automne,12h-15h,1,2.67,1,0
2023-10-19 15:00:00,1.67,10.0,343.0,5.3,-4.7,10,automne,15h-18h,1,1.67,1,0
2023-10-19 18:00:00,1.67,10.0,336.0,6.2,-0.3,10,automne,18h-21h,1,1.67,1,0
2023-10-19 21:00:00,1.0,10.0,323.0,7.9,-1.3,10,automne,21h-24h,1,1.67,1,0
2023-10-20 00:00:00,1.33,8.0,321.0,8.8,-1.4,10,automne,00h-03h,1,1.0,1,0
2023-10-20 03:00:00,2.33,8.0,337.0,9.9,-0.9,10,automne,03h-06h,1,1.33,1,0
2023-10-20 06:00:00,2.33,8.0,355.0,9.7,-0.6,10,automne,06h-09h,1,2.33,1,0
2023-10-20 09:00:00,2.33,8.0,371.0,13.3,-1.7,10,automne,09h-12h,1,2.33,1,0
2023-10-20 12:00:00,2.0,8.0,367.0,16.4,2.1,10,automne,12h-15h,1,2.33,0,0
2023-10-20 15:00:00,1.0,8.0,361.0,8.1,2.6,10,automne,15h-18h,1,2.0,0,0
2023-10-20 18:00:00,2.33,8.0,357.0,7.7,-2.8,10,automne,18h-21h,1,1.0,1,0
2023-10-20 21:00:00,2.67,8.0,344.0,8.3,-7.4,10,automne,21h-24h,1,2.33,1,0
2023-10-21 00:00:00,4.0,22.0,333.0,8.6,-7.4,10,automne,00h-03h,1,2.67,1,0
2023-10-21 03:00:00,4.67,22.0,325.0,13.5,-7.0,10,automne,03h-06h,1,4.0,1,0
2023-10-21 06:00:00,5.0,22.0,328.0,13.7,-8.9,10,automne,06h-09h,1,4.67,1,1
2023-10-21 09:00:00,3.33,22.0,314.0,12.2,-7.0,10,automne,09h-12h,1,5.0,1,0
2023-10-21 12:00:00,2.67,22.0,306.0,9.2,-7.3,10,automne,12h-15h,1,3.33,1,0
2023-10-21 15:00:00,3.33,22.0,304.0,15.0,-4.1,10,automne,15h-18h,1,2.67,1,0
2023-10-21 18:00:00,1.67,22.0,297.0,11.4,-3.7,10,automne,18h-21h,1,3.33,1,0
2023-10-21 21:00:00,1.0,22.0,297.0,10.9,-3.8,10,automne,21h-24h,1,1.67,1,0
2023-10-22 00:00:00,2.33,8.0,294.0,6.6,-4.1,10,automne,00h-03h,1,1.0,1,0
2023-10-22 03:00:00,1.67,8.0,290.0,6.3,-0.6,10,automne,03h-06h,1,2.33,1,0
2023-10-22 06:00:00,2.33,8.0,290.0,11.4,-2.5,10,automne,06h-09h,1,1.67,1,0
2023-10-22 09:00:00,2.33,8.0,305.0,10.7,-6.3,10,automne,09h-12h,1,2.33,1,0
2023-10-22 12:00:00,1.33,8.0,315.0,11.9,-0.6,10,automne,12h-15h,1,2.33,1,0
2023-10-22 15:00:00,1.67,8.0,295.0,10.1,0.2,10,automne,15h-18h,1,1.33,0,0
2023-10-22 18:00:00,3.0,8.0,338.0,8.2,-4.0,10,automne,18h-21h,1,1.67,1,0
2023-10-22 21:00:00,1.67,8.0,344.0,7.7,3.8,10,automne,21h-24h,1,3.0,0,0
2023-10-23 00:00:00,1.0,3.0,337.0,6.8,6.4,10,automne,00h-03h,1,1.67,0,0
2023-10-23 03:00:00,0.33,3.0,343.0,7.0,4.6,10,automne,03h-06h,1,1.0,0,0
2023-10-23 06:00:00,0.33,3.0,347.0,6.2,5.0,10,automne,06h-09h,1,0.33,0,0
2023-10-23 09:00:00,0.33,3.0,357.0,5.3,6.5,10,automne,09h-12h,1,0.33,0,0
2023-10-23 12:00:00,1.0,3.0,358.0,5.2,2.3,10,automne,12h-15h,1,0.33,0,0
2023-10-23 15:00:00,0.67,3.0,362.0,4.8,6.0,10,automne,15h-18h,1,1.0,0,0
2023-10-23 18:00:00,0.67,3.0,385.0,6.2,5.4,10,automne,18h-21h,1,0.67,0,0
2023-10-23 21:00:00,0.67,3.0,353.0,4.6,4.5,10,automne,21h-24h,1,0.67,0,0
2023-10-24 00:00:00,0.33,4.0,354.0,4.6,2.2,10,automne,00h-03h,1,0.67,0,0
2023-10-24 03:00:00,0.33,4.0,354.0,3.7,2.7,10,automne,03h-06h,1,0.33,0,0
2023-10-24 06:00:00,0.67,4.0,355.0,4.0,-0.4,10,automne,06h-09h,1,0.33,1,0
2023-10-24 09:00:00,1.33,4.0,366.0,5.4,2.7,10,automne,09h-12h,1,0.67,0,0
2023-10-24 12:00:00,0.67,4.0,368.0,6.0,0.1,10,automne,12h-15h,1,1.33,0,0
2023-10-24 15:00:00,1.0,4.0,348.0,6.5,2.2,10,automne,15h-18h,1,0.67,0,0
2023-10-24 18:00:00,1.33,4.0,347.0,8.9,0.6,10,automne,18h-21h,1,1.0,0,0
2023-10-24 21:00:00,1.33,4.0,332.0,5.2,0.3,10,automne,21h-24h,1,1.33,0,0
2023-10-25 00:00:00,0.67,4.0,339.0,10.7,0.5,10,automne,00h-03h,1,1.33,0,0
2023-10-25 03:00:00,1.0,4.0,334.0,9.0,1.2,10,automne,03h-06h,1,0.67,0,0
2023-10-25 06:00:00,0.33,4.0,332.0,6.9,-0.1,10,automne,06h-09h,1,1.0,1,0
2023-10-25 09:00:00,0.67,4.0,333.0,7.0,0.6,10,automne,09h-12h,1,0.33,0,0
2023-10-25 12:00:00,1.0,4.0,301.0,7.6,-1.4,10,automne,12h-15h,1,0.67,1,0
2023-10-25 15:00:00,0.67,4.0,316.0,12.3,-1.1,10,automne,15h-18h,1,1.0,1,0
2023-10-25 18:00:00,1.33,4.0,326.0,15.8,-0.6,10,automne,18h-21h,1,0.67,1,0
2023-10-25 21:00:00,1.67,4.0,331.0,13.1,-1.2,10,automne,21h-24h,1,1.33,1,0
2023-10-26 00:00:00,2.67,23.0,333.0,12.6,-0.8,10,automne,00h-03h,1,1.67,1,0
2023-10-26 03:00:00,2.67,23.0,351.0,14.0,-0.8,10,automne,03h-06h,1,2.67,1,0
2023-10-26 06:00:00,2.0,23.0,367.0,19.4,2.3,10,automne,06h-09h,1,2.67,0,0
2023-10-26 09:00:00,4.67,23.0,377.0,12.5,-9.0,10,automne,09h-12h,1,2.0,1,0
2023-10-26 12:00:00,4.0,23.0,393.0,9.8,-2.6,10,automne,12h-15h,1,4.67,1,0
2023-10-26 15:00:00,3.33,23.0,481.0,3.4,6.3,10,automne,15h-18h,1,4.0,0,0
2023-10-26 18:00:00,4.33,23.0,536.0,2.8,1.1,10,automne,18h-21h,1,3.33,0,0
2023-10-26 21:00:00,4.67,23.0,486.0,2.2,-0.1,10,automne,21h-24h,1,4.33,1,0
2023-10-27 00:00:00,3.33,11.0,470.0,2.2,-4.1,10,automne,00h-03h,1,4.67,1,0
2023-10-27 03:00:00,4.0,11.0,451.0,2.4,-2.6,10,automne,03h-06h,1,3.33,1,0
2023-10-27 06:00:00,2.67,11.0,434.0,2.0,-2.8,10,automne,06h-09h,1,4.0,1,0
2023-10-27 09:00:00,2.33,11.0,415.0,2.2,-2.3,10,automne,09h-12h,1,2.67,1,0
2023-10-27 12:00:00,1.67,11.0,426.0,3.6,-1.8,10,automne,12h-15h,1,2.33,1,0
2023-10-27 15:00:00,1.67,11.0,388.0,3.7,0.3,10,automne,15h-18h,1,1.67,0,0
2023-10-27 18:00:00,1.33,11.0,377.0,4.3,-0.7,10,automne,18h-21h,1,1.67,1,0
2023-10-27 21:00:00,1.0,11.0,358.0,5.4,-0.4,10,automne,21h-24h,1,1.33,1,0
2023-10-28 00:00:00,1.0,19.0,357.0,7.8,0.9,10,automne,00h-03h,1,1.0,0,0
2023-10-28 03:00:00,3.0,19.0,353.0,7.0,1.7,10,automne,03h-06h,1,1.0,0,0
2023-10-28 06:00:00,3.33,19.0,394.0,16.7,-2.5,10,automne,06h-09h,1,3.0,1,0
2023-10-28 09:00:00,4.0,19.0,457.0,8.1,-6.5,10,automne,09h-12h,1,3.33,1,0
2023-10-28 12:00:00,4.33,19.0,463.0,7.5,1.9,10,automne,12h-15h,1,4.0,0,0
2023-10-28 15:00:00,3.33,19.0,456.0,9.0,-0.9,10,automne,15h-18h,1,4.33,1,0
2023-10-28 18:00:00,3.0,19.0,510.0,7.5,-0.8,10,automne,18h-21h,1,3.33,1,0
2023-10-28 21:00:00,3.67,19.0,505.0,7.7,-1.8,10,automne,21h-24h,1,3.0,1,0
2023-10-29 00:00:00,4.67,28.0,558.0,5.9,-3.1,10,automne,00h-03h,1,3.67,1,0
2023-10-29 03:00:00,3.67,28.0,575.0,4.6,-4.2,10,automne,03h-06h,1,4.67,1,0
2023-10-29 06:00:00,4.67,28.0,587.0,4.2,2.4,10,automne,06h-09h,1,3.67,0,0
2023-10-29 09:00:00,3.67,28.0,618.0,4.0,-3.1,10,automne,09h-12h,1,4.67,1,0
2023-10-29 12:00:00,4.0,28.0,600.0,3.7,0.3,10,automne,12h-15h,1,3.67,0,0
2023-10-29 15:00:00,4.0,28.0,576.0,2.6,0.3,10,automne,15h-18h,1,4.0,0,0
2023-10-29 18:00:00,3.33,28.0,578.0,2.4,-1.9,10,automne,18h-21h,1,4.0,1,0
2023-10-29 21:00:00,4.0,28.0,593.0,2.8,-1.9,10,automne,21h-24h,1,3.33,1,0
2023-10-30 00:00:00,4.0,12.0,574.0,2.6,-0.5,10,automne,00h-03h,1,4.0,1,0
2023-10-30 03:00:00,2.0,12.0,573.0,2.4,3.4,10,automne,03h-06h,1,4.0,0,0
2023-10-30 06:00:00,1.33,12.0,543.0,2.1,1.1,10,automne,06h-09h,1,2.0,0,0
2023-10-30 09:00:00,3.33,12.0,526.0,2.0,0.7,10,automne,09h-12h,1,1.33,0,0
2023-10-30 12:00:00,3.33,12.0,548.0,2.4,-4.6,10,automne,12h-15h,1,3.33,1,0
2023-10-30 15:00:00,1.67,12.0,548.0,2.6,3.5,10,automne,15h-18h,1,3.33,0,0
2023-10-30 18:00:00,2.33,12.0,539.0,3.1,-0.2,10,automne,18h-21h,1,1.67,1,0
2023-10-30 21:00:00,2.33,12.0,532.0,3.3,0.4,10,automne,21h-24h,1,2.33,0,0
2023-10-31 00:00:00,2.67,9.0,519.0,3.5,1.4,10,automne,00h-03h,1,2.33,0,0
2023-10-31 03:00:00,2.33,9.0,499.0,3.2,-1.3,10,automne,03h-06h,1,2.67,1,0
2023-10-31 06:00:00,2.0,9.0,491.0,3.0,0.2,10,automne,06h-09h,1,2.33,0,0
2023-10-31 09:00:00,2.67,9.0,496.0,3.1,-3.7,10,automne,09h-12h,1,2.0,1,0
2023-10-31 12:00:00,2.67,9.0,481.0,2.6,0.2,10,automne,12h-15h,1,2.67,0,0
2023-10-31 15:00:00,1.33,9.0,482.0,2.7,1.5,10,automne,15h-18h,1,2.67,0,0
2023-10-31 18:00:00,1.67,9.0,479.0,2.3,0.0,10,automne,18h-21h,1,1.33,0,0
2023-10-31 21:00:00,2.0,9.0,472.0,2.1,-0.6,10,automne,21h-24h,1,1.67,1,0
2023-11-01 00:00:00,2.33,9.0,466.0,2.2,-2.0,11,automne,00h-03h,1,2.0,1,0
2023-11-01 03:00:00,2.67,9.0,460.0,2.2,-0.5,11,automne,03h-06h,1,2.33,1,0
2023-11-01 06:00:00,2.33,9.0,465.0,2.2,-3.0,11,automne,06h-09h,1,2.67,1,0
2023-11-01 09:00:00,2.67,9.0,429.0,1.9,0.7,11,automne,09h-12h,1,2.33,0,0
2023-11-01 12:00:00,2.33,9.0,430.0,2.3,0.4,11,automne,12h-15h,1,2.67,0,0
2023-11-01 15:00:00,2.0,9.0,454.0,2.5,1.1,11,automne,15h-18h,1,2.33,0,0
2023-11-01 18:00:00,1.33,9.0,454.0,2.6,-0.1,11,automne,18h-21h,1,2.0,1,0
2023-11-01 21:00:00,1.67,9.0,447.0,2.9,0.2,11,automne,21h-24h,1,1.33,0,0
2023-11-02 00:00:00,2.67,7.0,447.0,2.9,0.7,11,automne,00h-03h,1,1.67,0,0
2023-11-02 03:00:00,2.67,7.0,430.0,2.8,-1.1,11,automne,03h-06h,1,2.67,1,0
2023-11-02 06:00:00,2.0,7.0,422.0,3.0,-0.7,11,automne,06h-09h,1,2.67,1,0
2023-11-02 09:00:00,1.67,7.0,413.0,2.9,-0.2,11,automne,09h-12h,1,2.0,1,0
2023-11-02 12:00:00,1.33,7.0,411.0,2.9,-0.7,11,automne,12h-15h,1,1.67,1,0
2023-11-02 15:00:00,1.33,7.0,397.0,2.7,-1.8,11,automne,15h-18h,1,1.33,1,0
2023-11-02 18:00:00,1.33,7.0,393.0,2.9,-2.1,11,automne,18h-21h,1,1.33,1,0
2023-11-02 21:00:00,1.33,7.0,377.0,2.6,-1.6,11,automne,21h-24h,1,1.33,1,0
2023-11-03 00:00:00,1.0,4.0,366.0,2.6,1.0,11,automne,00h-03h,1,1.33,0,0
2023-11-03 03:00:00,1.0,4.0,357.0,2.4,-0.1,11,automne,03h-06h,1,1.0,1,0
2023-11-03 06:00:00,1.67,4.0,350.0,2.8,0.8,11,automne,06h-09h,1,1.0,0,0
2023-11-03 09:00:00,1.33,4.0,344.0,3.0,-1.2,11,automne,09h-12h,1,1.67,1,0
2023-11-03 12:00:00,1.0,4.0,341.0,3.5,-0.8,11,automne,12h-15h,1,1.33,1,0
2023-11-03 15:00:00,0.33,4.0,333.0,3.6,1.0,11,automne,15h-18h,1,1.0,0,0
2023-11-03 18:00:00,0.67,4.0,335.0,4.2,-1.4,11,automne,18h-21h,1,0.33,1,0
2023-11-03 21:00:00,0.67,4.0,327.0,3.6,-1.6,11,automne,21h-24h,1,0.67,1,0
2023-11-04 00:00:00,1.0,14.0,332.0,4.0,-1.2,11,automne,00h-03h,1,0.67,1,0
2023-11-04 03:00:00,1.0,14.0,320.0,3.7,-1.7,11,automne,03h-06h,1,1.0,1,0
2023-11-04 06:00:00,2.0,14.0,320.0,5.0,-2.0,11,automne,06h-09h,1,1.0,1,0
2023-11-04 09:00:00,1.0,14.0,336.0,7.8,-0.8,11,automne,09h-12h,1,2.0,1,0
2023-11-04 12:00:00,1.67,14.0,304.0,6.7,-0.7,11,automne,12h-15h,1,1.0,1,0
2023-11-04 15:00:00,3.0,14.0,314.0,27.1,-2.7,11,automne,15h-18h,1,1.67,1,0
2023-11-04 18:00:00,4.67,14.0,343.0,48.2,-8.3,11,automne,18h-21h,1,3.0,1,0
2023-11-04 21:00:00,4.33,14.0,332.0,48.5,-7.0,11,automne,21h-24h,1,4.67,1,0
2023-11-05 00:00:00,3.0,57.0,321.0,12.9,5.0,11,automne,00h-03h,1,4.33,0,0
2023-11-05 03:00:00,2.33,57.0,328.0,12.6,8.8,11,automne,03h-06h,1,3.0,0,0
2023-11-05 06:00:00,1.33,57.0,317.0,16.6,6.9,11,automne,06h-09h,1,2.33,0,0
2023-11-05 09:00:00,6.0,57.0,359.0,19.2,-5.5,11,automne,09h-12h,1,1.33,1,1
2023-11-05 12:00:00,6.0,57.0,412.0,26.0,25.5,11,automne,12h-15h,1,6.0,0,1
2023-11-05 15:00:00,7.0,57.0,475.0,41.8,-18.8,11,automne,15h-18h,1,6.0,1,1
2023-11-05 18:00:00,6.33,57.0,453.0,23.6,-14.5,11,automne,18h-21h,1,7.0,1,1
2023-11-05 21:00:00,4.67,57.0,479.0,21.1,-2.4,11,automne,21h-24h,1,6.33,1,0
2023-11-06 00:00:00,4.33,40.0,456.0,6.4,9.2,11,automne,00h-03h,1,4.67,0,0
2023-11-06 03:00:00,5.67,40.0,443.0,7.0,-6.0,11,automne,03h-06h,1,4.33,1,1
2023-11-06 06:00:00,4.67,40.0,537.0,7.2,0.0,11,automne,06h-09h,1,5.67,0,0
2023-11-06 09:00:00,4.33,40.0,501.0,8.8,-0.3,11,automne,09h-12h,1,4.67,1,0
2023-11-06 12:00:00,2.67,40.0,440.0,2.1,0.2,11,automne,12h-15h,1,4.33,0,0
2023-11-06 15:00:00,4.67,40.0,589.0,4.3,4.2,11,automne,15h-18h,1,2.67,0,0
2023-11-06 18:00:00,5.33,40.0,711.0,3.2,-2.6,11,automne,18h-21h,1,4.67,1,1
2023-11-06 21:00:00,4.67,40.0,724.0,3.3,3.6,11,automne,21h-24h,1,5.33,0,0
2023-11-07 00:00:00,4.67,18.0,732.0,2.4,-2.6,11,automne,00h-03h,1,4.67,1,0
2023-11-07 03:00:00,4.33,18.0,674.0,1.9,-1.1,11,automne,03h-06h,1,4.67,1,0
2023-11-07 06:00:00,2.33,18.0,700.0,1.8,1.6,11,automne,06h-09h,1,4.33,0,0
2023-11-07 09:00:00,2.33,18.0,694.0,1.4,0.3,11,automne,09h-12h,1,2.33,0,0
2023-11-07 12:00:00,2.67,18.0,697.0,1.7,-0.2,11,automne,12h-15h,1,2.33,1,0
2023-11-07 15:00:00,3.33,18.0,685.0,2.1,0.6,11,automne,15h-18h,1,2.67,0,0
2023-11-07 18:00:00,3.0,18.0,691.0,3.2,3.4,11,automne,18h-21h,1,3.33,0,0
2023-11-07 21:00:00,2.67,18.0,667.0,3.8,4.9,11,automne,21h-24h,1,3.0,0,0
2023-11-08 00:00:00,2.67,16.0,683.0,4.9,3.4,11,automne,00h-03h,1,2.67,0,0
2023-11-08 03:00:00,4.0,16.0,691.0,4.9,-0.3,11,automne,03h-06h,1,2.67,1,0
2023-11-08 06:00:00,3.0,16.0,666.0,2.6,2.6,11,automne,06h-09h,1,4.0,0,0
2023-11-08 09:00:00,3.33,16.0,702.0,3.0,1.1,11,automne,09h-12h,1,3.0,0,0
2023-11-08 12:00:00,1.33,16.0,735.0,2.4,4.7,11,automne,12h-15h,1,3.33,0,0
2023-11-08 15:00:00,2.33,16.0,723.0,2.1,-1.0,11,automne,15h-18h,1,1.33,1,0
2023-11-08 18:00:00,4.0,16.0,9999.0,,,11,automne,18h-21h,1,2.33,0,0
2023-11-08 21:00:00,3.33,16.0,9999.0,,,11,automne,21h-24h,1,4.0,0,0
2023-11-09 00:00:00,2.67,12.0,703.0,1.8,-0.3,11,automne,00h-03h,1,3.33,1,0
2023-11-09 03:00:00,2.33,12.0,670.0,1.6,1.9,11,automne,03h-06h,1,2.67,0,0
2023-11-09 06:00:00,3.33,12.0,703.0,1.9,0.7,11,automne,06h-09h,1,2.33,0,0
2023-11-09 09:00:00,2.67,12.0,667.0,1.8,0.7,11,automne,09h-12h,1,3.33,0,0
2023-11-09 12:00:00,2.0,12.0,694.0,2.3,2.4,11,automne,12h-15h,1,2.67,0,0
2023-11-09 15:00:00,2.0,12.0,680.0,2.5,1.4,11,automne,15h-18h,1,2.0,0,0
2023-11-09 18:00:00,2.67,12.0,667.0,2.2,0.3,11,automne,18h-21h,1,2.0,0,0
2023-11-09 21:00:00,3.0,12.0,672.0,2.6,-0.4,11,automne,21h-24h,1,2.67,1,0
2023-11-10 00:00:00,2.33,10.0,677.0,2.3,1.1,11,automne,00h-03h,1,3.0,0,0
2023-11-10 03:00:00,3.67,10.0,672.0,1.8,-1.2,11,automne,03h-06h,1,2.33,1,0
2023-11-10 06:00:00,2.67,10.0,655.0,1.5,-0.9,11,automne,06h-09h,1,3.67,1,0
2023-11-10 09:00:00,2.0,10.0,586.0,1.2,-1.0,11,automne,09h-12h,1,2.67,1,0
2023-11-10 12:00:00,2.33,10.0,566.0,1.3,-1.6,11,automne,12h-15h,1,2.0,1,0
2023-11-10 15:00:00,1.67,10.0,576.0,1.4,1.8,11,automne,15h-18h,1,2.33,0,0
2023-11-10 18:00:00,1.0,10.0,588.0,1.6,0.5,11,automne,18h-21h,1,1.67,0,0
2023-11-10 21:00:00,2.0,10.0,580.0,1.6,-1.5,11,automne,21h-24h,1,1.0,1,0
2023-11-11 00:00:00,2.0,5.0,565.0,1.5,-1.1,11,automne,00h-03h,1,2.0,1,0
2023-11-11 03:00:00,1.33,5.0,557.0,1.4,0.3,11,automne,03h-06h,1,2.0,0,0
2023-11-11 06:00:00,1.67,5.0,536.0,1.2,-0.1,11,automne,06h-09h,1,1.33,1,0
2023-11-11 09:00:00,1.0,5.0,517.0,1.0,0.1,11,automne,09h-12h,1,1.67,0,0
2023-11-11 12:00:00,1.0,5.0,511.0,1.3,0.7,11,automne,12h-15h,1,1.0,0,0
2023-11-11 15:00:00,1.0,5.0,506.0,1.9,-0.1,11,automne,15h-18h,1,1.0,1,0
2023-11-11 18:00:00,1.0,5.0,490.0,2.3,1.0,11,automne,18h-21h,1,1.0,0,0
2023-11-11 21:00:00,0.67,5.0,486.0,3.1,0.7,11,automne,21h-24h,1,1.0,0,0
2023-11-12 00:00:00,0.67,10.0,453.0,3.3,0.6,11,automne,00h-03h,1,0.67,0,0
2023-11-12 03:00:00,1.33,10.0,447.0,2.8,-0.4,11,automne,03h-06h,1,0.67,1,0
2023-11-12 06:00:00,4.0,10.0,510.0,6.2,-0.9,11,automne,06h-09h,1,1.33,1,0
2023-11-12 09:00:00,2.67,10.0,566.0,9.8,-2.8,11,automne,09h-12h,1,4.0,1,0
2023-11-12 12:00:00,2.33,10.0,537.0,11.1,3.2,11,automne,12h-15h,1,2.67,0,0
2023-11-12 15:00:00,1.67,10.0,536.0,7.3,6.7,11,automne,15h-18h,1,2.33,0,0
2023-11-12 18:00:00,1.33,10.0,502.0,7.5,7.3,11,automne,18h-21h,1,1.67,0,0
2023-11-12 21:00:00,3.0,10.0,478.0,14.9,6.2,11,automne,21h-24h,1,1.33,0,0
2023-11-13 00:00:00,5.0,16.0,450.0,18.9,-6.9,11,automne,00h-03h,1,3.0,1,1
2023-11-13 03:00:00,3.67,16.0,428.0,23.2,-1.8,11,automne,03h-06h,1,5.0,1,0
2023-11-13 06:00:00,1.67,16.0,428.0,17.8,4.0,11,automne,06h-09h,1,3.67,0,0
2023-11-13 09:00:00,1.67,16.0,413.0,17.1,5.2,11,automne,09h-12h,1,1.67,0,0
2023-11-13 12:00:00,3.0,16.0,406.0,30.1,0.6,11,automne,12h-15h,1,1.67,0,0
2023-11-13 15:00:00,3.0,16.0,401.0,10.1,-0.6,11,automne,15h-18h,1,3.0,1,0
2023-11-13 18:00:00,2.0,16.0,441.0,4.7,12.6,11,automne,18h-21h,1,3.0,0,0
2023-11-13 21:00:00,1.33,16.0,434.0,3.1,12.4,11,automne,21h-24h,1,2.0,0,0
2023-11-14 00:00:00,2.33,6.0,413.0,4.0,11.7,11,automne,00h-03h,1,1.33,0,0
2023-11-14 03:00:00,1.0,6.0,422.0,4.1,9.9,11,automne,03h-06h,1,2.33,0,0
2023-11-14 06:00:00,0.33,6.0,407.0,2.7,8.3,11,automne,06h-09h,1,1.0,0,0
2023-11-14 09:00:00,1.0,6.0,441.0,4.0,7.9,11,automne,09h-12h,1,0.33,0,0
2023-11-14 12:00:00,1.33,6.0,374.0,4.1,2.2,11,automne,12h-15h,1,1.0,0,0
2023-11-14 15:00:00,3.0,6.0,358.0,7.2,-2.1,11,automne,15h-18h,1,1.33,1,0
2023-11-14 18:00:00,2.33,6.0,358.0,7.3,-0.4,11,automne,18h-21h,1,3.0,1,0
2023-11-14 21:00:00,0.67,6.0,355.0,5.5,1.0,11,automne,21h-24h,1,2.33,0,0
2023-11-15 00:00:00,2.33,12.0,372.0,4.4,-0.3,11,automne,00h-03h,1,0.67,1,0
2023-11-15 03:00:00,1.67,12.0,357.0,9.1,-2.3,11,automne,03h-06h,1,2.33,1,0
2023-11-15 06:00:00,2.33,12.0,375.0,4.1,-0.6,11,automne,06h-09h,1,1.67,1,0
2023-11-15 09:00:00,2.0,12.0,396.0,5.5,-0.2,11,automne,09h-12h,1,2.33,1,0
2023-11-15 12:00:00,3.33,12.0,380.0,6.6,-4.6,11,automne,12h-15h,1,2.0,1,0
2023-11-15 15:00:00,3.33,12.0,383.0,5.9,-2.3,11,automne,15h-18h,1,3.33,1,0
2023-11-15 18:00:00,3.33,12.0,394.0,6.1,-3.0,11,automne,18h-21h,1,3.33,1,0
2023-11-15 21:00:00,2.67,12.0,388.0,5.4,-0.7,11,automne,21h-24h,1,3.33,1,0
2023-11-16 00:00:00,1.67,8.0,388.0,4.2,-0.3,11,automne,00h-03h,1,2.67,1,0
2023-11-16 03:00:00,1.0,8.0,399.0,3.9,-1.4,11,automne,03h-06h,1,1.67,1,0
2023-11-16 06:00:00,2.67,8.0,390.0,3.5,-3.0,11,automne,06h-09h,1,1.0,1,0
2023-11-16 09:00:00,2.0,8.0,408.0,4.1,-2.3,11,automne,09h-12h,1,2.67,1,0
2023-11-16 12:00:00,2.33,8.0,405.0,3.6,-3.6,11,automne,12h-15h,1,2.0,1,0
2023-11-16 15:00:00,2.33,8.0,413.0,3.3,-0.7,11,automne,15h-18h,1,2.33,1,0
2023-11-16 18:00:00,1.33,8.0,415.0,3.6,-3.1,11,automne,18h-21h,1,2.33,1,0
2023-11-16 21:00:00,2.33,8.0,406.0,3.3,-0.8,11,automne,21h-24h,1,1.33,1,0
2023-11-17 00:00:00,0.67,3.0,379.0,3.5,0.7,11,automne,00h-03h,1,2.33,0,0
2023-11-17 03:00:00,0.33,3.0,379.0,4.2,-0.5,11,automne,03h-06h,1,0.67,1,0
2023-11-17 06:00:00,0.33,3.0,369.0,4.6,0.7,11,automne,06h-09h,1,0.33,0,0
2023-11-17 09:00:00,0.67,3.0,331.0,4.3,-2.3,11,automne,09h-12h,1,0.33,1,0
2023-11-17 12:00:00,0.67,3.0,322.0,4.2,-0.6,11,automne,12h-15h,1,0.67,1,0
2023-11-17 15:00:00,1.67,3.0,315.0,4.2,-1.9,11,automne,15h-18h,1,0.67,1,0
2023-11-17 18:00:00,1.33,3.0,309.0,4.0,1.2,11,automne,18h-21h,1,1.67,0,0
2023-11-17 21:00:00,0.33,3.0,299.0,3.7,0.4,11,automne,21h-24h,1,1.33,0,0
2023-11-18 00:00:00,0.33,3.0,299.0,4.0,0.8,11,automne,00h-03h,1,0.33,0,0
2023-11-18 03:00:00,1.0,3.0,313.0,7.6,-0.2,11,automne,03h-06h,1,0.33,1,0
2023-11-18 06:00:00,0.67,3.0,316.0,12.7,0.4,11,automne,06h-09h,1,1.0,0,0
2023-11-18 09:00:00,1.0,3.0,307.0,9.3,1.8,11,automne,09h-12h,1,0.67,0,0
2023-11-18 12:00:00,0.67,3.0,307.0,9.2,1.2,11,automne,12h-15h,1,1.0,0,0
2023-11-18 15:00:00,0.33,3.0,302.0,9.4,1.5,11,automne,15h-18h,1,0.67,0,0
2023-11-18 18:00:00,1.0,3.0,309.0,9.9,0.8,11,automne,18h-21h,1,0.33,0,0
2023-11-18 21:00:00,1.33,3.0,302.0,9.5,-2.4,11,automne,21h-24h,1,1.0,1,0
2023-11-19 00:00:00,0.67,4.0,300.0,7.9,0.6,11,automne,00h-03h,1,1.33,0,0
2023-11-19 03:00:00,0.33,4.0,309.0,7.3,2.9,11,automne,03h-06h,1,0.67,0,0
2023-11-19 06:00:00,1.67,4.0,330.0,8.3,1.7,11,automne,06h-09h,1,0.33,0,0
2023-11-19 09:00:00,1.67,4.0,325.0,8.0,1.6,11,automne,09h-12h,1,1.67,0,0
2023-11-19 12:00:00,0.67,4.0,345.0,7.5,1.0,11,automne,12h-15h,1,1.67,0,0
2023-11-19 15:00:00,0.67,4.0,347.0,7.4,1.0,11,automne,15h-18h,1,0.67,0,0
2023-11-19 18:00:00,1.33,4.0,332.0,8.8,-1.4,11,automne,18h-21h,1,0.67,1,0
2023-11-19 21:00:00,1.0,4.0,326.0,8.3,1.2,11,automne,21h-24h,1,1.33,0,0
2023-11-20 00:00:00,1.0,5.0,328.0,10.9,3.0,11,automne,00h-03h,1,1.0,0,0
2023-11-20 03:00:00,1.0,5.0,322.0,11.0,0.6,11,automne,03h-06h,1,1.0,0,0
2023-11-20 06:00:00,2.0,5.0,319.0,12.8,0.1,11,automne,06h-09h,1,1.0,0,0
2023-11-20 09:00:00,2.0,5.0,312.0,16.8,0.1,11,automne,09h-12h,1,2.0,0,0
2023-11-20 12:00:00,1.67,5.0,318.0,28.8,0.1,11,automne,12h-15h,1,2.0,0,0
2023-11-20 15:00:00,1.33,5.0,301.0,29.1,2.9,11,automne,15h-18h,1,1.67,0,0
2023-11-20 18:00:00,1.33,5.0,300.0,26.1,3.2,11,automne,18h-21h,1,1.33,0,0
2023-11-20 21:00:00,1.0,5.0,300.0,12.6,0.7,11,automne,21h-24h,1,1.33,0,0
2023-11-21 00:00:00,1.33,18.0,298.0,30.8,4.3,11,automne,00h-03h,1,1.0,0,0
2023-11-21 03:00:00,2.33,18.0,309.0,25.8,3.7,11,automne,03h-06h,1,1.33,0,0
2023-11-21 06:00:00,4.33,18.0,328.0,9.6,-2.1,11,automne,06h-09h,1,2.33,1,0
2023-11-21 09:00:00,3.33,18.0,352.0,12.8,7.0,11,automne,09h-12h,1,4.33,0,0
2023-11-21 12:00:00,3.67,18.0,367.0,21.1,-4.3,11,automne,12h-15h,1,3.33,1,0
2023-11-21 15:00:00,3.67,18.0,365.0,18.3,-1.8,11,automne,15h-18h,1,3.67,1,0
2023-11-21 18:00:00,3.0,18.0,359.0,12.6,5.8,11,automne,18h-21h,1,3.67,0,0
2023-11-21 21:00:00,3.67,18.0,384.0,17.5,-8.1,11,automne,21h-24h,1,3.0,1,0
2023-11-22 00:00:00,4.0,30.0,437.0,15.8,2.8,11,automne,00h-03h,1,3.67,0,0
2023-11-22 03:00:00,5.0,30.0,524.0,8.4,-4.6,11,automne,03h-06h,1,4.0,1,1
2023-11-22 06:00:00,5.0,30.0,578.0,5.8,-2.5,11,automne,06h-09h,1,5.0,1,1
2023-11-22 09:00:00,4.33,30.0,536.0,4.7,-5.3,11,automne,09h-12h,1,5.0,1,0
2023-11-22 12:00:00,3.33,30.0,537.0,4.0,-2.0,11,automne,12h-15h,1,4.33,1,0
2023-11-22 15:00:00,4.0,30.0,484.0,5.0,2.5,11,automne,15h-18h,1,3.33,0,0
2023-11-22 18:00:00,4.0,30.0,490.0,4.8,-5.2,11,automne,18h-21h,1,4.0,1,0
2023-11-22 21:00:00,2.67,30.0,497.0,3.5,-0.5,11,automne,21h-24h,1,4.0,1,0
2023-11-23 00:00:00,2.67,7.0,529.0,2.8,-0.7,11,automne,00h-03h,1,2.67,1,0
2023-11-23 03:00:00,2.33,7.0,496.0,2.8,-1.1,11,automne,03h-06h,1,2.67,1,0
2023-11-23 06:00:00,2.67,7.0,480.0,2.3,-1.1,11,automne,06h-09h,1,2.33,1,0
2023-11-23 09:00:00,1.33,7.0,487.0,2.3,-0.7,11,automne,09h-12h,1,2.67,1,0
2023-11-23 12:00:00,1.67,7.0,460.0,2.1,-1.5,11,automne,12h-15h,1,1.33,1,0
2023-11-23 15:00:00,0.67,7.0,409.0,2.4,-2.1,11,automne,15h-18h,1,1.67,1,0
2023-11-23 18:00:00,0.67,7.0,376.0,2.5,-0.2,11,automne,18h-21h,1,0.67,1,0
2023-11-23 21:00:00,0.67,7.0,373.0,2.8,1.9,11,automne,21h-24h,1,0.67,0,0
2023-11-24 00:00:00,1.67,7.0,389.0,3.9,-2.9,11,automne,00h-03h,1,0.67,1,0
2023-11-24 03:00:00,1.67,7.0,379.0,4.5,-3.3,11,automne,03h-06h,1,1.67,1,0
2023-11-24 06:00:00,1.33,7.0,367.0,3.9,2.0,11,automne,06h-09h,1,1.67,0,0
2023-11-24 09:00:00,1.33,7.0,354.0,4.3,-2.4,11,automne,09h-12h,1,1.33,1,0
2023-11-24 12:00:00,2.0,7.0,358.0,6.5,-3.6,11,automne,12h-15h,1,1.33,1,0
2023-11-24 15:00:00,1.67,7.0,339.0,6.7,-2.3,11,automne,15h-18h,1,2.0,1,0
2023-11-24 18:00:00,2.33,7.0,353.0,8.3,-3.6,11,automne,18h-21h,1,1.67,1,0
2023-11-24 21:00:00,2.67,7.0,388.0,7.6,-0.8,11,automne,21h-24h,1,2.33,1,0
2023-11-25 00:00:00,3.0,38.0,452.0,7.7,3.0,11,automne,00h-03h,1,2.67,0,0
2023-11-25 03:00:00,3.0,38.0,466.0,6.6,-2.4,11,automne,03h-06h,1,3.0,1,0
2023-11-25 06:00:00,4.67,38.0,469.0,9.0,-2.0,11,automne,06h-09h,1,3.0,1,0
2023-11-25 09:00:00,4.67,38.0,547.0,18.3,-6.2,11,automne,09h-12h,1,4.67,1,0
2023-11-25 12:00:00,5.0,38.0,557.0,13.9,-4.1,11,automne,12h-15h,1,4.67,1,1
2023-11-25 15:00:00,4.67,38.0,548.0,10.5,-5.3,11,automne,15h-18h,1,5.0,1,0
2023-11-25 18:00:00,6.0,38.0,553.0,8.9,-6.0,11,automne,18h-21h,1,4.67,1,1
2023-11-25 21:00:00,4.0,38.0,578.0,6.0,-4.2,11,automne,21h-24h,1,6.0,1,0
2023-11-28 00:00:00,2.0,7.0,452.0,3.1,1.6,11,automne,00h-03h,1,4.0,0,0
2023-11-28 03:00:00,2.0,7.0,443.0,3.1,-1.2,11,automne,03h-06h,1,2.0,1,0
2023-11-28 06:00:00,2.0,7.0,452.0,3.3,2.0,11,automne,06h-09h,1,2.0,0,0
2023-11-28 09:00:00,2.0,7.0,452.0,3.5,-0.5,11,automne,09h-12h,1,2.0,1,0
2023-11-28 12:00:00,1.67,7.0,438.0,3.2,-0.3,11,automne,12h-15h,1,2.0,1,0
2023-11-28 15:00:00,2.0,7.0,454.0,3.4,-2.1,11,automne,15h-18h,1,1.67,1,0
2023-11-28 18:00:00,2.0,7.0,445.0,3.5,-1.2,11,automne,18h-21h,1,2.0,1,0
2023-11-28 21:00:00,1.67,7.0,426.0,3.4,2.4,11,automne,21h-24h,1,2.0,0,0
2023-11-29 00:00:00,1.0,5.0,416.0,3.5,2.1,11,automne,00h-03h,1,1.67,0,0
2023-11-29 03:00:00,2.0,5.0,418.0,3.6,-1.1,11,automne,03h-06h,1,1.0,1,0
2023-11-29 06:00:00,2.0,5.0,403.0,3.6,-2.0,11,automne,06h-09h,1,2.0,1,0
2023-11-29 09:00:00,1.33,5.0,421.0,3.7,-1.3,11,automne,09h-12h,1,2.0,1,0
2023-11-29 12:00:00,1.67,5.0,413.0,3.9,-1.2,11,automne,12h-15h,1,1.33,1,0
2023-11-29 15:00:00,1.0,5.0,393.0,3.9,0.8,11,automne,15h-18h,1,1.67,0,0
2023-11-29 18:00:00,2.0,5.0,385.0,3.6,0.2,11,automne,18h-21h,1,1.0,0,0
2023-11-29 21:00:00,0.67,5.0,384.0,3.7,0.8,11,automne,21h-24h,1,2.0,0,0
2023-11-30 00:00:00,1.67,5.0,358.0,3.1,-0.2,11,automne,00h-03h,1,0.67,1,0
2023-11-30 03:00:00,2.0,5.0,385.0,5.1,-1.6,11,automne,03h-06h,1,1.67,1,0
2023-11-30 06:00:00,1.33,5.0,374.0,5.0,-1.4,11,automne,06h-09h,1,2.0,1,0
2023-11-30 09:00:00,1.33,5.0,352.0,4.7,2.2,11,automne,09h-12h,1,1.33,0,0
2023-11-30 12:00:00,1.67,5.0,356.0,4.6,-2.9,11,automne,12h-15h,1,1.33,1,0
2023-11-30 15:00:00,1.0,5.0,344.0,4.2,1.7,11,automne,15h-18h,1,1.67,0,0
2023-11-30 18:00:00,1.33,5.0,326.0,4.1,0.9,11,automne,18h-21h,1,1.0,0,0
2023-11-30 21:00:00,0.33,5.0,322.0,3.7,1.6,11,automne,21h-24h,1,1.33,0,0
2023-12-01 00:00:00,4.33,56.0,377.0,8.0,-4.9,12,hiver,00h-03h,1,0.33,1,0
2023-12-01 03:00:00,4.0,56.0,442.0,19.7,-5.4,12,hiver,03h-06h,1,4.33,1,0
2023-12-01 06:00:00,4.0,56.0,426.0,15.3,-8.6,12,hiver,06h-09h,1,4.0,1,0
2023-12-01 09:00:00,7.0,56.0,453.0,8.7,1.4,12,hiver,09h-12h,1,4.0,0,1
2023-12-01 12:00:00,6.33,56.0,506.0,47.3,-12.4,12,hiver,12h-15h,1,7.0,1,1
2023-12-01 15:00:00,4.67,56.0,514.0,27.3,20.4,12,hiver,15h-18h,1,6.33,0,0
2023-12-01 18:00:00,5.0,56.0,491.0,29.4,2.9,12,hiver,18h-21h,1,4.67,0,1
2023-12-01 21:00:00,5.0,56.0,521.0,13.1,-8.5,12,hiver,21h-24h,1,5.0,1,1
2023-12-02 00:00:00,5.33,14.0,508.0,4.5,-11.5,12,hiver,00h-03h,1,5.0,1,1
2023-12-02 03:00:00,4.0,14.0,495.0,6.7,0.6,12,hiver,03h-06h,1,5.33,0,0
2023-12-02 06:00:00,2.0,14.0,479.0,3.7,7.9,12,hiver,06h-09h,1,4.0,0,0
2023-12-02 09:00:00,1.0,14.0,466.0,3.3,10.3,12,hiver,09h-12h,1,2.0,0,0
2023-12-02 12:00:00,1.0,14.0,454.0,2.3,10.6,12,hiver,12h-15h,1,1.0,0,0
2023-12-02 15:00:00,1.67,14.0,438.0,1.1,11.4,12,hiver,15h-18h,1,1.0,0,0
2023-12-02 18:00:00,1.33,14.0,430.0,0.8,11.0,12,hiver,18h-21h,1,1.67,0,0
2023-12-02 21:00:00,1.67,14.0,422.0,4.0,9.9,12,hiver,21h-24h,1,1.33,0,0
2023-12-03 00:00:00,2.67,11.0,408.0,5.5,9.0,12,hiver,00h-03h,1,1.67,0,0
2023-12-03 03:00:00,3.0,11.0,413.0,13.8,1.6,12,hiver,03h-06h,1,2.67,0,0
2023-12-03 06:00:00,3.0,11.0,402.0,4.1,-2.4,12,hiver,06h-09h,1,3.0,1,0
2023-12-03 09:00:00,1.67,11.0,400.0,5.3,4.3,12,hiver,09h-12h,1,3.0,0,0
2023-12-03 12:00:00,2.33,11.0,414.0,2.6,5.4,12,hiver,12h-15h,1,1.67,0,0
2023-12-03 15:00:00,3.33,11.0,405.0,6.4,1.6,12,hiver,15h-18h,1,2.33,0,0
2023-12-03 18:00:00,2.0,11.0,436.0,3.8,-0.8,12,hiver,18h-21h,1,3.33,1,0
2023-12-03 21:00:00,2.33,11.0,538.0,3.9,1.3,12,hiver,21h-24h,1,2.0,0,0
2023-12-04 00:00:00,2.33,9.0,520.0,3.8,-0.9,12,hiver,00h-03h,1,2.33,1,0
2023-12-04 03:00:00,2.33,9.0,518.0,4.3,-2.3,12,hiver,03h-06h,1,2.33,1,0
2023-12-04 06:00:00,3.0,9.0,515.0,5.9,4.1,12,hiver,06h-09h,1,2.33,0,0
2023-12-04 09:00:00,2.67,9.0,534.0,7.9,4.8,12,hiver,09h-12h,1,3.0,0,0
2023-12-04 12:00:00,2.33,9.0,579.0,4.5,4.7,12,hiver,12h-15h,1,2.67,0,0
2023-12-04 15:00:00,2.33,9.0,563.0,5.6,2.6,12,hiver,15h-18h,1,2.33,0,0
2023-12-04 18:00:00,2.0,9.0,546.0,6.2,2.6,12,hiver,18h-21h,1,2.33,0,0
2023-12-04 21:00:00,1.33,9.0,561.0,4.1,4.8,12,hiver,21h-24h,1,2.0,0,0
2023-12-05 00:00:00,3.33,15.0,544.0,5.4,3.0,12,hiver,00h-03h,1,1.33,0,0
2023-12-05 03:00:00,3.33,15.0,530.0,5.9,2.3,12,hiver,03h-06h,1,3.33,0,0
2023-12-05 06:00:00,2.67,15.0,577.0,5.2,3.3,12,hiver,06h-09h,1,3.33,0,0
2023-12-05 09:00:00,3.33,15.0,569.0,5.8,2.1,12,hiver,09h-12h,1,2.67,0,0
2023-12-05 12:00:00,3.0,15.0,629.0,3.3,1.6,12,hiver,12h-15h,1,3.33,0,0
2023-12-05 15:00:00,3.0,15.0,610.0,2.5,0.4,12,hiver,15h-18h,1,3.0,0,0
2023-12-05 18:00:00,2.33,15.0,642.0,3.0,-0.5,12,hiver,18h-21h,1,3.0,1,0
2023-12-05 21:00:00,3.0,15.0,612.0,2.5,0.8,12,hiver,21h-24h,1,2.33,0,0
2023-12-06 00:00:00,2.67,10.0,599.0,2.3,-0.1,12,hiver,00h-03h,1,3.0,1,0
2023-12-06 03:00:00,2.67,10.0,623.0,2.7,0.0,12,hiver,03h-06h,1,2.67,0,0
2023-12-06 06:00:00,2.67,10.0,625.0,3.1,-0.7,12,hiver,06h-09h,1,2.67,1,0
2023-12-06 09:00:00,2.33,10.0,618.0,2.8,-1.5,12,hiver,09h-12h,1,2.67,1,0
2023-12-06 12:00:00,2.67,10.0,618.0,2.5,-2.3,12,hiver,12h-15h,1,2.33,1,0
2023-12-06 15:00:00,2.67,10.0,592.0,2.4,-0.4,12,hiver,15h-18h,1,2.67,1,0
2023-12-06 18:00:00,2.0,10.0,570.0,2.0,0.9,12,hiver,18h-21h,1,2.67,0,0
2023-12-06 21:00:00,2.0,10.0,569.0,1.9,0.3,12,hiver,21h-24h,1,2.0,0,0
2023-12-07 00:00:00,1.33,5.0,542.0,2.3,1.6,12,hiver,00h-03h,1,2.0,0,0
2023-12-07 03:00:00,0.67,5.0,532.0,2.3,0.0,12,hiver,03h-06h,1,1.33,0,0
2023-12-07 06:00:00,1.33,5.0,536.0,2.6,-1.0,12,hiver,06h-09h,1,0.67,1,0
2023-12-07 09:00:00,1.0,5.0,510.0,2.9,2.5,12,hiver,09h-12h,1,1.33,0,0
2023-12-07 12:00:00,0.67,5.0,502.0,2.9,0.6,12,hiver,12h-15h,1,1.0,0,0
2023-12-07 15:00:00,0.67,5.0,488.0,2.7,0.6,12,hiver,15h-18h,1,0.67,0,0
2023-12-07 18:00:00,2.0,5.0,491.0,2.8,-0.9,12,hiver,18h-21h,1,0.67,1,0
2023-12-07 21:00:00,2.33,5.0,501.0,2.2,-1.8,12,hiver,21h-24h,1,2.0,1,0
2023-12-08 00:00:00,1.0,5.0,466.0,2.4,-0.2,12,hiver,00h-03h,1,2.33,1,0
2023-12-08 03:00:00,0.33,5.0,455.0,2.6,1.6,12,hiver,03h-06h,1,1.0,0,0
2023-12-08 06:00:00,1.33,5.0,446.0,2.6,-1.3,12,hiver,06h-09h,1,0.33,1,0
2023-12-08 09:00:00,1.33,5.0,436.0,2.6,1.7,12,hiver,09h-12h,1,1.33,0,0
2023-12-08 12:00:00,0.67,5.0,433.0,3.0,-0.5,12,hiver,12h-15h,1,1.33,1,0
2023-12-08 15:00:00,1.67,5.0,426.0,3.3,-2.0,12,hiver,15h-18h,1,0.67,1,0
2023-12-08 18:00:00,1.67,5.0,418.0,3.4,-1.2,12,hiver,18h-21h,1,1.67,1,0
2023-12-08 21:00:00,1.33,5.0,406.0,3.5,1.5,12,hiver,21h-24h,1,1.67,0,0
2023-12-09 00:00:00,0.33,3.0,392.0,3.7,1.1,12,hiver,00h-03h,1,1.33,0,0
2023-12-09 03:00:00,0.33,3.0,384.0,3.2,-0.3,12,hiver,03h-06h,1,0.33,1,0
2023-12-09 06:00:00,1.0,3.0,386.0,3.0,-1.9,12,hiver,06h-09h,1,0.33,1,0
2023-12-09 09:00:00,0.67,3.0,373.0,2.8,-0.6,12,hiver,09h-12h,1,1.0,1,0
2023-12-09 12:00:00,0.33,3.0,365.0,3.1,-1.0,12,hiver,12h-15h,1,0.67,1,0
2023-12-09 15:00:00,0.67,3.0,379.0,3.5,-1.1,12,hiver,15h-18h,1,0.33,1,0
2023-12-09 18:00:00,0.67,3.0,362.0,3.7,2.4,12,hiver,18h-21h,1,0.67,0,0
2023-12-09 21:00:00,0.33,3.0,364.0,3.8,2.1,12,hiver,21h-24h,1,0.67,0,0
2023-12-10 00:00:00,0.67,4.0,359.0,3.9,0.6,12,hiver,00h-03h,1,0.33,0,0
2023-12-10 03:00:00,1.33,4.0,346.0,4.2,-0.8,12,hiver,03h-06h,1,0.67,1,0
2023-12-10 06:00:00,1.0,4.0,350.0,4.2,-2.3,12,hiver,06h-09h,1,1.33,1,0
2023-12-10 09:00:00,0.33,4.0,348.0,4.2,0.8,12,hiver,09h-12h,1,1.0,0,0
2023-12-10 12:00:00,1.0,4.0,351.0,4.6,-1.1,12,hiver,12h-15h,1,0.33,1,0
2023-12-10 15:00:00,1.0,4.0,347.0,4.8,-1.1,12,hiver,15h-18h,1,1.0,1,0
2023-12-10 18:00:00,1.33,4.0,343.0,4.8,1.0,12,hiver,18h-21h,1,1.0,0,0
2023-12-10 21:00:00,1.0,4.0,344.0,4.4,-1.6,12,hiver,21h-24h,1,1.33,1,0
2023-12-11 00:00:00,0.67,3.0,327.0,3.8,0.7,12,hiver,00h-03h,1,1.0,0,0
2023-12-11 03:00:00,1.33,3.0,348.0,4.0,-2.0,12,hiver,03h-06h,1,0.67,1,0
2023-12-11 06:00:00,1.0,3.0,321.0,3.9,-1.5,12,hiver,06h-09h,1,1.33,1,0
2023-12-11 09:00:00,0.33,3.0,310.0,3.7,0.0,12,hiver,09h-12h,1,1.0,0,0
2023-12-11 12:00:00,0.67,3.0,316.0,3.9,-0.1,12,hiver,12h-15h,1,0.33,1,0
2023-12-11 15:00:00,0.67,3.0,347.0,8.2,-0.3,12,hiver,15h-18h,1,0.67,1,0
2023-12-11 18:00:00,0.33,3.0,332.0,9.3,0.9,12,hiver,18h-21h,1,0.67,0,0
2023-12-11 21:00:00,0.33,3.0,323.0,12.7,-0.6,12,hiver,21h-24h,1,0.33,1,0
2023-12-12 00:00:00,0.33,10.0,319.0,12.0,-0.7,12,hiver,00h-03h,1,0.33,1,0
2023-12-12 03:00:00,2.0,10.0,315.0,11.0,-2.0,12,hiver,03h-06h,1,0.33,1,0
2023-12-12 06:00:00,1.33,10.0,309.0,9.4,0.1,12,hiver,06h-09h,1,2.0,0,0
2023-12-12 09:00:00,1.0,10.0,331.0,11.4,-0.3,12,hiver,09h-12h,1,1.33,1,0
2023-12-12 12:00:00,4.0,10.0,346.0,13.0,-1.7,12,hiver,12h-15h,1,1.0,1,0
2023-12-12 15:00:00,3.67,10.0,374.0,12.3,-2.5,12,hiver,15h-18h,1,4.0,1,0
2023-12-12 18:00:00,2.33,10.0,369.0,12.4,0.7,12,hiver,18h-21h,1,3.67,0,0
2023-12-12 21:00:00,1.33,10.0,378.0,12.5,5.2,12,hiver,21h-24h,1,2.33,0,0
2023-12-13 00:00:00,0.67,8.0,373.0,12.9,3.7,12,hiver,00h-03h,1,1.33,0,0
2023-12-13 03:00:00,2.0,8.0,371.0,12.4,-2.1,12,hiver,03h-06h,1,0.67,1,0
2023-12-13 06:00:00,1.67,8.0,360.0,10.7,-2.4,12,hiver,06h-09h,1,2.0,1,0
2023-12-13 09:00:00,1.67,8.0,353.0,9.0,-2.5,12,hiver,09h-12h,1,1.67,1,0
2023-12-13 12:00:00,2.0,8.0,348.0,8.7,-1.9,12,hiver,12h-15h,1,1.67,1,0
2023-12-13 15:00:00,2.67,8.0,331.0,7.1,-1.6,12,hiver,15h-18h,1,2.0,1,0
2023-12-13 18:00:00,2.33,8.0,324.0,6.0,-4.3,12,hiver,18h-21h,1,2.67,1,0
2023-12-13 21:00:00,3.0,8.0,330.0,4.8,-2.5,12,hiver,21h-24h,1,2.33,1,0
2023-12-14 00:00:00,4.0,16.0,376.0,7.8,-8.1,12,hiver,00h-03h,1,3.0,1,0
2023-12-14 03:00:00,4.0,16.0,374.0,9.2,-9.3,12,hiver,03h-06h,1,4.0,1,0
2023-12-14 06:00:00,3.33,16.0,352.0,8.4,-8.6,12,hiver,06h-09h,1,4.0,1,0
2023-12-14 09:00:00,3.67,16.0,335.0,6.6,-6.6,12,hiver,09h-12h,1,3.33,1,0
2023-12-14 12:00:00,2.67,16.0,320.0,7.7,-1.4,12,hiver,12h-15h,1,3.67,1,0
2023-12-14 15:00:00,2.0,16.0,301.0,6.0,-3.2,12,hiver,15h-18h,1,2.67,1,0
2023-12-14 18:00:00,1.33,16.0,300.0,5.5,-5.0,12,hiver,18h-21h,1,2.0,1,0
2023-12-14 21:00:00,2.33,16.0,303.0,5.3,-3.1,12,hiver,21h-24h,1,1.33,1,0
2023-12-15 00:00:00,2.0,12.0,290.0,6.3,-0.4,12,hiver,00h-03h,1,2.33,1,0
2023-12-15 03:00:00,1.33,12.0,290.0,5.6,-0.2,12,hiver,03h-06h,1,2.0,1,0
2023-12-15 06:00:00,1.33,12.0,281.0,5.1,-2.2,12,hiver,06h-09h,1,1.33,1,0
2023-12-15 09:00:00,2.67,12.0,276.0,5.0,0.6,12,hiver,09h-12h,1,1.33,0,0
2023-12-15 12:00:00,3.33,12.0,359.0,14.5,-4.1,12,hiver,12h-15h,1,2.67,1,0
2023-12-15 15:00:00,3.0,12.0,404.0,32.2,8.8,12,hiver,15h-18h,1,3.33,0,0
2023-12-15 18:00:00,3.33,12.0,470.0,11.1,1.2,12,hiver,18h-21h,1,3.0,0,0
2023-12-15 21:00:00,3.33,12.0,394.0,6.1,1.9,12,hiver,21h-24h,1,3.33,0,0
2023-12-16 00:00:00,3.33,14.0,503.0,4.6,-3.6,12,hiver,00h-03h,1,3.33,1,0
2023-12-16 03:00:00,4.0,14.0,494.0,4.6,-2.6,12,hiver,03h-06h,1,3.33,1,0
2023-12-16 06:00:00,3.0,14.0,501.0,7.2,1.0,12,hiver,06h-09h,1,4.0,0,0
2023-12-16 09:00:00,1.67,14.0,491.0,4.1,-0.8,12,hiver,09h-12h,1,3.0,1,0
2023-12-16 12:00:00,2.33,14.0,489.0,11.0,4.9,12,hiver,12h-15h,1,1.67,0,0
2023-12-16 15:00:00,1.0,14.0,469.0,11.0,4.7,12,hiver,15h-18h,1,2.33,0,0
2023-12-16 18:00:00,3.0,14.0,437.0,12.6,-0.5,12,hiver,18h-21h,1,1.0,1,0
2023-12-16 21:00:00,3.0,14.0,424.0,7.6,-3.1,12,hiver,21h-24h,1,3.0,1,0
2023-12-17 00:00:00,3.67,36.0,412.0,3.5,-4.4,12,hiver,00h-03h,1,3.0,1,0
2023-12-17 03:00:00,4.33,36.0,431.0,4.5,-5.0,12,hiver,03h-06h,1,3.67,1,0
2023-12-17 06:00:00,4.33,36.0,449.0,9.6,-6.4,12,hiver,06h-09h,1,4.33,1,0
2023-12-17 09:00:00,4.67,36.0,524.0,16.4,1.2,12,hiver,09h-12h,1,4.33,0,0
2023-12-17 12:00:00,5.33,36.0,528.0,18.4,-5.0,12,hiver,12h-15h,1,4.67,1,1
2023-12-17 15:00:00,5.33,36.0,527.0,13.5,-10.3,12,hiver,15h-18h,1,5.33,1,1
2023-12-17 18:00:00,3.33,36.0,472.0,17.7,-2.5,12,hiver,18h-21h,1,5.33,1,0
2023-12-17 21:00:00,4.33,36.0,480.0,16.9,8.3,12,hiver,21h-24h,1,3.33,0,0
2023-12-18 00:00:00,2.67,28.0,483.0,7.9,7.9,12,hiver,00h-03h,1,4.33,0,0
2023-12-18 03:00:00,3.33,28.0,489.0,9.3,7.4,12,hiver,03h-06h,1,2.67,0,0
2023-12-18 06:00:00,6.0,28.0,478.0,13.9,-10.2,12,hiver,06h-09h,1,3.33,1,1
2023-12-18 09:00:00,4.0,28.0,457.0,11.2,0.0,12,hiver,09h-12h,1,6.0,0,0
2023-12-18 12:00:00,3.33,28.0,460.0,5.6,-0.3,12,hiver,12h-15h,1,4.0,1,0
2023-12-18 15:00:00,3.0,28.0,475.0,5.5,5.1,12,hiver,15h-18h,1,3.33,0,0
2023-12-18 18:00:00,2.67,28.0,473.0,8.2,-0.7,12,hiver,18h-21h,1,3.0,1,0
2023-12-18 21:00:00,4.67,28.0,557.0,6.9,-0.9,12,hiver,21h-24h,1,2.67,1,0
2023-12-19 00:00:00,3.67,12.0,632.0,5.2,-1.5,12,hiver,00h-03h,1,4.67,1,0
2023-12-19 03:00:00,3.67,12.0,714.0,3.3,0.7,12,hiver,03h-06h,1,3.67,0,0
2023-12-19 06:00:00,2.67,12.0,649.0,2.2,4.9,12,hiver,06h-09h,1,3.67,0,0
2023-12-19 09:00:00,1.67,12.0,677.0,1.4,2.5,12,hiver,09h-12h,1,2.67,0,0
2023-12-19 12:00:00,1.67,12.0,631.0,1.5,1.9,12,hiver,12h-15h,1,1.67,0,0
2023-12-19 15:00:00,2.33,12.0,609.0,1.6,1.2,12,hiver,15h-18h,1,1.67,0,0
2023-12-19 18:00:00,2.0,12.0,600.0,2.3,0.4,12,hiver,18h-21h,1,2.33,0,0
2023-12-19 21:00:00,2.67,12.0,587.0,2.2,-1.9,12,hiver,21h-24h,1,2.0,1,0
2023-12-20 00:00:00,4.0,11.0,566.0,2.8,-0.4,12,hiver,00h-03h,1,2.67,1,0
2023-12-20 03:00:00,3.33,11.0,555.0,2.7,-4.2,12,hiver,03h-06h,1,4.0,1,0
2023-12-20 06:00:00,2.33,11.0,561.0,2.0,-1.4,12,hiver,06h-09h,1,3.33,1,0
2023-12-20 09:00:00,2.0,11.0,527.0,1.9,-1.1,12,hiver,09h-12h,1,2.33,1,0
2023-12-20 12:00:00,2.33,11.0,496.0,1.8,-1.5,12,hiver,12h-15h,1,2.0,1,0
2023-12-20 15:00:00,2.33,11.0,460.0,1.8,-3.4,12,hiver,15h-18h,1,2.33,1,0
2023-12-20 18:00:00,1.67,11.0,448.0,1.8,-2.1,12,hiver,18h-21h,1,2.33,1,0
2023-12-20 21:00:00,1.0,11.0,429.0,1.5,-1.1,12,hiver,21h-24h,1,1.67,1,0
2023-12-21 00:00:00,2.67,5.0,415.0,1.2,-1.1,12,hiver,00h-03h,1,1.0,1,0
2023-12-21 03:00:00,0.67,5.0,402.0,1.1,-0.9,12,hiver,03h-06h,1,2.67,1,0
2023-12-21 06:00:00,0.67,5.0,390.0,1.0,-0.7,12,hiver,06h-09h,1,0.67,1,0
2023-12-21 09:00:00,2.33,5.0,395.0,1.3,-3.2,12,hiver,09h-12h,1,0.67,1,0
2023-12-21 12:00:00,0.67,5.0,361.0,1.4,-2.5,12,hiver,12h-15h,1,2.33,1,0
2023-12-21 15:00:00,1.0,5.0,353.0,1.9,-2.6,12,hiver,15h-18h,1,0.67,1,0
2023-12-21 18:00:00,0.67,5.0,352.0,2.4,-1.0,12,hiver,18h-21h,1,1.0,1,0
2023-12-21 21:00:00,0.33,5.0,351.0,2.6,1.0,12,hiver,21h-24h,1,0.67,0,0
2023-12-22 00:00:00,0.67,4.0,333.0,2.3,0.2,12,hiver,00h-03h,1,0.33,0,0
2023-12-22 03:00:00,1.33,4.0,343.0,3.1,-0.9,12,hiver,03h-06h,1,0.67,1,0
2023-12-22 06:00:00,1.67,4.0,353.0,4.1,-1.9,12,hiver,06h-09h,1,1.33,1,0
2023-12-22 09:00:00,0.67,4.0,340.0,5.2,0.3,12,hiver,09h-12h,1,1.67,0,0
2023-12-22 12:00:00,0.33,4.0,327.0,2.9,2.9,12,hiver,12h-15h,1,0.67,0,0
2023-12-22 15:00:00,1.0,4.0,319.0,2.3,-1.0,12,hiver,15h-18h,1,0.33,1,0
2023-12-22 18:00:00,0.67,4.0,314.0,2.5,-1.0,12,hiver,18h-21h,1,1.0,1,0
2023-12-22 21:00:00,0.67,4.0,308.0,2.7,0.5,12,hiver,21h-24h,1,0.67,0,0
2023-12-23 00:00:00,0.67,7.0,300.0,2.7,1.0,12,hiver,00h-03h,1,0.67,0,0
2023-12-23 03:00:00,1.0,7.0,307.0,3.1,,12,hiver,03h-06h,1,0.67,0,0
2023-12-23 06:00:00,2.67,7.0,9999.0,,,12,hiver,06h-09h,1,1.0,0,0
2023-12-23 09:00:00,1.33,7.0,337.0,7.8,0.2,12,hiver,09h-12h,1,2.67,0,0
2023-12-23 12:00:00,2.0,7.0,345.0,6.7,4.8,12,hiver,12h-15h,1,1.33,0,0
2023-12-23 15:00:00,2.67,7.0,339.0,6.6,2.0,12,hiver,15h-18h,1,2.0,0,0
2023-12-23 18:00:00,1.0,7.0,341.0,7.7,3.0,12,hiver,18h-21h,1,2.67,0,0
2023-12-23 21:00:00,1.33,7.0,346.0,9.5,0.5,12,hiver,21h-24h,1,1.0,0,0
2023-12-24 00:00:00,2.67,9.0,376.0,5.7,-1.3,12,hiver,00h-03h,1,1.33,1,0
2023-12-24 03:00:00,2.67,9.0,386.0,4.2,-3.0,12,hiver,03h-06h,1,2.67,1,0
2023-12-24 06:00:00,2.67,9.0,400.0,5.1,0.9,12,hiver,06h-09h,1,2.67,0,0
2023-12-24 09:00:00,3.0,9.0,417.0,4.1,-4.8,12,hiver,09h-12h,1,2.67,1,0
2023-12-24 12:00:00,2.0,9.0,410.0,4.4,1.9,12,hiver,12h-15h,1,3.0,0,0
2023-12-24 15:00:00,1.67,9.0,410.0,3.7,0.0,12,hiver,15h-18h,1,2.0,0,0
2023-12-24 18:00:00,1.33,9.0,408.0,4.5,3.8,12,hiver,18h-21h,1,1.67,0,0
2023-12-24 21:00:00,1.0,9.0,421.0,4.1,1.1,12,hiver,21h-24h,1,1.33,0,0
2023-12-25 00:00:00,0.33,4.0,387.0,3.8,1.8,12,hiver,00h-03h,1,1.0,0,0
2023-12-25 03:00:00,1.0,4.0,409.0,4.5,0.8,12,hiver,03h-06h,1,0.33,0,0
2023-12-25 06:00:00,1.0,4.0,414.0,4.9,3.1,12,hiver,06h-09h,1,1.0,0,0
2023-12-25 09:00:00,0.67,4.0,395.0,5.0,1.6,12,hiver,09h-12h,1,1.0,0,0
2023-12-25 12:00:00,0.33,4.0,391.0,4.5,2.2,12,hiver,12h-15h,1,0.67,0,0
2023-12-25 15:00:00,1.33,4.0,403.0,5.1,-0.7,12,hiver,15h-18h,1,0.33,1,0
2023-12-25 18:00:00,1.67,4.0,398.0,4.9,-1.4,12,hiver,18h-21h,1,1.33,1,0
2023-12-25 21:00:00,0.67,4.0,406.0,5.0,3.4,12,hiver,21h-24h,1,1.67,0,0
2023-12-26 00:00:00,0.33,5.0,398.0,3.9,1.5,12,hiver,00h-03h,1,0.67,0,0
2023-12-26 03:00:00,1.67,5.0,439.0,2.5,2.7,12,hiver,03h-06h,1,0.33,0,0
2023-12-26 06:00:00,1.67,5.0,460.0,2.9,3.3,12,hiver,06h-09h,1,1.67,0,0
2023-12-26 09:00:00,2.0,5.0,467.0,3.4,1.0,12,hiver,09h-12h,1,1.67,0,0
2023-12-26 12:00:00,1.67,5.0,473.0,3.4,3.3,12,hiver,12h-15h,1,2.0,0,0
2023-12-26 15:00:00,1.33,5.0,473.0,2.8,3.0,12,hiver,15h-18h,1,1.67,0,0
2023-12-26 18:00:00,1.33,5.0,472.0,2.7,1.6,12,hiver,18h-21h,1,1.33,0,0
2023-12-26 21:00:00,0.33,5.0,489.0,2.2,3.6,12,hiver,21h-24h,1,1.33,0,0
2023-12-27 00:00:00,1.67,4.0,465.0,1.7,0.7,12,hiver,00h-03h,1,0.33,0,0
2023-12-27 03:00:00,1.33,4.0,454.0,1.8,-0.4,12,hiver,03h-06h,1,1.67,1,0
2023-12-27 06:00:00,1.33,4.0,433.0,1.4,-0.9,12,hiver,06h-09h,1,1.33,1,0
2023-12-27 09:00:00,1.67,4.0,399.0,2.0,-2.3,12,hiver,09h-12h,1,1.33,1,0
2023-12-27 12:00:00,0.67,4.0,420.0,3.8,1.1,12,hiver,12h-15h,1,1.67,0,0
2023-12-27 15:00:00,1.0,4.0,418.0,4.2,2.0,12,hiver,15h-18h,1,0.67,0,0
2023-12-27 18:00:00,0.67,4.0,429.0,3.4,2.7,12,hiver,18h-21h,1,1.0,0,0
2023-12-27 21:00:00,0.67,4.0,422.0,3.1,2.6,12,hiver,21h-24h,1,0.67,0,0
2023-12-28 00:00:00,0.33,3.0,423.0,4.1,1.4,12,hiver,00h-03h,1,0.67,0,0
2023-12-28 03:00:00,0.33,3.0,422.0,3.7,2.1,12,hiver,03h-06h,1,0.33,0,0
2023-12-28 06:00:00,1.33,3.0,408.0,3.7,-0.0,12,hiver,06h-09h,1,0.33,0,0
2023-12-28 09:00:00,0.33,3.0,399.0,3.2,0.3,12,hiver,09h-12h,1,1.33,0,0
2023-12-28 12:00:00,0.33,3.0,388.0,3.7,1.6,12,hiver,12h-15h,1,0.33,0,0
2023-12-28 15:00:00,0.67,3.0,386.0,4.1,0.6,12,hiver,15h-18h,1,0.33,0,0
2023-12-28 18:00:00,0.33,3.0,358.0,4.0,1.4,12,hiver,18h-21h,1,0.67,0,0
2023-12-28 21:00:00,2.0,3.0,350.0,3.9,1.4,12,hiver,21h-24h,1,0.33,0,0
2023-12-29 00:00:00,1.0,6.0,383.0,7.6,0.8,12,hiver,00h-03h,1,2.0,0,0
2023-12-29 03:00:00,1.67,6.0,387.0,10.1,-1.4,12,hiver,03h-06h,1,1.0,1,0
2023-12-29 06:00:00,1.67,6.0,396.0,14.0,-2.2,12,hiver,06h-09h,1,1.67,1,0
2023-12-29 09:00:00,2.33,6.0,382.0,17.8,-2.3,12,hiver,09h-12h,1,1.67,1,0
2023-12-29 12:00:00,1.67,6.0,369.0,19.7,1.9,12,hiver,12h-15h,1,2.33,0,0
2023-12-29 15:00:00,1.0,6.0,380.0,10.1,5.2,12,hiver,15h-18h,1,1.67,0,0
2023-12-29 18:00:00,1.67,6.0,365.0,9.3,1.4,12,hiver,18h-21h,1,1.0,0,0
2023-12-29 21:00:00,2.33,6.0,360.0,14.3,-0.5,12,hiver,21h-24h,1,1.67,1,0
2023-12-30 00:00:00,1.0,5.0,371.0,4.6,5.8,12,hiver,00h-03h,1,2.33,0,0
2023-12-30 03:00:00,2.33,5.0,372.0,10.9,-1.5,12,hiver,03h-06h,1,1.0,1,0
2023-12-30 06:00:00,1.0,5.0,357.0,7.3,3.4,12,hiver,06h-09h,1,2.33,0,0
2023-12-30 09:00:00,1.0,5.0,375.0,9.1,5.1,12,hiver,09h-12h,1,1.0,0,0
2023-12-30 12:00:00,1.0,5.0,343.0,7.1,-1.5,12,hiver,12h-15h,1,1.0,1,0
2023-12-30 15:00:00,1.33,5.0,343.0,10.2,-1.5,12,hiver,15h-18h,1,1.0,1,0
2023-12-30 18:00:00,1.0,5.0,328.0,10.5,0.5,12,hiver,18h-21h,1,1.33,0,0
2023-12-30 21:00:00,0.33,5.0,329.0,4.8,2.4,12,hiver,21h-24h,1,1.0,0,0
2023-12-31 00:00:00,0.33,3.0,331.0,4.4,4.9,12,hiver,00h-03h,1,0.33,0,0
2023-12-31 03:00:00,1.0,3.0,314.0,5.8,-1.4,12,hiver,03h-06h,1,0.33,1,0
2023-12-31 06:00:00,0.67,3.0,300.0,5.8,-1.4,12,hiver,06h-09h,1,1.0,1,0
2023-12-31 09:00:00,0.67,3.0,302.0,5.4,-0.7,12,hiver,09h-12h,1,0.67,1,0
2023-12-31 12:00:00,0.67,3.0,300.0,5.7,-1.4,12,hiver,12h-15h,1,0.67,1,0
2023-12-31 15:00:00,1.0,3.0,294.0,5.5,-3.8,12,hiver,15h-18h,1,0.67,1,0
2023-12-31 18:00:00,1.33,3.0,299.0,6.8,-4.5,12,hiver,18h-21h,1,1.0,1,0
2023-12-31 21:00:00,1.33,3.0,318.0,9.2,-3.5,12,hiver,21h-24h,1,1.33,1,0
