timestamp,solar_wind_speed,solar_wind_density,bz_component,sunspot_number
2021-01-01 00:00:00,365.0,4.4,1.9,24
2021-01-01 01:00:00,366.0,4.4,1.9,24
2021-01-01 02:00:00,360.0,4.3,0.1,24
2021-01-01 03:00:00,358.0,4.2,2.0,24
2021-01-01 04:00:00,356.0,4.2,1.7,24
2021-01-01 05:00:00,355.0,4.3,-0.3,24
2021-01-01 06:00:00,355.0,4.5,0.5,24
2021-01-01 07:00:00,361.0,4.7,-2.9,24
2021-01-01 08:00:00,359.0,4.9,-0.8,24
2021-01-01 09:00:00,362.0,5.2,1.1,24
2021-01-01 10:00:00,361.0,5.2,0.7,24
2021-01-01 11:00:00,356.0,5.2,-0.1,24
2021-01-01 12:00:00,353.0,5.1,0.4,24
2021-01-01 13:00:00,349.0,5.2,1.3,24
2021-01-01 14:00:00,343.0,5.1,0.4,24
2021-01-01 15:00:00,346.0,4.8,1.7,24
2021-01-01 16:00:00,340.0,4.4,2.2,24
2021-01-01 17:00:00,340.0,4.5,1.7,24
2021-01-01 18:00:00,344.0,4.5,0.1,24
2021-01-01 19:00:00,351.0,4.9,-0.9,24
2021-01-01 20:00:00,344.0,4.8,-0.7,24
2021-01-01 21:00:00,338.0,4.9,0.7,24
2021-01-01 22:00:00,338.0,4.8,1.4,24
2021-01-01 23:00:00,342.0,4.9,1.4,24
2021-01-02 00:00:00,342.0,4.8,1.4,17
2021-01-02 01:00:00,345.0,5.1,1.7,17
2021-01-02 02:00:00,343.0,5.0,1.4,17
2021-01-02 03:00:00,343.0,5.1,1.5,17
2021-01-02 04:00:00,340.0,5.2,0.6,17
2021-01-02 05:00:00,338.0,5.3,1.1,17
2021-01-02 06:00:00,343.0,5.3,-0.7,17
2021-01-02 07:00:00,336.0,5.4,0.8,17
2021-01-02 08:00:00,337.0,5.0,1.5,17
2021-01-02 09:00:00,335.0,4.8,1.8,17
2021-01-02 10:00:00,328.0,4.7,-0.4,17
2021-01-02 11:00:00,324.0,4.7,-0.9,17
2021-01-02 12:00:00,325.0,4.8,-1.5,17
2021-01-02 13:00:00,324.0,4.8,-1.2,17
2021-01-02 14:00:00,323.0,4.8,-0.3,17
2021-01-02 15:00:00,321.0,5.0,-0.7,17
2021-01-02 16:00:00,321.0,5.2,0.1,17
2021-01-02 17:00:00,323.0,6.0,2.6,17
2021-01-02 18:00:00,323.0,6.0,0.6,17
2021-01-02 19:00:00,321.0,6.1,2.3,17
2021-01-02 20:00:00,323.0,6.3,1.4,17
2021-01-02 21:00:00,316.0,6.5,0.3,17
2021-01-02 22:00:00,315.0,6.4,2.2,17
2021-01-02 23:00:00,312.0,6.8,1.9,17
2021-01-03 00:00:00,313.0,6.4,1.2,0
2021-01-03 01:00:00,324.0,9.0,0.3,0
2021-01-03 02:00:00,320.0,8.8,1.0,0
2021-01-03 03:00:00,315.0,8.1,0.2,0
2021-01-03 04:00:00,312.0,7.8,-0.7,0
2021-01-03 05:00:00,310.0,7.5,-1.0,0
2021-01-03 06:00:00,309.0,7.5,-0.2,0
2021-01-03 07:00:00,311.0,6.9,-0.3,0
2021-01-03 08:00:00,310.0,6.8,0.1,0
2021-01-03 09:00:00,310.0,7.3,0.7,0
2021-01-03 10:00:00,307.0,7.8,0.8,0
2021-01-03 11:00:00,309.0,7.4,-0.3,0
2021-01-03 12:00:00,308.0,7.1,-0.1,0
2021-01-03 13:00:00,304.0,7.8,-0.2,0
2021-01-03 14:00:00,303.0,8.1,-0.4,0
2021-01-03 15:00:00,301.0,8.3,0.2,0
2021-01-03 16:00:00,298.0,9.3,-0.2,0
2021-01-03 17:00:00,298.0,7.0,-0.3,0
2021-01-03 18:00:00,299.0,7.0,-0.2,0
2021-01-03 19:00:00,301.0,8.5,-0.4,0
2021-01-03 20:00:00,295.0,7.9,-0.8,0
2021-01-03 21:00:00,294.0,7.4,-0.8,0
2021-01-03 22:00:00,295.0,7.5,0.1,0
2021-01-03 23:00:00,296.0,7.7,-0.4,0
2021-01-04 00:00:00,300.0,8.8,0.8,0
2021-01-04 01:00:00,303.0,11.5,0.6,0
2021-01-04 02:00:00,289.0,10.9,-1.7,0
2021-01-04 03:00:00,291.0,10.9,-1.6,0
2021-01-04 04:00:00,299.0,9.2,-1.1,0
2021-01-04 05:00:00,295.0,10.9,0.3,0
2021-01-04 06:00:00,299.0,10.4,-1.3,0
2021-01-04 07:00:00,302.0,9.2,-2.4,0
2021-01-04 08:00:00,307.0,9.0,-3.0,0
2021-01-04 09:00:00,309.0,9.2,-1.4,0
2021-01-04 10:00:00,307.0,8.9,-0.1,0
2021-01-04 11:00:00,298.0,8.2,0.3,0
2021-01-04 12:00:00,300.0,7.8,3.2,0
2021-01-04 13:00:00,302.0,6.4,2.4,0
2021-01-04 14:00:00,296.0,6.1,1.3,0
2021-01-04 15:00:00,292.0,6.5,-0.2,0
2021-01-04 16:00:00,298.0,9.0,-2.1,0
2021-01-04 17:00:00,289.0,8.3,0.1,0
2021-01-04 18:00:00,285.0,7.4,1.1,0
2021-01-04 19:00:00,286.0,6.7,0.6,0
2021-01-04 20:00:00,296.0,9.6,1.0,0
2021-01-04 21:00:00,293.0,9.6,-1.8,0
2021-01-04 22:00:00,307.0,13.1,-0.6,0
2021-01-04 23:00:00,311.0,14.1,0.3,0
2021-01-05 00:00:00,306.0,13.1,-1.5,0
2021-01-05 01:00:00,297.0,8.6,-1.3,0
2021-01-05 02:00:00,294.0,5.9,1.4,0
2021-01-05 03:00:00,312.0,9.6,-1.2,0
2021-01-05 04:00:00,310.0,9.7,-1.2,0
2021-01-05 05:00:00,299.0,7.1,-2.7,0
2021-01-05 06:00:00,297.0,8.3,0.1,0
2021-01-05 07:00:00,296.0,6.7,1.8,0
2021-01-05 08:00:00,296.0,8.0,0.9,0
2021-01-05 09:00:00,293.0,8.8,2.0,0
2021-01-05 10:00:00,294.0,10.8,1.0,0
2021-01-05 11:00:00,309.0,9.6,2.8,0
2021-01-05 12:00:00,347.0,17.5,-0.8,0
2021-01-05 13:00:00,374.0,53.5,-1.6,0
2021-01-05 14:00:00,403.0,23.2,-1.5,0
2021-01-05 15:00:00,415.0,15.5,0.1,0
2021-01-05 16:00:00,429.0,17.4,6.5,0
2021-01-05 17:00:00,447.0,16.1,8.4,0
2021-01-05 18:00:00,453.0,11.1,4.8,0
2021-01-05 19:00:00,451.0,9.2,2.5,0
2021-01-05 20:00:00,448.0,10.7,0.3,0
2021-01-05 21:00:00,451.0,11.8,0.7,0
2021-01-05 22:00:00,448.0,13.2,-0.2,0
2021-01-05 23:00:00,444.0,14.7,-1.1,0
2021-01-06 00:00:00,434.0,14.5,3.9,0
2021-01-06 01:00:00,430.0,12.8,-1.0,0
2021-01-06 02:00:00,434.0,13.7,-1.3,0
2021-01-06 03:00:00,464.0,11.9,0.4,0
2021-01-06 04:00:00,474.0,8.0,2.1,0
2021-01-06 05:00:00,485.0,6.7,-0.8,0
2021-01-06 06:00:00,525.0,7.9,-0.7,0
2021-01-06 07:00:00,544.0,5.9,0.5,0
2021-01-06 08:00:00,554.0,5.3,0.9,0
2021-01-06 09:00:00,558.0,5.1,0.0,0
2021-01-06 10:00:00,584.0,4.6,-1.3,0
2021-01-06 11:00:00,575.0,3.9,-2.5,0
2021-01-06 12:00:00,587.0,2.7,-3.5,0
2021-01-06 13:00:00,610.0,2.4,-1.6,0
2021-01-06 14:00:00,548.0,2.7,0.0,0
2021-01-06 15:00:00,530.0,2.6,-0.6,0
2021-01-06 16:00:00,536.0,2.5,0.0,0
2021-01-06 17:00:00,532.0,2.5,0.5,0
2021-01-06 18:00:00,518.0,2.3,-0.8,0
2021-01-06 19:00:00,528.0,2.8,-0.1,0
2021-01-06 20:00:00,508.0,2.8,0.7,0
2021-01-06 21:00:00,483.0,2.7,-0.2,0
2021-01-06 22:00:00,495.0,2.3,1.3,0
2021-01-06 23:00:00,509.0,2.7,-0.1,0
2021-01-07 00:00:00,492.0,3.2,-0.7,0
2021-01-07 01:00:00,483.0,3.2,-1.1,0
2021-01-07 02:00:00,473.0,2.5,-1.6,0
2021-01-07 03:00:00,478.0,2.5,0.4,0
2021-01-07 04:00:00,481.0,3.0,-0.2,0
2021-01-07 05:00:00,485.0,2.8,1.1,0
2021-01-07 06:00:00,472.0,3.4,-0.9,0
2021-01-07 07:00:00,467.0,3.3,-1.5,0
2021-01-07 08:00:00,462.0,3.5,-1.7,0
2021-01-07 09:00:00,470.0,2.9,0.5,0
2021-01-07 10:00:00,458.0,2.9,1.1,0
2021-01-07 11:00:00,455.0,3.0,0.9,0
2021-01-07 12:00:00,451.0,3.0,-0.1,0
2021-01-07 13:00:00,428.0,2.7,0.4,0
2021-01-07 14:00:00,429.0,2.8,0.5,0
2021-01-07 15:00:00,420.0,3.1,-0.6,0
2021-01-07 16:00:00,420.0,3.2,0.0,0
2021-01-07 17:00:00,429.0,3.4,1.7,0
2021-01-07 18:00:00,413.0,3.4,0.5,0
2021-01-07 19:00:00,416.0,3.4,-0.8,0
2021-01-07 20:00:00,413.0,3.3,-1.6,0
2021-01-07 21:00:00,407.0,3.3,-1.6,0
2021-01-07 22:00:00,404.0,3.7,0.9,0
2021-01-07 23:00:00,410.0,4.0,1.5,0
2021-01-08 00:00:00,408.0,3.9,1.4,0
2021-01-08 01:00:00,396.0,3.8,1.5,0
2021-01-08 02:00:00,411.0,3.9,1.1,0
2021-01-08 03:00:00,402.0,3.8,-0.1,0
2021-01-08 04:00:00,386.0,3.7,-0.1,0
2021-01-08 05:00:00,381.0,3.6,0.9,0
2021-01-08 06:00:00,381.0,3.3,1.7,0
2021-01-08 07:00:00,387.0,4.2,0.6,0
2021-01-08 08:00:00,369.0,3.9,0.1,0
2021-01-08 09:00:00,373.0,3.4,1.1,0
2021-01-08 10:00:00,376.0,3.7,0.7,0
2021-01-08 11:00:00,357.0,2.9,0.3,0
2021-01-08 12:00:00,359.0,3.6,0.4,0
2021-01-08 13:00:00,380.0,4.5,0.8,0
2021-01-08 14:00:00,382.0,4.5,-0.2,0
2021-01-08 15:00:00,375.0,4.2,-0.1,0
2021-01-08 16:00:00,372.0,4.4,0.6,0
2021-01-08 17:00:00,364.0,4.4,1.9,0
2021-01-08 18:00:00,355.0,4.3,1.5,0
2021-01-08 19:00:00,361.0,4.9,0.6,0
2021-01-08 20:00:00,341.0,3.6,-0.1,0
2021-01-08 21:00:00,340.0,3.4,0.4,0
2021-01-08 22:00:00,342.0,4.8,-0.2,0
2021-01-08 23:00:00,331.0,4.1,-1.2,0
2021-01-09 00:00:00,339.0,4.8,0.3,0
2021-01-09 01:00:00,334.0,5.0,-0.1,0
2021-01-09 02:00:00,329.0,5.1,-0.7,0
2021-01-09 03:00:00,332.0,5.6,0.1,0
2021-01-09 04:00:00,339.0,4.9,0.4,0
2021-01-09 05:00:00,336.0,5.0,0.1,0
2021-01-09 06:00:00,326.0,5.2,0.8,0
2021-01-09 07:00:00,328.0,5.5,-0.4,0
2021-01-09 08:00:00,331.0,5.8,-0.9,0
2021-01-09 09:00:00,325.0,6.0,1.0,0
2021-01-09 10:00:00,321.0,6.8,1.6,0
2021-01-09 11:00:00,320.0,6.6,0.1,0
2021-01-09 12:00:00,320.0,6.6,0.9,0
2021-01-09 13:00:00,328.0,6.5,-1.1,0
2021-01-09 14:00:00,324.0,6.8,0.0,0
2021-01-09 15:00:00,317.0,7.0,2.1,0
2021-01-09 16:00:00,317.0,5.4,2.9,0
2021-01-09 17:00:00,312.0,5.0,1.3,0
2021-01-09 18:00:00,314.0,4.1,0.9,0
2021-01-09 19:00:00,315.0,4.0,0.0,0
2021-01-09 20:00:00,315.0,3.6,-0.1,0
2021-01-09 21:00:00,314.0,3.7,-0.7,0
2021-01-09 22:00:00,313.0,4.3,-1.1,0
2021-01-09 23:00:00,315.0,5.4,-0.5,0
2021-01-10 00:00:00,307.0,5.7,0.2,0
2021-01-10 01:00:00,306.0,5.1,-0.4,0
2021-01-10 02:00:00,302.0,,-0.2,0
2021-01-10 03:00:00,311.0,,-0.7,0
2021-01-10 04:00:00,313.0,,0.3,0
2021-01-10 05:00:00,308.0,,0.5,0
2021-01-10 06:00:00,304.0,,-0.1,0
2021-01-10 07:00:00,312.0,,0.3,0
2021-01-10 08:00:00,318.0,,-0.1,0
2021-01-10 09:00:00,317.0,,0.4,0
2021-01-10 10:00:00,315.0,,-0.5,0
2021-01-10 11:00:00,315.0,,-2.0,0
2021-01-10 12:00:00,308.0,,-0.9,0
2021-01-10 13:00:00,311.0,,-0.6,0
2021-01-10 14:00:00,311.0,,-1.0,0
2021-01-10 15:00:00,312.0,,-1.8,0
2021-01-10 16:00:00,309.0,,-2.0,0
2021-01-10 17:00:00,312.0,,-2.9,0
2021-01-10 18:00:00,312.0,10.4,-2.6,0
2021-01-10 19:00:00,309.0,10.6,-2.4,0
2021-01-10 20:00:00,306.0,11.4,-1.9,0
2021-01-10 21:00:00,304.0,11.0,-1.1,0
2021-01-10 22:00:00,301.0,10.2,-1.6,0
2021-01-10 23:00:00,302.0,11.2,-0.7,0
2021-01-11 00:00:00,303.0,11.4,-0.5,0
2021-01-11 01:00:00,300.0,11.2,-1.0,0
2021-01-11 02:00:00,295.0,11.7,-1.3,0
2021-01-11 03:00:00,295.0,11.7,-0.9,0
2021-01-11 04:00:00,295.0,11.9,-0.7,0
2021-01-11 05:00:00,290.0,11.5,-0.4,0
2021-01-11 06:00:00,287.0,11.4,-0.7,0
2021-01-11 07:00:00,286.0,11.8,-0.8,0
2021-01-11 08:00:00,283.0,11.5,-0.7,0
2021-01-11 09:00:00,290.0,13.8,-0.7,0
2021-01-11 10:00:00,320.0,33.2,-0.4,0
2021-01-11 11:00:00,329.0,40.7,-0.4,0
2021-01-11 12:00:00,349.0,49.1,-1.4,0
2021-01-11 13:00:00,349.0,60.4,-3.3,0
2021-01-11 14:00:00,356.0,37.1,-9.3,0
2021-01-11 15:00:00,386.0,13.7,3.2,0
2021-01-11 16:00:00,402.0,12.9,-3.7,0
2021-01-11 17:00:00,406.0,14.1,-6.9,0
2021-01-11 18:00:00,397.0,13.3,-1.2,0
2021-01-11 19:00:00,395.0,12.1,-4.4,0
2021-01-11 20:00:00,401.0,11.7,-6.1,0
2021-01-11 21:00:00,413.0,11.5,-3.2,0
2021-01-11 22:00:00,459.0,5.8,-2.0,0
2021-01-11 23:00:00,467.0,4.3,-2.4,0
2021-01-12 00:00:00,465.0,4.1,-2.9,0
2021-01-12 01:00:00,482.0,4.6,-2.6,0
2021-01-12 02:00:00,460.0,5.0,-3.3,0
2021-01-12 03:00:00,458.0,4.3,0.1,0
2021-01-12 04:00:00,465.0,5.2,-2.1,0
2021-01-12 05:00:00,460.0,5.6,-1.2,0
2021-01-12 06:00:00,455.0,5.5,-0.8,0
2021-01-12 07:00:00,452.0,5.9,0.1,0
2021-01-12 08:00:00,453.0,5.7,-1.0,0
2021-01-12 09:00:00,463.0,5.2,-1.4,0
2021-01-12 10:00:00,465.0,5.3,-0.4,0
2021-01-12 11:00:00,449.0,5.2,0.0,0
2021-01-12 12:00:00,457.0,5.1,-0.5,0
2021-01-12 13:00:00,450.0,5.4,-0.5,0
2021-01-12 14:00:00,438.0,5.2,0.7,0
2021-01-12 15:00:00,429.0,4.1,2.3,0
2021-01-12 16:00:00,419.0,4.1,2.8,0
2021-01-12 17:00:00,421.0,4.5,0.0,0
2021-01-12 18:00:00,429.0,5.0,1.5,0
2021-01-12 19:00:00,429.0,5.1,0.6,0
2021-01-12 20:00:00,411.0,4.9,2.7,0
2021-01-12 21:00:00,410.0,5.2,1.3,0
2021-01-12 22:00:00,431.0,4.8,-1.5,0
2021-01-12 23:00:00,421.0,4.5,3.3,0
2021-01-13 00:00:00,423.0,4.1,4.3,0
2021-01-13 01:00:00,427.0,4.3,1.1,0
2021-01-13 02:00:00,428.0,4.4,-0.5,0
2021-01-13 03:00:00,429.0,4.2,1.5,0
2021-01-13 04:00:00,425.0,3.4,1.1,0
2021-01-13 05:00:00,407.0,2.6,2.1,0
2021-01-13 06:00:00,405.0,3.9,-0.5,0
2021-01-13 07:00:00,407.0,3.8,-2.2,0
2021-01-13 08:00:00,417.0,2.7,-2.4,0
2021-01-13 09:00:00,422.0,2.5,-2.0,0
2021-01-13 10:00:00,412.0,,-1.7,0
2021-01-13 11:00:00,417.0,,-1.3,0
2021-01-13 12:00:00,394.0,,-1.5,0
2021-01-13 13:00:00,387.0,,-2.5,0
2021-01-13 14:00:00,387.0,,-1.8,0
2021-01-13 15:00:00,385.0,,-1.8,0
2021-01-13 16:00:00,395.0,,-1.2,0
2021-01-13 17:00:00,399.0,4.8,-0.2,0
2021-01-13 18:00:00,392.0,4.3,-0.4,0
2021-01-13 19:00:00,393.0,4.6,-0.7,0
2021-01-13 20:00:00,391.0,5.2,-0.6,0
2021-01-13 21:00:00,388.0,5.6,-0.7,0
2021-01-13 22:00:00,385.0,5.2,0.1,0
2021-01-13 23:00:00,381.0,6.2,-0.1,0
2021-01-14 00:00:00,371.0,6.9,0.3,3
2021-01-14 01:00:00,372.0,6.6,0.1,3
2021-01-14 02:00:00,371.0,7.1,1.3,3
2021-01-14 03:00:00,370.0,7.5,1.8,3
2021-01-14 04:00:00,373.0,7.1,0.7,3
2021-01-14 05:00:00,369.0,6.4,0.9,3
2021-01-14 06:00:00,367.0,6.2,0.2,3
2021-01-14 07:00:00,368.0,6.3,0.4,3
2021-01-14 08:00:00,375.0,7.0,0.0,3
2021-01-14 09:00:00,372.0,7.1,0.5,3
2021-01-14 10:00:00,370.0,7.3,0.1,3
2021-01-14 11:00:00,372.0,8.1,-0.6,3
2021-01-14 12:00:00,369.0,7.9,-0.4,3
2021-01-14 13:00:00,370.0,8.6,-0.4,3
2021-01-14 14:00:00,366.0,9.2,-0.5,3
2021-01-14 15:00:00,352.0,9.4,-0.2,3
2021-01-14 16:00:00,342.0,9.4,-0.5,3
2021-01-14 17:00:00,344.0,8.7,-0.6,3
2021-01-14 18:00:00,344.0,8.8,0.8,3
2021-01-14 19:00:00,337.0,10.1,-0.5,3
2021-01-14 20:00:00,331.0,10.2,-1.1,3
2021-01-14 21:00:00,328.0,10.2,0.4,3
2021-01-14 22:00:00,325.0,11.5,1.2,3
2021-01-14 23:00:00,319.0,10.8,0.1,3
2021-01-15 00:00:00,312.0,10.4,-2.5,14
2021-01-15 01:00:00,307.0,11.2,-1.1,14
2021-01-15 02:00:00,302.0,11.3,-0.4,14
2021-01-15 03:00:00,300.0,10.0,0.5,14
2021-01-15 04:00:00,298.0,9.4,1.1,14
2021-01-15 05:00:00,300.0,9.6,1.2,14
2021-01-15 06:00:00,298.0,9.8,0.8,14
2021-01-15 07:00:00,301.0,8.6,1.0,14
2021-01-15 08:00:00,301.0,8.2,0.4,14
2021-01-15 09:00:00,296.0,7.6,1.5,14
2021-01-15 10:00:00,295.0,7.9,0.6,14
2021-01-15 11:00:00,295.0,8.2,0.2,14
2021-01-15 12:00:00,296.0,8.2,0.2,14
2021-01-15 13:00:00,297.0,8.5,-0.3,14
2021-01-15 14:00:00,295.0,8.4,-1.7,14
2021-01-15 15:00:00,297.0,9.2,-1.9,14
2021-01-15 16:00:00,303.0,12.5,-2.9,14
2021-01-15 17:00:00,305.0,14.1,-2.2,14
2021-01-15 18:00:00,304.0,14.2,-1.0,14
2021-01-15 19:00:00,314.0,14.6,0.2,14
2021-01-15 20:00:00,314.0,13.0,0.4,14
2021-01-15 21:00:00,311.0,12.1,1.1,14
2021-01-15 22:00:00,310.0,12.0,1.5,14
2021-01-15 23:00:00,307.0,13.8,1.6,14
2021-01-16 00:00:00,303.0,13.4,1.4,12
2021-01-16 01:00:00,304.0,11.4,2.0,12
2021-01-16 02:00:00,306.0,12.7,2.9,12
2021-01-16 03:00:00,305.0,13.3,-0.7,12
2021-01-16 04:00:00,305.0,12.1,-3.2,12
2021-01-16 05:00:00,300.0,11.8,-0.7,12
2021-01-16 06:00:00,299.0,11.8,-1.0,12
2021-01-16 07:00:00,300.0,12.8,0.8,12
2021-01-16 08:00:00,308.0,11.9,1.9,12
2021-01-16 09:00:00,308.0,8.1,1.9,12
2021-01-16 10:00:00,319.0,7.2,1.3,12
2021-01-16 11:00:00,332.0,6.8,-1.1,12
2021-01-16 12:00:00,326.0,6.7,1.2,12
2021-01-16 13:00:00,326.0,6.5,1.4,12
2021-01-16 14:00:00,317.0,5.8,-0.5,12
2021-01-16 15:00:00,322.0,5.9,-0.2,12
2021-01-16 16:00:00,326.0,6.4,-0.8,12
2021-01-16 17:00:00,313.0,6.2,-0.3,12
2021-01-16 18:00:00,311.0,7.0,-0.2,12
2021-01-16 19:00:00,308.0,6.9,-0.4,12
2021-01-16 20:00:00,308.0,7.4,-0.7,12
2021-01-16 21:00:00,306.0,7.3,-1.0,12
2021-01-16 22:00:00,306.0,7.5,-1.4,12
2021-01-16 23:00:00,307.0,6.9,1.3,12
2021-01-17 00:00:00,305.0,6.8,0.4,14
2021-01-17 01:00:00,303.0,7.4,-1.0,14
2021-01-17 02:00:00,303.0,7.0,-2.3,14
2021-01-17 03:00:00,306.0,7.2,-3.3,14
2021-01-17 04:00:00,305.0,8.1,-3.0,14
2021-01-17 05:00:00,299.0,9.7,-1.4,14
2021-01-17 06:00:00,292.0,11.7,-1.4,14
2021-01-17 07:00:00,292.0,12.2,-0.9,14
2021-01-17 08:00:00,289.0,12.3,-0.6,14
2021-01-17 09:00:00,286.0,12.5,-0.3,14
2021-01-17 10:00:00,284.0,12.3,-0.1,14
2021-01-17 11:00:00,283.0,11.7,0.0,14
2021-01-17 12:00:00,283.0,11.7,0.4,14
2021-01-17 13:00:00,282.0,10.4,0.1,14
2021-01-17 14:00:00,280.0,9.7,-0.9,14
2021-01-17 15:00:00,284.0,10.3,0.6,14
2021-01-17 16:00:00,282.0,10.7,0.8,14
2021-01-17 17:00:00,290.0,9.5,0.7,14
2021-01-17 18:00:00,286.0,9.3,-1.1,14
2021-01-17 19:00:00,279.0,10.0,0.1,14
2021-01-17 20:00:00,274.0,10.9,-0.4,14
2021-01-17 21:00:00,272.0,10.7,-0.7,14
2021-01-17 22:00:00,273.0,9.8,-2.0,14
2021-01-17 23:00:00,280.0,8.9,-2.6,14
2021-01-18 00:00:00,284.0,9.1,-3.4,12
2021-01-18 01:00:00,280.0,10.3,-2.9,12
2021-01-18 02:00:00,279.0,10.6,-2.8,12
2021-01-18 03:00:00,278.0,11.0,-2.3,12
2021-01-18 04:00:00,278.0,12.7,-1.4,12
2021-01-18 05:00:00,283.0,14.0,0.9,12
2021-01-18 06:00:00,282.0,14.7,0.4,12
2021-01-18 07:00:00,280.0,14.8,-1.6,12
2021-01-18 08:00:00,279.0,13.8,-0.1,12
2021-01-18 09:00:00,279.0,12.9,0.0,12
2021-01-18 10:00:00,286.0,14.4,1.1,12
2021-01-18 11:00:00,284.0,14.2,-0.1,12
2021-01-18 12:00:00,279.0,14.6,0.0,12
2021-01-18 13:00:00,281.0,15.1,1.1,12
2021-01-18 14:00:00,283.0,16.3,0.1,12
2021-01-18 15:00:00,282.0,16.7,-1.3,12
2021-01-18 16:00:00,279.0,17.2,-1.8,12
2021-01-18 17:00:00,281.0,17.4,-1.8,12
2021-01-18 18:00:00,287.0,17.0,-3.7,12
2021-01-18 19:00:00,290.0,21.0,-1.4,12
2021-01-18 20:00:00,295.0,14.7,0.7,12
2021-01-18 21:00:00,300.0,10.6,-2.9,12
2021-01-18 22:00:00,298.0,10.2,-0.3,12
2021-01-18 23:00:00,298.0,11.9,-2.4,12
2021-01-19 00:00:00,306.0,15.3,-3.8,20
2021-01-19 01:00:00,305.0,17.9,-2.3,20
2021-01-19 02:00:00,309.0,11.7,-3.3,20
2021-01-19 03:00:00,300.0,10.3,-2.6,20
2021-01-19 04:00:00,298.0,10.3,2.9,20
2021-01-19 05:00:00,305.0,9.3,0.6,20
2021-01-19 06:00:00,305.0,9.1,1.8,20
2021-01-19 07:00:00,309.0,9.7,2.0,20
2021-01-19 08:00:00,310.0,10.0,1.1,20
2021-01-19 09:00:00,311.0,10.3,1.7,20
2021-01-19 10:00:00,317.0,11.7,1.0,20
2021-01-19 11:00:00,321.0,12.2,-4.3,20
2021-01-19 12:00:00,313.0,12.1,-0.8,20
2021-01-19 13:00:00,308.0,12.1,2.1,20
2021-01-19 14:00:00,328.0,14.2,-2.7,20
2021-01-19 15:00:00,327.0,13.7,0.0,20
2021-01-19 16:00:00,325.0,13.0,0.2,20
2021-01-19 17:00:00,323.0,14.8,-1.7,20
2021-01-19 18:00:00,332.0,12.6,0.7,20
2021-01-19 19:00:00,326.0,11.1,2.8,20
2021-01-19 20:00:00,322.0,11.8,3.1,20
2021-01-19 21:00:00,318.0,14.0,3.5,20
2021-01-19 22:00:00,317.0,13.2,4.2,20
2021-01-19 23:00:00,314.0,11.1,4.0,20
2021-01-20 00:00:00,309.0,14.6,3.7,21
2021-01-20 01:00:00,320.0,17.5,3.8,21
2021-01-20 02:00:00,327.0,15.2,3.7,21
2021-01-20 03:00:00,328.0,13.4,4.2,21
2021-01-20 04:00:00,331.0,12.3,0.3,21
2021-01-20 05:00:00,339.0,12.7,-0.2,21
2021-01-20 06:00:00,338.0,12.4,-2.1,21
2021-01-20 07:00:00,344.0,9.3,-3.9,21
2021-01-20 08:00:00,341.0,13.6,-3.2,21
2021-01-20 09:00:00,341.0,13.6,-1.0,21
2021-01-20 10:00:00,339.0,11.2,-1.4,21
2021-01-20 11:00:00,343.0,11.9,-0.9,21
2021-01-20 12:00:00,336.0,12.2,-1.6,21
2021-01-20 13:00:00,336.0,9.7,-0.9,21
2021-01-20 14:00:00,335.0,7.3,-2.7,21
2021-01-20 15:00:00,337.0,13.5,-0.1,21
2021-01-20 16:00:00,335.0,12.6,0.7,21
2021-01-20 17:00:00,338.0,11.8,2.4,21
2021-01-20 18:00:00,340.0,12.1,-1.2,21
2021-01-20 19:00:00,350.0,9.8,0.1,21
2021-01-20 20:00:00,346.0,9.7,0.4,21
2021-01-20 21:00:00,350.0,7.6,0.9,21
2021-01-20 22:00:00,351.0,5.7,1.7,21
2021-01-20 23:00:00,346.0,7.8,0.2,21
2021-01-21 00:00:00,337.0,10.2,-0.9,25
2021-01-21 01:00:00,329.0,10.6,-0.6,25
2021-01-21 02:00:00,323.0,10.7,-0.1,25
2021-01-21 03:00:00,319.0,10.2,-0.3,25
2021-01-21 04:00:00,320.0,10.5,-0.1,25
2021-01-21 05:00:00,320.0,10.6,-0.6,25
2021-01-21 06:00:00,322.0,10.8,-0.8,25
2021-01-21 07:00:00,321.0,11.7,0.4,25
2021-01-21 08:00:00,321.0,12.9,0.6,25
2021-01-21 09:00:00,320.0,13.2,0.9,25
2021-01-21 10:00:00,319.0,10.9,-0.6,25
2021-01-21 11:00:00,319.0,11.0,1.6,25
2021-01-21 12:00:00,315.0,11.2,1.4,25
2021-01-21 13:00:00,311.0,9.9,1.1,25
2021-01-21 14:00:00,304.0,8.0,0.4,25
2021-01-21 15:00:00,301.0,7.4,-1.1,25
2021-01-21 16:00:00,302.0,9.4,-0.7,25
2021-01-21 17:00:00,304.0,9.3,1.8,25
2021-01-21 18:00:00,292.0,9.1,-0.3,25
2021-01-21 19:00:00,294.0,9.0,-0.8,25
2021-01-21 20:00:00,296.0,9.0,-0.9,25
2021-01-21 21:00:00,296.0,9.1,-0.3,25
2021-01-21 22:00:00,298.0,9.1,-1.0,25
2021-01-21 23:00:00,299.0,9.5,-0.7,25
2021-01-22 00:00:00,300.0,8.9,-0.8,35
2021-01-22 01:00:00,304.0,8.2,-1.5,35
2021-01-22 02:00:00,301.0,8.1,-1.4,35
2021-01-22 03:00:00,303.0,8.2,-1.7,35
2021-01-22 04:00:00,300.0,8.8,-0.9,35
2021-01-22 05:00:00,298.0,10.7,0.8,35
2021-01-22 06:00:00,301.0,10.2,1.4,35
2021-01-22 07:00:00,302.0,8.8,1.4,35
2021-01-22 08:00:00,301.0,10.5,1.2,35
2021-01-22 09:00:00,305.0,11.9,1.4,35
2021-01-22 10:00:00,308.0,12.2,2.1,35
2021-01-22 11:00:00,310.0,12.3,2.7,35
2021-01-22 12:00:00,307.0,13.2,0.2,35
2021-01-22 13:00:00,306.0,12.2,0.0,35
2021-01-22 14:00:00,311.0,9.0,-0.1,35
2021-01-22 15:00:00,327.0,13.0,-2.0,35
2021-01-22 16:00:00,327.0,13.1,-0.1,35
2021-01-22 17:00:00,330.0,12.3,1.4,35
2021-01-22 18:00:00,335.0,12.5,-0.7,35
2021-01-22 19:00:00,338.0,11.5,2.7,35
2021-01-22 20:00:00,341.0,10.4,2.7,35
2021-01-22 21:00:00,341.0,9.1,-3.0,35
2021-01-22 22:00:00,342.0,8.2,-1.5,35
2021-01-22 23:00:00,341.0,8.3,2.2,35
2021-01-23 00:00:00,338.0,8.8,1.2,32
2021-01-23 01:00:00,336.0,8.8,-1.3,32
2021-01-23 02:00:00,335.0,9.1,0.1,32
2021-01-23 03:00:00,339.0,9.9,0.2,32
2021-01-23 04:00:00,339.0,9.7,1.6,32
2021-01-23 05:00:00,337.0,11.0,-1.5,32
2021-01-23 06:00:00,337.0,12.2,0.3,32
2021-01-23 07:00:00,331.0,12.5,-2.8,32
2021-01-23 08:00:00,332.0,12.3,-4.4,32
2021-01-23 09:00:00,326.0,14.3,-3.3,32
2021-01-23 10:00:00,323.0,12.9,0.7,32
2021-01-23 11:00:00,323.0,13.1,-0.3,32
2021-01-23 12:00:00,323.0,16.2,-6.1,32
2021-01-23 13:00:00,319.0,15.6,-6.1,32
2021-01-23 14:00:00,319.0,14.0,-1.9,32
2021-01-23 15:00:00,320.0,12.1,1.6,32
2021-01-23 16:00:00,324.0,13.6,-1.0,32
2021-01-23 17:00:00,335.0,13.2,-3.3,32
2021-01-23 18:00:00,349.0,16.4,-0.3,32
2021-01-23 19:00:00,348.0,17.0,-2.1,32
2021-01-23 20:00:00,352.0,19.4,-2.7,32
2021-01-23 21:00:00,356.0,9.8,-1.3,32
2021-01-23 22:00:00,372.0,5.8,4.3,32
2021-01-23 23:00:00,381.0,6.3,3.8,32
2021-01-24 00:00:00,391.0,6.2,4.4,23
2021-01-24 01:00:00,372.0,6.2,2.0,23
2021-01-24 02:00:00,367.0,6.0,2.5,23
2021-01-24 03:00:00,360.0,6.7,-2.1,23
2021-01-24 04:00:00,367.0,6.1,-2.5,23
2021-01-24 05:00:00,369.0,4.3,0.6,23
2021-01-24 06:00:00,366.0,4.3,-2.3,23
2021-01-24 07:00:00,362.0,4.1,-1.9,23
2021-01-24 08:00:00,358.0,3.7,0.7,23
2021-01-24 09:00:00,358.0,4.5,-0.1,23
2021-01-24 10:00:00,358.0,4.7,-1.5,23
2021-01-24 11:00:00,356.0,5.1,-1.5,23
2021-01-24 12:00:00,353.0,5.8,-0.1,23
2021-01-24 13:00:00,362.0,8.0,-2.3,23
2021-01-24 14:00:00,368.0,12.2,0.4,23
2021-01-24 15:00:00,377.0,14.0,4.7,23
2021-01-24 16:00:00,389.0,13.5,3.0,23
2021-01-24 17:00:00,388.0,16.3,1.2,23
2021-01-24 18:00:00,376.0,16.8,0.0,23
2021-01-24 19:00:00,363.0,15.0,-0.5,23
2021-01-24 20:00:00,362.0,12.8,0.7,23
2021-01-24 21:00:00,366.0,13.9,-3.6,23
2021-01-24 22:00:00,362.0,12.0,1.4,23
2021-01-24 23:00:00,367.0,11.1,3.7,23
2021-01-25 00:00:00,371.0,10.5,4.1,27
2021-01-25 01:00:00,377.0,7.8,3.7,27
2021-01-25 02:00:00,387.0,8.7,-0.5,27
2021-01-25 03:00:00,397.0,10.7,-0.5,27
2021-01-25 04:00:00,408.0,10.3,6.3,27
2021-01-25 05:00:00,423.0,10.7,2.3,27
2021-01-25 06:00:00,433.0,12.1,-5.2,27
2021-01-25 07:00:00,440.0,11.7,-5.1,27
2021-01-25 08:00:00,482.0,5.9,-6.1,27
2021-01-25 09:00:00,510.0,4.9,-3.5,27
2021-01-25 10:00:00,510.0,4.9,-2.1,27
2021-01-25 11:00:00,506.0,5.6,3.7,27
2021-01-25 12:00:00,498.0,5.6,4.8,27
2021-01-25 13:00:00,471.0,3.5,-0.6,27
2021-01-25 14:00:00,470.0,4.5,-1.0,27
2021-01-25 15:00:00,475.0,5.2,0.3,27
2021-01-25 16:00:00,490.0,5.4,-0.9,27
2021-01-25 17:00:00,496.0,5.7,5.2,27
2021-01-25 18:00:00,490.0,6.0,0.0,27
2021-01-25 19:00:00,503.0,6.7,3.2,27
2021-01-25 20:00:00,495.0,6.5,-1.5,27
2021-01-25 21:00:00,536.0,4.8,-6.1,27
2021-01-25 22:00:00,541.0,5.2,-3.9,27
2021-01-25 23:00:00,529.0,5.3,0.7,27
2021-01-26 00:00:00,536.0,5.4,6.0,17
2021-01-26 01:00:00,573.0,3.8,-0.3,17
2021-01-26 02:00:00,624.0,2.7,-0.1,17
2021-01-26 03:00:00,621.0,2.8,-2.4,17
2021-01-26 04:00:00,607.0,1.9,-0.1,17
2021-01-26 05:00:00,615.0,2.0,0.8,17
2021-01-26 06:00:00,595.0,1.4,2.2,17
2021-01-26 07:00:00,599.0,1.0,0.1,17
2021-01-26 08:00:00,576.0,1.0,-0.5,17
2021-01-26 09:00:00,561.0,1.1,-1.1,17
2021-01-26 10:00:00,542.0,1.4,-1.1,17
2021-01-26 11:00:00,527.0,1.5,-1.1,17
2021-01-26 12:00:00,510.0,1.7,-1.1,17
2021-01-26 13:00:00,487.0,1.6,-0.2,17
2021-01-26 14:00:00,487.0,2.2,-0.1,17
2021-01-26 15:00:00,497.0,3.2,-0.5,17
2021-01-26 16:00:00,519.0,4.1,-1.7,17
2021-01-26 17:00:00,529.0,4.3,-1.3,17
2021-01-26 18:00:00,524.0,3.7,-2.0,17
2021-01-26 19:00:00,525.0,3.2,1.2,17
2021-01-26 20:00:00,528.0,2.7,-0.4,17
2021-01-26 21:00:00,540.0,3.3,-2.1,17
2021-01-26 22:00:00,519.0,2.7,0.7,17
2021-01-26 23:00:00,506.0,2.2,1.1,17
2021-01-27 00:00:00,526.0,2.6,-0.7,20
2021-01-27 01:00:00,537.0,2.9,-0.7,20
2021-01-27 02:00:00,536.0,2.4,1.2,20
2021-01-27 03:00:00,538.0,2.4,-0.5,20
2021-01-27 04:00:00,548.0,2.8,-0.2,20
2021-01-27 05:00:00,544.0,2.2,1.7,20
2021-01-27 06:00:00,557.0,2.6,0.2,20
2021-01-27 07:00:00,546.0,2.9,1.2,20
2021-01-27 08:00:00,548.0,2.7,-0.1,20
2021-01-27 09:00:00,543.0,2.7,0.1,20
2021-01-27 10:00:00,550.0,2.9,-2.5,20
2021-01-27 11:00:00,534.0,2.7,0.0,20
2021-01-27 12:00:00,543.0,2.5,-0.5,20
2021-01-27 13:00:00,548.0,2.3,-0.4,20
2021-01-27 14:00:00,557.0,2.1,0.1,20
2021-01-27 15:00:00,562.0,2.1,-1.5,20
2021-01-27 16:00:00,553.0,2.3,-1.9,20
2021-01-27 17:00:00,537.0,2.3,0.6,20
2021-01-27 18:00:00,518.0,2.3,-0.1,20
2021-01-27 19:00:00,517.0,2.5,-0.3,20
2021-01-27 20:00:00,527.0,2.7,1.5,20
2021-01-27 21:00:00,543.0,2.7,-1.5,20
2021-01-27 22:00:00,534.0,2.6,1.6,20
2021-01-27 23:00:00,530.0,2.3,3.0,20
2021-01-28 00:00:00,532.0,2.4,-0.5,7
2021-01-28 01:00:00,529.0,2.0,-2.0,7
2021-01-28 02:00:00,515.0,1.9,-1.6,7
2021-01-28 03:00:00,511.0,1.8,-1.4,7
2021-01-28 04:00:00,495.0,1.7,-0.1,7
2021-01-28 05:00:00,483.0,1.6,0.5,7
2021-01-28 06:00:00,478.0,1.6,0.1,7
2021-01-28 07:00:00,476.0,2.1,-1.0,7
2021-01-28 08:00:00,457.0,2.0,0.3,7
2021-01-28 09:00:00,450.0,2.0,0.7,7
2021-01-28 10:00:00,452.0,2.0,1.2,7
2021-01-28 11:00:00,442.0,1.8,1.5,7
2021-01-28 12:00:00,438.0,1.8,1.5,7
2021-01-28 13:00:00,439.0,2.0,1.1,7
2021-01-28 14:00:00,432.0,2.0,1.1,7
2021-01-28 15:00:00,425.0,1.6,1.3,7
2021-01-28 16:00:00,405.0,2.5,0.8,7
2021-01-28 17:00:00,399.0,2.6,1.1,7
2021-01-28 18:00:00,397.0,2.7,1.6,7
2021-01-28 19:00:00,407.0,2.9,2.0,7
2021-01-28 20:00:00,403.0,3.1,1.6,7
2021-01-28 21:00:00,402.0,3.3,0.9,7
2021-01-28 22:00:00,391.0,3.1,0.4,7
2021-01-28 23:00:00,388.0,3.1,1.2,7
2021-01-29 00:00:00,390.0,3.2,1.0,0
2021-01-29 01:00:00,402.0,3.1,-0.3,0
2021-01-29 02:00:00,400.0,3.5,0.1,0
2021-01-29 03:00:00,401.0,3.5,-0.2,0
2021-01-29 04:00:00,395.0,3.5,-1.3,0
2021-01-29 05:00:00,390.0,3.5,-0.4,0
2021-01-29 06:00:00,389.0,3.7,-1.1,0
2021-01-29 07:00:00,394.0,3.7,-0.4,0
2021-01-29 08:00:00,386.0,3.7,-0.2,0
2021-01-29 09:00:00,371.0,3.9,-0.2,0
2021-01-29 10:00:00,365.0,4.0,-0.7,0
2021-01-29 11:00:00,370.0,4.3,-0.5,0
2021-01-29 12:00:00,365.0,4.3,-0.4,0
2021-01-29 13:00:00,369.0,4.4,-0.4,0
2021-01-29 14:00:00,361.0,4.5,0.0,0
2021-01-29 15:00:00,369.0,4.6,-1.3,0
2021-01-29 16:00:00,370.0,4.4,-0.6,0
2021-01-29 17:00:00,364.0,4.3,-1.0,0
2021-01-29 18:00:00,363.0,4.4,-0.1,0
2021-01-29 19:00:00,352.0,4.4,-0.2,0
2021-01-29 20:00:00,353.0,4.6,-0.8,0
2021-01-29 21:00:00,349.0,4.8,-0.5,0
2021-01-29 22:00:00,345.0,4.7,0.2,0
2021-01-29 23:00:00,339.0,4.5,0.5,0
2021-01-30 00:00:00,342.0,4.4,1.2,0
2021-01-30 01:00:00,337.0,4.5,0.4,0
2021-01-30 02:00:00,335.0,4.4,-1.8,0
2021-01-30 03:00:00,333.0,4.7,-0.4,0
2021-01-30 04:00:00,329.0,4.4,0.8,0
2021-01-30 05:00:00,333.0,4.5,0.7,0
2021-01-30 06:00:00,330.0,4.6,-0.3,0
2021-01-30 07:00:00,333.0,4.7,-0.4,0
2021-01-30 08:00:00,325.0,4.7,0.2,0
2021-01-30 09:00:00,338.0,4.8,-1.0,0
2021-01-30 10:00:00,335.0,4.8,-0.2,0
2021-01-30 11:00:00,332.0,5.0,-0.8,0
2021-01-30 12:00:00,339.0,5.5,-1.2,0
2021-01-30 13:00:00,324.0,5.6,-0.5,0
2021-01-30 14:00:00,323.0,5.5,-0.7,0
2021-01-30 15:00:00,331.0,5.5,-1.2,0
2021-01-30 16:00:00,327.0,5.6,-1.7,0
2021-01-30 17:00:00,314.0,5.6,0.2,0
2021-01-30 18:00:00,314.0,5.5,0.0,0
2021-01-30 19:00:00,310.0,5.6,0.8,0
2021-01-30 20:00:00,313.0,6.0,0.4,0
2021-01-30 21:00:00,314.0,6.5,-0.3,0
2021-01-30 22:00:00,309.0,7.2,-0.1,0
2021-01-30 23:00:00,310.0,7.4,0.3,0
2021-01-31 00:00:00,309.0,8.1,0.3,0
2021-01-31 01:00:00,304.0,8.9,0.0,0
2021-01-31 02:00:00,305.0,9.7,-0.3,0
2021-01-31 03:00:00,306.0,10.0,0.7,0
2021-01-31 04:00:00,307.0,10.6,0.4,0
2021-01-31 05:00:00,307.0,10.7,0.1,0
2021-01-31 06:00:00,307.0,9.6,1.4,0
2021-01-31 07:00:00,307.0,10.1,1.6,0
2021-01-31 08:00:00,309.0,10.1,1.2,0
2021-01-31 09:00:00,312.0,9.7,1.3,0
2021-01-31 10:00:00,312.0,9.7,3.3,0
2021-01-31 11:00:00,308.0,9.9,2.7,0
2021-01-31 12:00:00,311.0,11.6,1.2,0
2021-01-31 13:00:00,312.0,12.3,1.4,0
2021-01-31 14:00:00,312.0,13.4,0.3,0
2021-01-31 15:00:00,314.0,13.1,0.6,0
2021-01-31 16:00:00,319.0,11.1,2.5,0
2021-01-31 17:00:00,322.0,10.9,1.8,0
2021-01-31 18:00:00,322.0,10.7,2.3,0
2021-01-31 19:00:00,322.0,10.5,2.6,0
2021-01-31 20:00:00,321.0,9.1,2.9,0
2021-01-31 21:00:00,324.0,8.8,0.7,0
2021-01-31 22:00:00,331.0,9.5,-2.0,0
2021-01-31 23:00:00,332.0,9.5,-1.5,0
2021-02-01 00:00:00,332.0,9.0,-2.9,0
2021-02-01 01:00:00,332.0,9.1,-2.6,0
2021-02-01 02:00:00,329.0,9.0,-2.3,0
2021-02-01 03:00:00,326.0,9.6,-3.5,0
2021-02-01 04:00:00,324.0,9.2,-1.4,0
2021-02-01 05:00:00,321.0,9.0,-0.5,0
2021-02-01 06:00:00,319.0,8.4,1.8,0
2021-02-01 07:00:00,319.0,8.9,0.9,0
2021-02-01 08:00:00,317.0,9.9,0.6,0
2021-02-01 09:00:00,318.0,9.8,2.2,0
2021-02-01 10:00:00,320.0,10.3,-0.9,0
2021-02-01 11:00:00,317.0,9.9,-1.0,0
2021-02-01 12:00:00,320.0,10.3,-2.9,0
2021-02-01 13:00:00,320.0,11.2,-0.3,0
2021-02-01 14:00:00,326.0,,-3.8,0
2021-02-01 15:00:00,325.0,,-4.3,0
2021-02-01 16:00:00,330.0,,-4.0,0
2021-02-01 17:00:00,331.0,14.0,1.6,0
2021-02-01 18:00:00,331.0,15.4,-2.1,0
2021-02-01 19:00:00,330.0,16.0,-3.8,0
2021-02-01 20:00:00,334.0,19.5,-1.5,0
2021-02-01 21:00:00,340.0,23.9,5.1,0
2021-02-01 22:00:00,338.0,24.5,1.0,0
2021-02-01 23:00:00,345.0,31.1,-1.7,0
2021-02-02 00:00:00,366.0,48.7,-1.7,9
2021-02-02 01:00:00,383.0,24.6,5.8,9
2021-02-02 02:00:00,392.0,22.4,-4.9,9
2021-02-02 03:00:00,409.0,19.1,7.1,9
2021-02-02 04:00:00,431.0,14.7,2.8,9
2021-02-02 05:00:00,419.0,14.0,-2.7,9
2021-02-02 06:00:00,436.0,15.3,0.0,9
2021-02-02 07:00:00,467.0,12.7,3.9,9
2021-02-02 08:00:00,488.0,11.0,2.8,9
2021-02-02 09:00:00,508.0,9.7,-0.7,9
2021-02-02 10:00:00,538.0,6.6,1.7,9
2021-02-02 11:00:00,530.0,6.5,0.7,9
2021-02-02 12:00:00,523.0,6.1,-2.6,9
2021-02-02 13:00:00,519.0,5.9,-2.2,9
2021-02-02 14:00:00,508.0,5.1,-1.5,9
2021-02-02 15:00:00,512.0,5.4,2.1,9
2021-02-02 16:00:00,538.0,4.7,2.6,9
2021-02-02 17:00:00,525.0,4.5,3.4,9
2021-02-02 18:00:00,540.0,4.7,4.7,9
2021-02-02 19:00:00,525.0,4.1,4.9,9
2021-02-02 20:00:00,526.0,4.4,4.2,9
2021-02-02 21:00:00,519.0,5.1,2.1,9
2021-02-02 22:00:00,516.0,5.2,1.9,9
2021-02-02 23:00:00,528.0,3.7,4.0,9
2021-02-03 00:00:00,558.0,4.6,-1.4,7
2021-02-03 01:00:00,558.0,3.9,2.6,7
2021-02-03 02:00:00,555.0,3.7,1.4,7
2021-02-03 03:00:00,580.0,3.6,1.2,7
2021-02-03 04:00:00,553.0,2.9,2.5,7
2021-02-03 05:00:00,582.0,3.9,2.2,7
2021-02-03 06:00:00,597.0,4.0,1.4,7
2021-02-03 07:00:00,571.0,3.9,1.1,7
2021-02-03 08:00:00,545.0,3.6,2.6,7
2021-02-03 09:00:00,541.0,4.0,2.4,7
2021-02-03 10:00:00,540.0,4.2,2.7,7
2021-02-03 11:00:00,538.0,4.1,2.2,7
2021-02-03 12:00:00,534.0,4.7,2.9,7
2021-02-03 13:00:00,538.0,4.9,4.1,7
2021-02-03 14:00:00,536.0,5.0,2.4,7
2021-02-03 15:00:00,531.0,3.9,-1.3,7
2021-02-03 16:00:00,520.0,4.1,1.1,7
2021-02-03 17:00:00,505.0,4.7,-1.2,7
2021-02-03 18:00:00,498.0,5.8,-4.2,7
2021-02-03 19:00:00,497.0,5.5,-1.1,7
2021-02-03 20:00:00,486.0,5.0,-0.8,7
2021-02-03 21:00:00,499.0,5.4,2.7,7
2021-02-03 22:00:00,489.0,5.7,1.5,7
2021-02-03 23:00:00,489.0,6.0,1.6,7
2021-02-04 00:00:00,493.0,4.8,-0.3,0
2021-02-04 01:00:00,484.0,4.6,-0.3,0
2021-02-04 02:00:00,475.0,5.3,0.0,0
2021-02-04 03:00:00,492.0,3.8,-0.6,0
2021-02-04 04:00:00,504.0,2.8,-1.8,0
2021-02-04 05:00:00,499.0,3.2,0.4,0
2021-02-04 06:00:00,514.0,3.3,-0.3,0
2021-02-04 07:00:00,514.0,3.5,-0.5,0
2021-02-04 08:00:00,502.0,3.4,0.6,0
2021-02-04 09:00:00,502.0,3.5,-0.5,0
2021-02-04 10:00:00,490.0,3.4,1.1,0
2021-02-04 11:00:00,474.0,3.4,-1.6,0
2021-02-04 12:00:00,473.0,3.1,-1.8,0
2021-02-04 13:00:00,461.0,3.1,-0.1,0
2021-02-04 14:00:00,456.0,2.9,1.7,0
2021-02-04 15:00:00,457.0,3.0,2.2,0
2021-02-04 16:00:00,456.0,3.2,2.5,0
2021-02-04 17:00:00,448.0,3.2,2.0,0
2021-02-04 18:00:00,443.0,3.1,1.5,0
2021-02-04 19:00:00,444.0,3.4,-0.1,0
2021-02-04 20:00:00,441.0,3.1,0.8,0
2021-02-04 21:00:00,439.0,3.2,0.3,0
2021-02-04 22:00:00,457.0,3.4,0.7,0
2021-02-04 23:00:00,440.0,3.3,0.2,0
2021-02-05 00:00:00,445.0,3.3,-1.4,0
2021-02-05 01:00:00,430.0,3.2,-0.2,0
2021-02-05 02:00:00,430.0,3.3,-1.5,0
2021-02-05 03:00:00,436.0,3.3,-1.8,0
2021-02-05 04:00:00,417.0,2.4,-0.8,0
2021-02-05 05:00:00,410.0,2.4,-0.5,0
2021-02-05 06:00:00,403.0,2.5,-0.9,0
2021-02-05 07:00:00,402.0,2.3,-1.4,0
2021-02-05 08:00:00,405.0,2.8,-1.9,0
2021-02-05 09:00:00,407.0,2.2,-1.6,0
2021-02-05 10:00:00,408.0,2.5,-1.5,0
2021-02-05 11:00:00,400.0,2.5,-1.0,0
2021-02-05 12:00:00,406.0,3.1,-2.7,0
2021-02-05 13:00:00,403.0,3.3,-1.3,0
2021-02-05 14:00:00,392.0,2.9,-0.4,0
2021-02-05 15:00:00,387.0,2.8,-0.9,0
2021-02-05 16:00:00,383.0,2.7,-0.8,0
2021-02-05 17:00:00,382.0,2.8,-1.0,0
2021-02-05 18:00:00,385.0,2.8,-1.8,0
2021-02-05 19:00:00,386.0,3.0,-1.8,0
2021-02-05 20:00:00,385.0,3.1,-1.1,0
2021-02-05 21:00:00,398.0,3.8,-0.6,0
2021-02-05 22:00:00,398.0,4.1,0.2,0
2021-02-05 23:00:00,401.0,4.3,0.7,0
2021-02-06 00:00:00,384.0,4.0,1.2,0
2021-02-06 01:00:00,380.0,4.0,1.2,0
2021-02-06 02:00:00,372.0,3.6,1.5,0
2021-02-06 03:00:00,365.0,3.1,0.9,0
2021-02-06 04:00:00,365.0,3.3,0.9,0
2021-02-06 05:00:00,364.0,3.1,1.6,0
2021-02-06 06:00:00,368.0,3.6,1.2,0
2021-02-06 07:00:00,370.0,3.6,2.0,0
2021-02-06 08:00:00,369.0,4.2,1.7,0
2021-02-06 09:00:00,365.0,3.8,1.8,0
2021-02-06 10:00:00,369.0,4.7,0.3,0
2021-02-06 11:00:00,374.0,5.4,0.9,0
2021-02-06 12:00:00,364.0,5.2,-1.4,0
2021-02-06 13:00:00,379.0,7.4,-0.2,0
2021-02-06 14:00:00,397.0,11.7,-0.6,0
2021-02-06 15:00:00,394.0,13.6,-0.3,0
2021-02-06 16:00:00,376.0,16.9,-3.4,0
2021-02-06 17:00:00,376.0,17.4,-2.3,0
2021-02-06 18:00:00,417.0,9.9,-7.2,0
2021-02-06 19:00:00,425.0,13.3,-2.5,0
2021-02-06 20:00:00,459.0,9.3,3.9,0
2021-02-06 21:00:00,442.0,8.0,1.3,0
2021-02-06 22:00:00,454.0,12.0,4.7,0
2021-02-06 23:00:00,466.0,15.3,5.3,0
2021-02-07 00:00:00,487.0,11.9,-1.7,0
2021-02-07 01:00:00,497.0,11.2,-2.6,0
2021-02-07 02:00:00,498.0,13.7,-2.7,0
2021-02-07 03:00:00,507.0,9.4,-5.5,0
2021-02-07 04:00:00,523.0,6.7,-7.1,0
2021-02-07 05:00:00,529.0,7.6,3.3,0
2021-02-07 06:00:00,517.0,7.6,1.2,0
2021-02-07 07:00:00,519.0,6.8,-3.8,0
2021-02-07 08:00:00,526.0,6.0,-2.6,0
2021-02-07 09:00:00,520.0,4.7,-3.8,0
2021-02-07 10:00:00,499.0,4.5,-4.3,0
2021-02-07 11:00:00,493.0,4.7,-0.4,0
2021-02-07 12:00:00,517.0,3.7,1.6,0
2021-02-07 13:00:00,512.0,2.9,0.5,0
2021-02-07 14:00:00,515.0,2.8,0.0,0
2021-02-07 15:00:00,538.0,3.1,0.0,0
2021-02-07 16:00:00,545.0,3.1,0.0,0
2021-02-07 17:00:00,543.0,3.2,0.5,0
2021-02-07 18:00:00,544.0,3.6,1.4,0
2021-02-07 19:00:00,535.0,4.1,1.2,0
2021-02-07 20:00:00,535.0,4.2,1.1,0
2021-02-07 21:00:00,520.0,3.8,0.2,0
2021-02-07 22:00:00,525.0,3.9,0.9,0
2021-02-07 23:00:00,528.0,3.8,0.7,0
2021-02-08 00:00:00,538.0,3.5,0.5,2
2021-02-08 01:00:00,542.0,3.3,0.4,2
2021-02-08 02:00:00,524.0,3.6,-0.4,2
2021-02-08 03:00:00,499.0,3.9,0.3,2
2021-02-08 04:00:00,495.0,3.7,0.1,2
2021-02-08 05:00:00,490.0,3.8,0.3,2
2021-02-08 06:00:00,476.0,3.8,1.0,2
2021-02-08 07:00:00,469.0,3.6,-1.2,2
2021-02-08 08:00:00,465.0,3.2,-1.6,2
2021-02-08 09:00:00,456.0,3.9,-1.9,2
2021-02-08 10:00:00,454.0,3.3,-1.2,2
2021-02-08 11:00:00,443.0,4.1,-0.5,2
2021-02-08 12:00:00,414.0,5.1,1.5,2
2021-02-08 13:00:00,405.0,5.7,0.9,2
2021-02-08 14:00:00,407.0,6.1,1.1,2
2021-02-08 15:00:00,404.0,6.4,-1.0,2
2021-02-08 16:00:00,419.0,7.4,-1.6,2
2021-02-08 17:00:00,419.0,8.0,0.7,2
2021-02-08 18:00:00,418.0,9.1,2.6,2
2021-02-08 19:00:00,424.0,8.9,1.3,2
2021-02-08 20:00:00,445.0,8.6,-4.9,2
2021-02-08 21:00:00,464.0,6.4,-1.8,2
2021-02-08 22:00:00,469.0,6.5,-1.3,2
2021-02-08 23:00:00,466.0,6.3,1.2,2
2021-02-09 00:00:00,459.0,6.1,-1.7,2
2021-02-09 01:00:00,460.0,6.1,1.9,2
2021-02-09 02:00:00,447.0,5.9,1.7,2
2021-02-09 03:00:00,449.0,4.8,1.3,2
2021-02-09 04:00:00,404.0,2.8,0.5,2
2021-02-09 05:00:00,411.0,3.1,-0.6,2
2021-02-09 06:00:00,442.0,3.1,-1.1,2
2021-02-09 07:00:00,446.0,2.9,-2.2,2
2021-02-09 08:00:00,431.0,2.4,-1.4,2
2021-02-09 09:00:00,477.0,3.0,-1.2,2
2021-02-09 10:00:00,473.0,2.5,0.6,2
2021-02-09 11:00:00,460.0,2.2,2.0,2
2021-02-09 12:00:00,462.0,2.6,2.0,2
2021-02-09 13:00:00,458.0,2.5,0.9,2
2021-02-09 14:00:00,453.0,2.3,0.2,2
2021-02-09 15:00:00,448.0,2.3,-0.2,2
2021-02-09 16:00:00,446.0,2.6,0.4,2
2021-02-09 17:00:00,444.0,2.6,0.2,2
2021-02-09 18:00:00,423.0,2.0,1.3,2
2021-02-09 19:00:00,410.0,1.8,1.6,2
2021-02-09 20:00:00,408.0,2.1,0.7,2
2021-02-09 21:00:00,406.0,2.3,0.2,2
2021-02-09 22:00:00,413.0,2.3,0.8,2
2021-02-09 23:00:00,400.0,2.0,0.1,2
2021-02-10 00:00:00,390.0,2.2,-0.2,0
2021-02-10 01:00:00,405.0,2.5,0.0,0
2021-02-10 02:00:00,432.0,3.1,3.3,0
2021-02-10 03:00:00,416.0,3.4,2.4,0
2021-02-10 04:00:00,412.0,3.3,2.5,0
2021-02-10 05:00:00,406.0,3.6,0.8,0
2021-02-10 06:00:00,426.0,3.7,0.8,0
2021-02-10 07:00:00,433.0,4.0,-1.7,0
2021-02-10 08:00:00,412.0,3.6,0.1,0
2021-02-10 09:00:00,415.0,3.5,0.0,0
2021-02-10 10:00:00,417.0,3.3,-0.9,0
2021-02-10 11:00:00,424.0,3.5,-1.7,0
2021-02-10 12:00:00,413.0,3.2,-1.2,0
2021-02-10 13:00:00,399.0,2.6,-1.4,0
2021-02-10 14:00:00,386.0,2.3,-1.3,0
2021-02-10 15:00:00,387.0,2.8,-1.3,0
2021-02-10 16:00:00,380.0,2.0,-1.2,0
2021-02-10 17:00:00,342.0,1.9,-0.4,0
2021-02-10 18:00:00,332.0,2.3,-0.3,0
2021-02-10 19:00:00,347.0,1.8,0.0,0
2021-02-10 20:00:00,341.0,2.3,0.1,0
2021-02-10 21:00:00,328.0,2.4,0.0,0
2021-02-10 22:00:00,334.0,2.4,-0.7,0
2021-02-10 23:00:00,332.0,2.6,-0.9,0
2021-02-11 00:00:00,333.0,3.3,-1.1,0
2021-02-11 01:00:00,332.0,4.5,-1.4,0
2021-02-11 02:00:00,331.0,5.3,-1.4,0
2021-02-11 03:00:00,334.0,5.9,-2.0,0
2021-02-11 04:00:00,340.0,6.7,-0.8,0
2021-02-11 05:00:00,339.0,7.8,-0.4,0
2021-02-11 06:00:00,336.0,7.8,-2.0,0
2021-02-11 07:00:00,336.0,8.3,-3.6,0
2021-02-11 08:00:00,336.0,7.9,-3.9,0
2021-02-11 09:00:00,337.0,9.0,-2.7,0
2021-02-11 10:00:00,335.0,8.1,-0.4,0
2021-02-11 11:00:00,340.0,11.6,2.1,0
2021-02-11 12:00:00,344.0,13.0,2.5,0
2021-02-11 13:00:00,346.0,12.5,2.4,0
2021-02-11 14:00:00,340.0,12.6,2.5,0
2021-02-11 15:00:00,340.0,10.5,2.9,0
2021-02-11 16:00:00,344.0,9.3,3.5,0
2021-02-11 17:00:00,342.0,4.9,4.1,0
2021-02-11 18:00:00,339.0,7.3,3.7,0
2021-02-11 19:00:00,335.0,7.5,3.0,0
2021-02-11 20:00:00,331.0,8.0,1.5,0
2021-02-11 21:00:00,334.0,8.0,2.3,0
2021-02-11 22:00:00,338.0,7.9,3.7,0
2021-02-11 23:00:00,346.0,8.8,4.1,0
2021-02-12 00:00:00,350.0,9.1,4.3,0
2021-02-12 01:00:00,340.0,8.8,3.1,0
2021-02-12 02:00:00,337.0,9.8,0.7,0
2021-02-12 03:00:00,332.0,9.0,0.1,0
2021-02-12 04:00:00,337.0,9.5,0.0,0
2021-02-12 05:00:00,339.0,9.2,-0.7,0
2021-02-12 06:00:00,338.0,9.9,0.7,0
2021-02-12 07:00:00,337.0,9.8,1.1,0
2021-02-12 08:00:00,337.0,10.0,0.3,0
2021-02-12 09:00:00,329.0,7.9,-0.1,0
2021-02-12 10:00:00,328.0,8.6,-0.5,0
2021-02-12 11:00:00,327.0,9.1,-0.4,0
2021-02-12 12:00:00,328.0,8.2,-0.9,0
2021-02-12 13:00:00,325.0,7.6,0.8,0
2021-02-12 14:00:00,317.0,7.4,-1.1,0
2021-02-12 15:00:00,312.0,7.3,-1.4,0
2021-02-12 16:00:00,322.0,9.3,-2.7,0
2021-02-12 17:00:00,327.0,11.3,-4.6,0
2021-02-12 18:00:00,331.0,11.6,-4.0,0
2021-02-12 19:00:00,343.0,12.9,-4.0,0
2021-02-12 20:00:00,340.0,11.4,-0.4,0
2021-02-12 21:00:00,340.0,11.1,-2.6,0
2021-02-12 22:00:00,337.0,11.0,-0.7,0
2021-02-12 23:00:00,341.0,10.5,-3.1,0
2021-02-13 00:00:00,346.0,11.9,0.9,0
2021-02-13 01:00:00,366.0,16.3,-3.4,0
2021-02-13 02:00:00,377.0,23.4,6.4,0
2021-02-13 03:00:00,393.0,19.8,2.5,0
2021-02-13 04:00:00,433.0,16.5,1.3,0
2021-02-13 05:00:00,498.0,8.8,3.0,0
2021-02-13 06:00:00,507.0,8.8,1.7,0
2021-02-13 07:00:00,494.0,8.9,1.8,0
2021-02-13 08:00:00,524.0,8.8,1.2,0
2021-02-13 09:00:00,508.0,6.7,-4.5,0
2021-02-13 10:00:00,503.0,7.9,-4.9,0
2021-02-13 11:00:00,504.0,7.1,2.6,0
2021-02-13 12:00:00,507.0,6.7,-0.6,0
2021-02-13 13:00:00,489.0,6.7,-0.2,0
2021-02-13 14:00:00,499.0,6.6,-0.9,0
2021-02-13 15:00:00,482.0,6.0,0.2,0
2021-02-13 16:00:00,466.0,5.1,0.3,0
2021-02-13 17:00:00,469.0,3.0,0.8,0
2021-02-13 18:00:00,464.0,3.0,0.9,0
2021-02-13 19:00:00,462.0,2.9,0.0,0
2021-02-13 20:00:00,455.0,2.3,-0.8,0
2021-02-13 21:00:00,467.0,2.2,-2.9,0
2021-02-13 22:00:00,466.0,1.6,-0.9,0
2021-02-13 23:00:00,447.0,1.4,-0.3,0
2021-02-14 00:00:00,452.0,1.9,-0.7,0
2021-02-14 01:00:00,442.0,1.6,-0.3,0
2021-02-14 02:00:00,453.0,2.2,-2.0,0
2021-02-14 03:00:00,443.0,2.1,-1.4,0
2021-02-14 04:00:00,442.0,2.0,-1.4,0
2021-02-14 05:00:00,426.0,2.9,-0.9,0
2021-02-14 06:00:00,419.0,3.3,-0.6,0
2021-02-14 07:00:00,402.0,3.9,-0.4,0
2021-02-14 08:00:00,398.0,4.0,0.0,0
2021-02-14 09:00:00,393.0,4.4,0.1,0
2021-02-14 10:00:00,385.0,4.7,-1.0,0
2021-02-14 11:00:00,365.0,4.9,-0.6,0
2021-02-14 12:00:00,365.0,4.5,-1.1,0
2021-02-14 13:00:00,367.0,4.0,-2.0,0
2021-02-14 14:00:00,364.0,4.0,-0.6,0
2021-02-14 15:00:00,367.0,3.4,0.7,0
2021-02-14 16:00:00,351.0,3.9,0.5,0
2021-02-14 17:00:00,356.0,3.8,-0.6,0
2021-02-14 18:00:00,350.0,4.0,-0.2,0
2021-02-14 19:00:00,357.0,3.0,1.0,0
2021-02-14 20:00:00,348.0,3.4,1.1,0
2021-02-14 21:00:00,339.0,3.9,1.4,0
2021-02-14 22:00:00,335.0,3.8,0.4,0
2021-02-14 23:00:00,329.0,3.4,1.2,0
2021-02-15 00:00:00,322.0,3.5,0.8,0
2021-02-15 01:00:00,323.0,3.7,0.6,0
2021-02-15 02:00:00,332.0,3.7,-0.3,0
2021-02-15 03:00:00,334.0,3.9,-0.2,0
2021-02-15 04:00:00,335.0,4.2,-0.4,0
2021-02-15 05:00:00,334.0,4.1,-1.5,0
2021-02-15 06:00:00,334.0,3.5,-1.9,0
2021-02-15 07:00:00,334.0,3.5,-0.9,0
2021-02-15 08:00:00,337.0,4.3,-1.1,0
2021-02-15 09:00:00,336.0,5.1,0.6,0
2021-02-15 10:00:00,331.0,6.6,-1.2,0
2021-02-15 11:00:00,328.0,7.6,-0.1,0
2021-02-15 12:00:00,330.0,7.9,-0.6,0
2021-02-15 13:00:00,331.0,9.5,-1.0,0
2021-02-15 14:00:00,341.0,10.6,-2.2,0
2021-02-15 15:00:00,338.0,11.0,-0.1,0
2021-02-15 16:00:00,340.0,12.4,0.1,0
2021-02-15 17:00:00,341.0,13.2,1.2,0
2021-02-15 18:00:00,340.0,13.8,-2.1,0
2021-02-15 19:00:00,336.0,12.8,1.7,0
2021-02-15 20:00:00,346.0,12.1,-2.7,0
2021-02-15 21:00:00,347.0,12.1,-5.7,0
2021-02-15 22:00:00,341.0,10.1,2.0,0
2021-02-15 23:00:00,335.0,9.8,3.1,0
2021-02-16 00:00:00,332.0,12.0,2.6,0
2021-02-16 01:00:00,336.0,11.8,7.4,0
2021-02-16 02:00:00,339.0,13.0,5.6,0
2021-02-16 03:00:00,342.0,16.7,-1.4,0
2021-02-16 04:00:00,354.0,15.0,-4.4,0
2021-02-16 05:00:00,356.0,10.8,-4.1,0
2021-02-16 06:00:00,366.0,9.5,-6.7,0
2021-02-16 07:00:00,361.0,10.5,-5.8,0
2021-02-16 08:00:00,358.0,11.0,-6.6,0
2021-02-16 09:00:00,348.0,12.6,-5.1,0
2021-02-16 10:00:00,349.0,14.9,-2.4,0
2021-02-16 11:00:00,356.0,16.7,-0.3,0
2021-02-16 12:00:00,354.0,16.0,-2.5,0
2021-02-16 13:00:00,357.0,15.2,-3.2,0
2021-02-16 14:00:00,359.0,17.2,-2.5,0
2021-02-16 15:00:00,360.0,17.0,-2.0,0
2021-02-16 16:00:00,393.0,8.7,5.6,0
2021-02-16 17:00:00,413.0,8.3,2.5,0
2021-02-16 18:00:00,412.0,7.1,6.4,0
2021-02-16 19:00:00,414.0,7.2,5.1,0
2021-02-16 20:00:00,423.0,5.8,4.2,0
2021-02-16 21:00:00,431.0,7.2,3.2,0
2021-02-16 22:00:00,418.0,8.6,3.5,0
2021-02-16 23:00:00,422.0,8.8,0.5,0
2021-02-17 00:00:00,415.0,8.0,2.6,0
2021-02-17 01:00:00,409.0,7.3,3.5,0
2021-02-17 02:00:00,414.0,7.7,2.3,0
2021-02-17 03:00:00,416.0,5.2,0.7,0
2021-02-17 04:00:00,424.0,2.8,-0.1,0
2021-02-17 05:00:00,429.0,2.9,-0.4,0
2021-02-17 06:00:00,435.0,3.3,-2.5,0
2021-02-17 07:00:00,430.0,3.1,-1.0,0
2021-02-17 08:00:00,431.0,3.2,-0.9,0
2021-02-17 09:00:00,430.0,3.4,0.6,0
2021-02-17 10:00:00,420.0,3.6,-0.5,0
2021-02-17 11:00:00,423.0,4.3,0.9,0
2021-02-17 12:00:00,425.0,5.0,-1.6,0
2021-02-17 13:00:00,430.0,4.2,-0.2,0
2021-02-17 14:00:00,404.0,3.6,-0.5,0
2021-02-17 15:00:00,397.0,3.5,-0.8,0
2021-02-17 16:00:00,389.0,3.4,-0.2,0
2021-02-17 17:00:00,394.0,3.9,0.4,0
2021-02-17 18:00:00,400.0,5.3,0.6,0
2021-02-17 19:00:00,410.0,5.9,-1.7,0
2021-02-17 20:00:00,414.0,5.8,-1.2,0
2021-02-17 21:00:00,408.0,4.8,-0.2,0
2021-02-17 22:00:00,389.0,3.5,0.4,0
2021-02-17 23:00:00,391.0,3.7,1.1,0
2021-02-18 00:00:00,390.0,4.3,1.2,10
2021-02-18 01:00:00,384.0,4.6,0.7,10
2021-02-18 02:00:00,387.0,3.9,-0.6,10
2021-02-18 03:00:00,384.0,4.3,-0.7,10
2021-02-18 04:00:00,384.0,5.1,0.5,10
2021-02-18 05:00:00,384.0,5.5,1.4,10
2021-02-18 06:00:00,381.0,5.0,1.2,10
2021-02-18 07:00:00,390.0,4.9,-2.5,10
2021-02-18 08:00:00,383.0,4.6,-1.0,10
2021-02-18 09:00:00,380.0,5.2,-1.4,10
2021-02-18 10:00:00,379.0,5.3,0.0,10
2021-02-18 11:00:00,376.0,5.6,1.3,10
2021-02-18 12:00:00,375.0,5.5,1.1,10
2021-02-18 13:00:00,374.0,5.2,2.3,10
2021-02-18 14:00:00,368.0,4.6,1.9,10
2021-02-18 15:00:00,368.0,4.3,2.0,10
2021-02-18 16:00:00,359.0,4.2,2.1,10
2021-02-18 17:00:00,359.0,3.8,2.3,10
2021-02-18 18:00:00,370.0,3.7,1.4,10
2021-02-18 19:00:00,371.0,3.9,1.0,10
2021-02-18 20:00:00,370.0,4.1,0.9,10
2021-02-18 21:00:00,368.0,4.1,1.6,10
2021-02-18 22:00:00,367.0,4.0,-0.1,10
2021-02-18 23:00:00,366.0,4.1,-1.7,10
2021-02-19 00:00:00,369.0,4.5,-1.3,9
2021-02-19 01:00:00,369.0,4.5,-1.4,9
2021-02-19 02:00:00,373.0,5.4,-0.8,9
2021-02-19 03:00:00,375.0,6.3,-0.9,9
2021-02-19 04:00:00,367.0,5.2,-1.4,9
2021-02-19 05:00:00,370.0,5.4,-1.9,9
2021-02-19 06:00:00,382.0,6.9,-3.2,9
2021-02-19 07:00:00,382.0,8.8,-2.1,9
2021-02-19 08:00:00,379.0,9.7,1.4,9
2021-02-19 09:00:00,378.0,10.6,2.9,9
2021-02-19 10:00:00,377.0,11.7,-0.6,9
2021-02-19 11:00:00,380.0,13.7,-3.4,9
2021-02-19 12:00:00,388.0,18.2,-1.1,9
2021-02-19 13:00:00,386.0,21.3,-7.2,9
2021-02-19 14:00:00,391.0,10.6,-6.0,9
2021-02-19 15:00:00,396.0,9.4,-2.8,9
2021-02-19 16:00:00,394.0,10.0,-4.2,9
2021-02-19 17:00:00,393.0,9.7,-2.6,9
2021-02-19 18:00:00,399.0,9.6,1.2,9
2021-02-19 19:00:00,412.0,9.9,-2.4,9
2021-02-19 20:00:00,456.0,9.4,4.6,9
2021-02-19 21:00:00,509.0,8.0,-4.8,9
2021-02-19 22:00:00,503.0,7.0,-0.2,9
2021-02-19 23:00:00,444.0,9.4,2.0,9
2021-02-20 00:00:00,422.0,10.2,7.6,9
2021-02-20 01:00:00,411.0,8.3,7.7,9
2021-02-20 02:00:00,451.0,4.6,7.6,9
2021-02-20 03:00:00,487.0,5.8,6.2,9
2021-02-20 04:00:00,502.0,6.8,-1.1,9
2021-02-20 05:00:00,509.0,7.4,-3.8,9
2021-02-20 06:00:00,494.0,7.5,-2.9,9
2021-02-20 07:00:00,493.0,13.0,-0.8,9
2021-02-20 08:00:00,483.0,11.5,1.2,9
2021-02-20 09:00:00,486.0,9.0,1.8,9
2021-02-20 10:00:00,506.0,7.6,0.5,9
2021-02-20 11:00:00,532.0,6.9,1.9,9
2021-02-20 12:00:00,563.0,7.6,1.3,9
2021-02-20 13:00:00,563.0,7.4,-0.9,9
2021-02-20 14:00:00,568.0,7.1,2.1,9
2021-02-20 15:00:00,577.0,5.7,-1.7,9
2021-02-20 16:00:00,578.0,5.0,-1.9,9
2021-02-20 17:00:00,585.0,4.5,0.3,9
2021-02-20 18:00:00,585.0,4.1,-1.1,9
2021-02-20 19:00:00,588.0,3.8,-1.3,9
2021-02-20 20:00:00,590.0,4.2,-1.9,9
2021-02-20 21:00:00,568.0,3.8,-1.9,9
2021-02-20 22:00:00,557.0,3.5,0.8,9
2021-02-20 23:00:00,546.0,3.2,-0.4,9
2021-02-21 00:00:00,561.0,3.8,0.9,10
2021-02-21 01:00:00,547.0,3.6,1.4,10
2021-02-21 02:00:00,549.0,3.6,0.6,10
2021-02-21 03:00:00,555.0,3.8,-1.3,10
2021-02-21 04:00:00,562.0,3.8,0.2,10
2021-02-21 05:00:00,575.0,4.0,-0.4,10
2021-02-21 06:00:00,555.0,4.2,0.8,10
2021-02-21 07:00:00,558.0,4.3,-1.3,10
2021-02-21 08:00:00,576.0,4.3,-4.3,10
2021-02-21 09:00:00,571.0,3.8,-1.6,10
2021-02-21 10:00:00,567.0,3.3,-0.6,10
2021-02-21 11:00:00,590.0,3.1,-1.5,10
2021-02-21 12:00:00,591.0,3.1,-3.6,10
2021-02-21 13:00:00,603.0,2.9,-3.4,10
2021-02-21 14:00:00,580.0,2.7,0.3,10
2021-02-21 15:00:00,593.0,2.7,3.0,10
2021-02-21 16:00:00,586.0,2.7,1.6,10
2021-02-21 17:00:00,602.0,2.9,0.0,10
2021-02-21 18:00:00,586.0,2.8,2.0,10
2021-02-21 19:00:00,594.0,2.8,3.1,10
2021-02-21 20:00:00,593.0,2.9,3.1,10
2021-02-21 21:00:00,587.0,2.5,3.5,10
2021-02-21 22:00:00,559.0,2.3,1.7,10
2021-02-21 23:00:00,564.0,2.3,-0.4,10
2021-02-22 00:00:00,582.0,2.7,-1.9,16
2021-02-22 01:00:00,588.0,2.8,-0.4,16
2021-02-22 02:00:00,586.0,2.8,-1.1,16
2021-02-22 03:00:00,559.0,2.6,-0.8,16
2021-02-22 04:00:00,573.0,2.8,-1.2,16
2021-02-22 05:00:00,550.0,2.8,-0.7,16
2021-02-22 06:00:00,554.0,2.8,0.1,16
2021-02-22 07:00:00,556.0,2.7,1.2,16
2021-02-22 08:00:00,570.0,2.8,-1.6,16
2021-02-22 09:00:00,587.0,3.0,0.0,16
2021-02-22 10:00:00,566.0,2.8,1.1,16
2021-02-22 11:00:00,562.0,2.9,-1.8,16
2021-02-22 12:00:00,561.0,2.9,0.1,16
2021-02-22 13:00:00,556.0,2.8,-0.3,16
2021-02-22 14:00:00,563.0,3.1,0.3,16
2021-02-22 15:00:00,548.0,3.0,0.4,16
2021-02-22 16:00:00,537.0,2.6,1.3,16
2021-02-22 17:00:00,567.0,2.9,2.9,16
2021-02-22 18:00:00,567.0,3.0,2.2,16
2021-02-22 19:00:00,569.0,3.1,-1.1,16
2021-02-22 20:00:00,565.0,3.2,0.8,16
2021-02-22 21:00:00,568.0,3.4,3.8,16
2021-02-22 22:00:00,563.0,3.6,0.8,16
2021-02-22 23:00:00,556.0,3.5,0.3,16
2021-02-23 00:00:00,564.0,3.4,0.2,36
2021-02-23 01:00:00,573.0,3.4,-0.9,36
2021-02-23 02:00:00,568.0,3.7,0.0,36
2021-02-23 03:00:00,575.0,4.0,0.5,36
2021-02-23 04:00:00,572.0,4.5,1.3,36
2021-02-23 05:00:00,583.0,4.5,-0.4,36
2021-02-23 06:00:00,597.0,3.8,1.0,36
2021-02-23 07:00:00,595.0,3.4,0.2,36
2021-02-23 08:00:00,589.0,3.2,1.3,36
2021-02-23 09:00:00,577.0,3.3,-0.5,36
2021-02-23 10:00:00,564.0,4.3,0.1,36
2021-02-23 11:00:00,568.0,5.1,-1.4,36
2021-02-23 12:00:00,578.0,5.0,-0.9,36
2021-02-23 13:00:00,574.0,4.6,-1.3,36
2021-02-23 14:00:00,575.0,5.3,-0.3,36
2021-02-23 15:00:00,563.0,5.1,1.6,36
2021-02-23 16:00:00,551.0,4.7,0.7,36
2021-02-23 17:00:00,541.0,4.6,0.8,36
2021-02-23 18:00:00,537.0,4.3,1.7,36
2021-02-23 19:00:00,530.0,5.4,1.5,36
2021-02-23 20:00:00,526.0,5.5,0.5,36
2021-02-23 21:00:00,518.0,5.0,-0.5,36
2021-02-23 22:00:00,511.0,5.1,0.1,36
2021-02-23 23:00:00,504.0,5.4,0.7,36
2021-02-24 00:00:00,500.0,5.9,0.5,38
2021-02-24 01:00:00,494.0,5.3,-0.7,38
2021-02-24 02:00:00,490.0,5.9,-0.4,38
2021-02-24 03:00:00,481.0,9.1,0.7,38
2021-02-24 04:00:00,484.0,8.9,0.7,38
2021-02-24 05:00:00,469.0,2.5,-4.5,38
2021-02-24 06:00:00,473.0,3.8,-5.0,38
2021-02-24 07:00:00,472.0,5.7,-5.2,38
2021-02-24 08:00:00,470.0,5.6,-5.1,38
2021-02-24 09:00:00,504.0,3.4,-3.8,38
2021-02-24 10:00:00,495.0,4.4,-1.0,38
2021-02-24 11:00:00,494.0,5.3,-0.3,38
2021-02-24 12:00:00,476.0,4.2,5.0,38
2021-02-24 13:00:00,476.0,4.0,6.1,38
2021-02-24 14:00:00,464.0,4.1,5.3,38
2021-02-24 15:00:00,463.0,5.6,4.0,38
2021-02-24 16:00:00,472.0,5.5,0.0,38
2021-02-24 17:00:00,490.0,7.3,-4.2,38
2021-02-24 18:00:00,486.0,8.4,-1.9,38
2021-02-24 19:00:00,483.0,7.8,-0.9,38
2021-02-24 20:00:00,494.0,6.4,-3.8,38
2021-02-24 21:00:00,498.0,6.1,-4.1,38
2021-02-24 22:00:00,492.0,6.5,-2.0,38
2021-02-24 23:00:00,484.0,6.1,-3.6,38
2021-02-25 00:00:00,480.0,6.5,1.7,34
2021-02-25 01:00:00,484.0,5.5,0.4,34
2021-02-25 02:00:00,481.0,5.5,-3.2,34
2021-02-25 03:00:00,479.0,4.9,-2.9,34
2021-02-25 04:00:00,464.0,4.9,-2.4,34
2021-02-25 05:00:00,462.0,5.1,-2.8,34
2021-02-25 06:00:00,480.0,5.1,-1.2,34
2021-02-25 07:00:00,476.0,5.1,-2.9,34
2021-02-25 08:00:00,465.0,5.1,-3.7,34
2021-02-25 09:00:00,459.0,5.9,-4.0,34
2021-02-25 10:00:00,452.0,6.5,-1.1,34
2021-02-25 11:00:00,451.0,6.3,-1.0,34
2021-02-25 12:00:00,435.0,6.0,1.7,34
2021-02-25 13:00:00,443.0,5.8,1.4,34
2021-02-25 14:00:00,458.0,5.8,2.3,34
2021-02-25 15:00:00,456.0,6.2,-1.8,34
2021-02-25 16:00:00,466.0,5.7,-3.9,34
2021-02-25 17:00:00,450.0,5.5,-1.3,34
2021-02-25 18:00:00,447.0,4.9,-0.1,34
2021-02-25 19:00:00,444.0,4.5,2.3,34
2021-02-25 20:00:00,440.0,4.3,-1.2,34
2021-02-25 21:00:00,452.0,4.0,0.3,34
2021-02-25 22:00:00,462.0,4.1,-1.0,34
2021-02-25 23:00:00,438.0,4.1,0.2,34
2021-02-26 00:00:00,436.0,4.0,1.6,18
2021-02-26 01:00:00,438.0,3.6,0.6,18
2021-02-26 02:00:00,442.0,3.7,-1.0,18
2021-02-26 03:00:00,433.0,3.6,1.1,18
2021-02-26 04:00:00,428.0,3.4,0.0,18
2021-02-26 05:00:00,427.0,3.3,0.1,18
2021-02-26 06:00:00,416.0,2.8,-0.2,18
2021-02-26 07:00:00,416.0,2.9,-0.4,18
2021-02-26 08:00:00,415.0,3.3,-1.6,18
2021-02-26 09:00:00,415.0,3.2,-2.0,18
2021-02-26 10:00:00,406.0,3.1,-2.0,18
2021-02-26 11:00:00,409.0,3.8,-0.7,18
2021-02-26 12:00:00,412.0,4.6,1.1,18
2021-02-26 13:00:00,438.0,4.7,-3.0,18
2021-02-26 14:00:00,428.0,6.3,-0.9,18
2021-02-26 15:00:00,454.0,14.1,0.5,18
2021-02-26 16:00:00,454.0,11.4,0.2,18
2021-02-26 17:00:00,449.0,5.5,1.3,18
2021-02-26 18:00:00,459.0,17.3,0.6,18
2021-02-26 19:00:00,457.0,15.9,-0.2,18
2021-02-26 20:00:00,459.0,14.7,0.2,18
2021-02-26 21:00:00,462.0,12.6,-1.0,18
2021-02-26 22:00:00,459.0,10.8,1.5,18
2021-02-26 23:00:00,458.0,9.9,0.0,18
2021-02-27 00:00:00,456.0,8.8,0.0,17
2021-02-27 01:00:00,454.0,8.7,-0.2,17
2021-02-27 02:00:00,448.0,9.2,-0.9,17
2021-02-27 03:00:00,443.0,9.3,0.1,17
2021-02-27 04:00:00,439.0,9.1,0.0,17
2021-02-27 05:00:00,434.0,8.9,-0.9,17
2021-02-27 06:00:00,427.0,7.8,-0.4,17
2021-02-27 07:00:00,424.0,7.1,0.7,17
2021-02-27 08:00:00,420.0,7.1,0.8,17
2021-02-27 09:00:00,416.0,6.1,0.9,17
2021-02-27 10:00:00,415.0,4.9,0.9,17
2021-02-27 11:00:00,402.0,5.1,-0.7,17
2021-02-27 12:00:00,388.0,5.3,-1.3,17
2021-02-27 13:00:00,390.0,6.3,-2.2,17
2021-02-27 14:00:00,386.0,5.5,0.4,17
2021-02-27 15:00:00,384.0,4.5,0.2,17
2021-02-27 16:00:00,393.0,4.6,0.1,17
2021-02-27 17:00:00,391.0,4.7,1.3,17
2021-02-27 18:00:00,381.0,4.7,0.0,17
2021-02-27 19:00:00,372.0,4.6,0.1,17
2021-02-27 20:00:00,366.0,4.5,-0.6,17
2021-02-27 21:00:00,373.0,5.0,-0.1,17
2021-02-27 22:00:00,373.0,4.8,-0.1,17
2021-02-27 23:00:00,376.0,4.7,0.5,17
2021-02-28 00:00:00,375.0,4.9,0.6,13
2021-02-28 01:00:00,373.0,5.0,0.3,13
2021-02-28 02:00:00,370.0,5.0,0.1,13
2021-02-28 03:00:00,371.0,4.8,0.6,13
2021-02-28 04:00:00,368.0,4.7,0.0,13
2021-02-28 05:00:00,370.0,4.9,-0.1,13
2021-02-28 06:00:00,372.0,5.3,0.4,13
2021-02-28 07:00:00,370.0,5.0,1.4,13
2021-02-28 08:00:00,369.0,5.1,2.0,13
2021-02-28 09:00:00,370.0,5.3,1.8,13
2021-02-28 10:00:00,368.0,5.5,1.0,13
2021-02-28 11:00:00,371.0,6.4,0.6,13
2021-02-28 12:00:00,366.0,6.1,-1.8,13
2021-02-28 13:00:00,367.0,6.9,-0.1,13
2021-02-28 14:00:00,364.0,7.1,-2.3,13
2021-02-28 15:00:00,366.0,7.1,-1.1,13
2021-02-28 16:00:00,362.0,7.3,-2.4,13
2021-02-28 17:00:00,357.0,7.1,-2.4,13
2021-02-28 18:00:00,356.0,6.9,-2.8,13
2021-02-28 19:00:00,354.0,7.2,-3.5,13
2021-02-28 20:00:00,353.0,6.9,-2.8,13
2021-02-28 21:00:00,353.0,7.4,-4.0,13
2021-02-28 22:00:00,364.0,15.0,-0.4,13
2021-02-28 23:00:00,380.0,27.5,4.2,13
2021-03-01 00:00:00,390.0,16.8,-6.8,10
2021-03-01 01:00:00,389.0,21.0,-9.1,10
2021-03-01 02:00:00,383.0,33.3,-3.1,10
2021-03-01 03:00:00,391.0,15.4,-9.2,10
2021-03-01 04:00:00,412.0,7.6,-11.3,10
2021-03-01 05:00:00,456.0,7.5,-9.9,10
2021-03-01 06:00:00,489.0,9.4,-1.2,10
2021-03-01 07:00:00,492.0,10.9,4.4,10
2021-03-01 08:00:00,499.0,9.9,0.6,10
2021-03-01 09:00:00,496.0,6.9,-1.7,10
2021-03-01 10:00:00,500.0,9.1,-1.0,10
2021-03-01 11:00:00,488.0,9.6,1.4,10
2021-03-01 12:00:00,469.0,9.1,-0.8,10
2021-03-01 13:00:00,460.0,8.7,-0.4,10
2021-03-01 14:00:00,437.0,6.9,-1.9,10
2021-03-01 15:00:00,420.0,6.3,-0.7,10
2021-03-01 16:00:00,417.0,5.4,0.1,10
2021-03-01 17:00:00,418.0,3.1,-2.8,10
2021-03-01 18:00:00,394.0,4.6,-1.8,10
2021-03-01 19:00:00,378.0,7.0,-2.0,10
2021-03-01 20:00:00,371.0,7.3,-1.2,10
2021-03-01 21:00:00,378.0,6.4,1.2,10
2021-03-01 22:00:00,370.0,8.2,-1.2,10
2021-03-01 23:00:00,379.0,8.8,-1.1,10
2021-03-02 00:00:00,382.0,8.6,-1.1,16
2021-03-02 01:00:00,383.0,9.2,-0.9,16
2021-03-02 02:00:00,387.0,10.3,-0.3,16
2021-03-02 03:00:00,389.0,9.6,1.9,16
2021-03-02 04:00:00,392.0,8.5,-0.1,16
2021-03-02 05:00:00,405.0,9.0,-0.7,16
2021-03-02 06:00:00,433.0,12.0,-1.2,16
2021-03-02 07:00:00,450.0,20.0,1.4,16
2021-03-02 08:00:00,479.0,11.4,5.8,16
2021-03-02 09:00:00,548.0,8.1,3.9,16
2021-03-02 10:00:00,564.0,10.2,0.5,16
2021-03-02 11:00:00,566.0,9.1,2.6,16
2021-03-02 12:00:00,563.0,7.2,0.8,16
2021-03-02 13:00:00,574.0,7.7,2.9,16
2021-03-02 14:00:00,564.0,8.2,-1.6,16
2021-03-02 15:00:00,549.0,6.8,2.2,16
2021-03-02 16:00:00,571.0,7.0,2.0,16
2021-03-02 17:00:00,597.0,6.5,1.8,16
2021-03-02 18:00:00,616.0,5.1,0.7,16
2021-03-02 19:00:00,622.0,4.3,-2.0,16
2021-03-02 20:00:00,639.0,3.8,-2.2,16
2021-03-02 21:00:00,655.0,4.5,-1.4,16
2021-03-02 22:00:00,651.0,5.0,-0.6,16
2021-03-02 23:00:00,631.0,4.5,3.7,16
2021-03-03 00:00:00,632.0,4.1,2.4,35
2021-03-03 01:00:00,647.0,4.0,0.1,35
2021-03-03 02:00:00,654.0,3.8,0.4,35
2021-03-03 03:00:00,656.0,3.8,-2.3,35
2021-03-03 04:00:00,690.0,3.1,-2.9,35
2021-03-03 05:00:00,662.0,3.2,-2.6,35
2021-03-03 06:00:00,660.0,3.3,-2.2,35
2021-03-03 07:00:00,643.0,3.6,-1.2,35
2021-03-03 08:00:00,658.0,3.6,-0.8,35
2021-03-03 09:00:00,664.0,3.4,-1.1,35
2021-03-03 10:00:00,659.0,3.6,-0.5,35
2021-03-03 11:00:00,641.0,3.6,1.0,35
2021-03-03 12:00:00,630.0,3.5,-0.1,35
2021-03-03 13:00:00,602.0,3.2,0.3,35
2021-03-03 14:00:00,591.0,2.9,1.2,35
2021-03-03 15:00:00,586.0,2.8,0.5,35
2021-03-03 16:00:00,581.0,2.8,0.8,35
2021-03-03 17:00:00,574.0,2.7,1.8,35
2021-03-03 18:00:00,583.0,3.1,2.4,35
2021-03-03 19:00:00,589.0,3.5,0.6,35
2021-03-03 20:00:00,601.0,3.7,0.7,35
2021-03-03 21:00:00,591.0,3.8,2.2,35
2021-03-03 22:00:00,572.0,3.7,2.4,35
2021-03-03 23:00:00,578.0,3.7,-0.1,35
2021-03-04 00:00:00,584.0,3.0,0.0,30
2021-03-04 01:00:00,571.0,2.8,0.4,30
2021-03-04 02:00:00,566.0,2.6,-0.2,30
2021-03-04 03:00:00,559.0,2.4,-0.4,30
2021-03-04 04:00:00,565.0,2.6,-1.0,30
2021-03-04 05:00:00,559.0,2.4,-0.9,30
2021-03-04 06:00:00,560.0,2.2,-0.4,30
2021-03-04 07:00:00,557.0,2.3,0.3,30
2021-03-04 08:00:00,553.0,2.4,1.0,30
2021-03-04 09:00:00,539.0,2.4,0.5,30
2021-03-04 10:00:00,533.0,2.4,1.7,30
2021-03-04 11:00:00,511.0,2.9,2.1,30
2021-03-04 12:00:00,499.0,3.5,3.0,30
2021-03-04 13:00:00,485.0,4.0,0.1,30
2021-03-04 14:00:00,477.0,3.8,-2.0,30
2021-03-04 15:00:00,474.0,3.6,-0.6,30
2021-03-04 16:00:00,466.0,4.0,0.7,30
2021-03-04 17:00:00,472.0,3.6,0.5,30
2021-03-04 18:00:00,474.0,3.7,-1.9,30
2021-03-04 19:00:00,474.0,3.1,-0.8,30
2021-03-04 20:00:00,475.0,2.6,-0.5,30
2021-03-04 21:00:00,482.0,2.1,-0.5,30
2021-03-04 22:00:00,467.0,2.7,-1.0,30
2021-03-04 23:00:00,452.0,3.1,-1.3,30
2021-03-05 00:00:00,448.0,2.6,-1.3,13
2021-03-05 01:00:00,438.0,2.9,-1.1,13
2021-03-05 02:00:00,432.0,3.2,-1.1,13
2021-03-05 03:00:00,418.0,3.6,-0.8,13
2021-03-05 04:00:00,414.0,3.7,-0.8,13
2021-03-05 05:00:00,415.0,4.2,-0.3,13
2021-03-05 06:00:00,421.0,5.0,0.4,13
2021-03-05 07:00:00,412.0,5.6,0.2,13
2021-03-05 08:00:00,402.0,5.2,0.6,13
2021-03-05 09:00:00,404.0,7.0,-1.5,13
2021-03-05 10:00:00,400.0,6.6,-0.6,13
2021-03-05 11:00:00,395.0,6.5,-0.2,13
2021-03-05 12:00:00,384.0,6.3,-0.1,13
2021-03-05 13:00:00,386.0,6.2,0.4,13
2021-03-05 14:00:00,382.0,6.1,1.0,13
2021-03-05 15:00:00,382.0,5.6,1.4,13
2021-03-05 16:00:00,395.0,5.9,2.2,13
2021-03-05 17:00:00,398.0,6.9,2.7,13
2021-03-05 18:00:00,396.0,7.5,0.2,13
2021-03-05 19:00:00,388.0,7.6,-0.1,13
2021-03-05 20:00:00,389.0,8.9,-1.0,13
2021-03-05 21:00:00,388.0,11.1,0.0,13
2021-03-05 22:00:00,383.0,11.8,-0.2,13
2021-03-05 23:00:00,379.0,13.9,0.4,13
2021-03-06 00:00:00,375.0,14.8,0.6,7
2021-03-06 01:00:00,390.0,23.8,-0.8,7
2021-03-06 02:00:00,393.0,33.2,-2.6,7
2021-03-06 03:00:00,398.0,30.4,-2.7,7
2021-03-06 04:00:00,396.0,15.2,0.8,7
2021-03-06 05:00:00,425.0,9.3,-3.0,7
2021-03-06 06:00:00,514.0,5.7,1.7,7
2021-03-06 07:00:00,549.0,6.0,-1.0,7
2021-03-06 08:00:00,519.0,9.8,-1.8,7
2021-03-06 09:00:00,500.0,10.6,1.2,7
2021-03-06 10:00:00,507.0,8.2,0.8,7
2021-03-06 11:00:00,522.0,7.6,-1.3,7
2021-03-06 12:00:00,527.0,7.1,2.6,7
2021-03-06 13:00:00,570.0,4.2,2.8,7
2021-03-06 14:00:00,567.0,4.0,3.0,7
2021-03-06 15:00:00,581.0,4.2,-1.7,7
2021-03-06 16:00:00,566.0,4.0,-2.0,7
2021-03-06 17:00:00,560.0,3.9,-0.4,7
2021-03-06 18:00:00,562.0,4.1,0.4,7
2021-03-06 19:00:00,556.0,4.1,-1.0,7
2021-03-06 20:00:00,533.0,4.1,-0.4,7
2021-03-06 21:00:00,530.0,4.1,2.0,7
2021-03-06 22:00:00,541.0,3.8,2.4,7
2021-03-06 23:00:00,540.0,3.6,1.1,7
2021-03-07 00:00:00,553.0,3.0,2.2,21
2021-03-07 01:00:00,544.0,2.8,0.5,21
2021-03-07 02:00:00,544.0,2.7,-1.8,21
2021-03-07 03:00:00,527.0,2.3,0.0,21
2021-03-07 04:00:00,549.0,2.7,0.0,21
2021-03-07 05:00:00,556.0,2.7,1.3,21
2021-03-07 06:00:00,551.0,2.8,2.6,21
2021-03-07 07:00:00,523.0,2.6,2.5,21
2021-03-07 08:00:00,530.0,2.7,0.7,21
2021-03-07 09:00:00,505.0,1.9,-1.1,21
2021-03-07 10:00:00,498.0,1.9,1.0,21
2021-03-07 11:00:00,501.0,2.1,0.6,21
2021-03-07 12:00:00,484.0,1.7,1.6,21
2021-03-07 13:00:00,488.0,1.7,2.3,21
2021-03-07 14:00:00,477.0,1.6,1.1,21
2021-03-07 15:00:00,481.0,1.7,-0.6,21
2021-03-07 16:00:00,510.0,2.5,-2.9,21
2021-03-07 17:00:00,508.0,2.2,-1.8,21
2021-03-07 18:00:00,493.0,2.0,-0.4,21
2021-03-07 19:00:00,489.0,2.0,0.4,21
2021-03-07 20:00:00,488.0,2.1,-1.3,21
2021-03-07 21:00:00,491.0,1.9,-3.0,21
2021-03-07 22:00:00,480.0,1.4,-0.4,21
2021-03-07 23:00:00,477.0,1.5,0.1,21
2021-03-08 00:00:00,483.0,1.4,0.3,14
2021-03-08 01:00:00,493.0,1.9,0.7,14
2021-03-08 02:00:00,501.0,1.9,3.0,14
2021-03-08 03:00:00,491.0,1.9,0.3,14
2021-03-08 04:00:00,487.0,1.6,-0.5,14
2021-03-08 05:00:00,465.0,1.9,0.2,14
2021-03-08 06:00:00,492.0,1.7,1.0,14
2021-03-08 07:00:00,465.0,1.8,1.3,14
2021-03-08 08:00:00,451.0,1.5,2.2,14
2021-03-08 09:00:00,475.0,2.3,2.8,14
2021-03-08 10:00:00,477.0,2.3,0.1,14
2021-03-08 11:00:00,485.0,2.5,1.6,14
2021-03-08 12:00:00,494.0,3.2,-0.3,14
2021-03-08 13:00:00,496.0,3.2,1.6,14
2021-03-08 14:00:00,505.0,2.5,0.5,14
2021-03-08 15:00:00,516.0,3.2,-1.2,14
2021-03-08 16:00:00,516.0,2.9,0.0,14
2021-03-08 17:00:00,510.0,2.5,-2.0,14
2021-03-08 18:00:00,513.0,2.0,-1.4,14
2021-03-08 19:00:00,505.0,1.5,-0.1,14
2021-03-08 20:00:00,494.0,1.4,-0.1,14
2021-03-08 21:00:00,490.0,1.8,-0.3,14
2021-03-08 22:00:00,496.0,1.8,0.0,14
2021-03-08 23:00:00,522.0,2.3,-1.7,14
2021-03-09 00:00:00,532.0,2.2,0.0,15
2021-03-09 01:00:00,479.0,1.7,0.5,15
2021-03-09 02:00:00,481.0,1.8,0.6,15
2021-03-09 03:00:00,470.0,1.9,0.2,15
2021-03-09 04:00:00,466.0,2.1,-1.3,15
2021-03-09 05:00:00,469.0,2.2,-0.4,15
2021-03-09 06:00:00,470.0,1.7,1.1,15
2021-03-09 07:00:00,473.0,1.8,-0.2,15
2021-03-09 08:00:00,462.0,1.7,0.4,15
2021-03-09 09:00:00,474.0,1.8,-0.2,15
2021-03-09 10:00:00,464.0,1.5,0.2,15
2021-03-09 11:00:00,436.0,1.4,-0.4,15
2021-03-09 12:00:00,429.0,1.7,-0.8,15
2021-03-09 13:00:00,431.0,2.0,-0.6,15
2021-03-09 14:00:00,435.0,2.0,-1.3,15
2021-03-09 15:00:00,427.0,2.4,-1.0,15
2021-03-09 16:00:00,414.0,3.4,-0.9,15
2021-03-09 17:00:00,409.0,3.8,-1.4,15
2021-03-09 18:00:00,409.0,4.2,0.1,15
2021-03-09 19:00:00,402.0,3.9,0.6,15
2021-03-09 20:00:00,395.0,3.1,1.3,15
2021-03-09 21:00:00,393.0,3.5,1.9,15
2021-03-09 22:00:00,385.0,2.9,1.0,15
2021-03-09 23:00:00,387.0,2.8,1.1,15
2021-03-10 00:00:00,379.0,2.4,1.0,17
2021-03-10 01:00:00,376.0,2.4,0.8,17
2021-03-10 02:00:00,380.0,2.3,1.0,17
2021-03-10 03:00:00,394.0,2.6,0.8,17
2021-03-10 04:00:00,381.0,2.3,0.5,17
2021-03-10 05:00:00,382.0,2.4,-0.5,17
2021-03-10 06:00:00,366.0,2.2,0.6,17
2021-03-10 07:00:00,366.0,2.1,1.3,17
2021-03-10 08:00:00,364.0,1.7,0.6,17
2021-03-10 09:00:00,379.0,2.7,0.6,17
2021-03-10 10:00:00,380.0,3.4,0.7,17
2021-03-10 11:00:00,382.0,4.2,0.7,17
2021-03-10 12:00:00,379.0,4.3,1.3,17
2021-03-10 13:00:00,389.0,4.4,2.3,17
2021-03-10 14:00:00,396.0,4.6,2.5,17
2021-03-10 15:00:00,382.0,4.4,1.6,17
2021-03-10 16:00:00,376.0,4.9,0.2,17
2021-03-10 17:00:00,376.0,5.2,0.4,17
2021-03-10 18:00:00,378.0,5.1,1.7,17
2021-03-10 19:00:00,373.0,4.8,0.1,17
2021-03-10 20:00:00,375.0,4.6,2.4,17
2021-03-10 21:00:00,358.0,3.3,1.5,17
2021-03-10 22:00:00,374.0,4.0,1.9,17
2021-03-10 23:00:00,374.0,3.2,1.2,17
2021-03-11 00:00:00,391.0,3.5,0.6,22
2021-03-11 01:00:00,392.0,3.1,1.7,22
2021-03-11 02:00:00,365.0,2.5,1.1,22
2021-03-11 03:00:00,359.0,2.8,0.6,22
2021-03-11 04:00:00,352.0,2.4,0.3,22
2021-03-11 05:00:00,356.0,3.3,0.2,22
2021-03-11 06:00:00,354.0,4.1,-0.3,22
2021-03-11 07:00:00,355.0,3.7,-0.8,22
2021-03-11 08:00:00,360.0,2.9,-0.3,22
2021-03-11 09:00:00,363.0,2.5,0.2,22
2021-03-11 10:00:00,364.0,2.1,0.3,22
2021-03-11 11:00:00,353.0,2.7,0.1,22
2021-03-11 12:00:00,357.0,2.4,1.1,22
2021-03-11 13:00:00,366.0,2.9,-1.4,22
2021-03-11 14:00:00,365.0,3.1,-1.6,22
2021-03-11 15:00:00,366.0,3.5,-0.7,22
2021-03-11 16:00:00,365.0,4.1,2.9,22
2021-03-11 17:00:00,360.0,3.8,1.3,22
2021-03-11 18:00:00,353.0,4.2,1.5,22
2021-03-11 19:00:00,376.0,5.6,1.3,22
2021-03-11 20:00:00,378.0,7.5,-0.4,22
2021-03-11 21:00:00,381.0,10.2,-2.8,22
2021-03-11 22:00:00,378.0,7.9,-1.5,22
2021-03-11 23:00:00,377.0,4.2,-4.5,22
2021-03-12 00:00:00,369.0,4.1,-4.6,14
2021-03-12 01:00:00,370.0,6.3,-3.6,14
2021-03-12 02:00:00,370.0,6.3,-5.2,14
2021-03-12 03:00:00,362.0,10.6,-4.3,14
2021-03-12 04:00:00,360.0,9.8,-5.4,14
2021-03-12 05:00:00,352.0,7.4,-7.3,14
2021-03-12 06:00:00,351.0,6.5,-7.4,14
2021-03-12 07:00:00,345.0,4.0,-5.3,14
2021-03-12 08:00:00,342.0,6.3,-3.7,14
2021-03-12 09:00:00,340.0,6.8,-4.8,14
2021-03-12 10:00:00,340.0,6.6,-0.4,14
2021-03-12 11:00:00,340.0,8.2,5.2,14
2021-03-12 12:00:00,333.0,9.3,2.0,14
2021-03-12 13:00:00,334.0,8.7,-3.2,14
2021-03-12 14:00:00,338.0,8.7,-1.8,14
2021-03-12 15:00:00,333.0,9.0,-2.2,14
2021-03-12 16:00:00,341.0,8.5,-3.8,14
2021-03-12 17:00:00,344.0,10.4,-3.5,14
2021-03-12 18:00:00,352.0,13.1,-4.5,14
2021-03-12 19:00:00,353.0,16.2,-4.3,14
2021-03-12 20:00:00,355.0,17.5,-4.0,14
2021-03-12 21:00:00,357.0,19.6,-3.0,14
2021-03-12 22:00:00,360.0,20.8,-2.6,14
2021-03-12 23:00:00,355.0,22.6,-0.5,14
2021-03-13 00:00:00,352.0,18.5,7.2,11
2021-03-13 01:00:00,354.0,16.7,8.8,11
2021-03-13 02:00:00,357.0,21.9,5.2,11
2021-03-13 03:00:00,363.0,27.2,2.9,11
2021-03-13 04:00:00,372.0,10.0,-2.5,11
2021-03-13 05:00:00,366.0,10.5,-1.9,11
2021-03-13 06:00:00,368.0,10.8,5.1,11
2021-03-13 07:00:00,378.0,16.0,2.4,11
2021-03-13 08:00:00,379.0,18.3,-2.7,11
2021-03-13 09:00:00,377.0,20.1,-1.4,11
2021-03-13 10:00:00,380.0,21.9,4.2,11
2021-03-13 11:00:00,378.0,22.2,3.6,11
2021-03-13 12:00:00,382.0,20.0,8.5,11
2021-03-13 13:00:00,399.0,17.9,4.5,11
2021-03-13 14:00:00,421.0,14.0,5.8,11
2021-03-13 15:00:00,443.0,10.0,3.8,11
2021-03-13 16:00:00,452.0,8.1,0.8,11
2021-03-13 17:00:00,486.0,6.6,1.2,11
2021-03-13 18:00:00,515.0,6.7,4.5,11
2021-03-13 19:00:00,515.0,5.5,0.4,11
2021-03-13 20:00:00,545.0,5.3,4.2,11
2021-03-13 21:00:00,552.0,5.0,0.6,11
2021-03-13 22:00:00,565.0,5.0,-0.8,11
2021-03-13 23:00:00,563.0,4.9,2.5,11
2021-03-14 00:00:00,564.0,5.0,1.3,23
2021-03-14 01:00:00,558.0,5.0,-2.4,23
2021-03-14 02:00:00,564.0,5.2,-2.3,23
2021-03-14 03:00:00,571.0,4.7,-1.7,23
2021-03-14 04:00:00,572.0,4.3,-4.4,23
2021-03-14 05:00:00,553.0,3.9,-4.6,23
2021-03-14 06:00:00,559.0,4.5,-2.5,23
2021-03-14 07:00:00,565.0,4.2,-3.1,23
2021-03-14 08:00:00,574.0,3.7,-2.4,23
2021-03-14 09:00:00,580.0,3.5,-1.9,23
2021-03-14 10:00:00,579.0,3.7,-1.4,23
2021-03-14 11:00:00,563.0,3.7,0.6,23
2021-03-14 12:00:00,554.0,4.0,1.8,23
2021-03-14 13:00:00,559.0,4.3,0.6,23
2021-03-14 14:00:00,546.0,4.6,-1.1,23
2021-03-14 15:00:00,524.0,3.9,-1.5,23
2021-03-14 16:00:00,543.0,4.7,-0.4,23
2021-03-14 17:00:00,544.0,4.1,1.2,23
2021-03-14 18:00:00,563.0,3.8,0.3,23
2021-03-14 19:00:00,552.0,4.0,-1.1,23
2021-03-14 20:00:00,546.0,3.7,-1.0,23
2021-03-14 21:00:00,543.0,3.6,-0.9,23
2021-03-14 22:00:00,539.0,3.8,-0.1,23
2021-03-14 23:00:00,539.0,4.1,2.2,23
2021-03-15 00:00:00,545.0,4.3,1.2,24
2021-03-15 01:00:00,556.0,4.6,3.0,24
2021-03-15 02:00:00,546.0,4.3,1.9,24
2021-03-15 03:00:00,539.0,4.7,2.3,24
2021-03-15 04:00:00,523.0,3.9,2.7,24
2021-03-15 05:00:00,503.0,3.3,1.4,24
2021-03-15 06:00:00,495.0,3.0,-0.2,24
2021-03-15 07:00:00,497.0,3.1,0.2,24
2021-03-15 08:00:00,481.0,2.9,0.2,24
2021-03-15 09:00:00,487.0,3.3,0.9,24
2021-03-15 10:00:00,465.0,3.0,1.4,24
2021-03-15 11:00:00,467.0,2.8,0.6,24
2021-03-15 12:00:00,469.0,2.7,-0.3,24
2021-03-15 13:00:00,467.0,2.9,-0.3,24
2021-03-15 14:00:00,479.0,3.0,-0.7,24
2021-03-15 15:00:00,482.0,3.0,1.0,24
2021-03-15 16:00:00,446.0,2.7,-1.1,24
2021-03-15 17:00:00,442.0,2.1,-0.4,24
2021-03-15 18:00:00,437.0,2.3,-0.1,24
2021-03-15 19:00:00,431.0,2.6,-0.3,24
2021-03-15 20:00:00,428.0,2.0,0.1,24
2021-03-15 21:00:00,426.0,2.1,-0.1,24
2021-03-15 22:00:00,421.0,2.2,0.1,24
2021-03-15 23:00:00,420.0,2.2,0.1,24
2021-03-16 00:00:00,416.0,2.1,0.1,19
2021-03-16 01:00:00,406.0,2.1,-0.1,19
2021-03-16 02:00:00,406.0,2.2,-1.1,19
2021-03-16 03:00:00,413.0,2.5,-0.7,19
2021-03-16 04:00:00,424.0,1.8,-0.2,19
2021-03-16 05:00:00,415.0,1.8,0.3,19
2021-03-16 06:00:00,411.0,1.9,0.4,19
2021-03-16 07:00:00,415.0,2.6,0.7,19
2021-03-16 08:00:00,412.0,2.7,0.7,19
2021-03-16 09:00:00,405.0,2.5,0.7,19
2021-03-16 10:00:00,396.0,2.9,0.5,19
2021-03-16 11:00:00,394.0,3.1,0.1,19
2021-03-16 12:00:00,387.0,4.7,0.8,19
2021-03-16 13:00:00,385.0,5.2,1.1,19
2021-03-16 14:00:00,380.0,4.3,0.4,19
2021-03-16 15:00:00,374.0,3.6,0.0,19
2021-03-16 16:00:00,378.0,3.8,-0.5,19
2021-03-16 17:00:00,379.0,4.4,-1.4,19
2021-03-16 18:00:00,377.0,4.7,-0.5,19
2021-03-16 19:00:00,377.0,4.9,0.0,19
2021-03-16 20:00:00,371.0,3.7,0.1,19
2021-03-16 21:00:00,373.0,3.6,-0.6,19
2021-03-16 22:00:00,378.0,4.7,-1.5,19
2021-03-16 23:00:00,376.0,5.8,-0.6,19
2021-03-17 00:00:00,383.0,6.2,0.7,13
2021-03-17 01:00:00,375.0,6.1,0.3,13
2021-03-17 02:00:00,368.0,6.3,1.6,13
2021-03-17 03:00:00,369.0,5.9,0.9,13
2021-03-17 04:00:00,360.0,5.6,1.1,13
2021-03-17 05:00:00,353.0,5.5,1.4,13
2021-03-17 06:00:00,353.0,5.5,1.0,13
2021-03-17 07:00:00,348.0,5.7,1.5,13
2021-03-17 08:00:00,352.0,5.8,0.4,13
2021-03-17 09:00:00,354.0,6.6,1.6,13
2021-03-17 10:00:00,358.0,6.7,0.2,13
2021-03-17 11:00:00,348.0,7.2,0.2,13
2021-03-17 12:00:00,351.0,7.8,1.0,13
2021-03-17 13:00:00,343.0,8.0,0.1,13
2021-03-17 14:00:00,345.0,9.2,-2.4,13
2021-03-17 15:00:00,344.0,9.7,-3.6,13
2021-03-17 16:00:00,338.0,7.7,-3.9,13
2021-03-17 17:00:00,338.0,8.7,-4.0,13
2021-03-17 18:00:00,332.0,8.2,-3.7,13
2021-03-17 19:00:00,326.0,7.1,0.1,13
2021-03-17 20:00:00,325.0,6.6,2.1,13
2021-03-17 21:00:00,325.0,6.4,0.1,13
2021-03-17 22:00:00,326.0,9.8,-0.7,13
2021-03-17 23:00:00,329.0,11.2,-0.4,13
2021-03-18 00:00:00,328.0,9.1,0.3,13
2021-03-18 01:00:00,331.0,7.6,-2.0,13
2021-03-18 02:00:00,335.0,10.1,-1.8,13
2021-03-18 03:00:00,337.0,12.6,-0.4,13
2021-03-18 04:00:00,338.0,12.5,1.0,13
2021-03-18 05:00:00,338.0,12.8,0.7,13
2021-03-18 06:00:00,339.0,15.5,0.6,13
2021-03-18 07:00:00,336.0,15.5,-0.6,13
2021-03-18 08:00:00,337.0,14.6,0.4,13
2021-03-18 09:00:00,336.0,12.9,0.6,13
2021-03-18 10:00:00,337.0,10.0,2.2,13
2021-03-18 11:00:00,338.0,11.0,-0.8,13
2021-03-18 12:00:00,336.0,10.0,0.7,13
2021-03-18 13:00:00,338.0,8.8,0.5,13
2021-03-18 14:00:00,330.0,5.9,3.3,13
2021-03-18 15:00:00,326.0,5.7,3.0,13
2021-03-18 16:00:00,329.0,5.4,3.1,13
2021-03-18 17:00:00,321.0,5.7,2.7,13
2021-03-18 18:00:00,318.0,5.5,0.6,13
2021-03-18 19:00:00,316.0,5.7,2.1,13
2021-03-18 20:00:00,317.0,6.1,-0.3,13
2021-03-18 21:00:00,319.0,6.1,-0.8,13
2021-03-18 22:00:00,314.0,6.0,-0.8,13
2021-03-18 23:00:00,310.0,6.2,-1.7,13
2021-03-19 00:00:00,316.0,6.7,-0.5,13
2021-03-19 01:00:00,326.0,7.9,-0.8,13
2021-03-19 02:00:00,329.0,9.8,-2.8,13
2021-03-19 03:00:00,322.0,9.6,-2.7,13
2021-03-19 04:00:00,328.0,9.8,-2.2,13
2021-03-19 05:00:00,328.0,9.9,-3.5,13
2021-03-19 06:00:00,320.0,8.9,-2.7,13
2021-03-19 07:00:00,314.0,9.3,-0.9,13
2021-03-19 08:00:00,320.0,9.9,-3.4,13
2021-03-19 09:00:00,313.0,9.5,-1.3,13
2021-03-19 10:00:00,315.0,10.7,-0.3,13
2021-03-19 11:00:00,311.0,10.6,-1.4,13
2021-03-19 12:00:00,308.0,10.4,-0.8,13
2021-03-19 13:00:00,305.0,9.9,-1.5,13
2021-03-19 14:00:00,305.0,10.4,-2.1,13
2021-03-19 15:00:00,306.0,10.5,-2.9,13
2021-03-19 16:00:00,303.0,10.5,-2.8,13
2021-03-19 17:00:00,300.0,10.0,-2.4,13
2021-03-19 18:00:00,301.0,11.2,-2.4,13
2021-03-19 19:00:00,301.0,13.6,-1.6,13
2021-03-19 20:00:00,300.0,14.0,-1.8,13
2021-03-19 21:00:00,303.0,13.3,-2.6,13
2021-03-19 22:00:00,311.0,18.1,-1.9,13
2021-03-19 23:00:00,327.0,34.8,3.7,13
2021-03-20 00:00:00,331.0,39.1,1.1,11
2021-03-20 01:00:00,349.0,47.7,8.9,11
2021-03-20 02:00:00,351.0,31.5,14.5,11
2021-03-20 03:00:00,369.0,38.5,16.0,11
2021-03-20 04:00:00,401.0,38.1,,11
2021-03-20 05:00:00,405.0,29.6,,11
2021-03-20 06:00:00,442.0,13.5,,11
2021-03-20 07:00:00,452.0,12.6,,11
2021-03-20 08:00:00,480.0,13.3,,11
2021-03-20 09:00:00,468.0,12.5,,11
2021-03-20 10:00:00,478.0,10.4,,11
2021-03-20 11:00:00,543.0,9.0,,11
2021-03-20 12:00:00,631.0,3.4,,11
2021-03-20 13:00:00,632.0,3.4,,11
2021-03-20 14:00:00,636.0,3.1,,11
2021-03-20 15:00:00,633.0,3.1,,11
2021-03-20 16:00:00,633.0,3.1,,11
2021-03-20 17:00:00,630.0,2.8,-0.2,11
2021-03-20 18:00:00,635.0,2.6,3.3,11
2021-03-20 19:00:00,639.0,2.2,-1.8,11
2021-03-20 20:00:00,651.0,2.0,-1.2,11
2021-03-20 21:00:00,653.0,2.1,0.3,11
2021-03-20 22:00:00,628.0,2.1,-0.7,11
2021-03-20 23:00:00,630.0,1.8,-3.0,11
2021-03-21 00:00:00,608.0,1.6,-1.8,8
2021-03-21 01:00:00,606.0,1.6,-1.8,8
2021-03-21 02:00:00,612.0,1.6,-2.3,8
2021-03-21 03:00:00,585.0,1.4,0.6,8
2021-03-21 04:00:00,584.0,1.5,1.5,8
2021-03-21 05:00:00,584.0,1.6,1.5,8
2021-03-21 06:00:00,578.0,1.6,1.4,8
2021-03-21 07:00:00,577.0,2.6,1.0,8
2021-03-21 08:00:00,583.0,2.7,1.5,8
2021-03-21 09:00:00,599.0,3.3,5.2,8
2021-03-21 10:00:00,604.0,3.6,5.6,8
2021-03-21 11:00:00,578.0,3.5,3.1,8
2021-03-21 12:00:00,566.0,3.5,-0.8,8
2021-03-21 13:00:00,617.0,4.2,-3.4,8
2021-03-21 14:00:00,627.0,5.4,-1.4,8
2021-03-21 15:00:00,634.0,4.4,-0.3,8
2021-03-21 16:00:00,635.0,3.5,3.1,8
2021-03-21 17:00:00,649.0,3.5,-2.6,8
2021-03-21 18:00:00,644.0,3.2,-2.5,8
2021-03-21 19:00:00,658.0,2.5,-1.6,8
2021-03-21 20:00:00,670.0,1.9,-2.1,8
2021-03-21 21:00:00,664.0,1.7,-1.5,8
2021-03-21 22:00:00,655.0,1.4,1.4,8
2021-03-21 23:00:00,651.0,1.5,0.6,8
2021-03-22 00:00:00,654.0,1.7,1.6,22
2021-03-22 01:00:00,650.0,1.7,0.3,22
2021-03-22 02:00:00,660.0,1.6,-0.5,22
2021-03-22 03:00:00,649.0,1.9,-0.5,22
2021-03-22 04:00:00,642.0,1.7,1.2,22
2021-03-22 05:00:00,650.0,1.7,0.3,22
2021-03-22 06:00:00,662.0,1.7,-0.6,22
2021-03-22 07:00:00,655.0,1.6,1.0,22
2021-03-22 08:00:00,626.0,1.6,0.2,22
2021-03-22 09:00:00,630.0,1.7,0.1,22
2021-03-22 10:00:00,599.0,1.7,0.2,22
2021-03-22 11:00:00,599.0,1.8,-0.3,22
2021-03-22 12:00:00,598.0,1.8,-0.3,22
2021-03-22 13:00:00,602.0,2.1,0.1,22
2021-03-22 14:00:00,595.0,2.1,0.1,22
2021-03-22 15:00:00,570.0,1.8,-0.4,22
2021-03-22 16:00:00,560.0,1.7,-0.1,22
2021-03-22 17:00:00,567.0,1.6,0.2,22
2021-03-22 18:00:00,552.0,1.7,0.8,22
2021-03-22 19:00:00,557.0,2.1,0.6,22
2021-03-22 20:00:00,557.0,2.4,0.6,22
2021-03-22 21:00:00,559.0,2.4,0.2,22
2021-03-22 22:00:00,543.0,2.3,-0.4,22
2021-03-22 23:00:00,547.0,2.4,-2.3,22
2021-03-23 00:00:00,538.0,2.5,-1.6,27
2021-03-23 01:00:00,526.0,2.6,-0.6,27
2021-03-23 02:00:00,534.0,2.5,0.0,27
2021-03-23 03:00:00,524.0,2.7,-1.5,27
2021-03-23 04:00:00,517.0,2.7,0.1,27
2021-03-23 05:00:00,520.0,2.6,0.0,27
2021-03-23 06:00:00,512.0,2.8,0.2,27
2021-03-23 07:00:00,521.0,2.9,-0.8,27
2021-03-23 08:00:00,520.0,3.1,-0.9,27
2021-03-23 09:00:00,506.0,2.9,0.1,27
2021-03-23 10:00:00,497.0,2.8,0.3,27
2021-03-23 11:00:00,507.0,2.9,0.8,27
2021-03-23 12:00:00,494.0,3.1,0.4,27
2021-03-23 13:00:00,489.0,2.9,-1.0,27
2021-03-23 14:00:00,488.0,2.7,-2.2,27
2021-03-23 15:00:00,480.0,2.7,-1.7,27
2021-03-23 16:00:00,473.0,3.0,-0.1,27
2021-03-23 17:00:00,482.0,3.1,-1.6,27
2021-03-23 18:00:00,480.0,3.5,-1.8,27
2021-03-23 19:00:00,475.0,3.8,-1.2,27
2021-03-23 20:00:00,473.0,3.9,-2.2,27
2021-03-23 21:00:00,469.0,4.2,-2.5,27
2021-03-23 22:00:00,464.0,3.8,-3.4,27
2021-03-23 23:00:00,460.0,5.0,-0.7,27
2021-03-24 00:00:00,457.0,4.8,-1.9,30
2021-03-24 01:00:00,452.0,5.4,0.2,30
2021-03-24 02:00:00,449.0,6.6,-1.0,30
2021-03-24 03:00:00,445.0,8.5,-0.3,30
2021-03-24 04:00:00,439.0,10.4,-0.2,30
2021-03-24 05:00:00,430.0,5.9,-2.1,30
2021-03-24 06:00:00,433.0,3.0,-3.6,30
2021-03-24 07:00:00,424.0,2.8,-3.9,30
2021-03-24 08:00:00,413.0,1.8,-3.7,30
2021-03-24 09:00:00,412.0,3.2,-3.8,30
2021-03-24 10:00:00,406.0,5.5,-3.8,30
2021-03-24 11:00:00,402.0,6.4,-2.9,30
2021-03-24 12:00:00,393.0,6.8,-1.4,30
2021-03-24 13:00:00,385.0,8.1,-1.3,30
2021-03-24 14:00:00,383.0,9.0,0.5,30
2021-03-24 15:00:00,379.0,8.7,1.2,30
2021-03-24 16:00:00,377.0,9.3,0.1,30
2021-03-24 17:00:00,377.0,10.4,0.8,30
2021-03-24 18:00:00,370.0,11.4,1.0,30
2021-03-24 19:00:00,373.0,11.9,0.6,30
2021-03-24 20:00:00,379.0,12.5,-1.2,30
2021-03-24 21:00:00,424.0,6.1,-6.8,30
2021-03-24 22:00:00,428.0,8.1,-5.5,30
2021-03-24 23:00:00,425.0,7.8,-5.2,30
2021-03-25 00:00:00,430.0,8.9,-4.0,27
2021-03-25 01:00:00,429.0,8.8,2.4,27
2021-03-25 02:00:00,433.0,11.2,-0.8,27
2021-03-25 03:00:00,429.0,10.7,-3.2,27
2021-03-25 04:00:00,423.0,10.9,-2.3,27
2021-03-25 05:00:00,425.0,10.8,-3.6,27
2021-03-25 06:00:00,422.0,9.6,-1.8,27
2021-03-25 07:00:00,413.0,8.8,0.6,27
2021-03-25 08:00:00,410.0,9.8,-0.8,27
2021-03-25 09:00:00,413.0,8.5,-0.5,27
2021-03-25 10:00:00,412.0,10.2,-1.4,27
2021-03-25 11:00:00,410.0,10.2,-1.7,27
2021-03-25 12:00:00,406.0,9.2,-5.1,27
2021-03-25 13:00:00,411.0,9.1,0.5,27
2021-03-25 14:00:00,412.0,8.5,3.2,27
2021-03-25 15:00:00,407.0,8.5,3.8,27
2021-03-25 16:00:00,406.0,7.9,2.3,27
2021-03-25 17:00:00,393.0,7.4,-0.2,27
2021-03-25 18:00:00,386.0,6.3,-0.9,27
2021-03-25 19:00:00,395.0,7.0,1.9,27
2021-03-25 20:00:00,412.0,6.5,-0.1,27
2021-03-25 21:00:00,427.0,6.2,-4.4,27
2021-03-25 22:00:00,436.0,6.6,-0.9,27
2021-03-25 23:00:00,462.0,4.6,-1.5,27
2021-03-26 00:00:00,469.0,4.4,-2.8,25
2021-03-26 01:00:00,458.0,4.5,-2.2,25
2021-03-26 02:00:00,450.0,4.1,-0.7,25
2021-03-26 03:00:00,449.0,4.1,-2.1,25
2021-03-26 04:00:00,448.0,3.9,-2.3,25
2021-03-26 05:00:00,433.0,3.9,-1.2,25
2021-03-26 06:00:00,431.0,3.8,-2.7,25
2021-03-26 07:00:00,432.0,3.7,-3.1,25
2021-03-26 08:00:00,426.0,3.6,-2.1,25
2021-03-26 09:00:00,421.0,3.2,-2.0,25
2021-03-26 10:00:00,418.0,3.1,-1.7,25
2021-03-26 11:00:00,423.0,3.2,-3.5,25
2021-03-26 12:00:00,407.0,3.1,-2.9,25
2021-03-26 13:00:00,402.0,3.0,-2.3,25
2021-03-26 14:00:00,400.0,3.2,-2.7,25
2021-03-26 15:00:00,394.0,3.8,-2.9,25
2021-03-26 16:00:00,393.0,4.0,-2.5,25
2021-03-26 17:00:00,385.0,3.3,-2.2,25
2021-03-26 18:00:00,403.0,4.4,-1.4,25
2021-03-26 19:00:00,411.0,4.5,-3.6,25
2021-03-26 20:00:00,393.0,5.1,-3.3,25
2021-03-26 21:00:00,388.0,4.6,-1.7,25
2021-03-26 22:00:00,385.0,2.9,-0.2,25
2021-03-26 23:00:00,384.0,3.2,0.7,25
2021-03-27 00:00:00,385.0,3.6,0.8,19
2021-03-27 01:00:00,382.0,4.1,1.3,19
2021-03-27 02:00:00,384.0,4.7,1.3,19
2021-03-27 03:00:00,382.0,4.6,1.1,19
2021-03-27 04:00:00,377.0,5.5,0.6,19
2021-03-27 05:00:00,374.0,6.4,0.4,19
2021-03-27 06:00:00,367.0,4.6,0.6,19
2021-03-27 07:00:00,366.0,4.3,0.9,19
2021-03-27 08:00:00,363.0,4.3,0.0,19
2021-03-27 09:00:00,355.0,4.4,0.5,19
2021-03-27 10:00:00,350.0,4.2,1.0,19
2021-03-27 11:00:00,356.0,4.0,1.8,19
2021-03-27 12:00:00,349.0,3.7,1.5,19
2021-03-27 13:00:00,346.0,3.5,0.9,19
2021-03-27 14:00:00,339.0,3.4,1.0,19
2021-03-27 15:00:00,341.0,3.2,0.1,19
2021-03-27 16:00:00,346.0,3.4,1.7,19
2021-03-27 17:00:00,355.0,3.5,2.4,19
2021-03-27 18:00:00,376.0,4.6,4.2,19
2021-03-27 19:00:00,398.0,6.5,1.4,19
2021-03-27 20:00:00,398.0,13.3,3.0,19
2021-03-27 21:00:00,406.0,17.8,-1.4,19
2021-03-27 22:00:00,414.0,15.5,-3.1,19
2021-03-27 23:00:00,406.0,7.4,2.5,19
2021-03-28 00:00:00,396.0,5.2,-0.2,12
2021-03-28 01:00:00,386.0,4.6,2.6,12
2021-03-28 02:00:00,388.0,4.3,3.0,12
2021-03-28 03:00:00,391.0,4.1,3.2,12
2021-03-28 04:00:00,419.0,5.4,2.1,12
2021-03-28 05:00:00,416.0,5.4,1.0,12
2021-03-28 06:00:00,434.0,4.0,1.2,12
2021-03-28 07:00:00,442.0,3.5,1.2,12
2021-03-28 08:00:00,433.0,3.5,0.8,12
2021-03-28 09:00:00,423.0,3.4,0.1,12
2021-03-28 10:00:00,399.0,3.4,0.0,12
2021-03-28 11:00:00,385.0,4.1,-0.2,12
2021-03-28 12:00:00,376.0,4.7,0.2,12
2021-03-28 13:00:00,380.0,4.4,0.1,12
2021-03-28 14:00:00,376.0,4.8,-2.1,12
2021-03-28 15:00:00,372.0,4.7,-0.3,12
2021-03-28 16:00:00,373.0,4.4,0.6,12
2021-03-28 17:00:00,373.0,4.3,-0.3,12
2021-03-28 18:00:00,376.0,3.9,1.2,12
2021-03-28 19:00:00,372.0,4.1,1.3,12
2021-03-28 20:00:00,370.0,3.9,1.2,12
2021-03-28 21:00:00,362.0,3.9,-1.5,12
2021-03-28 22:00:00,354.0,3.9,0.0,12
2021-03-28 23:00:00,362.0,3.9,1.5,12
2021-03-29 00:00:00,346.0,4.1,0.2,12
2021-03-29 01:00:00,346.0,4.1,1.9,12
2021-03-29 02:00:00,356.0,4.6,-2.3,12
2021-03-29 03:00:00,344.0,4.6,-1.8,12
2021-03-29 04:00:00,344.0,4.8,-1.3,12
2021-03-29 05:00:00,343.0,5.1,-1.4,12
2021-03-29 06:00:00,342.0,5.3,-1.1,12
2021-03-29 07:00:00,340.0,5.2,-1.2,12
2021-03-29 08:00:00,338.0,5.6,-1.0,12
2021-03-29 09:00:00,337.0,5.6,-0.8,12
2021-03-29 10:00:00,334.0,5.8,-0.2,12
2021-03-29 11:00:00,329.0,5.9,0.0,12
2021-03-29 12:00:00,328.0,6.1,-0.8,12
2021-03-29 13:00:00,335.0,6.1,-1.1,12
2021-03-29 14:00:00,331.0,5.9,-1.3,12
2021-03-29 15:00:00,330.0,5.9,-1.6,12
2021-03-29 16:00:00,331.0,5.8,-1.7,12
2021-03-29 17:00:00,331.0,6.1,-1.4,12
2021-03-29 18:00:00,337.0,5.7,-1.0,12
2021-03-29 19:00:00,331.0,6.3,-0.5,12
2021-03-29 20:00:00,334.0,5.7,-0.3,12
2021-03-29 21:00:00,342.0,5.3,0.6,12
2021-03-29 22:00:00,342.0,5.3,1.0,12
2021-03-29 23:00:00,336.0,5.1,-1.9,12
2021-03-30 00:00:00,333.0,5.0,-1.2,9
2021-03-30 01:00:00,328.0,3.6,0.5,9
2021-03-30 02:00:00,335.0,3.8,1.7,9
2021-03-30 03:00:00,335.0,4.7,-0.4,9
2021-03-30 04:00:00,338.0,6.0,0.0,9
2021-03-30 05:00:00,343.0,6.1,-0.4,9
2021-03-30 06:00:00,345.0,5.4,1.4,9
2021-03-30 07:00:00,342.0,5.2,1.4,9
2021-03-30 08:00:00,341.0,5.4,1.6,9
2021-03-30 09:00:00,335.0,6.0,1.2,9
2021-03-30 10:00:00,335.0,6.6,1.8,9
2021-03-30 11:00:00,329.0,6.9,2.5,9
2021-03-30 12:00:00,322.0,10.8,1.2,9
2021-03-30 13:00:00,320.0,11.5,0.7,9
2021-03-30 14:00:00,312.0,12.2,1.1,9
2021-03-30 15:00:00,312.0,11.2,-0.3,9
2021-03-30 16:00:00,311.0,12.4,-1.2,9
2021-03-30 17:00:00,315.0,9.7,-2.5,9
2021-03-30 18:00:00,332.0,6.3,-3.2,9
2021-03-30 19:00:00,362.0,6.8,0.0,9
2021-03-30 20:00:00,358.0,6.3,-0.5,9
2021-03-30 21:00:00,378.0,6.8,-1.6,9
2021-03-30 22:00:00,383.0,6.8,-2.7,9
2021-03-30 23:00:00,383.0,5.9,-2.0,9
2021-03-31 00:00:00,389.0,5.8,-1.2,0
2021-03-31 01:00:00,383.0,6.5,-1.0,0
2021-03-31 02:00:00,379.0,7.6,-1.2,0
2021-03-31 03:00:00,378.0,8.9,-1.1,0
2021-03-31 04:00:00,373.0,7.7,-3.1,0
2021-03-31 05:00:00,367.0,6.8,-3.7,0
2021-03-31 06:00:00,360.0,5.7,-3.6,0
2021-03-31 07:00:00,348.0,4.5,-4.4,0
2021-03-31 08:00:00,349.0,6.2,-3.4,0
2021-03-31 09:00:00,344.0,6.5,-2.6,0
2021-03-31 10:00:00,337.0,7.1,-1.5,0
2021-03-31 11:00:00,352.0,8.9,-0.4,0
2021-03-31 12:00:00,353.0,9.4,-0.6,0
2021-03-31 13:00:00,350.0,9.6,-2.1,0
2021-03-31 14:00:00,358.0,10.3,-2.7,0
2021-03-31 15:00:00,355.0,10.4,1.3,0
2021-03-31 16:00:00,362.0,11.2,-2.2,0
2021-03-31 17:00:00,368.0,10.6,0.2,0
2021-03-31 18:00:00,371.0,10.1,-0.5,0
2021-03-31 19:00:00,374.0,10.8,1.2,0
2021-03-31 20:00:00,377.0,10.5,0.6,0
2021-03-31 21:00:00,378.0,9.2,0.5,0
2021-03-31 22:00:00,374.0,8.1,-2.3,0
2021-03-31 23:00:00,371.0,7.3,-0.6,0
2021-04-01 00:00:00,378.0,8.9,2.5,0
2021-04-01 01:00:00,386.0,9.8,3.2,0
2021-04-01 02:00:00,389.0,7.3,1.2,0
2021-04-01 03:00:00,397.0,7.8,-2.0,0
2021-04-01 04:00:00,404.0,7.7,-1.2,0
2021-04-01 05:00:00,412.0,7.7,-3.0,0
2021-04-01 06:00:00,411.0,7.3,-0.6,0
2021-04-01 07:00:00,406.0,7.5,-2.2,0
2021-04-01 08:00:00,404.0,6.2,-0.2,0
2021-04-01 09:00:00,401.0,6.0,0.1,0
2021-04-01 10:00:00,399.0,5.7,0.6,0
2021-04-01 11:00:00,397.0,5.5,1.4,0
2021-04-01 12:00:00,396.0,5.8,2.0,0
2021-04-01 13:00:00,395.0,4.5,2.3,0
2021-04-01 14:00:00,393.0,5.1,2.4,0
2021-04-01 15:00:00,388.0,5.0,1.8,0
2021-04-01 16:00:00,391.0,4.7,1.3,0
2021-04-01 17:00:00,396.0,5.4,0.1,0
2021-04-01 18:00:00,388.0,5.5,-1.0,0
2021-04-01 19:00:00,378.0,6.1,-0.4,0
2021-04-01 20:00:00,375.0,6.2,1.6,0
2021-04-01 21:00:00,376.0,6.0,-4.0,0
2021-04-01 22:00:00,374.0,6.3,1.1,0
2021-04-01 23:00:00,370.0,6.6,2.0,0
2021-04-02 00:00:00,375.0,6.6,-1.9,0
2021-04-02 01:00:00,364.0,6.3,0.5,0
2021-04-02 02:00:00,361.0,6.4,0.7,0
2021-04-02 03:00:00,368.0,6.4,1.5,0
2021-04-02 04:00:00,355.0,5.8,-0.9,0
2021-04-02 05:00:00,360.0,6.0,-0.6,0
2021-04-02 06:00:00,362.0,5.8,1.3,0
2021-04-02 07:00:00,354.0,5.6,1.3,0
2021-04-02 08:00:00,355.0,5.7,1.9,0
2021-04-02 09:00:00,355.0,5.6,1.5,0
2021-04-02 10:00:00,359.0,5.4,0.8,0
2021-04-02 11:00:00,362.0,5.4,-0.6,0
2021-04-02 12:00:00,362.0,6.1,-0.9,0
2021-04-02 13:00:00,373.0,7.0,-0.8,0
2021-04-02 14:00:00,378.0,8.3,0.3,0
2021-04-02 15:00:00,386.0,9.0,-2.0,0
2021-04-02 16:00:00,392.0,9.9,-3.6,0
2021-04-02 17:00:00,391.0,10.5,0.4,0
2021-04-02 18:00:00,387.0,9.2,4.5,0
2021-04-02 19:00:00,390.0,7.4,6.2,0
2021-04-02 20:00:00,380.0,6.3,3.8,0
2021-04-02 21:00:00,383.0,6.4,5.1,0
2021-04-02 22:00:00,380.0,6.9,4.2,0
2021-04-02 23:00:00,380.0,6.7,2.8,0
2021-04-03 00:00:00,388.0,5.7,0.2,4
2021-04-03 01:00:00,389.0,5.6,-1.2,4
2021-04-03 02:00:00,383.0,5.7,-2.0,4
2021-04-03 03:00:00,383.0,5.3,-0.5,4
2021-04-03 04:00:00,371.0,4.8,-0.2,4
2021-04-03 05:00:00,366.0,4.8,-0.3,4
2021-04-03 06:00:00,366.0,4.7,-0.1,4
2021-04-03 07:00:00,367.0,5.0,0.3,4
2021-04-03 08:00:00,368.0,4.9,0.7,4
2021-04-03 09:00:00,364.0,4.9,-0.8,4
2021-04-03 10:00:00,362.0,4.7,-2.1,4
2021-04-03 11:00:00,358.0,4.1,-0.5,4
2021-04-03 12:00:00,362.0,3.6,-2.5,4
2021-04-03 13:00:00,360.0,3.2,-0.5,4
2021-04-03 14:00:00,359.0,3.2,0.8,4
2021-04-03 15:00:00,362.0,3.4,0.9,4
2021-04-03 16:00:00,352.0,4.0,-0.2,4
2021-04-03 17:00:00,348.0,4.1,-0.9,4
2021-04-03 18:00:00,351.0,4.2,2.0,4
2021-04-03 19:00:00,351.0,3.9,0.2,4
2021-04-03 20:00:00,348.0,3.7,-0.7,4
2021-04-03 21:00:00,334.0,3.7,-0.1,4
2021-04-03 22:00:00,343.0,3.7,-1.0,4
2021-04-03 23:00:00,328.0,3.7,-1.3,4
2021-04-04 00:00:00,322.0,3.8,0.5,12
2021-04-04 01:00:00,321.0,3.6,0.6,12
2021-04-04 02:00:00,321.0,3.6,0.6,12
2021-04-04 03:00:00,314.0,3.3,0.2,12
2021-04-04 04:00:00,320.0,4.2,0.8,12
2021-04-04 05:00:00,320.0,4.5,0.9,12
2021-04-04 06:00:00,318.0,4.3,0.3,12
2021-04-04 07:00:00,320.0,4.6,-0.2,12
2021-04-04 08:00:00,310.0,3.9,-0.3,12
2021-04-04 09:00:00,304.0,3.5,-0.3,12
2021-04-04 10:00:00,309.0,5.8,0.0,12
2021-04-04 11:00:00,305.0,5.9,0.0,12
2021-04-04 12:00:00,307.0,5.4,-1.5,12
2021-04-04 13:00:00,301.0,4.8,-0.2,12
2021-04-04 14:00:00,299.0,5.0,-0.1,12
2021-04-04 15:00:00,310.0,6.3,-0.6,12
2021-04-04 16:00:00,306.0,5.9,-1.0,12
2021-04-04 17:00:00,300.0,5.7,0.4,12
2021-04-04 18:00:00,301.0,6.6,0.7,12
2021-04-04 19:00:00,300.0,7.3,0.7,12
2021-04-04 20:00:00,299.0,7.8,0.3,12
2021-04-04 21:00:00,298.0,8.3,0.4,12
2021-04-04 22:00:00,297.0,9.2,-0.4,12
2021-04-04 23:00:00,299.0,9.6,-0.7,12
2021-04-05 00:00:00,300.0,11.2,0.0,11
2021-04-05 01:00:00,303.0,10.8,-1.2,11
2021-04-05 02:00:00,304.0,13.0,-1.4,11
2021-04-05 03:00:00,306.0,15.6,0.3,11
2021-04-05 04:00:00,306.0,15.9,1.2,11
2021-04-05 05:00:00,308.0,18.6,0.5,11
2021-04-05 06:00:00,301.0,18.2,0.2,11
2021-04-05 07:00:00,300.0,19.8,3.1,11
2021-04-05 08:00:00,309.0,23.9,5.0,11
2021-04-05 09:00:00,312.0,23.3,4.9,11
2021-04-05 10:00:00,311.0,20.0,2.9,11
2021-04-05 11:00:00,310.0,9.7,-6.5,11
2021-04-05 12:00:00,314.0,9.4,-7.3,11
2021-04-05 13:00:00,318.0,8.8,-5.5,11
2021-04-05 14:00:00,321.0,7.6,-4.2,11
2021-04-05 15:00:00,334.0,7.6,-4.5,11
2021-04-05 16:00:00,333.0,7.0,-3.5,11
2021-04-05 17:00:00,329.0,7.9,-1.3,11
2021-04-05 18:00:00,328.0,7.5,0.0,11
2021-04-05 19:00:00,326.0,7.4,-0.6,11
2021-04-05 20:00:00,331.0,9.1,1.6,11
2021-04-05 21:00:00,337.0,10.6,2.7,11
2021-04-05 22:00:00,337.0,9.9,3.1,11
2021-04-05 23:00:00,337.0,10.5,2.1,11
2021-04-06 00:00:00,335.0,10.6,-1.2,6
2021-04-06 01:00:00,333.0,9.1,-0.7,6
2021-04-06 02:00:00,333.0,9.6,1.1,6
2021-04-06 03:00:00,332.0,9.3,2.4,6
2021-04-06 04:00:00,329.0,8.8,3.3,6
2021-04-06 05:00:00,324.0,10.1,5.1,6
2021-04-06 06:00:00,323.0,11.5,5.3,6
2021-04-06 07:00:00,318.0,10.4,5.9,6
2021-04-06 08:00:00,317.0,10.4,6.2,6
2021-04-06 09:00:00,315.0,9.3,6.5,6
2021-04-06 10:00:00,316.0,11.0,3.7,6
2021-04-06 11:00:00,317.0,12.7,1.0,6
2021-04-06 12:00:00,312.0,11.9,-1.4,6
2021-04-06 13:00:00,311.0,10.8,-1.7,6
2021-04-06 14:00:00,309.0,11.9,1.4,6
2021-04-06 15:00:00,306.0,10.7,0.3,6
2021-04-06 16:00:00,307.0,10.2,-0.1,6
2021-04-06 17:00:00,306.0,9.9,0.6,6
2021-04-06 18:00:00,310.0,9.9,-0.1,6
2021-04-06 19:00:00,309.0,9.6,-2.2,6
2021-04-06 20:00:00,321.0,10.0,3.9,6
2021-04-06 21:00:00,320.0,9.5,3.2,6
2021-04-06 22:00:00,321.0,9.5,1.2,6
2021-04-06 23:00:00,317.0,5.6,2.4,6
2021-04-07 00:00:00,321.0,5.1,3.7,0
2021-04-07 01:00:00,322.0,6.5,-1.6,0
2021-04-07 02:00:00,327.0,8.4,-5.0,0
2021-04-07 03:00:00,319.0,7.5,1.5,0
2021-04-07 04:00:00,318.0,7.7,-0.9,0
2021-04-07 05:00:00,,,,0
2021-04-07 06:00:00,,,,0
2021-04-07 07:00:00,,,,0
2021-04-07 08:00:00,,,,0
2021-04-07 09:00:00,,,,0
2021-04-07 10:00:00,,,,0
2021-04-07 11:00:00,,,,0
2021-04-07 12:00:00,,,,0
2021-04-07 13:00:00,,,,0
2021-04-07 14:00:00,,,,0
2021-04-07 15:00:00,,,,0
2021-04-07 16:00:00,,,,0
2021-04-07 17:00:00,,,,0
2021-04-07 18:00:00,,,,0
2021-04-07 19:00:00,,,,0
2021-04-07 20:00:00,,,,0
2021-04-07 21:00:00,,,,0
2021-04-07 22:00:00,487.0,,,0
2021-04-07 23:00:00,471.0,4.6,-0.4,0
2021-04-08 00:00:00,468.0,4.7,1.4,0
2021-04-08 01:00:00,465.0,5.0,1.8,0
2021-04-08 02:00:00,463.0,4.6,1.5,0
2021-04-08 03:00:00,471.0,3.3,-0.3,0
2021-04-08 04:00:00,484.0,2.4,-0.8,0
2021-04-08 05:00:00,482.0,2.6,0.1,0
2021-04-08 06:00:00,482.0,2.5,1.8,0
2021-04-08 07:00:00,479.0,2.7,2.0,0
2021-04-08 08:00:00,479.0,2.7,1.3,0
2021-04-08 09:00:00,473.0,2.4,-0.3,0
2021-04-08 10:00:00,469.0,2.5,0.3,0
2021-04-08 11:00:00,467.0,2.5,0.6,0
2021-04-08 12:00:00,458.0,2.7,0.2,0
2021-04-08 13:00:00,448.0,2.6,-1.6,0
2021-04-08 14:00:00,449.0,2.7,-1.2,0
2021-04-08 15:00:00,442.0,3.0,-0.6,0
2021-04-08 16:00:00,430.0,2.9,-0.1,0
2021-04-08 17:00:00,426.0,3.1,-0.7,0
2021-04-08 18:00:00,426.0,3.5,-0.6,0
2021-04-08 19:00:00,425.0,3.7,-0.6,0
2021-04-08 20:00:00,415.0,3.0,0.0,0
2021-04-08 21:00:00,418.0,3.8,0.6,0
2021-04-08 22:00:00,417.0,3.5,2.1,0
2021-04-08 23:00:00,411.0,3.7,2.8,0
2021-04-09 00:00:00,407.0,4.1,2.9,0
2021-04-09 01:00:00,395.0,3.9,1.0,0
2021-04-09 02:00:00,388.0,3.7,-0.2,0
2021-04-09 03:00:00,399.0,4.3,-0.6,0
2021-04-09 04:00:00,407.0,4.9,0.2,0
2021-04-09 05:00:00,404.0,5.0,0.5,0
2021-04-09 06:00:00,404.0,5.0,1.9,0
2021-04-09 07:00:00,400.0,5.3,1.3,0
2021-04-09 08:00:00,401.0,4.7,0.2,0
2021-04-09 09:00:00,392.0,4.4,0.8,0
2021-04-09 10:00:00,393.0,4.1,0.7,0
2021-04-09 11:00:00,395.0,4.1,2.5,0
2021-04-09 12:00:00,382.0,4.0,0.8,0
2021-04-09 13:00:00,381.0,3.5,-1.2,0
2021-04-09 14:00:00,382.0,2.8,-0.7,0
2021-04-09 15:00:00,396.0,3.6,0.5,0
2021-04-09 16:00:00,398.0,3.7,-1.2,0
2021-04-09 17:00:00,403.0,3.6,-0.3,0
2021-04-09 18:00:00,405.0,3.5,0.6,0
2021-04-09 19:00:00,396.0,3.7,1.4,0
2021-04-09 20:00:00,396.0,3.9,-0.1,0
2021-04-09 21:00:00,387.0,4.0,-1.9,0
2021-04-09 22:00:00,395.0,4.1,0.6,0
2021-04-09 23:00:00,377.0,3.7,-1.6,0
2021-04-10 00:00:00,372.0,3.5,-1.1,0
2021-04-10 01:00:00,377.0,3.8,-1.0,0
2021-04-10 02:00:00,370.0,2.7,-1.2,0
2021-04-10 03:00:00,371.0,3.3,-1.3,0
2021-04-10 04:00:00,363.0,3.2,-0.6,0
2021-04-10 05:00:00,358.0,2.8,-0.6,0
2021-04-10 06:00:00,347.0,2.5,-1.1,0
2021-04-10 07:00:00,364.0,3.5,-1.7,0
2021-04-10 08:00:00,347.0,3.3,-2.2,0
2021-04-10 09:00:00,341.0,2.8,-3.1,0
2021-04-10 10:00:00,337.0,2.5,-3.1,0
2021-04-10 11:00:00,330.0,3.3,-0.8,0
2021-04-10 12:00:00,327.0,3.0,-2.1,0
2021-04-10 13:00:00,336.0,3.6,-1.9,0
2021-04-10 14:00:00,337.0,4.1,-3.1,0
2021-04-10 15:00:00,331.0,3.1,-3.2,0
2021-04-10 16:00:00,338.0,4.3,-2.9,0
2021-04-10 17:00:00,342.0,5.2,1.1,0
2021-04-10 18:00:00,342.0,5.6,1.6,0
2021-04-10 19:00:00,343.0,4.8,-1.0,0
2021-04-10 20:00:00,342.0,4.4,-3.1,0
2021-04-10 21:00:00,341.0,4.9,-4.4,0
2021-04-10 22:00:00,336.0,5.8,-3.9,0
2021-04-10 23:00:00,337.0,6.9,-2.6,0
2021-04-11 00:00:00,335.0,6.3,-2.0,10
2021-04-11 01:00:00,332.0,5.9,-1.9,10
2021-04-11 02:00:00,340.0,6.8,-3.9,10
2021-04-11 03:00:00,349.0,12.1,-2.5,10
2021-04-11 04:00:00,354.0,11.0,-1.1,10
2021-04-11 05:00:00,359.0,7.3,-0.1,10
2021-04-11 06:00:00,356.0,6.8,-0.9,10
2021-04-11 07:00:00,359.0,6.8,-0.4,10
2021-04-11 08:00:00,358.0,7.3,-0.5,10
2021-04-11 09:00:00,361.0,7.4,-0.4,10
2021-04-11 10:00:00,360.0,7.1,0.6,10
2021-04-11 11:00:00,360.0,7.1,1.5,10
2021-04-11 12:00:00,354.0,7.1,1.0,10
2021-04-11 13:00:00,355.0,7.2,2.2,10
2021-04-11 14:00:00,354.0,7.1,1.1,10
2021-04-11 15:00:00,350.0,7.4,1.9,10
2021-04-11 16:00:00,348.0,7.4,0.5,10
2021-04-11 17:00:00,339.0,6.6,-0.6,10
2021-04-11 18:00:00,341.0,6.8,-1.1,10
2021-04-11 19:00:00,348.0,5.6,-0.4,10
2021-04-11 20:00:00,349.0,5.5,-0.7,10
2021-04-11 21:00:00,357.0,6.8,3.1,10
2021-04-11 22:00:00,345.0,6.0,3.5,10
2021-04-11 23:00:00,353.0,7.1,2.6,10
2021-04-12 00:00:00,342.0,6.0,0.8,14
2021-04-12 01:00:00,357.0,7.8,1.0,14
2021-04-12 02:00:00,350.0,7.4,1.0,14
2021-04-12 03:00:00,349.0,6.8,0.4,14
2021-04-12 04:00:00,349.0,7.5,0.7,14
2021-04-12 05:00:00,353.0,7.2,-0.8,14
2021-04-12 06:00:00,355.0,6.6,0.0,14
2021-04-12 07:00:00,352.0,6.3,-0.4,14
2021-04-12 08:00:00,352.0,5.9,0.9,14
2021-04-12 09:00:00,349.0,6.2,0.3,14
2021-04-12 10:00:00,343.0,6.0,1.6,14
2021-04-12 11:00:00,363.0,7.2,-1.1,14
2021-04-12 12:00:00,365.0,8.0,2.2,14
2021-04-12 13:00:00,365.0,8.1,-1.9,14
2021-04-12 14:00:00,375.0,8.6,-1.0,14
2021-04-12 15:00:00,377.0,8.5,-2.4,14
2021-04-12 16:00:00,373.0,8.8,-2.1,14
2021-04-12 17:00:00,370.0,7.8,-1.9,14
2021-04-12 18:00:00,372.0,7.7,-0.8,14
2021-04-12 19:00:00,371.0,7.6,0.2,14
2021-04-12 20:00:00,371.0,7.1,0.8,14
2021-04-12 21:00:00,370.0,7.2,1.3,14
2021-04-12 22:00:00,379.0,8.3,1.0,14
2021-04-12 23:00:00,377.0,8.2,1.3,14
2021-04-13 00:00:00,373.0,8.0,1.4,19
2021-04-13 01:00:00,373.0,8.0,1.4,19
2021-04-13 02:00:00,369.0,8.1,0.7,19
2021-04-13 03:00:00,365.0,8.0,0.1,19
2021-04-13 04:00:00,359.0,8.0,0.8,19
2021-04-13 05:00:00,358.0,7.7,-0.9,19
2021-04-13 06:00:00,355.0,7.4,-0.8,19
2021-04-13 07:00:00,358.0,6.8,-1.4,19
2021-04-13 08:00:00,357.0,6.7,-0.4,19
2021-04-13 09:00:00,357.0,6.8,-1.3,19
2021-04-13 10:00:00,353.0,6.3,-3.3,19
2021-04-13 11:00:00,350.0,6.0,-2.5,19
2021-04-13 12:00:00,362.0,7.8,-1.8,19
2021-04-13 13:00:00,364.0,8.5,-0.8,19
2021-04-13 14:00:00,363.0,8.0,2.5,19
2021-04-13 15:00:00,357.0,8.3,1.7,19
2021-04-13 16:00:00,354.0,11.3,-0.2,19
2021-04-13 17:00:00,355.0,12.2,-0.9,19
2021-04-13 18:00:00,353.0,10.7,-1.3,19
2021-04-13 19:00:00,347.0,7.2,-0.8,19
2021-04-13 20:00:00,345.0,4.5,-1.2,19
2021-04-13 21:00:00,343.0,4.5,0.7,19
2021-04-13 22:00:00,354.0,5.5,0.8,19
2021-04-13 23:00:00,354.0,8.5,0.0,19
2021-04-14 00:00:00,357.0,6.4,2.3,21
2021-04-14 01:00:00,361.0,7.5,2.5,21
2021-04-14 02:00:00,367.0,7.7,2.6,21
2021-04-14 03:00:00,369.0,9.9,3.2,21
2021-04-14 04:00:00,361.0,6.8,4.7,21
2021-04-14 05:00:00,366.0,6.1,3.0,21
2021-04-14 06:00:00,385.0,5.6,2.1,21
2021-04-14 07:00:00,377.0,5.4,1.3,21
2021-04-14 08:00:00,384.0,4.7,-1.0,21
2021-04-14 09:00:00,386.0,4.3,-1.6,21
2021-04-14 10:00:00,385.0,5.4,0.3,21
2021-04-14 11:00:00,396.0,4.9,-2.5,21
2021-04-14 12:00:00,412.0,5.0,-0.9,21
2021-04-14 13:00:00,417.0,4.6,0.2,21
2021-04-14 14:00:00,434.0,5.4,1.6,21
2021-04-14 15:00:00,451.0,5.8,-1.0,21
2021-04-14 16:00:00,427.0,5.5,1.3,21
2021-04-14 17:00:00,401.0,4.0,1.6,21
2021-04-14 18:00:00,411.0,7.1,1.6,21
2021-04-14 19:00:00,425.0,7.8,-1.7,21
2021-04-14 20:00:00,420.0,8.1,0.3,21
2021-04-14 21:00:00,414.0,12.4,-0.9,21
2021-04-14 22:00:00,407.0,11.1,-1.7,21
2021-04-14 23:00:00,402.0,12.4,-0.5,21
2021-04-15 00:00:00,395.0,12.3,0.0,25
2021-04-15 01:00:00,399.0,10.1,-0.2,25
2021-04-15 02:00:00,380.0,13.1,-0.4,25
2021-04-15 03:00:00,371.0,15.4,0.0,25
2021-04-15 04:00:00,387.0,12.0,-4.6,25
2021-04-15 05:00:00,394.0,7.2,-7.2,25
2021-04-15 06:00:00,391.0,7.9,-0.7,25
2021-04-15 07:00:00,400.0,10.7,7.8,25
2021-04-15 08:00:00,389.0,12.3,8.0,25
2021-04-15 09:00:00,377.0,14.7,8.0,25
2021-04-15 10:00:00,378.0,14.2,8.6,25
2021-04-15 11:00:00,380.0,9.6,8.9,25
2021-04-15 12:00:00,371.0,12.1,8.6,25
2021-04-15 13:00:00,364.0,13.3,8.4,25
2021-04-15 14:00:00,347.0,7.3,2.9,25
2021-04-15 15:00:00,341.0,13.0,3.7,25
2021-04-15 16:00:00,337.0,10.6,3.5,25
2021-04-15 17:00:00,339.0,9.0,2.9,25
2021-04-15 18:00:00,360.0,9.8,1.9,25
2021-04-15 19:00:00,355.0,10.0,3.2,25
2021-04-15 20:00:00,343.0,11.5,3.7,25
2021-04-15 21:00:00,353.0,9.8,3.8,25
2021-04-15 22:00:00,353.0,7.3,4.9,25
2021-04-15 23:00:00,353.0,7.8,3.1,25
2021-04-16 00:00:00,380.0,19.3,-2.7,35
2021-04-16 01:00:00,382.0,18.1,-0.9,35
2021-04-16 02:00:00,396.0,12.5,2.2,35
2021-04-16 03:00:00,407.0,5.4,0.3,35
2021-04-16 04:00:00,408.0,4.0,-0.5,35
2021-04-16 05:00:00,412.0,4.6,-2.2,35
2021-04-16 06:00:00,410.0,5.0,-2.6,35
2021-04-16 07:00:00,412.0,6.0,-1.9,35
2021-04-16 08:00:00,408.0,8.6,-0.4,35
2021-04-16 09:00:00,421.0,5.7,2.4,35
2021-04-16 10:00:00,437.0,5.4,1.7,35
2021-04-16 11:00:00,453.0,5.4,-1.8,35
2021-04-16 12:00:00,463.0,5.1,-4.3,35
2021-04-16 13:00:00,466.0,7.0,-2.7,35
2021-04-16 14:00:00,450.0,8.6,2.2,35
2021-04-16 15:00:00,431.0,8.8,3.7,35
2021-04-16 16:00:00,424.0,8.3,1.6,35
2021-04-16 17:00:00,434.0,7.5,-4.3,35
2021-04-16 18:00:00,426.0,7.2,-8.1,35
2021-04-16 19:00:00,440.0,7.7,0.6,35
2021-04-16 20:00:00,435.0,5.1,-0.1,35
2021-04-16 21:00:00,443.0,4.7,0.3,35
2021-04-16 22:00:00,474.0,5.1,0.5,35
2021-04-16 23:00:00,447.0,5.1,0.8,35
2021-04-17 00:00:00,456.0,4.8,0.5,15
2021-04-17 01:00:00,491.0,5.5,-1.6,15
2021-04-17 02:00:00,527.0,6.3,-1.1,15
2021-04-17 03:00:00,528.0,5.6,-2.6,15
2021-04-17 04:00:00,547.0,4.7,-1.4,15
2021-04-17 05:00:00,578.0,4.7,2.0,15
2021-04-17 06:00:00,582.0,5.2,0.3,15
2021-04-17 07:00:00,584.0,5.0,-2.6,15
2021-04-17 08:00:00,599.0,4.6,-0.6,15
2021-04-17 09:00:00,586.0,4.6,-1.5,15
2021-04-17 10:00:00,573.0,4.6,-0.7,15
2021-04-17 11:00:00,532.0,5.3,-1.6,15
2021-04-17 12:00:00,528.0,6.8,-0.2,15
2021-04-17 13:00:00,582.0,4.8,0.8,15
2021-04-17 14:00:00,600.0,4.2,1.5,15
2021-04-17 15:00:00,608.0,5.1,-0.8,15
2021-04-17 16:00:00,600.0,4.3,-2.8,15
2021-04-17 17:00:00,587.0,3.9,2.3,15
2021-04-17 18:00:00,593.0,3.2,1.1,15
2021-04-17 19:00:00,617.0,3.0,-0.2,15
2021-04-17 20:00:00,626.0,3.0,0.7,15
2021-04-17 21:00:00,625.0,3.3,2.6,15
2021-04-17 22:00:00,636.0,3.5,0.1,15
2021-04-17 23:00:00,621.0,3.2,-0.3,15
2021-04-18 00:00:00,634.0,3.5,0.2,18
2021-04-18 01:00:00,636.0,3.5,-0.9,18
2021-04-18 02:00:00,625.0,3.7,1.9,18
2021-04-18 03:00:00,640.0,3.2,0.3,18
2021-04-18 04:00:00,648.0,2.6,0.0,18
2021-04-18 05:00:00,650.0,2.6,-1.8,18
2021-04-18 06:00:00,654.0,3.1,-1.3,18
2021-04-18 07:00:00,668.0,2.8,-2.9,18
2021-04-18 08:00:00,651.0,3.0,-1.8,18
2021-04-18 09:00:00,647.0,2.9,-1.8,18
2021-04-18 10:00:00,637.0,2.3,-0.3,18
2021-04-18 11:00:00,624.0,2.0,-1.0,18
2021-04-18 12:00:00,615.0,1.9,-1.6,18
2021-04-18 13:00:00,575.0,1.7,-1.5,18
2021-04-18 14:00:00,554.0,1.8,-1.5,18
2021-04-18 15:00:00,543.0,2.1,-1.1,18
2021-04-18 16:00:00,546.0,2.8,-1.2,18
2021-04-18 17:00:00,553.0,3.2,-1.0,18
2021-04-18 18:00:00,541.0,3.6,0.0,18
2021-04-18 19:00:00,542.0,4.5,-3.1,18
2021-04-18 20:00:00,552.0,5.8,-4.3,18
2021-04-18 21:00:00,560.0,7.4,-4.0,18
2021-04-18 22:00:00,559.0,7.9,-2.3,18
2021-04-18 23:00:00,544.0,6.9,2.9,18
2021-04-19 00:00:00,566.0,5.7,0.3,36
2021-04-19 01:00:00,567.0,5.6,2.3,36
2021-04-19 02:00:00,577.0,5.5,-0.9,36
2021-04-19 03:00:00,594.0,5.0,-0.9,36
2021-04-19 04:00:00,593.0,4.4,-0.3,36
2021-04-19 05:00:00,616.0,2.5,-1.0,36
2021-04-19 06:00:00,627.0,2.7,1.0,36
2021-04-19 07:00:00,623.0,3.1,-0.9,36
2021-04-19 08:00:00,611.0,3.4,-3.0,36
2021-04-19 09:00:00,631.0,3.6,-1.7,36
2021-04-19 10:00:00,635.0,3.4,3.0,36
2021-04-19 11:00:00,635.0,3.3,0.9,36
2021-04-19 12:00:00,623.0,3.2,1.0,36
2021-04-19 13:00:00,628.0,3.2,1.5,36
2021-04-19 14:00:00,627.0,3.2,-0.9,36
2021-04-19 15:00:00,620.0,3.2,0.4,36
2021-04-19 16:00:00,606.0,2.8,1.1,36
2021-04-19 17:00:00,635.0,2.7,2.1,36
2021-04-19 18:00:00,620.0,3.1,-0.5,36
2021-04-19 19:00:00,631.0,2.9,-2.8,36
2021-04-19 20:00:00,606.0,2.7,-2.1,36
2021-04-19 21:00:00,616.0,3.2,-1.5,36
2021-04-19 22:00:00,598.0,2.9,0.5,36
2021-04-19 23:00:00,654.0,3.4,0.6,36
2021-04-20 00:00:00,654.0,3.6,1.0,57
2021-04-20 01:00:00,640.0,3.5,1.5,57
2021-04-20 02:00:00,635.0,3.5,1.1,57
2021-04-20 03:00:00,630.0,3.9,-0.6,57
2021-04-20 04:00:00,627.0,3.5,2.7,57
2021-04-20 05:00:00,627.0,2.9,2.3,57
2021-04-20 06:00:00,627.0,2.9,0.8,57
2021-04-20 07:00:00,612.0,2.6,-1.6,57
2021-04-20 08:00:00,609.0,2.7,-1.8,57
2021-04-20 09:00:00,605.0,2.9,-1.9,57
2021-04-20 10:00:00,604.0,2.9,0.2,57
2021-04-20 11:00:00,605.0,2.8,0.2,57
2021-04-20 12:00:00,591.0,2.9,-1.3,57
2021-04-20 13:00:00,598.0,2.7,2.4,57
2021-04-20 14:00:00,592.0,2.6,1.1,57
2021-04-20 15:00:00,585.0,2.5,0.2,57
2021-04-20 16:00:00,594.0,2.7,-1.8,57
2021-04-20 17:00:00,605.0,2.5,-2.2,57
2021-04-20 18:00:00,612.0,2.4,-1.3,57
2021-04-20 19:00:00,604.0,2.4,-2.3,57
2021-04-20 20:00:00,612.0,2.3,-2.2,57
2021-04-20 21:00:00,603.0,2.7,-1.1,57
2021-04-20 22:00:00,583.0,2.8,-0.1,57
2021-04-20 23:00:00,574.0,3.0,-0.7,57
2021-04-21 00:00:00,560.0,2.9,2.2,46
2021-04-21 01:00:00,546.0,2.8,2.1,46
2021-04-21 02:00:00,535.0,2.1,1.4,46
2021-04-21 03:00:00,527.0,1.9,0.5,46
2021-04-21 04:00:00,561.0,2.6,-0.7,46
2021-04-21 05:00:00,560.0,2.5,0.7,46
2021-04-21 06:00:00,570.0,2.4,-1.8,46
2021-04-21 07:00:00,558.0,2.4,0.4,46
2021-04-21 08:00:00,555.0,2.5,-0.3,46
2021-04-21 09:00:00,547.0,2.5,0.5,46
2021-04-21 10:00:00,536.0,2.5,0.5,46
2021-04-21 11:00:00,544.0,2.9,-0.6,46
2021-04-21 12:00:00,533.0,3.1,-0.8,46
2021-04-21 13:00:00,529.0,2.6,-0.6,46
2021-04-21 14:00:00,523.0,2.1,-0.8,46
2021-04-21 15:00:00,524.0,1.8,-0.1,46
2021-04-21 16:00:00,512.0,1.7,-0.2,46
2021-04-21 17:00:00,497.0,1.6,-0.2,46
2021-04-21 18:00:00,491.0,1.5,0.0,46
2021-04-21 19:00:00,487.0,1.6,-0.2,46
2021-04-21 20:00:00,487.0,1.7,0.1,46
2021-04-21 21:00:00,479.0,1.8,0.7,46
2021-04-21 22:00:00,477.0,1.8,0.7,46
2021-04-21 23:00:00,471.0,1.9,-1.0,46
2021-04-22 00:00:00,462.0,2.1,-1.3,44
2021-04-22 01:00:00,464.0,2.2,-0.6,44
2021-04-22 02:00:00,462.0,2.4,-1.0,44
2021-04-22 03:00:00,454.0,2.5,-1.3,44
2021-04-22 04:00:00,449.0,2.7,-1.2,44
2021-04-22 05:00:00,445.0,2.9,-0.1,44
2021-04-22 06:00:00,440.0,2.9,-0.7,44
2021-04-22 07:00:00,444.0,3.3,-1.4,44
2021-04-22 08:00:00,450.0,4.4,-2.0,44
2021-04-22 09:00:00,450.0,5.2,-1.4,44
2021-04-22 10:00:00,429.0,4.7,1.0,44
2021-04-22 11:00:00,433.0,5.3,-2.2,44
2021-04-22 12:00:00,423.0,5.3,-2.5,44
2021-04-22 13:00:00,419.0,5.3,1.1,44
2021-04-22 14:00:00,415.0,4.5,1.4,44
2021-04-22 15:00:00,412.0,4.3,2.2,44
2021-04-22 16:00:00,410.0,4.4,2.1,44
2021-04-22 17:00:00,416.0,5.1,1.8,44
2021-04-22 18:00:00,411.0,4.4,1.3,44
2021-04-22 19:00:00,409.0,5.1,0.2,44
2021-04-22 20:00:00,402.0,5.4,-1.7,44
2021-04-22 21:00:00,411.0,5.3,-1.9,44
2021-04-22 22:00:00,408.0,5.4,-1.7,44
2021-04-22 23:00:00,407.0,5.3,-2.3,44
2021-04-23 00:00:00,388.0,5.2,-1.0,37
2021-04-23 01:00:00,388.0,5.6,-1.7,37
2021-04-23 02:00:00,398.0,6.0,-2.7,37
2021-04-23 03:00:00,392.0,6.1,-1.4,37
2021-04-23 04:00:00,401.0,5.8,-2.7,37
2021-04-23 05:00:00,396.0,5.9,-0.1,37
2021-04-23 06:00:00,402.0,6.0,-1.1,37
2021-04-23 07:00:00,405.0,6.6,-2.5,37
2021-04-23 08:00:00,399.0,7.0,-1.3,37
2021-04-23 09:00:00,404.0,6.8,-1.3,37
2021-04-23 10:00:00,387.0,7.7,-0.3,37
2021-04-23 11:00:00,387.0,7.4,0.5,37
2021-04-23 12:00:00,384.0,6.7,-0.3,37
2021-04-23 13:00:00,381.0,6.6,-2.0,37
2021-04-23 14:00:00,377.0,6.8,-1.6,37
2021-04-23 15:00:00,386.0,8.9,-2.0,37
2021-04-23 16:00:00,382.0,9.5,-0.3,37
2021-04-23 17:00:00,374.0,9.3,0.2,37
2021-04-23 18:00:00,371.0,10.6,1.0,37
2021-04-23 19:00:00,387.0,14.9,-0.3,37
2021-04-23 20:00:00,392.0,15.6,-0.7,37
2021-04-23 21:00:00,397.0,12.9,2.0,37
2021-04-23 22:00:00,435.0,8.2,-4.9,37
2021-04-23 23:00:00,443.0,8.4,2.3,37
2021-04-24 00:00:00,453.0,8.4,1.1,54
2021-04-24 01:00:00,454.0,8.9,3.6,54
2021-04-24 02:00:00,480.0,5.1,1.8,54
2021-04-24 03:00:00,480.0,4.5,-1.4,54
2021-04-24 04:00:00,471.0,4.2,-1.2,54
2021-04-24 05:00:00,489.0,3.8,-1.9,54
2021-04-24 06:00:00,470.0,4.0,-1.2,54
2021-04-24 07:00:00,471.0,3.8,-1.8,54
2021-04-24 08:00:00,474.0,3.5,-1.7,54
2021-04-24 09:00:00,477.0,3.3,-1.8,54
2021-04-24 10:00:00,468.0,3.2,-1.8,54
2021-04-24 11:00:00,456.0,3.0,-1.8,54
2021-04-24 12:00:00,454.0,2.6,-2.2,54
2021-04-24 13:00:00,447.0,2.4,-1.7,54
2021-04-24 14:00:00,443.0,2.5,-1.7,54
2021-04-24 15:00:00,445.0,2.9,0.6,54
2021-04-24 16:00:00,442.0,2.8,0.6,54
2021-04-24 17:00:00,436.0,3.0,1.3,54
2021-04-24 18:00:00,439.0,2.9,-2.4,54
2021-04-24 19:00:00,427.0,2.5,-1.3,54
2021-04-24 20:00:00,442.0,3.2,-0.7,54
2021-04-24 21:00:00,432.0,3.6,0.5,54
2021-04-24 22:00:00,431.0,3.9,2.0,54
2021-04-24 23:00:00,471.0,5.7,-4.4,54
2021-04-25 00:00:00,481.0,8.2,-6.8,55
2021-04-25 01:00:00,478.0,5.5,-3.0,55
2021-04-25 02:00:00,472.0,4.7,-4.9,55
2021-04-25 03:00:00,463.0,3.9,-3.0,55
2021-04-25 04:00:00,480.0,2.7,1.3,55
2021-04-25 05:00:00,482.0,3.3,3.2,55
2021-04-25 06:00:00,484.0,4.2,3.5,55
2021-04-25 07:00:00,490.0,5.3,0.0,55
2021-04-25 08:00:00,470.0,5.6,-2.9,55
2021-04-25 09:00:00,463.0,4.9,-3.2,55
2021-04-25 10:00:00,476.0,4.3,-4.2,55
2021-04-25 11:00:00,480.0,3.2,-4.4,55
2021-04-25 12:00:00,477.0,2.5,-0.7,55
2021-04-25 13:00:00,472.0,2.4,0.5,55
2021-04-25 14:00:00,502.0,1.8,0.9,55
2021-04-25 15:00:00,500.0,1.7,0.5,55
2021-04-25 16:00:00,483.0,1.6,0.7,55
2021-04-25 17:00:00,480.0,1.8,-0.2,55
2021-04-25 18:00:00,481.0,3.1,1.9,55
2021-04-25 19:00:00,475.0,2.2,0.9,55
2021-04-25 20:00:00,479.0,2.7,-0.1,55
2021-04-25 21:00:00,495.0,3.3,-0.9,55
2021-04-25 22:00:00,497.0,2.9,0.4,55
2021-04-25 23:00:00,493.0,3.4,-1.8,55
2021-04-26 00:00:00,489.0,3.3,-3.9,50
2021-04-26 01:00:00,478.0,3.1,-3.7,50
2021-04-26 02:00:00,474.0,3.2,-4.2,50
2021-04-26 03:00:00,477.0,2.9,-5.3,50
2021-04-26 04:00:00,473.0,3.2,-4.6,50
2021-04-26 05:00:00,470.0,3.3,-4.0,50
2021-04-26 06:00:00,464.0,3.5,0.9,50
2021-04-26 07:00:00,465.0,3.8,3.0,50
2021-04-26 08:00:00,459.0,3.7,2.7,50
2021-04-26 09:00:00,455.0,3.9,1.9,50
2021-04-26 10:00:00,452.0,3.6,0.0,50
2021-04-26 11:00:00,459.0,3.9,-0.5,50
2021-04-26 12:00:00,453.0,2.9,-1.2,50
2021-04-26 13:00:00,445.0,2.9,-0.8,50
2021-04-26 14:00:00,458.0,3.7,2.1,50
2021-04-26 15:00:00,474.0,3.9,3.4,50
2021-04-26 16:00:00,474.0,3.9,1.3,50
2021-04-26 17:00:00,474.0,3.7,2.5,50
2021-04-26 18:00:00,465.0,2.6,1.9,50
2021-04-26 19:00:00,484.0,3.1,4.0,50
2021-04-26 20:00:00,484.0,2.8,3.8,50
2021-04-26 21:00:00,481.0,3.0,0.9,50
2021-04-26 22:00:00,484.0,2.7,-0.1,50
2021-04-26 23:00:00,481.0,2.4,0.3,50
2021-04-27 00:00:00,456.0,1.8,-2.1,55
2021-04-27 01:00:00,466.0,2.1,-1.2,55
2021-04-27 02:00:00,467.0,2.9,-2.9,55
2021-04-27 03:00:00,457.0,3.0,-0.9,55
2021-04-27 04:00:00,456.0,2.9,-1.0,55
2021-04-27 05:00:00,470.0,2.3,-1.8,55
2021-04-27 06:00:00,454.0,2.1,-0.9,55
2021-04-27 07:00:00,461.0,1.8,-2.1,55
2021-04-27 08:00:00,482.0,1.9,-1.7,55
2021-04-27 09:00:00,480.0,1.9,-1.1,55
2021-04-27 10:00:00,466.0,3.0,-1.2,55
2021-04-27 11:00:00,451.0,3.0,-0.6,55
2021-04-27 12:00:00,445.0,2.1,-1.8,55
2021-04-27 13:00:00,439.0,1.6,-1.6,55
2021-04-27 14:00:00,435.0,1.4,-1.6,55
2021-04-27 15:00:00,430.0,1.1,-0.6,55
2021-04-27 16:00:00,429.0,1.1,0.5,55
2021-04-27 17:00:00,434.0,1.2,0.3,55
2021-04-27 18:00:00,441.0,1.0,-0.2,55
2021-04-27 19:00:00,438.0,1.2,-1.3,55
2021-04-27 20:00:00,436.0,1.0,-1.5,55
2021-04-27 21:00:00,427.0,1.3,-1.3,55
2021-04-27 22:00:00,431.0,1.3,-1.5,55
2021-04-27 23:00:00,428.0,1.2,-1.7,55
2021-04-28 00:00:00,424.0,1.9,-0.6,46
2021-04-28 01:00:00,416.0,2.7,0.3,46
2021-04-28 02:00:00,407.0,2.7,0.5,46
2021-04-28 03:00:00,401.0,2.5,0.5,46
2021-04-28 04:00:00,392.0,2.5,0.9,46
2021-04-28 05:00:00,383.0,2.6,-1.0,46
2021-04-28 06:00:00,376.0,1.9,0.0,46
2021-04-28 07:00:00,379.0,2.0,0.5,46
2021-04-28 08:00:00,376.0,1.9,0.9,46
2021-04-28 09:00:00,377.0,1.9,-0.3,46
2021-04-28 10:00:00,376.0,2.1,1.2,46
2021-04-28 11:00:00,373.0,2.5,0.8,46
2021-04-28 12:00:00,370.0,3.4,0.8,46
2021-04-28 13:00:00,365.0,3.8,0.4,46
2021-04-28 14:00:00,360.0,3.9,1.7,46
2021-04-28 15:00:00,365.0,3.8,2.1,46
2021-04-28 16:00:00,358.0,4.6,1.4,46
2021-04-28 17:00:00,356.0,4.3,0.4,46
2021-04-28 18:00:00,354.0,4.8,0.1,46
2021-04-28 19:00:00,352.0,4.7,-0.7,46
2021-04-28 20:00:00,351.0,4.6,-1.0,46
2021-04-28 21:00:00,348.0,4.6,-0.9,46
2021-04-28 22:00:00,344.0,4.6,-0.1,46
2021-04-28 23:00:00,343.0,4.8,-0.4,46
2021-04-29 00:00:00,340.0,4.8,-0.9,37
2021-04-29 01:00:00,340.0,5.1,-1.5,37
2021-04-29 02:00:00,341.0,5.2,-0.6,37
2021-04-29 03:00:00,340.0,5.3,0.5,37
2021-04-29 04:00:00,338.0,5.4,1.8,37
2021-04-29 05:00:00,336.0,5.8,1.9,37
2021-04-29 06:00:00,336.0,5.5,0.0,37
2021-04-29 07:00:00,334.0,5.6,-1.4,37
2021-04-29 08:00:00,333.0,5.9,-2.6,37
2021-04-29 09:00:00,334.0,5.5,-1.8,37
2021-04-29 10:00:00,335.0,5.3,-1.7,37
2021-04-29 11:00:00,336.0,5.7,-3.2,37
2021-04-29 12:00:00,332.0,6.3,-3.8,37
2021-04-29 13:00:00,332.0,6.9,-3.4,37
2021-04-29 14:00:00,333.0,7.7,-3.2,37
2021-04-29 15:00:00,332.0,8.1,-2.3,37
2021-04-29 16:00:00,,,-1.8,37
2021-04-29 17:00:00,332.0,,-1.2,37
2021-04-29 18:00:00,331.0,8.4,-0.1,37
2021-04-29 19:00:00,331.0,8.4,0.8,37
2021-04-29 20:00:00,349.0,14.4,0.6,37
2021-04-29 21:00:00,347.0,13.8,-0.8,37
2021-04-29 22:00:00,339.0,13.9,0.5,37
2021-04-29 23:00:00,338.0,13.5,-1.5,37
2021-04-30 00:00:00,331.0,12.4,-0.6,28
2021-04-30 01:00:00,322.0,11.3,-0.4,28
2021-04-30 02:00:00,324.0,12.5,-0.8,28
2021-04-30 03:00:00,321.0,13.5,-1.8,28
2021-04-30 04:00:00,319.0,14.8,-0.9,28
2021-04-30 05:00:00,319.0,13.5,2.7,28
2021-04-30 06:00:00,325.0,12.1,3.2,28
2021-04-30 07:00:00,328.0,13.6,4.0,28
2021-04-30 08:00:00,321.0,15.2,5.1,28
2021-04-30 09:00:00,322.0,13.5,2.6,28
2021-04-30 10:00:00,322.0,10.6,3.2,28
2021-04-30 11:00:00,313.0,6.8,3.7,28
2021-04-30 12:00:00,309.0,8.2,3.4,28
2021-04-30 13:00:00,308.0,7.2,4.4,28
2021-04-30 14:00:00,314.0,7.7,5.1,28
2021-04-30 15:00:00,339.0,10.9,2.8,28
2021-04-30 16:00:00,351.0,14.5,-5.9,28
2021-04-30 17:00:00,344.0,11.7,-2.3,28
2021-04-30 18:00:00,344.0,12.2,1.0,28
2021-04-30 19:00:00,342.0,17.1,0.2,28
2021-04-30 20:00:00,334.0,15.3,0.6,28
2021-04-30 21:00:00,333.0,12.8,-0.8,28
2021-04-30 22:00:00,326.0,12.3,-1.6,28
2021-04-30 23:00:00,324.0,12.1,-2.8,28
2021-05-01 00:00:00,327.0,18.3,-0.9,10
2021-05-01 01:00:00,326.0,14.9,1.2,10
2021-05-01 02:00:00,333.0,8.7,1.9,10
2021-05-01 03:00:00,333.0,5.0,2.2,10
2021-05-01 04:00:00,330.0,5.3,3.2,10
2021-05-01 05:00:00,328.0,6.5,3.6,10
2021-05-01 06:00:00,325.0,10.2,1.9,10
2021-05-01 07:00:00,314.0,9.1,-3.3,10
2021-05-01 08:00:00,307.0,7.8,-4.7,10
2021-05-01 09:00:00,312.0,14.0,-2.0,10
2021-05-01 10:00:00,317.0,13.0,1.9,10
2021-05-01 11:00:00,316.0,12.0,3.5,10
2021-05-01 12:00:00,314.0,9.9,4.5,10
2021-05-01 13:00:00,312.0,10.7,4.2,10
2021-05-01 14:00:00,323.0,10.5,1.6,10
2021-05-01 15:00:00,339.0,8.0,1.9,10
2021-05-01 16:00:00,343.0,9.1,5.7,10
2021-05-01 17:00:00,356.0,9.6,2.7,10
2021-05-01 18:00:00,373.0,10.2,2.2,10
2021-05-01 19:00:00,374.0,10.6,3.9,10
2021-05-01 20:00:00,376.0,9.8,4.6,10
2021-05-01 21:00:00,376.0,10.4,4.1,10
2021-05-01 22:00:00,365.0,9.0,4.4,10
2021-05-01 23:00:00,360.0,8.9,3.6,10
2021-05-02 00:00:00,356.0,7.5,4.0,0
2021-05-02 01:00:00,367.0,5.0,-4.4,0
2021-05-02 02:00:00,373.0,7.4,-4.0,0
2021-05-02 03:00:00,370.0,7.2,-3.7,0
2021-05-02 04:00:00,367.0,7.8,-2.5,0
2021-05-02 05:00:00,363.0,8.3,-0.7,0
2021-05-02 06:00:00,353.0,7.3,0.2,0
2021-05-02 07:00:00,349.0,10.5,1.7,0
2021-05-02 08:00:00,347.0,14.7,0.6,0
2021-05-02 09:00:00,354.0,10.8,2.4,0
2021-05-02 10:00:00,357.0,7.5,4.5,0
2021-05-02 11:00:00,353.0,7.2,5.6,0
2021-05-02 12:00:00,345.0,9.2,4.6,0
2021-05-02 13:00:00,343.0,11.3,4.0,0
2021-05-02 14:00:00,346.0,14.6,5.8,0
2021-05-02 15:00:00,327.0,15.7,4.9,0
2021-05-02 16:00:00,348.0,13.1,4.7,0
2021-05-02 17:00:00,346.0,14.8,5.0,0
2021-05-02 18:00:00,338.0,12.8,4.7,0
2021-05-02 19:00:00,327.0,14.1,5.4,0
2021-05-02 20:00:00,330.0,17.3,5.9,0
2021-05-02 21:00:00,346.0,17.2,2.9,0
2021-05-02 22:00:00,355.0,15.7,2.6,0
2021-05-02 23:00:00,369.0,20.6,4.1,0
2021-05-03 00:00:00,370.0,23.1,4.9,0
2021-05-03 01:00:00,363.0,14.1,6.4,0
2021-05-03 02:00:00,368.0,9.0,1.4,0
2021-05-03 03:00:00,373.0,10.4,0.2,0
2021-05-03 04:00:00,367.0,14.8,3.2,0
2021-05-03 05:00:00,371.0,18.8,7.7,0
2021-05-03 06:00:00,372.0,10.3,4.3,0
2021-05-03 07:00:00,372.0,7.2,-2.1,0
2021-05-03 08:00:00,380.0,6.6,0.1,0
2021-05-03 09:00:00,395.0,5.4,2.4,0
2021-05-03 10:00:00,409.0,3.5,-1.1,0
2021-05-03 11:00:00,411.0,4.2,0.9,0
2021-05-03 12:00:00,417.0,3.6,0.0,0
2021-05-03 13:00:00,421.0,2.5,1.9,0
2021-05-03 14:00:00,414.0,2.1,1.6,0
2021-05-03 15:00:00,437.0,2.3,-0.7,0
2021-05-03 16:00:00,461.0,1.7,1.5,0
2021-05-03 17:00:00,461.0,2.2,-0.7,0
2021-05-03 18:00:00,436.0,1.4,-0.9,0
2021-05-03 19:00:00,425.0,1.5,-0.2,0
2021-05-03 20:00:00,431.0,1.2,0.2,0
2021-05-03 21:00:00,441.0,1.8,-0.5,0
2021-05-03 22:00:00,439.0,2.1,-0.6,0
2021-05-03 23:00:00,425.0,2.2,-0.1,0
2021-05-04 00:00:00,433.0,2.1,0.0,0
2021-05-04 01:00:00,475.0,3.2,-0.7,0
2021-05-04 02:00:00,467.0,3.1,0.7,0
2021-05-04 03:00:00,441.0,3.8,2.1,0
2021-05-04 04:00:00,437.0,3.8,2.7,0
2021-05-04 05:00:00,417.0,2.8,3.9,0
2021-05-04 06:00:00,407.0,5.3,3.5,0
2021-05-04 07:00:00,411.0,6.2,2.7,0
2021-05-04 08:00:00,413.0,7.5,-0.7,0
2021-05-04 09:00:00,409.0,6.7,-0.5,0
2021-05-04 10:00:00,401.0,5.3,2.5,0
2021-05-04 11:00:00,413.0,4.3,1.5,0
2021-05-04 12:00:00,424.0,3.6,1.2,0
2021-05-04 13:00:00,426.0,3.6,2.5,0
2021-05-04 14:00:00,438.0,3.4,1.2,0
2021-05-04 15:00:00,430.0,3.7,1.3,0
2021-05-04 16:00:00,433.0,3.5,-0.1,0
2021-05-04 17:00:00,425.0,4.1,-1.1,0
2021-05-04 18:00:00,428.0,4.3,-1.6,0
2021-05-04 19:00:00,431.0,4.2,1.0,0
2021-05-04 20:00:00,425.0,4.6,1.7,0
2021-05-04 21:00:00,422.0,4.8,1.3,0
2021-05-04 22:00:00,424.0,4.4,1.5,0
2021-05-04 23:00:00,413.0,4.6,-0.7,0
2021-05-05 00:00:00,408.0,4.8,0.6,0
2021-05-05 01:00:00,406.0,4.5,1.5,0
2021-05-05 02:00:00,398.0,3.9,-0.1,0
2021-05-05 03:00:00,407.0,4.4,1.1,0
2021-05-05 04:00:00,407.0,3.6,0.7,0
2021-05-05 05:00:00,411.0,3.4,-0.4,0
2021-05-05 06:00:00,393.0,3.4,-0.2,0
2021-05-05 07:00:00,394.0,3.5,0.9,0
2021-05-05 08:00:00,391.0,3.1,1.3,0
2021-05-05 09:00:00,384.0,3.8,0.9,0
2021-05-05 10:00:00,383.0,4.1,1.2,0
2021-05-05 11:00:00,360.0,3.8,1.6,0
2021-05-05 12:00:00,364.0,2.9,0.0,0
2021-05-05 13:00:00,353.0,3.1,0.1,0
2021-05-05 14:00:00,350.0,3.1,-0.2,0
2021-05-05 15:00:00,343.0,3.3,1.1,0
2021-05-05 16:00:00,335.0,3.1,1.1,0
2021-05-05 17:00:00,331.0,2.7,1.6,0
2021-05-05 18:00:00,329.0,2.9,1.4,0
2021-05-05 19:00:00,341.0,3.5,1.4,0
2021-05-05 20:00:00,351.0,6.4,-1.5,0
2021-05-05 21:00:00,347.0,6.3,-2.0,0
2021-05-05 22:00:00,344.0,6.2,-0.3,0
2021-05-05 23:00:00,346.0,6.8,-0.1,0
2021-05-06 00:00:00,348.0,7.7,-1.7,0
2021-05-06 01:00:00,346.0,7.6,-0.1,0
2021-05-06 02:00:00,337.0,6.5,0.9,0
2021-05-06 03:00:00,339.0,7.7,-0.4,0
2021-05-06 04:00:00,334.0,7.5,-1.5,0
2021-05-06 05:00:00,331.0,6.7,-1.2,0
2021-05-06 06:00:00,331.0,6.8,-2.1,0
2021-05-06 07:00:00,329.0,5.2,-0.7,0
2021-05-06 08:00:00,325.0,5.0,-2.7,0
2021-05-06 09:00:00,334.0,4.5,-0.8,0
2021-05-06 10:00:00,338.0,4.7,-0.2,0
2021-05-06 11:00:00,329.0,4.5,-2.8,0
2021-05-06 12:00:00,327.0,5.7,-3.5,0
2021-05-06 13:00:00,331.0,5.9,-2.9,0
2021-05-06 14:00:00,329.0,4.7,-2.8,0
2021-05-06 15:00:00,328.0,5.4,-2.4,0
2021-05-06 16:00:00,332.0,7.0,-1.7,0
2021-05-06 17:00:00,332.0,6.6,-0.3,0
2021-05-06 18:00:00,336.0,5.3,0.1,0
2021-05-06 19:00:00,343.0,5.4,0.9,0
2021-05-06 20:00:00,335.0,5.0,0.3,0
2021-05-06 21:00:00,327.0,5.2,1.5,0
2021-05-06 22:00:00,329.0,5.2,3.4,0
2021-05-06 23:00:00,324.0,4.6,2.9,0
2021-05-07 00:00:00,317.0,4.2,2.5,10
2021-05-07 01:00:00,314.0,3.3,0.6,10
2021-05-07 02:00:00,311.0,2.9,1.1,10
2021-05-07 03:00:00,308.0,4.1,1.9,10
2021-05-07 04:00:00,312.0,4.5,2.2,10
2021-05-07 05:00:00,305.0,4.2,1.7,10
2021-05-07 06:00:00,301.0,5.0,1.4,10
2021-05-07 07:00:00,299.0,5.8,1.0,10
2021-05-07 08:00:00,300.0,5.6,1.7,10
2021-05-07 09:00:00,302.0,6.5,0.7,10
2021-05-07 10:00:00,309.0,6.0,1.3,10
2021-05-07 11:00:00,307.0,5.5,1.3,10
2021-05-07 12:00:00,309.0,7.3,-1.7,10
2021-05-07 13:00:00,309.0,7.2,-0.8,10
2021-05-07 14:00:00,304.0,6.8,1.4,10
2021-05-07 15:00:00,301.0,6.8,1.9,10
2021-05-07 16:00:00,289.0,6.7,-2.4,10
2021-05-07 17:00:00,299.0,4.7,-1.5,10
2021-05-07 18:00:00,299.0,4.8,0.3,10
2021-05-07 19:00:00,295.0,8.0,2.7,10
2021-05-07 20:00:00,302.0,7.8,4.1,10
2021-05-07 21:00:00,301.0,6.3,1.7,10
2021-05-07 22:00:00,297.0,6.1,1.5,10
2021-05-07 23:00:00,318.0,5.4,1.0,10
2021-05-08 00:00:00,326.0,4.3,-1.5,17
2021-05-08 01:00:00,330.0,4.6,-1.5,17
2021-05-08 02:00:00,340.0,4.5,-0.5,17
2021-05-08 03:00:00,322.0,3.6,0.3,17
2021-05-08 04:00:00,321.0,4.2,0.9,17
2021-05-08 05:00:00,319.0,2.9,-0.6,17
2021-05-08 06:00:00,321.0,3.0,-0.2,17
2021-05-08 07:00:00,318.0,3.1,-1.4,17
2021-05-08 08:00:00,313.0,3.1,-0.5,17
2021-05-08 09:00:00,341.0,3.5,-2.4,17
2021-05-08 10:00:00,316.0,4.3,-3.0,17
2021-05-08 11:00:00,316.0,4.6,-2.3,17
2021-05-08 12:00:00,312.0,4.2,-2.1,17
2021-05-08 13:00:00,313.0,4.2,1.1,17
2021-05-08 14:00:00,320.0,4.0,2.0,17
2021-05-08 15:00:00,318.0,4.3,2.3,17
2021-05-08 16:00:00,317.0,3.9,1.6,17
2021-05-08 17:00:00,325.0,4.3,0.5,17
2021-05-08 18:00:00,326.0,4.2,-1.1,17
2021-05-08 19:00:00,318.0,3.2,0.5,17
2021-05-08 20:00:00,323.0,3.7,0.5,17
2021-05-08 21:00:00,328.0,5.1,0.1,17
2021-05-08 22:00:00,328.0,5.2,-0.2,17
2021-05-08 23:00:00,324.0,4.7,-1.2,17
2021-05-09 00:00:00,316.0,3.7,1.3,20
2021-05-09 01:00:00,314.0,4.3,1.0,20
2021-05-09 02:00:00,312.0,4.2,1.2,20
2021-05-09 03:00:00,318.0,4.8,0.0,20
2021-05-09 04:00:00,321.0,4.7,0.2,20
2021-05-09 05:00:00,317.0,5.7,0.0,20
2021-05-09 06:00:00,315.0,4.2,1.4,20
2021-05-09 07:00:00,314.0,4.5,1.0,20
2021-05-09 08:00:00,317.0,5.2,1.2,20
2021-05-09 09:00:00,320.0,8.3,1.2,20
2021-05-09 10:00:00,323.0,5.2,3.4,20
2021-05-09 11:00:00,320.0,4.8,3.0,20
2021-05-09 12:00:00,323.0,5.2,0.6,20
2021-05-09 13:00:00,338.0,6.5,-2.0,20
2021-05-09 14:00:00,340.0,7.4,-2.9,20
2021-05-09 15:00:00,341.0,12.6,-1.1,20
2021-05-09 16:00:00,343.0,13.1,-0.9,20
2021-05-09 17:00:00,343.0,10.9,1.4,20
2021-05-09 18:00:00,346.0,10.3,2.1,20
2021-05-09 19:00:00,343.0,11.5,1.9,20
2021-05-09 20:00:00,342.0,11.1,4.0,20
2021-05-09 21:00:00,340.0,13.1,2.8,20
2021-05-09 22:00:00,338.0,15.6,0.6,20
2021-05-09 23:00:00,342.0,12.7,5.2,20
2021-05-10 00:00:00,344.0,12.7,7.1,34
2021-05-10 01:00:00,348.0,13.2,8.1,34
2021-05-10 02:00:00,348.0,19.8,8.0,34
2021-05-10 03:00:00,347.0,21.2,8.9,34
2021-05-10 04:00:00,355.0,19.8,5.3,34
2021-05-10 05:00:00,364.0,14.4,9.0,34
2021-05-10 06:00:00,362.0,10.1,6.8,34
2021-05-10 07:00:00,356.0,10.7,6.7,34
2021-05-10 08:00:00,353.0,12.1,3.6,34
2021-05-10 09:00:00,353.0,14.0,7.2,34
2021-05-10 10:00:00,352.0,10.8,3.3,34
2021-05-10 11:00:00,361.0,9.7,2.9,34
2021-05-10 12:00:00,350.0,6.7,-1.4,34
2021-05-10 13:00:00,346.0,7.0,-1.6,34
2021-05-10 14:00:00,355.0,7.2,-2.6,34
2021-05-10 15:00:00,345.0,6.7,-1.9,34
2021-05-10 16:00:00,339.0,6.5,-0.7,34
2021-05-10 17:00:00,347.0,6.6,-3.3,34
2021-05-10 18:00:00,352.0,6.1,0.0,34
2021-05-10 19:00:00,339.0,4.8,-2.7,34
2021-05-10 20:00:00,342.0,5.0,0.5,34
2021-05-10 21:00:00,340.0,5.1,-1.8,34
2021-05-10 22:00:00,350.0,6.2,-1.9,34
2021-05-10 23:00:00,352.0,7.9,-2.4,34
2021-05-11 00:00:00,345.0,8.4,-1.7,32
2021-05-11 01:00:00,348.0,9.1,-1.1,32
2021-05-11 02:00:00,347.0,9.8,0.3,32
2021-05-11 03:00:00,350.0,9.6,0.5,32
2021-05-11 04:00:00,350.0,8.2,-0.2,32
2021-05-11 05:00:00,351.0,8.5,0.1,32
2021-05-11 06:00:00,351.0,9.1,0.9,32
2021-05-11 07:00:00,353.0,8.2,-0.7,32
2021-05-11 08:00:00,350.0,7.3,-0.7,32
2021-05-11 09:00:00,346.0,6.5,0.7,32
2021-05-11 10:00:00,348.0,6.4,2.5,32
2021-05-11 11:00:00,351.0,6.1,2.5,32
2021-05-11 12:00:00,345.0,5.4,2.8,32
2021-05-11 13:00:00,342.0,5.0,2.5,32
2021-05-11 14:00:00,341.0,5.0,2.5,32
2021-05-11 15:00:00,331.0,5.0,0.9,32
2021-05-11 16:00:00,328.0,5.3,-0.9,32
2021-05-11 17:00:00,335.0,5.5,-0.2,32
2021-05-11 18:00:00,341.0,5.8,0.0,32
2021-05-11 19:00:00,344.0,6.0,-0.8,32
2021-05-11 20:00:00,337.0,5.9,-1.3,32
2021-05-11 21:00:00,339.0,6.2,-1.3,32
2021-05-11 22:00:00,333.0,5.9,-2.3,32
2021-05-11 23:00:00,328.0,5.0,-2.0,32
2021-05-12 00:00:00,325.0,6.1,-0.1,33
2021-05-12 01:00:00,325.0,6.3,-1.5,33
2021-05-12 02:00:00,323.0,6.9,-0.7,33
2021-05-12 03:00:00,321.0,6.6,0.0,33
2021-05-12 04:00:00,323.0,6.9,-2.8,33
2021-05-12 05:00:00,323.0,6.9,-3.0,33
2021-05-12 06:00:00,339.0,10.5,-2.3,33
2021-05-12 07:00:00,414.0,28.0,1.3,33
2021-05-12 08:00:00,452.0,24.0,10.2,33
2021-05-12 09:00:00,448.0,14.2,16.0,33
2021-05-12 10:00:00,457.0,25.6,5.6,33
2021-05-12 11:00:00,449.0,16.2,0.2,33
2021-05-12 12:00:00,454.0,23.3,-12.5,33
2021-05-12 13:00:00,444.0,6.7,-17.5,33
2021-05-12 14:00:00,445.0,4.5,-16.2,33
2021-05-12 15:00:00,425.0,16.7,-3.4,33
2021-05-12 16:00:00,439.0,4.6,9.1,33
2021-05-12 17:00:00,456.0,4.2,8.4,33
2021-05-12 18:00:00,457.0,4.9,4.5,33
2021-05-12 19:00:00,480.0,4.1,4.6,33
2021-05-12 20:00:00,462.0,4.1,3.5,33
2021-05-12 21:00:00,467.0,2.8,1.5,33
2021-05-12 22:00:00,495.0,1.8,4.4,33
2021-05-12 23:00:00,502.0,1.2,4.0,33
2021-05-13 00:00:00,511.0,0.9,2.1,30
2021-05-13 01:00:00,495.0,0.9,-3.7,30
2021-05-13 02:00:00,480.0,1.5,-2.3,30
2021-05-13 03:00:00,471.0,2.1,1.8,30
2021-05-13 04:00:00,463.0,2.2,3.7,30
2021-05-13 05:00:00,456.0,2.9,3.5,30
2021-05-13 06:00:00,450.0,4.4,5.3,30
2021-05-13 07:00:00,439.0,4.4,4.4,30
2021-05-13 08:00:00,430.0,3.4,5.8,30
2021-05-13 09:00:00,427.0,4.1,5.7,30
2021-05-13 10:00:00,426.0,3.0,6.7,30
2021-05-13 11:00:00,426.0,5.3,4.8,30
2021-05-13 12:00:00,427.0,7.4,4.1,30
2021-05-13 13:00:00,428.0,5.3,4.5,30
2021-05-13 14:00:00,419.0,4.0,1.6,30
2021-05-13 15:00:00,427.0,2.4,-0.4,30
2021-05-13 16:00:00,421.0,2.3,0.8,30
2021-05-13 17:00:00,422.0,2.0,1.8,30
2021-05-13 18:00:00,424.0,2.1,1.0,30
2021-05-13 19:00:00,429.0,1.3,1.5,30
2021-05-13 20:00:00,423.0,2.1,0.9,30
2021-05-13 21:00:00,415.0,2.7,0.3,30
2021-05-13 22:00:00,406.0,3.2,0.2,30
2021-05-13 23:00:00,406.0,3.3,1.8,30
2021-05-14 00:00:00,402.0,3.3,1.7,26
2021-05-14 01:00:00,413.0,3.7,2.6,26
2021-05-14 02:00:00,407.0,3.7,2.3,26
2021-05-14 03:00:00,403.0,3.4,2.1,26
2021-05-14 04:00:00,401.0,3.8,2.2,26
2021-05-14 05:00:00,397.0,4.3,0.3,26
2021-05-14 06:00:00,398.0,4.0,1.9,26
2021-05-14 07:00:00,393.0,3.9,0.2,26
2021-05-14 08:00:00,391.0,4.9,0.7,26
2021-05-14 09:00:00,389.0,4.4,1.9,26
2021-05-14 10:00:00,387.0,4.3,2.4,26
2021-05-14 11:00:00,387.0,4.6,2.1,26
2021-05-14 12:00:00,373.0,4.6,2.5,26
2021-05-14 13:00:00,372.0,5.4,2.0,26
2021-05-14 14:00:00,365.0,5.6,1.8,26
2021-05-14 15:00:00,365.0,5.1,1.6,26
2021-05-14 16:00:00,381.0,5.5,3.5,26
2021-05-14 17:00:00,377.0,7.1,1.2,26
2021-05-14 18:00:00,379.0,7.8,0.5,26
2021-05-14 19:00:00,387.0,7.7,-0.3,26
2021-05-14 20:00:00,391.0,5.9,-1.8,26
2021-05-14 21:00:00,387.0,5.9,2.4,26
2021-05-14 22:00:00,402.0,6.5,2.0,26
2021-05-14 23:00:00,406.0,6.7,-3.3,26
2021-05-15 00:00:00,394.0,6.2,2.5,28
2021-05-15 01:00:00,399.0,6.5,0.1,28
2021-05-15 02:00:00,410.0,6.9,2.7,28
2021-05-15 03:00:00,418.0,7.5,5.6,28
2021-05-15 04:00:00,426.0,5.5,7.6,28
2021-05-15 05:00:00,416.0,7.2,5.9,28
2021-05-15 06:00:00,416.0,7.9,-3.9,28
2021-05-15 07:00:00,431.0,7.0,-4.1,28
2021-05-15 08:00:00,442.0,7.0,1.7,28
2021-05-15 09:00:00,449.0,5.6,2.2,28
2021-05-15 10:00:00,443.0,5.7,1.2,28
2021-05-15 11:00:00,444.0,5.5,1.6,28
2021-05-15 12:00:00,441.0,5.9,-0.7,28
2021-05-15 13:00:00,428.0,4.8,-0.1,28
2021-05-15 14:00:00,435.0,4.4,2.4,28
2021-05-15 15:00:00,437.0,4.1,2.7,28
2021-05-15 16:00:00,435.0,3.8,1.6,28
2021-05-15 17:00:00,433.0,4.1,0.7,28
2021-05-15 18:00:00,427.0,4.2,1.7,28
2021-05-15 19:00:00,429.0,3.7,0.0,28
2021-05-15 20:00:00,424.0,3.5,0.5,28
2021-05-15 21:00:00,424.0,3.4,1.5,28
2021-05-15 22:00:00,421.0,3.1,1.8,28
2021-05-15 23:00:00,418.0,3.0,2.1,28
2021-05-16 00:00:00,416.0,3.3,-0.8,13
2021-05-16 01:00:00,409.0,3.0,-0.1,13
2021-05-16 02:00:00,393.0,2.6,0.8,13
2021-05-16 03:00:00,378.0,1.9,1.1,13
2021-05-16 04:00:00,375.0,2.5,0.8,13
2021-05-16 05:00:00,368.0,2.3,1.1,13
2021-05-16 06:00:00,370.0,2.9,-0.4,13
2021-05-16 07:00:00,368.0,2.8,-0.5,13
2021-05-16 08:00:00,368.0,3.1,-0.7,13
2021-05-16 09:00:00,366.0,3.4,-1.4,13
2021-05-16 10:00:00,364.0,5.3,-4.0,13
2021-05-16 11:00:00,357.0,7.7,-3.9,13
2021-05-16 12:00:00,356.0,6.6,-0.1,13
2021-05-16 13:00:00,351.0,6.8,2.1,13
2021-05-16 14:00:00,347.0,6.0,1.9,13
2021-05-16 15:00:00,339.0,5.6,-0.3,13
2021-05-16 16:00:00,334.0,6.8,-1.5,13
2021-05-16 17:00:00,327.0,7.2,-3.3,13
2021-05-16 18:00:00,331.0,6.3,-3.1,13
2021-05-16 19:00:00,344.0,5.9,-2.3,13
2021-05-16 20:00:00,356.0,1.2,0.3,13
2021-05-16 21:00:00,357.0,1.3,0.7,13
2021-05-16 22:00:00,351.0,1.2,0.4,13
2021-05-16 23:00:00,345.0,1.1,0.7,13
2021-05-17 00:00:00,347.0,1.6,0.6,14
2021-05-17 01:00:00,362.0,3.0,-0.5,14
2021-05-17 02:00:00,357.0,4.1,1.3,14
2021-05-17 03:00:00,370.0,3.4,1.1,14
2021-05-17 04:00:00,392.0,3.0,-2.1,14
2021-05-17 05:00:00,390.0,2.7,-0.8,14
2021-05-17 06:00:00,388.0,2.2,-0.6,14
2021-05-17 07:00:00,367.0,1.8,0.2,14
2021-05-17 08:00:00,390.0,2.2,-0.4,14
2021-05-17 09:00:00,383.0,2.2,0.3,14
2021-05-17 10:00:00,375.0,2.2,-0.5,14
2021-05-17 11:00:00,379.0,2.4,0.2,14
2021-05-17 12:00:00,371.0,2.7,0.5,14
2021-05-17 13:00:00,361.0,2.5,0.6,14
2021-05-17 14:00:00,362.0,3.4,1.2,14
2021-05-17 15:00:00,334.0,3.9,0.9,14
2021-05-17 16:00:00,336.0,4.7,-0.2,14
2021-05-17 17:00:00,358.0,10.5,-0.5,14
2021-05-17 18:00:00,358.0,11.5,-2.2,14
2021-05-17 19:00:00,357.0,13.3,-2.2,14
2021-05-17 20:00:00,369.0,12.9,-4.6,14
2021-05-17 21:00:00,365.0,13.6,-2.8,14
2021-05-17 22:00:00,361.0,13.0,-2.5,14
2021-05-17 23:00:00,367.0,10.9,0.4,14
2021-05-18 00:00:00,375.0,11.7,2.2,28
2021-05-18 01:00:00,371.0,8.1,-5.3,28
2021-05-18 02:00:00,376.0,7.7,-6.1,28
2021-05-18 03:00:00,381.0,5.2,-1.7,28
2021-05-18 04:00:00,378.0,5.8,0.2,28
2021-05-18 05:00:00,384.0,12.5,-4.6,28
2021-05-18 06:00:00,379.0,15.0,-2.5,28
2021-05-18 07:00:00,382.0,15.2,0.0,28
2021-05-18 08:00:00,383.0,14.4,-0.3,28
2021-05-18 09:00:00,377.0,11.0,-2.2,28
2021-05-18 10:00:00,375.0,9.2,-1.0,28
2021-05-18 11:00:00,393.0,9.9,1.4,28
2021-05-18 12:00:00,392.0,12.9,0.5,28
2021-05-18 13:00:00,396.0,7.3,0.2,28
2021-05-18 14:00:00,390.0,9.7,0.5,28
2021-05-18 15:00:00,391.0,7.5,0.3,28
2021-05-18 16:00:00,388.0,7.4,0.9,28
2021-05-18 17:00:00,382.0,8.1,2.0,28
2021-05-18 18:00:00,379.0,6.7,2.7,28
2021-05-18 19:00:00,379.0,6.3,2.7,28
2021-05-18 20:00:00,374.0,7.2,1.8,28
2021-05-18 21:00:00,373.0,7.5,1.8,28
2021-05-18 22:00:00,369.0,7.7,1.8,28
2021-05-18 23:00:00,368.0,8.2,1.3,28
2021-05-19 00:00:00,363.0,7.9,1.6,27
2021-05-19 01:00:00,361.0,7.5,1.2,27
2021-05-19 02:00:00,363.0,9.6,2.6,27
2021-05-19 03:00:00,368.0,12.0,4.7,27
2021-05-19 04:00:00,364.0,9.3,4.2,27
2021-05-19 05:00:00,358.0,6.4,4.8,27
2021-05-19 06:00:00,354.0,8.7,4.7,27
2021-05-19 07:00:00,356.0,11.2,4.5,27
2021-05-19 08:00:00,378.0,11.0,5.3,27
2021-05-19 09:00:00,376.0,10.8,5.4,27
2021-05-19 10:00:00,369.0,11.8,3.6,27
2021-05-19 11:00:00,365.0,11.5,4.1,27
2021-05-19 12:00:00,363.0,11.3,2.7,27
2021-05-19 13:00:00,364.0,11.1,3.5,27
2021-05-19 14:00:00,365.0,10.8,1.6,27
2021-05-19 15:00:00,368.0,12.3,2.0,27
2021-05-19 16:00:00,355.0,10.6,1.9,27
2021-05-19 17:00:00,350.0,10.2,-0.2,27
2021-05-19 18:00:00,354.0,9.5,-0.3,27
2021-05-19 19:00:00,348.0,10.7,0.2,27
2021-05-19 20:00:00,343.0,10.5,-0.1,27
2021-05-19 21:00:00,348.0,10.7,-2.3,27
2021-05-19 22:00:00,353.0,11.6,-2.4,27
2021-05-19 23:00:00,353.0,12.6,-2.6,27
2021-05-20 00:00:00,357.0,13.0,-2.8,20
2021-05-20 01:00:00,355.0,12.2,-4.2,20
2021-05-20 02:00:00,346.0,11.4,-3.8,20
2021-05-20 03:00:00,338.0,10.7,-1.7,20
2021-05-20 04:00:00,339.0,10.0,-4.5,20
2021-05-20 05:00:00,349.0,11.2,-3.0,20
2021-05-20 06:00:00,352.0,12.9,-4.6,20
2021-05-20 07:00:00,354.0,13.2,-4.9,20
2021-05-20 08:00:00,359.0,15.8,-4.1,20
2021-05-20 09:00:00,369.0,20.3,-3.3,20
2021-05-20 10:00:00,398.0,25.7,-9.0,20
2021-05-20 11:00:00,398.0,27.4,-9.8,20
2021-05-20 12:00:00,407.0,16.7,4.6,20
2021-05-20 13:00:00,467.0,9.8,5.6,20
2021-05-20 14:00:00,502.0,11.2,-3.4,20
2021-05-20 15:00:00,505.0,7.1,-1.7,20
2021-05-20 16:00:00,523.0,5.4,0.5,20
2021-05-20 17:00:00,496.0,5.0,0.5,20
2021-05-20 18:00:00,498.0,4.7,-1.1,20
2021-05-20 19:00:00,529.0,3.2,-1.1,20
2021-05-20 20:00:00,544.0,2.7,0.6,20
2021-05-20 21:00:00,550.0,2.4,-0.6,20
2021-05-20 22:00:00,564.0,2.2,-1.5,20
2021-05-20 23:00:00,577.0,2.2,-0.5,20
2021-05-21 00:00:00,565.0,2.2,-1.5,14
2021-05-21 01:00:00,569.0,2.2,-0.7,14
2021-05-21 02:00:00,562.0,2.5,-1.3,14
2021-05-21 03:00:00,564.0,2.7,0.7,14
2021-05-21 04:00:00,567.0,2.8,0.0,14
2021-05-21 05:00:00,571.0,2.9,0.5,14
2021-05-21 06:00:00,568.0,2.7,1.1,14
2021-05-21 07:00:00,575.0,2.6,2.3,14
2021-05-21 08:00:00,570.0,2.4,1.8,14
2021-05-21 09:00:00,548.0,2.2,-0.7,14
2021-05-21 10:00:00,541.0,2.0,-0.8,14
2021-05-21 11:00:00,546.0,2.1,-1.1,14
2021-05-21 12:00:00,548.0,2.2,0.4,14
2021-05-21 13:00:00,536.0,2.3,0.4,14
2021-05-21 14:00:00,537.0,2.0,0.1,14
2021-05-21 15:00:00,514.0,2.1,0.7,14
2021-05-21 16:00:00,518.0,2.0,1.1,14
2021-05-21 17:00:00,509.0,2.0,3.0,14
2021-05-21 18:00:00,513.0,2.0,0.9,14
2021-05-21 19:00:00,489.0,1.7,0.7,14
2021-05-21 20:00:00,478.0,1.6,0.7,14
2021-05-21 21:00:00,479.0,1.7,0.8,14
2021-05-21 22:00:00,483.0,2.3,0.8,14
2021-05-21 23:00:00,473.0,2.4,0.2,14
2021-05-22 00:00:00,479.0,2.2,-0.7,19
2021-05-22 01:00:00,477.0,2.2,0.3,19
2021-05-22 02:00:00,,,,19
2021-05-22 03:00:00,,,,19
2021-05-22 04:00:00,,,,19
2021-05-22 05:00:00,,,,19
2021-05-22 06:00:00,,,,19
2021-05-22 07:00:00,,,,19
2021-05-22 08:00:00,,,,19
2021-05-22 09:00:00,,,,19
2021-05-22 10:00:00,,,,19
2021-05-22 11:00:00,,,,19
2021-05-22 12:00:00,,,,19
2021-05-22 13:00:00,,,,19
2021-05-22 14:00:00,,,,19
2021-05-22 15:00:00,,,,19
2021-05-22 16:00:00,,,,19
2021-05-22 17:00:00,,,,19
2021-05-22 18:00:00,438.0,,,19
2021-05-22 19:00:00,426.0,2.8,-0.5,19
2021-05-22 20:00:00,432.0,2.9,-0.5,19
2021-05-22 21:00:00,424.0,3.0,0.1,19
2021-05-22 22:00:00,430.0,2.4,0.2,19
2021-05-22 23:00:00,425.0,2.0,0.2,19
2021-05-23 00:00:00,423.0,1.9,1.3,27
2021-05-23 01:00:00,430.0,2.0,0.0,27
2021-05-23 02:00:00,431.0,1.8,-1.1,27
2021-05-23 03:00:00,416.0,1.5,-1.0,27
2021-05-23 04:00:00,416.0,1.6,-1.6,27
2021-05-23 05:00:00,421.0,2.2,-1.5,27
2021-05-23 06:00:00,409.0,1.8,-0.9,27
2021-05-23 07:00:00,400.0,1.7,-0.8,27
2021-05-23 08:00:00,398.0,1.8,-0.7,27
2021-05-23 09:00:00,397.0,2.0,-0.4,27
2021-05-23 10:00:00,396.0,1.8,0.2,27
2021-05-23 11:00:00,412.0,2.0,-1.3,27
2021-05-23 12:00:00,392.0,1.7,-0.7,27
2021-05-23 13:00:00,387.0,1.8,-1.0,27
2021-05-23 14:00:00,384.0,2.0,-0.7,27
2021-05-23 15:00:00,382.0,2.0,-0.4,27
2021-05-23 16:00:00,381.0,2.2,-0.5,27
2021-05-23 17:00:00,383.0,2.3,-0.6,27
2021-05-23 18:00:00,385.0,2.4,-0.9,27
2021-05-23 19:00:00,381.0,2.5,-1.4,27
2021-05-23 20:00:00,385.0,2.5,-0.2,27
2021-05-23 21:00:00,388.0,2.6,0.1,27
2021-05-23 22:00:00,385.0,2.9,0.1,27
2021-05-23 23:00:00,385.0,2.9,-1.7,27
2021-05-24 00:00:00,385.0,3.1,-0.8,31
2021-05-24 01:00:00,375.0,3.0,-1.5,31
2021-05-24 02:00:00,360.0,2.5,-0.9,31
2021-05-24 03:00:00,347.0,2.1,-0.8,31
2021-05-24 04:00:00,348.0,2.0,-0.3,31
2021-05-24 05:00:00,350.0,2.3,0.6,31
2021-05-24 06:00:00,341.0,2.1,-0.1,31
2021-05-24 07:00:00,338.0,2.1,-0.4,31
2021-05-24 08:00:00,341.0,2.1,-1.0,31
2021-05-24 09:00:00,342.0,2.5,0.3,31
2021-05-24 10:00:00,347.0,2.9,-0.7,31
2021-05-24 11:00:00,355.0,3.3,-0.9,31
2021-05-24 12:00:00,356.0,3.1,-0.9,31
2021-05-24 13:00:00,355.0,3.1,-0.3,31
2021-05-24 14:00:00,351.0,3.3,-0.1,31
2021-05-24 15:00:00,350.0,3.2,-0.1,31
2021-05-24 16:00:00,347.0,3.2,0.0,31
2021-05-24 17:00:00,345.0,3.4,0.4,31
2021-05-24 18:00:00,342.0,3.6,0.6,31
2021-05-24 19:00:00,342.0,3.7,0.8,31
2021-05-24 20:00:00,333.0,3.3,0.1,31
2021-05-24 21:00:00,331.0,3.6,-0.2,31
2021-05-24 22:00:00,330.0,3.5,0.1,31
2021-05-24 23:00:00,332.0,4.0,0.2,31
2021-05-25 00:00:00,329.0,4.6,0.0,41
2021-05-25 01:00:00,325.0,5.0,1.5,41
2021-05-25 02:00:00,329.0,4.9,1.1,41
2021-05-25 03:00:00,317.0,5.2,0.8,41
2021-05-25 04:00:00,312.0,5.1,-0.6,41
2021-05-25 05:00:00,311.0,4.4,-0.6,41
2021-05-25 06:00:00,308.0,4.9,0.6,41
2021-05-25 07:00:00,315.0,6.3,0.2,41
2021-05-25 08:00:00,319.0,6.7,-0.5,41
2021-05-25 09:00:00,319.0,7.2,-1.2,41
2021-05-25 10:00:00,320.0,7.1,-2.1,41
2021-05-25 11:00:00,314.0,6.8,-1.5,41
2021-05-25 12:00:00,316.0,7.4,0.2,41
2021-05-25 13:00:00,317.0,8.0,0.0,41
2021-05-25 14:00:00,317.0,6.9,-0.9,41
2021-05-25 15:00:00,320.0,7.1,0.0,41
2021-05-25 16:00:00,320.0,7.2,0.8,41
2021-05-25 17:00:00,332.0,9.4,1.0,41
2021-05-25 18:00:00,330.0,8.3,1.0,41
2021-05-25 19:00:00,331.0,8.9,0.1,41
2021-05-25 20:00:00,332.0,6.9,-1.4,41
2021-05-25 21:00:00,330.0,7.1,-1.3,41
2021-05-25 22:00:00,327.0,7.1,-1.2,41
2021-05-25 23:00:00,322.0,8.3,-1.1,41
2021-05-26 00:00:00,319.0,9.7,-0.9,41
2021-05-26 01:00:00,319.0,11.7,-0.8,41
2021-05-26 02:00:00,316.0,11.3,-0.5,41
2021-05-26 03:00:00,313.0,10.6,0.0,41
2021-05-26 04:00:00,310.0,10.7,-0.4,41
2021-05-26 05:00:00,308.0,11.0,-0.5,41
2021-05-26 06:00:00,303.0,10.3,-0.6,41
2021-05-26 07:00:00,300.0,8.9,-0.4,41
2021-05-26 08:00:00,300.0,9.7,0.6,41
2021-05-26 09:00:00,299.0,9.4,0.2,41
2021-05-26 10:00:00,296.0,8.9,-0.7,41
2021-05-26 11:00:00,294.0,8.1,-0.8,41
2021-05-26 12:00:00,295.0,7.7,-0.7,41
2021-05-26 13:00:00,343.0,17.5,-0.1,41
2021-05-26 14:00:00,346.0,22.2,5.5,41
2021-05-26 15:00:00,353.0,29.1,4.2,41
2021-05-26 16:00:00,359.0,36.5,0.9,41
2021-05-26 17:00:00,370.0,36.6,-0.4,41
2021-05-26 18:00:00,378.0,25.4,-6.5,41
2021-05-26 19:00:00,377.0,23.0,5.5,41
2021-05-26 20:00:00,386.0,11.7,13.0,41
2021-05-26 21:00:00,380.0,9.9,12.3,41
2021-05-26 22:00:00,380.0,16.3,-3.8,41
2021-05-26 23:00:00,403.0,16.0,-9.6,41
2021-05-27 00:00:00,398.0,20.7,-6.0,41
2021-05-27 01:00:00,399.0,16.5,-6.8,41
2021-05-27 02:00:00,401.0,21.3,-2.3,41
2021-05-27 03:00:00,403.0,24.0,1.9,41
2021-05-27 04:00:00,404.0,15.2,10.1,41
2021-05-27 05:00:00,399.0,11.8,10.8,41
2021-05-27 06:00:00,397.0,10.6,-5.4,41
2021-05-27 07:00:00,396.0,9.0,-7.6,41
2021-05-27 08:00:00,410.0,7.1,-4.9,41
2021-05-27 09:00:00,410.0,9.2,-3.2,41
2021-05-27 10:00:00,416.0,7.7,-2.1,41
2021-05-27 11:00:00,409.0,7.3,-1.0,41
2021-05-27 12:00:00,409.0,5.1,2.0,41
2021-05-27 13:00:00,412.0,5.5,4.2,41
2021-05-27 14:00:00,412.0,7.7,0.5,41
2021-05-27 15:00:00,411.0,7.2,-1.6,41
2021-05-27 16:00:00,421.0,8.9,-4.8,41
2021-05-27 17:00:00,420.0,6.5,-2.3,41
2021-05-27 18:00:00,418.0,5.2,2.5,41
2021-05-27 19:00:00,415.0,5.4,-0.4,41
2021-05-27 20:00:00,412.0,4.5,1.3,41
2021-05-27 21:00:00,419.0,4.0,1.1,41
2021-05-27 22:00:00,401.0,4.2,0.2,41
2021-05-27 23:00:00,396.0,4.4,0.9,41
2021-05-28 00:00:00,419.0,3.5,0.8,31
2021-05-28 01:00:00,425.0,3.9,0.4,31
2021-05-28 02:00:00,422.0,4.2,-0.9,31
2021-05-28 03:00:00,422.0,2.9,-0.4,31
2021-05-28 04:00:00,428.0,1.8,1.5,31
2021-05-28 05:00:00,396.0,1.7,2.6,31
2021-05-28 06:00:00,401.0,1.3,2.4,31
2021-05-28 07:00:00,394.0,1.4,2.3,31
2021-05-28 08:00:00,404.0,1.6,2.2,31
2021-05-28 09:00:00,421.0,2.1,0.8,31
2021-05-28 10:00:00,414.0,2.0,1.5,31
2021-05-28 11:00:00,415.0,2.0,0.9,31
2021-05-28 12:00:00,418.0,2.1,0.6,31
2021-05-28 13:00:00,417.0,2.0,1.3,31
2021-05-28 14:00:00,397.0,1.9,2.2,31
2021-05-28 15:00:00,396.0,1.9,1.3,31
2021-05-28 16:00:00,406.0,1.9,1.3,31
2021-05-28 17:00:00,424.0,2.5,0.8,31
2021-05-28 18:00:00,423.0,1.9,0.7,31
2021-05-28 19:00:00,426.0,1.4,0.6,31
2021-05-28 20:00:00,409.0,1.3,1.2,31
2021-05-28 21:00:00,433.0,2.2,1.2,31
2021-05-28 22:00:00,418.0,1.3,1.4,31
2021-05-28 23:00:00,402.0,1.2,0.9,31
2021-05-29 00:00:00,376.0,1.9,0.9,15
2021-05-29 01:00:00,368.0,2.0,1.4,15
2021-05-29 02:00:00,364.0,2.1,1.3,15
2021-05-29 03:00:00,380.0,1.9,1.9,15
2021-05-29 04:00:00,375.0,2.1,3.3,15
2021-05-29 05:00:00,401.0,3.3,2.2,15
2021-05-29 06:00:00,406.0,3.2,0.1,15
2021-05-29 07:00:00,413.0,3.3,0.7,15
2021-05-29 08:00:00,405.0,3.0,-0.3,15
2021-05-29 09:00:00,415.0,3.1,-2.6,15
2021-05-29 10:00:00,400.0,2.7,-1.4,15
2021-05-29 11:00:00,392.0,2.2,1.4,15
2021-05-29 12:00:00,406.0,2.5,-3.8,15
2021-05-29 13:00:00,401.0,2.4,-3.9,15
2021-05-29 14:00:00,397.0,2.9,-2.5,15
2021-05-29 15:00:00,403.0,2.5,-2.1,15
2021-05-29 16:00:00,399.0,2.1,-0.4,15
2021-05-29 17:00:00,397.0,2.0,2.4,15
2021-05-29 18:00:00,418.0,2.8,0.2,15
2021-05-29 19:00:00,443.0,3.7,1.4,15
2021-05-29 20:00:00,460.0,9.3,2.5,15
2021-05-29 21:00:00,448.0,7.0,2.1,15
2021-05-29 22:00:00,430.0,2.9,4.6,15
2021-05-29 23:00:00,443.0,4.1,4.1,15
2021-05-30 00:00:00,457.0,3.5,2.9,26
2021-05-30 01:00:00,472.0,5.3,-1.2,26
2021-05-30 02:00:00,482.0,4.5,-0.6,26
2021-05-30 03:00:00,465.0,4.1,1.9,26
2021-05-30 04:00:00,463.0,3.5,1.4,26
2021-05-30 05:00:00,452.0,2.8,0.1,26
2021-05-30 06:00:00,429.0,1.7,-0.6,26
2021-05-30 07:00:00,454.0,2.7,0.1,26
2021-05-30 08:00:00,466.0,4.7,3.1,26
2021-05-30 09:00:00,481.0,4.9,3.0,26
2021-05-30 10:00:00,473.0,4.0,2.9,26
2021-05-30 11:00:00,463.0,4.6,2.4,26
2021-05-30 12:00:00,455.0,5.5,2.0,26
2021-05-30 13:00:00,451.0,4.8,0.8,26
2021-05-30 14:00:00,453.0,4.4,0.6,26
2021-05-30 15:00:00,448.0,4.5,-0.3,26
2021-05-30 16:00:00,449.0,4.4,-0.5,26
2021-05-30 17:00:00,439.0,5.0,-1.2,26
2021-05-30 18:00:00,432.0,5.2,-1.1,26
2021-05-30 19:00:00,419.0,5.4,-1.3,26
2021-05-30 20:00:00,405.0,2.9,-0.9,26
2021-05-30 21:00:00,385.0,3.0,-0.6,26
2021-05-30 22:00:00,387.0,2.9,-2.9,26
2021-05-30 23:00:00,383.0,3.2,-2.7,26
2021-05-31 00:00:00,408.0,4.6,0.1,30
2021-05-31 01:00:00,407.0,5.6,0.6,30
2021-05-31 02:00:00,405.0,5.3,-0.1,30
2021-05-31 03:00:00,405.0,4.2,-0.9,30
2021-05-31 04:00:00,396.0,4.5,-0.4,30
2021-05-31 05:00:00,391.0,5.2,-0.7,30
2021-05-31 06:00:00,388.0,4.2,-1.0,30
2021-05-31 07:00:00,386.0,4.3,-0.9,30
2021-05-31 08:00:00,381.0,3.5,-0.3,30
2021-05-31 09:00:00,380.0,3.9,0.2,30
2021-05-31 10:00:00,371.0,4.2,0.2,30
2021-05-31 11:00:00,369.0,4.1,0.8,30
2021-05-31 12:00:00,370.0,4.0,1.2,30
2021-05-31 13:00:00,372.0,4.2,-0.6,30
2021-05-31 14:00:00,374.0,3.0,-0.3,30
2021-05-31 15:00:00,358.0,2.8,0.0,30
2021-05-31 16:00:00,331.0,1.9,1.5,30
2021-05-31 17:00:00,342.0,2.0,1.5,30
2021-05-31 18:00:00,355.0,3.1,0.5,30
2021-05-31 19:00:00,353.0,3.2,0.3,30
2021-05-31 20:00:00,350.0,2.6,0.5,30
2021-05-31 21:00:00,352.0,3.0,0.0,30
2021-05-31 22:00:00,349.0,3.0,0.1,30
2021-05-31 23:00:00,342.0,3.5,-0.2,30
2021-06-01 00:00:00,325.0,2.0,-0.9,22
2021-06-01 01:00:00,334.0,2.2,-0.4,22
2021-06-01 02:00:00,327.0,2.1,-0.4,22
2021-06-01 03:00:00,317.0,2.1,-0.4,22
2021-06-01 04:00:00,316.0,2.2,0.0,22
2021-06-01 05:00:00,321.0,3.3,0.0,22
2021-06-01 06:00:00,325.0,3.7,0.0,22
2021-06-01 07:00:00,320.0,3.5,0.2,22
2021-06-01 08:00:00,314.0,3.7,0.1,22
2021-06-01 09:00:00,316.0,4.7,-0.6,22
2021-06-01 10:00:00,313.0,4.8,-1.0,22
2021-06-01 11:00:00,311.0,4.7,-0.6,22
2021-06-01 12:00:00,309.0,4.7,-0.3,22
2021-06-01 13:00:00,307.0,4.8,-0.7,22
2021-06-01 14:00:00,306.0,4.9,0.1,22
2021-06-01 15:00:00,299.0,4.8,0.2,22
2021-06-01 16:00:00,299.0,5.0,0.6,22
2021-06-01 17:00:00,299.0,5.2,0.1,22
2021-06-01 18:00:00,298.0,5.6,-1.0,22
2021-06-01 19:00:00,298.0,5.3,0.0,22
2021-06-01 20:00:00,297.0,5.3,0.3,22
2021-06-01 21:00:00,296.0,5.2,0.3,22
2021-06-01 22:00:00,295.0,5.6,0.7,22
2021-06-01 23:00:00,293.0,5.7,0.1,22
2021-06-02 00:00:00,292.0,5.6,-0.5,29
2021-06-02 01:00:00,291.0,5.7,-1.1,29
2021-06-02 02:00:00,294.0,5.9,0.0,29
2021-06-02 03:00:00,294.0,6.1,-1.5,29
2021-06-02 04:00:00,291.0,6.2,-1.5,29
2021-06-02 05:00:00,290.0,6.8,-1.3,29
2021-06-02 06:00:00,292.0,7.3,-1.0,29
2021-06-02 07:00:00,290.0,7.1,-1.1,29
2021-06-02 08:00:00,294.0,7.9,-0.4,29
2021-06-02 09:00:00,291.0,8.0,0.2,29
2021-06-02 10:00:00,292.0,7.8,-0.3,29
2021-06-02 11:00:00,293.0,8.0,1.3,29
2021-06-02 12:00:00,291.0,8.1,-0.8,29
2021-06-02 13:00:00,289.0,8.7,-1.6,29
2021-06-02 14:00:00,321.0,20.2,-1.8,29
2021-06-02 15:00:00,327.0,27.2,-2.2,29
2021-06-02 16:00:00,316.0,28.1,-1.9,29
2021-06-02 17:00:00,312.0,32.1,-1.9,29
2021-06-02 18:00:00,305.0,31.4,-0.9,29
2021-06-02 19:00:00,300.0,28.4,-0.9,29
2021-06-02 20:00:00,297.0,27.8,0.0,29
2021-06-02 21:00:00,299.0,25.9,0.9,29
2021-06-02 22:00:00,295.0,22.8,1.6,29
2021-06-02 23:00:00,304.0,24.5,1.0,29
2021-06-03 00:00:00,309.0,28.7,0.8,31
2021-06-03 01:00:00,318.0,34.0,1.3,31
2021-06-03 02:00:00,311.0,29.6,0.0,31
2021-06-03 03:00:00,306.0,25.1,-4.0,31
2021-06-03 04:00:00,305.0,26.4,-0.8,31
2021-06-03 05:00:00,306.0,28.8,-0.9,31
2021-06-03 06:00:00,303.0,32.4,-2.6,31
2021-06-03 07:00:00,296.0,27.7,-0.6,31
2021-06-03 08:00:00,292.0,25.5,2.0,31
2021-06-03 09:00:00,286.0,16.5,1.2,31
2021-06-03 10:00:00,293.0,16.6,-2.9,31
2021-06-03 11:00:00,298.0,16.5,-2.3,31
2021-06-03 12:00:00,289.0,16.5,-2.3,31
2021-06-03 13:00:00,296.0,16.1,-3.2,31
2021-06-03 14:00:00,291.0,15.3,-3.0,31
2021-06-03 15:00:00,286.0,13.9,-1.2,31
2021-06-03 16:00:00,292.0,12.2,0.2,31
2021-06-03 17:00:00,301.0,9.0,2.3,31
2021-06-03 18:00:00,297.0,12.1,1.6,31
2021-06-03 19:00:00,302.0,16.9,-1.1,31
2021-06-03 20:00:00,303.0,16.3,-0.5,31
2021-06-03 21:00:00,303.0,9.1,3.2,31
2021-06-03 22:00:00,301.0,7.1,4.8,31
2021-06-03 23:00:00,304.0,7.0,5.0,31
2021-06-04 00:00:00,315.0,7.6,0.8,35
2021-06-04 01:00:00,327.0,6.8,1.5,35
2021-06-04 02:00:00,329.0,6.7,-0.9,35
2021-06-04 03:00:00,317.0,8.0,-2.7,35
2021-06-04 04:00:00,321.0,8.3,-0.5,35
2021-06-04 05:00:00,328.0,7.1,1.8,35
2021-06-04 06:00:00,327.0,6.0,2.0,35
2021-06-04 07:00:00,315.0,7.2,-1.3,35
2021-06-04 08:00:00,313.0,6.2,-0.3,35
2021-06-04 09:00:00,320.0,6.2,-0.1,35
2021-06-04 10:00:00,326.0,6.6,-1.2,35
2021-06-04 11:00:00,318.0,6.8,-0.3,35
2021-06-04 12:00:00,317.0,6.2,0.5,35
2021-06-04 13:00:00,336.0,9.1,-2.3,35
2021-06-04 14:00:00,350.0,5.2,0.8,35
2021-06-04 15:00:00,376.0,2.8,1.4,35
2021-06-04 16:00:00,375.0,3.0,2.7,35
2021-06-04 17:00:00,385.0,2.0,1.2,35
2021-06-04 18:00:00,412.0,3.0,-1.8,35
2021-06-04 19:00:00,437.0,2.8,-1.4,35
2021-06-04 20:00:00,420.0,2.3,-1.1,35
2021-06-04 21:00:00,424.0,1.9,-1.2,35
2021-06-04 22:00:00,422.0,1.9,-0.2,35
2021-06-04 23:00:00,405.0,1.6,0.7,35
2021-06-05 00:00:00,399.0,2.0,0.7,38
2021-06-05 01:00:00,396.0,2.4,0.0,38
2021-06-05 02:00:00,392.0,2.8,-0.6,38
2021-06-05 03:00:00,383.0,3.4,-0.2,38
2021-06-05 04:00:00,377.0,3.3,0.8,38
2021-06-05 05:00:00,366.0,3.2,0.7,38
2021-06-05 06:00:00,362.0,4.0,2.3,38
2021-06-05 07:00:00,377.0,4.8,1.3,38
2021-06-05 08:00:00,375.0,4.2,1.2,38
2021-06-05 09:00:00,360.0,4.3,1.9,38
2021-06-05 10:00:00,355.0,4.3,1.4,38
2021-06-05 11:00:00,360.0,4.5,1.7,38
2021-06-05 12:00:00,345.0,3.5,2.8,38
2021-06-05 13:00:00,350.0,5.1,3.4,38
2021-06-05 14:00:00,332.0,6.5,1.5,38
2021-06-05 15:00:00,334.0,6.4,0.0,38
2021-06-05 16:00:00,328.0,8.0,0.9,38
2021-06-05 17:00:00,333.0,9.5,-0.4,38
2021-06-05 18:00:00,333.0,10.6,-1.2,38
2021-06-05 19:00:00,327.0,10.2,-1.4,38
2021-06-05 20:00:00,325.0,10.3,-0.6,38
2021-06-05 21:00:00,328.0,10.6,-0.7,38
2021-06-05 22:00:00,334.0,10.9,0.9,38
2021-06-05 23:00:00,330.0,9.2,-2.0,38
2021-06-06 00:00:00,331.0,6.6,-2.6,38
2021-06-06 01:00:00,340.0,4.8,-3.0,38
2021-06-06 02:00:00,345.0,4.6,-2.9,38
2021-06-06 03:00:00,340.0,5.0,-2.8,38
2021-06-06 04:00:00,343.0,5.1,-2.2,38
2021-06-06 05:00:00,333.0,4.8,-1.1,38
2021-06-06 06:00:00,329.0,4.9,0.0,38
2021-06-06 07:00:00,336.0,4.0,0.7,38
2021-06-06 08:00:00,334.0,3.6,1.1,38
2021-06-06 09:00:00,329.0,3.7,1.5,38
2021-06-06 10:00:00,326.0,4.0,2.0,38
2021-06-06 11:00:00,317.0,3.9,2.2,38
2021-06-06 12:00:00,326.0,4.8,1.8,38
2021-06-06 13:00:00,324.0,4.9,2.7,38
2021-06-06 14:00:00,323.0,4.7,2.4,38
2021-06-06 15:00:00,326.0,4.1,2.4,38
2021-06-06 16:00:00,329.0,4.5,2.1,38
2021-06-06 17:00:00,325.0,6.3,2.3,38
2021-06-06 18:00:00,327.0,6.6,2.1,38
2021-06-06 19:00:00,335.0,7.5,1.5,38
2021-06-06 20:00:00,332.0,5.8,2.1,38
2021-06-06 21:00:00,336.0,9.1,1.3,38
2021-06-06 22:00:00,330.0,11.0,1.3,38
2021-06-06 23:00:00,328.0,14.3,-0.6,38
2021-06-07 00:00:00,323.0,6.2,2.7,49
2021-06-07 01:00:00,314.0,3.8,2.2,49
2021-06-07 02:00:00,316.0,4.8,2.7,49
2021-06-07 03:00:00,309.0,5.0,1.2,49
2021-06-07 04:00:00,335.0,11.0,1.7,49
2021-06-07 05:00:00,349.0,17.0,0.1,49
2021-06-07 06:00:00,344.0,18.4,-0.5,49
2021-06-07 07:00:00,360.0,22.3,-1.9,49
2021-06-07 08:00:00,363.0,27.3,1.6,49
2021-06-07 09:00:00,359.0,26.3,7.4,49
2021-06-07 10:00:00,362.0,18.9,3.0,49
2021-06-07 11:00:00,382.0,12.8,-5.3,49
2021-06-07 12:00:00,377.0,12.3,1.1,49
2021-06-07 13:00:00,379.0,13.9,3.8,49
2021-06-07 14:00:00,388.0,14.8,-0.7,49
2021-06-07 15:00:00,395.0,15.2,3.8,49
2021-06-07 16:00:00,390.0,6.5,-2.9,49
2021-06-07 17:00:00,444.0,8.4,-3.1,49
2021-06-07 18:00:00,491.0,4.6,-2.8,49
2021-06-07 19:00:00,474.0,5.0,-2.2,49
2021-06-07 20:00:00,462.0,5.4,1.8,49
2021-06-07 21:00:00,469.0,5.3,-0.7,49
2021-06-07 22:00:00,472.0,4.5,-4.1,49
2021-06-07 23:00:00,458.0,3.6,-1.4,49
2021-06-08 00:00:00,482.0,2.7,1.9,34
2021-06-08 01:00:00,496.0,3.0,0.9,34
2021-06-08 02:00:00,504.0,2.5,0.3,34
2021-06-08 03:00:00,518.0,1.8,0.5,34
2021-06-08 04:00:00,520.0,1.3,0.6,34
2021-06-08 05:00:00,509.0,1.3,-0.3,34
2021-06-08 06:00:00,499.0,1.2,-0.5,34
2021-06-08 07:00:00,508.0,1.1,-0.4,34
2021-06-08 08:00:00,505.0,0.9,0.0,34
2021-06-08 09:00:00,490.0,1.2,-0.5,34
2021-06-08 10:00:00,485.0,1.4,-0.2,34
2021-06-08 11:00:00,485.0,1.6,-0.1,34
2021-06-08 12:00:00,479.0,1.7,-0.8,34
2021-06-08 13:00:00,468.0,1.8,-1.1,34
2021-06-08 14:00:00,455.0,2.1,-0.8,34
2021-06-08 15:00:00,437.0,3.1,0.7,34
2021-06-08 16:00:00,431.0,3.3,0.4,34
2021-06-08 17:00:00,427.0,3.2,-0.1,34
2021-06-08 18:00:00,418.0,3.3,-0.1,34
2021-06-08 19:00:00,411.0,3.5,-0.6,34
2021-06-08 20:00:00,406.0,4.0,-0.3,34
2021-06-08 21:00:00,401.0,4.2,0.7,34
2021-06-08 22:00:00,395.0,3.9,-1.0,34
2021-06-08 23:00:00,413.0,3.3,-0.6,34
2021-06-09 00:00:00,421.0,3.6,-0.9,25
2021-06-09 01:00:00,411.0,3.7,-0.3,25
2021-06-09 02:00:00,403.0,3.8,-0.9,25
2021-06-09 03:00:00,393.0,4.0,-1.9,25
2021-06-09 04:00:00,384.0,4.5,-1.7,25
2021-06-09 05:00:00,382.0,4.3,-1.3,25
2021-06-09 06:00:00,378.0,4.3,-1.8,25
2021-06-09 07:00:00,378.0,4.3,-0.2,25
2021-06-09 08:00:00,382.0,4.4,-1.5,25
2021-06-09 09:00:00,385.0,4.4,-1.4,25
2021-06-09 10:00:00,389.0,4.1,-1.5,25
2021-06-09 11:00:00,386.0,3.9,-0.9,25
2021-06-09 12:00:00,382.0,4.2,-0.7,25
2021-06-09 13:00:00,377.0,4.0,0.0,25
2021-06-09 14:00:00,378.0,3.9,0.1,25
2021-06-09 15:00:00,367.0,4.2,0.0,25
2021-06-09 16:00:00,368.0,4.1,-0.1,25
2021-06-09 17:00:00,359.0,4.3,-0.2,25
2021-06-09 18:00:00,365.0,4.5,0.5,25
2021-06-09 19:00:00,372.0,4.6,0.8,25
2021-06-09 20:00:00,369.0,3.5,1.3,25
2021-06-09 21:00:00,364.0,3.6,0.5,25
2021-06-09 22:00:00,361.0,3.8,-0.1,25
2021-06-09 23:00:00,366.0,3.4,-0.2,25
2021-06-10 00:00:00,365.0,3.2,0.0,27
2021-06-10 01:00:00,362.0,2.9,-0.1,27
2021-06-10 02:00:00,360.0,3.3,0.0,27
2021-06-10 03:00:00,358.0,4.1,-0.6,27
2021-06-10 04:00:00,358.0,3.9,-0.6,27
2021-06-10 05:00:00,360.0,4.2,0.1,27
2021-06-10 06:00:00,358.0,4.9,1.1,27
2021-06-10 07:00:00,354.0,5.3,1.3,27
2021-06-10 08:00:00,353.0,5.4,0.3,27
2021-06-10 09:00:00,353.0,6.4,-0.1,27
2021-06-10 10:00:00,352.0,6.4,-1.6,27
2021-06-10 11:00:00,346.0,6.7,-1.0,27
2021-06-10 12:00:00,345.0,7.6,-0.2,27
2021-06-10 13:00:00,345.0,8.7,0.0,27
2021-06-10 14:00:00,342.0,7.0,0.7,27
2021-06-10 15:00:00,339.0,5.6,1.3,27
2021-06-10 16:00:00,342.0,5.5,-1.9,27
2021-06-10 17:00:00,339.0,7.3,2.9,27
2021-06-10 18:00:00,335.0,7.5,3.4,27
2021-06-10 19:00:00,349.0,6.7,2.0,27
2021-06-10 20:00:00,352.0,6.9,1.9,27
2021-06-10 21:00:00,356.0,7.0,-1.9,27
2021-06-10 22:00:00,355.0,7.6,-1.7,27
2021-06-10 23:00:00,345.0,8.0,-0.7,27
2021-06-11 00:00:00,334.0,7.4,-1.4,19
2021-06-11 01:00:00,342.0,10.9,-3.4,19
2021-06-11 02:00:00,356.0,8.3,-5.9,19
2021-06-11 03:00:00,360.0,5.0,-6.6,19
2021-06-11 04:00:00,361.0,4.8,-6.8,19
2021-06-11 05:00:00,358.0,6.1,-6.3,19
2021-06-11 06:00:00,359.0,6.3,-6.6,19
2021-06-11 07:00:00,357.0,6.6,-6.3,19
2021-06-11 08:00:00,359.0,5.2,-7.2,19
2021-06-11 09:00:00,358.0,6.0,-7.0,19
2021-06-11 10:00:00,359.0,6.0,-7.4,19
2021-06-11 11:00:00,359.0,6.0,-7.4,19
2021-06-11 12:00:00,357.0,7.3,-7.3,19
2021-06-11 13:00:00,343.0,7.6,-5.2,19
2021-06-11 14:00:00,338.0,7.8,-4.0,19
2021-06-11 15:00:00,333.0,8.3,-1.5,19
2021-06-11 16:00:00,337.0,7.9,1.3,19
2021-06-11 17:00:00,340.0,6.7,2.4,19
2021-06-11 18:00:00,343.0,5.5,2.5,19
2021-06-11 19:00:00,342.0,5.2,2.3,19
2021-06-11 20:00:00,343.0,6.6,3.8,19
2021-06-11 21:00:00,339.0,6.9,0.8,19
2021-06-11 22:00:00,346.0,8.0,-0.2,19
2021-06-11 23:00:00,346.0,9.4,-1.1,19
2021-06-12 00:00:00,345.0,10.6,-5.1,8
2021-06-12 01:00:00,342.0,11.7,-4.4,8
2021-06-12 02:00:00,346.0,10.8,-7.1,8
2021-06-12 03:00:00,348.0,13.1,-3.4,8
2021-06-12 04:00:00,349.0,11.5,-1.5,8
2021-06-12 05:00:00,343.0,9.6,1.9,8
2021-06-12 06:00:00,341.0,11.6,2.3,8
2021-06-12 07:00:00,348.0,8.2,5.2,8
2021-06-12 08:00:00,361.0,9.9,3.3,8
2021-06-12 09:00:00,354.0,15.3,0.3,8
2021-06-12 10:00:00,357.0,18.1,2.9,8
2021-06-12 11:00:00,359.0,21.5,-0.8,8
2021-06-12 12:00:00,358.0,16.2,3.6,8
2021-06-12 13:00:00,367.0,13.5,6.4,8
2021-06-12 14:00:00,352.0,8.3,7.2,8
2021-06-12 15:00:00,389.0,5.5,1.8,8
2021-06-12 16:00:00,412.0,4.9,-0.6,8
2021-06-12 17:00:00,407.0,4.7,-1.8,8
2021-06-12 18:00:00,428.0,5.4,1.5,8
2021-06-12 19:00:00,447.0,5.6,4.4,8
2021-06-12 20:00:00,445.0,4.6,4.5,8
2021-06-12 21:00:00,454.0,3.6,3.5,8
2021-06-12 22:00:00,467.0,3.9,0.5,8
2021-06-12 23:00:00,473.0,4.3,-3.1,8
2021-06-13 00:00:00,464.0,4.5,-3.7,15
2021-06-13 01:00:00,463.0,4.9,-3.6,15
2021-06-13 02:00:00,463.0,5.0,-2.6,15
2021-06-13 03:00:00,477.0,3.7,-1.9,15
2021-06-13 04:00:00,488.0,2.7,0.8,15
2021-06-13 05:00:00,486.0,2.3,0.4,15
2021-06-13 06:00:00,471.0,2.6,1.2,15
2021-06-13 07:00:00,460.0,2.7,1.8,15
2021-06-13 08:00:00,462.0,2.7,1.9,15
2021-06-13 09:00:00,464.0,3.0,2.7,15
2021-06-13 10:00:00,456.0,3.1,2.8,15
2021-06-13 11:00:00,454.0,3.3,2.4,15
2021-06-13 12:00:00,445.0,3.7,2.4,15
2021-06-13 13:00:00,438.0,3.8,2.6,15
2021-06-13 14:00:00,440.0,4.1,2.5,15
2021-06-13 15:00:00,442.0,4.4,3.1,15
2021-06-13 16:00:00,445.0,4.1,1.4,15
2021-06-13 17:00:00,446.0,4.1,-0.7,15
2021-06-13 18:00:00,432.0,4.0,3.1,15
2021-06-13 19:00:00,433.0,3.7,3.7,15
2021-06-13 20:00:00,441.0,3.5,3.2,15
2021-06-13 21:00:00,436.0,3.3,2.9,15
2021-06-13 22:00:00,434.0,2.8,2.5,15
2021-06-13 23:00:00,440.0,2.7,1.5,15
2021-06-14 00:00:00,433.0,2.7,0.7,12
2021-06-14 01:00:00,430.0,2.5,-0.9,12
2021-06-14 02:00:00,425.0,2.4,0.6,12
2021-06-14 03:00:00,426.0,2.5,1.3,12
2021-06-14 04:00:00,426.0,2.5,1.3,12
2021-06-14 05:00:00,431.0,2.7,-1.2,12
2021-06-14 06:00:00,424.0,2.5,-0.7,12
2021-06-14 07:00:00,421.0,2.8,-1.6,12
2021-06-14 08:00:00,415.0,2.7,-1.5,12
2021-06-14 09:00:00,418.0,3.1,-1.9,12
2021-06-14 10:00:00,402.0,3.1,0.6,12
2021-06-14 11:00:00,392.0,2.7,2.3,12
2021-06-14 12:00:00,388.0,3.5,-0.5,12
2021-06-14 13:00:00,371.0,3.2,0.3,12
2021-06-14 14:00:00,364.0,2.8,1.4,12
2021-06-14 15:00:00,369.0,2.8,1.3,12
2021-06-14 16:00:00,357.0,2.9,0.5,12
2021-06-14 17:00:00,361.0,3.4,-1.1,12
2021-06-14 18:00:00,353.0,3.0,-0.6,12
2021-06-14 19:00:00,345.0,4.3,0.5,12
2021-06-14 20:00:00,350.0,5.8,-1.1,12
2021-06-14 21:00:00,344.0,10.1,-1.6,12
2021-06-14 22:00:00,331.0,12.2,-1.0,12
2021-06-14 23:00:00,329.0,14.3,-0.4,12
2021-06-15 00:00:00,330.0,22.4,0.3,11
2021-06-15 01:00:00,333.0,23.0,0.8,11
2021-06-15 02:00:00,341.0,17.1,0.2,11
2021-06-15 03:00:00,348.0,7.9,3.1,11
2021-06-15 04:00:00,354.0,8.3,0.2,11
2021-06-15 05:00:00,360.0,8.2,-1.6,11
2021-06-15 06:00:00,361.0,8.2,3.2,11
2021-06-15 07:00:00,363.0,9.0,4.8,11
2021-06-15 08:00:00,382.0,14.4,4.2,11
2021-06-15 09:00:00,388.0,22.3,2.3,11
2021-06-15 10:00:00,386.0,31.6,0.7,11
2021-06-15 11:00:00,381.0,36.1,-4.3,11
2021-06-15 12:00:00,384.0,42.2,-2.7,11
2021-06-15 13:00:00,477.0,7.2,1.6,11
2021-06-15 14:00:00,540.0,7.8,-0.6,11
2021-06-15 15:00:00,561.0,6.8,-0.4,11
2021-06-15 16:00:00,541.0,7.6,-3.4,11
2021-06-15 17:00:00,563.0,7.6,-1.9,11
2021-06-15 18:00:00,550.0,7.6,0.2,11
2021-06-15 19:00:00,547.0,6.8,-1.1,11
2021-06-15 20:00:00,545.0,5.2,-0.5,11
2021-06-15 21:00:00,559.0,4.7,-2.6,11
2021-06-15 22:00:00,576.0,5.2,3.1,11
2021-06-15 23:00:00,585.0,5.0,-1.4,11
2021-06-16 00:00:00,593.0,4.9,-1.3,11
2021-06-16 01:00:00,605.0,4.4,-1.2,11
2021-06-16 02:00:00,573.0,3.3,-0.7,11
2021-06-16 03:00:00,561.0,2.7,-0.4,11
2021-06-16 04:00:00,584.0,2.8,-0.3,11
2021-06-16 05:00:00,610.0,3.1,-1.5,11
2021-06-16 06:00:00,586.0,2.8,-1.2,11
2021-06-16 07:00:00,573.0,2.4,-0.1,11
2021-06-16 08:00:00,604.0,2.0,0.6,11
2021-06-16 09:00:00,610.0,2.1,0.1,11
2021-06-16 10:00:00,591.0,2.3,0.0,11
2021-06-16 11:00:00,592.0,2.3,0.6,11
2021-06-16 12:00:00,606.0,2.5,-0.6,11
2021-06-16 13:00:00,593.0,2.7,-0.8,11
2021-06-16 14:00:00,614.0,2.2,-1.1,11
2021-06-16 15:00:00,614.0,2.4,-0.8,11
2021-06-16 16:00:00,611.0,2.1,-2.8,11
2021-06-16 17:00:00,599.0,2.0,-0.3,11
2021-06-16 18:00:00,585.0,2.2,0.3,11
2021-06-16 19:00:00,582.0,1.8,-1.7,11
2021-06-16 20:00:00,580.0,1.8,0.8,11
2021-06-16 21:00:00,584.0,1.7,-1.5,11
2021-06-16 22:00:00,584.0,1.9,-1.1,11
2021-06-16 23:00:00,569.0,1.9,-0.2,11
2021-06-17 00:00:00,561.0,1.9,-0.2,12
2021-06-17 01:00:00,559.0,2.0,1.3,12
2021-06-17 02:00:00,568.0,2.1,1.3,12
2021-06-17 03:00:00,571.0,2.2,-0.8,12
2021-06-17 04:00:00,562.0,2.3,-1.2,12
2021-06-17 05:00:00,545.0,2.4,-1.1,12
2021-06-17 06:00:00,537.0,2.2,-0.4,12
2021-06-17 07:00:00,545.0,2.5,-0.6,12
2021-06-17 08:00:00,538.0,2.5,-0.1,12
2021-06-17 09:00:00,530.0,2.5,-0.2,12
2021-06-17 10:00:00,536.0,2.7,-0.3,12
2021-06-17 11:00:00,541.0,3.1,-0.4,12
2021-06-17 12:00:00,530.0,2.9,1.4,12
2021-06-17 13:00:00,538.0,2.6,-0.9,12
2021-06-17 14:00:00,520.0,2.3,-0.1,12
2021-06-17 15:00:00,531.0,2.4,-1.3,12
2021-06-17 16:00:00,506.0,2.3,0.6,12
2021-06-17 17:00:00,506.0,2.3,1.3,12
2021-06-17 18:00:00,526.0,2.5,-0.3,12
2021-06-17 19:00:00,518.0,2.6,1.4,12
2021-06-17 20:00:00,517.0,2.6,1.4,12
2021-06-17 21:00:00,516.0,2.8,1.3,12
2021-06-17 22:00:00,500.0,2.4,1.8,12
2021-06-17 23:00:00,503.0,2.6,1.4,12
2021-06-18 00:00:00,501.0,2.5,-1.2,21
2021-06-18 01:00:00,503.0,2.4,-1.8,21
2021-06-18 02:00:00,502.0,2.6,-1.4,21
2021-06-18 03:00:00,500.0,2.6,-2.7,21
2021-06-18 04:00:00,503.0,2.6,-0.9,21
2021-06-18 05:00:00,498.0,2.6,-2.3,21
2021-06-18 06:00:00,506.0,2.7,-1.7,21
2021-06-18 07:00:00,508.0,3.0,-0.7,21
2021-06-18 08:00:00,494.0,3.0,-1.1,21
2021-06-18 09:00:00,481.0,2.9,-2.2,21
2021-06-18 10:00:00,481.0,2.8,-2.5,21
2021-06-18 11:00:00,475.0,2.7,-1.8,21
2021-06-18 12:00:00,482.0,2.9,-1.9,21
2021-06-18 13:00:00,479.0,2.6,-1.0,21
2021-06-18 14:00:00,472.0,2.0,0.7,21
2021-06-18 15:00:00,470.0,2.2,0.8,21
2021-06-18 16:00:00,472.0,2.0,0.4,21
2021-06-18 17:00:00,507.0,2.6,-0.9,21
2021-06-18 18:00:00,486.0,2.5,0.2,21
2021-06-18 19:00:00,481.0,2.3,0.8,21
2021-06-18 20:00:00,481.0,2.2,0.9,21
2021-06-18 21:00:00,471.0,1.6,0.8,21
2021-06-18 22:00:00,469.0,1.5,0.1,21
2021-06-18 23:00:00,477.0,1.8,0.1,21
2021-06-19 00:00:00,478.0,1.7,-0.5,15
2021-06-19 01:00:00,475.0,1.6,0.1,15
2021-06-19 02:00:00,476.0,1.8,-1.2,15
2021-06-19 03:00:00,477.0,1.8,-0.9,15
2021-06-19 04:00:00,480.0,1.9,-0.4,15
2021-06-19 05:00:00,488.0,1.8,-0.4,15
2021-06-19 06:00:00,473.0,1.7,-0.5,15
2021-06-19 07:00:00,473.0,1.8,-0.9,15
2021-06-19 08:00:00,475.0,1.8,-0.3,15
2021-06-19 09:00:00,465.0,2.0,-0.6,15
2021-06-19 10:00:00,463.0,2.1,-0.6,15
2021-06-19 11:00:00,455.0,1.7,0.4,15
2021-06-19 12:00:00,454.0,1.8,0.3,15
2021-06-19 13:00:00,452.0,1.9,0.1,15
2021-06-19 14:00:00,448.0,1.9,-0.5,15
2021-06-19 15:00:00,439.0,1.9,-0.8,15
2021-06-19 16:00:00,438.0,2.2,-0.8,15
2021-06-19 17:00:00,435.0,1.9,-0.1,15
2021-06-19 18:00:00,416.0,1.5,0.8,15
2021-06-19 19:00:00,423.0,1.6,0.8,15
2021-06-19 20:00:00,442.0,2.1,1.5,15
2021-06-19 21:00:00,436.0,2.2,1.9,15
2021-06-19 22:00:00,444.0,2.6,1.0,15
2021-06-19 23:00:00,416.0,2.0,1.8,15
2021-06-20 00:00:00,433.0,2.7,1.3,14
2021-06-20 01:00:00,437.0,2.6,0.8,14
2021-06-20 02:00:00,426.0,2.6,0.8,14
2021-06-20 03:00:00,419.0,2.8,0.1,14
2021-06-20 04:00:00,420.0,2.9,-0.2,14
2021-06-20 05:00:00,426.0,3.2,-0.7,14
2021-06-20 06:00:00,425.0,3.1,1.6,14
2021-06-20 07:00:00,421.0,2.9,1.3,14
2021-06-20 08:00:00,408.0,2.3,1.1,14
2021-06-20 09:00:00,401.0,2.1,-0.3,14
2021-06-20 10:00:00,404.0,2.5,0.0,14
2021-06-20 11:00:00,390.0,2.4,-0.3,14
2021-06-20 12:00:00,388.0,2.5,0.5,14
2021-06-20 13:00:00,404.0,3.3,2.0,14
2021-06-20 14:00:00,398.0,3.5,0.4,14
2021-06-20 15:00:00,404.0,3.9,1.7,14
2021-06-20 16:00:00,409.0,4.5,1.3,14
2021-06-20 17:00:00,408.0,4.9,0.7,14
2021-06-20 18:00:00,407.0,5.1,1.7,14
2021-06-20 19:00:00,403.0,5.0,1.6,14
2021-06-20 20:00:00,400.0,4.9,1.7,14
2021-06-20 21:00:00,398.0,4.3,-2.0,14
2021-06-20 22:00:00,388.0,4.5,-2.2,14
2021-06-20 23:00:00,382.0,5.4,-2.1,14
2021-06-21 00:00:00,375.0,8.1,-1.9,13
2021-06-21 01:00:00,369.0,7.5,-0.8,13
2021-06-21 02:00:00,367.0,8.1,-0.4,13
2021-06-21 03:00:00,369.0,8.2,0.8,13
2021-06-21 04:00:00,369.0,8.6,1.5,13
2021-06-21 05:00:00,367.0,9.3,1.3,13
2021-06-21 06:00:00,364.0,8.4,1.5,13
2021-06-21 07:00:00,363.0,7.8,1.9,13
2021-06-21 08:00:00,357.0,6.7,0.3,13
2021-06-21 09:00:00,356.0,6.0,0.5,13
2021-06-21 10:00:00,351.0,5.1,0.9,13
2021-06-21 11:00:00,364.0,5.1,-1.1,13
2021-06-21 12:00:00,361.0,4.9,-0.2,13
2021-06-21 13:00:00,362.0,4.9,-0.3,13
2021-06-21 14:00:00,362.0,4.7,0.4,13
2021-06-21 15:00:00,357.0,4.2,0.8,13
2021-06-21 16:00:00,351.0,3.9,1.0,13
2021-06-21 17:00:00,357.0,4.0,-1.6,13
2021-06-21 18:00:00,363.0,4.1,0.0,13
2021-06-21 19:00:00,363.0,4.1,-0.7,13
2021-06-21 20:00:00,363.0,4.3,0.1,13
2021-06-21 21:00:00,340.0,3.5,0.1,13
2021-06-21 22:00:00,347.0,3.9,0.6,13
2021-06-21 23:00:00,364.0,4.2,0.5,13
2021-06-22 00:00:00,368.0,4.6,-0.4,16
2021-06-22 01:00:00,368.0,4.6,1.1,16
2021-06-22 02:00:00,381.0,7.4,0.8,16
2021-06-22 03:00:00,386.0,10.4,-1.8,16
2021-06-22 04:00:00,385.0,10.8,-5.0,16
2021-06-22 05:00:00,380.0,10.9,-2.4,16
2021-06-22 06:00:00,373.0,4.1,-1.8,16
2021-06-22 07:00:00,369.0,5.2,-1.1,16
2021-06-22 08:00:00,363.0,4.8,-1.2,16
2021-06-22 09:00:00,366.0,5.2,-1.2,16
2021-06-22 10:00:00,356.0,5.6,-1.1,16
2021-06-22 11:00:00,350.0,5.3,-2.3,16
2021-06-22 12:00:00,344.0,5.6,-1.0,16
2021-06-22 13:00:00,347.0,11.8,3.2,16
2021-06-22 14:00:00,349.0,13.0,5.4,16
2021-06-22 15:00:00,346.0,12.4,2.7,16
2021-06-22 16:00:00,347.0,9.7,-0.7,16
2021-06-22 17:00:00,347.0,8.3,2.4,16
2021-06-22 18:00:00,344.0,6.1,3.2,16
2021-06-22 19:00:00,342.0,5.3,1.7,16
2021-06-22 20:00:00,348.0,5.2,-3.1,16
2021-06-22 21:00:00,353.0,5.7,-3.0,16
2021-06-22 22:00:00,350.0,5.9,-1.7,16
2021-06-22 23:00:00,355.0,6.9,-2.2,16
2021-06-23 00:00:00,355.0,6.8,0.0,12
2021-06-23 01:00:00,355.0,5.7,-0.6,12
2021-06-23 02:00:00,350.0,5.1,0.5,12
2021-06-23 03:00:00,348.0,5.3,1.5,12
2021-06-23 04:00:00,346.0,5.4,0.3,12
2021-06-23 05:00:00,342.0,4.6,0.2,12
2021-06-23 06:00:00,340.0,3.7,0.2,12
2021-06-23 07:00:00,337.0,3.7,0.9,12
2021-06-23 08:00:00,344.0,4.6,0.5,12
2021-06-23 09:00:00,345.0,5.6,0.2,12
2021-06-23 10:00:00,344.0,5.1,1.9,12
2021-06-23 11:00:00,350.0,5.0,2.9,12
2021-06-23 12:00:00,359.0,5.9,1.3,12
2021-06-23 13:00:00,352.0,5.4,2.5,12
2021-06-23 14:00:00,348.0,3.9,1.3,12
2021-06-23 15:00:00,353.0,3.6,2.1,12
2021-06-23 16:00:00,350.0,3.6,1.5,12
2021-06-23 17:00:00,348.0,3.7,0.7,12
2021-06-23 18:00:00,347.0,3.4,-0.6,12
2021-06-23 19:00:00,342.0,3.3,0.5,12
2021-06-23 20:00:00,341.0,3.3,0.6,12
2021-06-23 21:00:00,340.0,3.6,0.7,12
2021-06-23 22:00:00,337.0,3.6,0.5,12
2021-06-23 23:00:00,335.0,3.5,1.1,12
2021-06-24 00:00:00,335.0,3.6,2.2,11
2021-06-24 01:00:00,328.0,3.5,0.6,11
2021-06-24 02:00:00,333.0,3.8,-0.5,11
2021-06-24 03:00:00,336.0,4.3,-0.6,11
2021-06-24 04:00:00,328.0,3.8,-1.6,11
2021-06-24 05:00:00,326.0,4.0,0.5,11
2021-06-24 06:00:00,336.0,4.8,-1.4,11
2021-06-24 07:00:00,338.0,5.2,-1.4,11
2021-06-24 08:00:00,338.0,5.5,-0.7,11
2021-06-24 09:00:00,336.0,5.5,-0.6,11
2021-06-24 10:00:00,336.0,6.2,-0.6,11
2021-06-24 11:00:00,345.0,7.2,-1.8,11
2021-06-24 12:00:00,347.0,7.8,-0.3,11
2021-06-24 13:00:00,352.0,8.7,0.2,11
2021-06-24 14:00:00,362.0,9.2,2.5,11
2021-06-24 15:00:00,363.0,9.6,3.1,11
2021-06-24 16:00:00,373.0,9.8,2.7,11
2021-06-24 17:00:00,371.0,9.3,3.8,11
2021-06-24 18:00:00,375.0,9.2,2.5,11
2021-06-24 19:00:00,374.0,8.5,4.4,11
2021-06-24 20:00:00,374.0,9.0,0.7,11
2021-06-24 21:00:00,374.0,8.2,0.8,11
2021-06-24 22:00:00,371.0,8.4,-0.4,11
2021-06-24 23:00:00,369.0,7.8,2.3,11
2021-06-25 00:00:00,356.0,8.4,4.7,23
2021-06-25 01:00:00,357.0,7.1,-1.4,23
2021-06-25 02:00:00,364.0,6.6,4.3,23
2021-06-25 03:00:00,371.0,6.9,3.5,23
2021-06-25 04:00:00,371.0,6.3,4.1,23
2021-06-25 05:00:00,366.0,5.8,3.3,23
2021-06-25 06:00:00,372.0,4.8,2.7,23
2021-06-25 07:00:00,374.0,4.3,-1.6,23
2021-06-25 08:00:00,397.0,5.1,-0.5,23
2021-06-25 09:00:00,412.0,5.4,-1.9,23
2021-06-25 10:00:00,402.0,5.1,-2.0,23
2021-06-25 11:00:00,395.0,4.8,-0.9,23
2021-06-25 12:00:00,387.0,4.5,-0.1,23
2021-06-25 13:00:00,389.0,4.5,-1.8,23
2021-06-25 14:00:00,390.0,3.8,1.9,23
2021-06-25 15:00:00,393.0,3.9,1.8,23
2021-06-25 16:00:00,386.0,4.0,0.1,23
2021-06-25 17:00:00,388.0,4.0,-0.1,23
2021-06-25 18:00:00,389.0,4.0,1.4,23
2021-06-25 19:00:00,389.0,4.0,2.0,23
2021-06-25 20:00:00,386.0,3.9,1.0,23
2021-06-25 21:00:00,,,,23
2021-06-25 22:00:00,,,,23
2021-06-25 23:00:00,,,,23
2021-06-26 00:00:00,,,,19
2021-06-26 01:00:00,,,,19
2021-06-26 02:00:00,,,,19
2021-06-26 03:00:00,,,,19
2021-06-26 04:00:00,386.0,,0.4,19
2021-06-26 05:00:00,390.0,4.0,-0.8,19
2021-06-26 06:00:00,388.0,4.0,0.5,19
2021-06-26 07:00:00,377.0,4.1,1.7,19
2021-06-26 08:00:00,382.0,4.1,-1.3,19
2021-06-26 09:00:00,377.0,3.9,-1.2,19
2021-06-26 10:00:00,371.0,4.2,-0.8,19
2021-06-26 11:00:00,376.0,4.3,-1.8,19
2021-06-26 12:00:00,380.0,4.5,-2.1,19
2021-06-26 13:00:00,383.0,4.7,-1.4,19
2021-06-26 14:00:00,375.0,4.6,-0.2,19
2021-06-26 15:00:00,377.0,4.6,1.5,19
2021-06-26 16:00:00,381.0,4.6,3.4,19
2021-06-26 17:00:00,,,,19
2021-06-26 18:00:00,,,,19
2021-06-26 19:00:00,,,,19
2021-06-26 20:00:00,,,,19
2021-06-26 21:00:00,,,,19
2021-06-26 22:00:00,,,,19
2021-06-26 23:00:00,,,,19
2021-06-27 00:00:00,,,,33
2021-06-27 01:00:00,,,,33
2021-06-27 02:00:00,,,,33
2021-06-27 03:00:00,,,,33
2021-06-27 04:00:00,,,,33
2021-06-27 05:00:00,,,,33
2021-06-27 06:00:00,,,,33
2021-06-27 07:00:00,,,,33
2021-06-27 08:00:00,,,,33
2021-06-27 09:00:00,,,,33
2021-06-27 10:00:00,,,,33
2021-06-27 11:00:00,,,,33
2021-06-27 12:00:00,,,,33
2021-06-27 13:00:00,,,,33
2021-06-27 14:00:00,,,,33
2021-06-27 15:00:00,,,,33
2021-06-27 16:00:00,,,,33
2021-06-27 17:00:00,,,,33
2021-06-27 18:00:00,,,,33
2021-06-27 19:00:00,,,,33
2021-06-27 20:00:00,,,,33
2021-06-27 21:00:00,339.0,,,33
2021-06-27 22:00:00,343.0,5.3,-0.7,33
2021-06-27 23:00:00,354.0,6.6,-0.7,33
2021-06-28 00:00:00,358.0,6.9,0.6,46
2021-06-28 01:00:00,358.0,6.4,-0.6,46
2021-06-28 02:00:00,351.0,6.1,0.6,46
2021-06-28 03:00:00,353.0,5.7,1.5,46
2021-06-28 04:00:00,356.0,5.0,0.7,46
2021-06-28 05:00:00,361.0,4.4,0.4,46
2021-06-28 06:00:00,355.0,4.3,-0.2,46
2021-06-28 07:00:00,346.0,4.7,-0.1,46
2021-06-28 08:00:00,337.0,5.2,0.2,46
2021-06-28 09:00:00,340.0,5.2,-0.1,46
2021-06-28 10:00:00,337.0,4.6,-0.3,46
2021-06-28 11:00:00,335.0,4.0,1.2,46
2021-06-28 12:00:00,335.0,4.2,-0.3,46
2021-06-28 13:00:00,342.0,4.1,-0.5,46
2021-06-28 14:00:00,349.0,4.4,0.4,46
2021-06-28 15:00:00,341.0,4.4,-0.1,46
2021-06-28 16:00:00,328.0,4.7,-0.2,46
2021-06-28 17:00:00,322.0,4.8,-0.4,46
2021-06-28 18:00:00,325.0,4.7,0.5,46
2021-06-28 19:00:00,321.0,4.8,-0.3,46
2021-06-28 20:00:00,318.0,5.0,-0.3,46
2021-06-28 21:00:00,319.0,5.0,0.4,46
2021-06-28 22:00:00,320.0,5.1,0.7,46
2021-06-28 23:00:00,321.0,5.2,0.7,46
2021-06-29 00:00:00,319.0,5.4,1.3,56
2021-06-29 01:00:00,320.0,5.4,1.0,56
2021-06-29 02:00:00,325.0,5.0,1.1,56
2021-06-29 03:00:00,325.0,4.9,0.9,56
2021-06-29 04:00:00,326.0,4.4,1.5,56
2021-06-29 05:00:00,327.0,4.9,0.2,56
2021-06-29 06:00:00,323.0,4.6,0.3,56
2021-06-29 07:00:00,324.0,4.9,0.0,56
2021-06-29 08:00:00,325.0,5.4,0.1,56
2021-06-29 09:00:00,327.0,5.5,2.3,56
2021-06-29 10:00:00,325.0,5.9,1.0,56
2021-06-29 11:00:00,327.0,6.6,0.5,56
2021-06-29 12:00:00,329.0,7.2,0.2,56
2021-06-29 13:00:00,332.0,7.4,-2.5,56
2021-06-29 14:00:00,336.0,7.5,-1.7,56
2021-06-29 15:00:00,327.0,8.7,0.7,56
2021-06-29 16:00:00,335.0,7.8,-3.9,56
2021-06-29 17:00:00,334.0,6.6,-3.2,56
2021-06-29 18:00:00,341.0,6.3,-1.3,56
2021-06-29 19:00:00,335.0,6.2,-2.2,56
2021-06-29 20:00:00,337.0,6.4,-1.5,56
2021-06-29 21:00:00,337.0,6.3,0.0,56
2021-06-29 22:00:00,340.0,6.8,-0.2,56
2021-06-29 23:00:00,346.0,6.8,1.2,56
2021-06-30 00:00:00,345.0,7.0,2.1,54
2021-06-30 01:00:00,340.0,6.9,2.3,54
2021-06-30 02:00:00,336.0,7.2,1.7,54
2021-06-30 03:00:00,346.0,13.2,-0.4,54
2021-06-30 04:00:00,353.0,19.3,-1.3,54
2021-06-30 05:00:00,349.0,19.3,-3.0,54
2021-06-30 06:00:00,348.0,19.0,-3.1,54
2021-06-30 07:00:00,344.0,18.8,-4.6,54
2021-06-30 08:00:00,351.0,18.3,-7.8,54
2021-06-30 09:00:00,365.0,16.3,2.3,54
2021-06-30 10:00:00,373.0,7.6,2.3,54
2021-06-30 11:00:00,372.0,4.7,1.2,54
2021-06-30 12:00:00,366.0,4.1,1.1,54
2021-06-30 13:00:00,387.0,7.2,0.7,54
2021-06-30 14:00:00,383.0,6.5,3.3,54
2021-06-30 15:00:00,402.0,7.7,2.5,54
2021-06-30 16:00:00,429.0,7.2,-1.0,54
2021-06-30 17:00:00,446.0,6.3,1.3,54
2021-06-30 18:00:00,478.0,6.1,-1.9,54
2021-06-30 19:00:00,493.0,4.6,-6.5,54
2021-06-30 20:00:00,498.0,2.7,-6.4,54
2021-06-30 21:00:00,511.0,6.4,-2.8,54
2021-06-30 22:00:00,514.0,10.1,5.5,54
2021-06-30 23:00:00,514.0,7.8,1.5,54
2021-07-01 00:00:00,509.0,9.6,-0.5,57
2021-07-01 01:00:00,490.0,13.3,-6.1,57
2021-07-01 02:00:00,490.0,10.2,7.0,57
2021-07-01 03:00:00,486.0,10.4,6.9,57
2021-07-01 04:00:00,482.0,7.2,8.7,57
2021-07-01 05:00:00,489.0,10.0,6.0,57
2021-07-01 06:00:00,506.0,6.7,6.4,57
2021-07-01 07:00:00,499.0,4.8,7.4,57
2021-07-01 08:00:00,495.0,2.4,6.9,57
2021-07-01 09:00:00,501.0,1.1,2.8,57
2021-07-01 10:00:00,486.0,0.8,2.7,57
2021-07-01 11:00:00,487.0,1.1,3.6,57
2021-07-01 12:00:00,515.0,1.8,4.7,57
2021-07-01 13:00:00,502.0,1.6,4.8,57
2021-07-01 14:00:00,496.0,1.8,4.1,57
2021-07-01 15:00:00,513.0,2.0,5.7,57
2021-07-01 16:00:00,498.0,2.1,4.0,57
2021-07-01 17:00:00,502.0,2.6,4.2,57
2021-07-01 18:00:00,501.0,2.7,2.7,57
2021-07-01 19:00:00,485.0,2.7,1.4,57
2021-07-01 20:00:00,448.0,1.8,2.1,57
2021-07-01 21:00:00,433.0,1.7,4.1,57
2021-07-01 22:00:00,432.0,2.1,3.6,57
2021-07-01 23:00:00,446.0,2.2,0.7,57
2021-07-02 00:00:00,465.0,2.2,-1.0,61
2021-07-02 01:00:00,462.0,1.6,-0.1,61
2021-07-02 02:00:00,469.0,1.7,1.4,61
2021-07-02 03:00:00,462.0,1.6,1.5,61
2021-07-02 04:00:00,459.0,1.5,-1.3,61
2021-07-02 05:00:00,450.0,3.3,0.1,61
2021-07-02 06:00:00,426.0,2.8,1.2,61
2021-07-02 07:00:00,428.0,3.1,1.4,61
2021-07-02 08:00:00,423.0,2.8,0.1,61
2021-07-02 09:00:00,422.0,3.3,0.6,61
2021-07-02 10:00:00,426.0,3.5,-1.2,61
2021-07-02 11:00:00,405.0,2.9,-1.0,61
2021-07-02 12:00:00,425.0,3.4,1.7,61
2021-07-02 13:00:00,441.0,4.2,2.4,61
2021-07-02 14:00:00,417.0,3.2,0.0,61
2021-07-02 15:00:00,456.0,3.9,-1.7,61
2021-07-02 16:00:00,449.0,3.2,-0.4,61
2021-07-02 17:00:00,454.0,2.6,0.4,61
2021-07-02 18:00:00,463.0,2.0,0.6,61
2021-07-02 19:00:00,481.0,1.4,1.1,61
2021-07-02 20:00:00,505.0,1.2,-0.3,61
2021-07-02 21:00:00,532.0,1.9,-0.3,61
2021-07-02 22:00:00,539.0,1.7,0.8,61
2021-07-02 23:00:00,518.0,1.0,0.4,61
2021-07-03 00:00:00,528.0,1.3,0.0,61
2021-07-03 01:00:00,529.0,1.6,-0.3,61
2021-07-03 02:00:00,521.0,1.4,-0.9,61
2021-07-03 03:00:00,512.0,1.4,-1.2,61
2021-07-03 04:00:00,505.0,1.1,-0.7,61
2021-07-03 05:00:00,508.0,1.4,-1.6,61
2021-07-03 06:00:00,501.0,1.2,-2.1,61
2021-07-03 07:00:00,458.0,1.2,-1.8,61
2021-07-03 08:00:00,455.0,1.2,-1.0,61
2021-07-03 09:00:00,444.0,1.5,-1.5,61
2021-07-03 10:00:00,442.0,1.5,-1.3,61
2021-07-03 11:00:00,438.0,1.4,-0.7,61
2021-07-03 12:00:00,440.0,1.0,-0.7,61
2021-07-03 13:00:00,430.0,1.0,0.1,61
2021-07-03 14:00:00,434.0,1.7,-0.1,61
2021-07-03 15:00:00,431.0,3.0,0.1,61
2021-07-03 16:00:00,382.0,3.3,0.8,61
2021-07-03 17:00:00,371.0,3.1,0.7,61
2021-07-03 18:00:00,365.0,3.1,0.4,61
2021-07-03 19:00:00,360.0,3.0,0.1,61
2021-07-03 20:00:00,360.0,2.9,0.7,61
2021-07-03 21:00:00,360.0,2.1,-0.3,61
2021-07-03 22:00:00,364.0,3.6,0.1,61
2021-07-03 23:00:00,360.0,3.8,0.3,61
2021-07-04 00:00:00,362.0,3.5,-0.2,51
2021-07-04 01:00:00,364.0,4.1,-1.0,51
2021-07-04 02:00:00,361.0,4.4,-0.9,51
2021-07-04 03:00:00,363.0,3.9,-2.2,51
2021-07-04 04:00:00,355.0,3.9,-0.4,51
2021-07-04 05:00:00,350.0,4.2,-0.6,51
2021-07-04 06:00:00,346.0,4.4,-1.0,51
2021-07-04 07:00:00,347.0,5.6,-1.3,51
2021-07-04 08:00:00,351.0,5.7,0.1,51
2021-07-04 09:00:00,351.0,6.0,1.1,51
2021-07-04 10:00:00,354.0,5.5,1.5,51
2021-07-04 11:00:00,352.0,4.7,1.7,51
2021-07-04 12:00:00,347.0,5.5,0.8,51
2021-07-04 13:00:00,348.0,5.6,0.3,51
2021-07-04 14:00:00,342.0,6.0,0.7,51
2021-07-04 15:00:00,342.0,5.7,0.9,51
2021-07-04 16:00:00,342.0,5.9,0.2,51
2021-07-04 17:00:00,334.0,5.5,0.0,51
2021-07-04 18:00:00,329.0,4.7,0.8,51
2021-07-04 19:00:00,328.0,5.1,0.2,51
2021-07-04 20:00:00,324.0,4.7,0.6,51
2021-07-04 21:00:00,321.0,4.5,0.6,51
2021-07-04 22:00:00,314.0,4.2,0.1,51
2021-07-04 23:00:00,315.0,3.8,-0.1,51
2021-07-05 00:00:00,316.0,4.2,0.5,44
2021-07-05 01:00:00,313.0,4.6,0.8,44
2021-07-05 02:00:00,334.0,7.4,-0.4,44
2021-07-05 03:00:00,336.0,10.7,0.0,44
2021-07-05 04:00:00,333.0,11.7,0.0,44
2021-07-05 05:00:00,338.0,11.9,1.7,44
2021-07-05 06:00:00,349.0,10.8,4.9,44
2021-07-05 07:00:00,342.0,12.1,4.4,44
2021-07-05 08:00:00,341.0,11.1,3.8,44
2021-07-05 09:00:00,343.0,9.5,3.5,44
2021-07-05 10:00:00,340.0,6.6,2.6,44
2021-07-05 11:00:00,338.0,5.1,0.4,44
2021-07-05 12:00:00,336.0,4.8,-2.1,44
2021-07-05 13:00:00,334.0,4.2,-2.9,44
2021-07-05 14:00:00,338.0,5.8,-4.1,44
2021-07-05 15:00:00,340.0,5.8,-5.8,44
2021-07-05 16:00:00,338.0,7.0,-6.0,44
2021-07-05 17:00:00,341.0,10.7,-6.6,44
2021-07-05 18:00:00,337.0,6.6,-6.9,44
2021-07-05 19:00:00,345.0,8.4,-6.6,44
2021-07-05 20:00:00,342.0,8.2,-7.0,44
2021-07-05 21:00:00,338.0,8.4,-6.9,44
2021-07-05 22:00:00,338.0,10.5,-5.7,44
2021-07-05 23:00:00,336.0,11.9,-5.2,44
2021-07-06 00:00:00,339.0,13.2,-4.5,50
2021-07-06 01:00:00,333.0,14.6,-1.8,50
2021-07-06 02:00:00,328.0,14.3,-0.3,50
2021-07-06 03:00:00,335.0,7.8,-0.1,50
2021-07-06 04:00:00,341.0,6.0,0.9,50
2021-07-06 05:00:00,331.0,7.0,-1.0,50
2021-07-06 06:00:00,335.0,8.4,-0.8,50
2021-07-06 07:00:00,333.0,6.7,-3.5,50
2021-07-06 08:00:00,350.0,7.5,0.8,50
2021-07-06 09:00:00,357.0,6.1,0.9,50
2021-07-06 10:00:00,357.0,5.7,-1.0,50
2021-07-06 11:00:00,364.0,6.4,-1.9,50
2021-07-06 12:00:00,364.0,6.8,-5.4,50
2021-07-06 13:00:00,371.0,7.7,-5.4,50
2021-07-06 14:00:00,369.0,7.4,0.4,50
2021-07-06 15:00:00,369.0,6.9,0.1,50
2021-07-06 16:00:00,361.0,6.0,-1.3,50
2021-07-06 17:00:00,366.0,6.1,0.4,50
2021-07-06 18:00:00,368.0,5.7,-1.1,50
2021-07-06 19:00:00,385.0,3.9,1.1,50
2021-07-06 20:00:00,387.0,4.6,2.1,50
2021-07-06 21:00:00,379.0,4.6,1.6,50
2021-07-06 22:00:00,373.0,4.5,1.3,50
2021-07-06 23:00:00,373.0,5.0,2.0,50
2021-07-07 00:00:00,367.0,5.6,2.1,20
2021-07-07 01:00:00,365.0,5.7,1.4,20
2021-07-07 02:00:00,368.0,4.7,-1.6,20
2021-07-07 03:00:00,380.0,4.9,-1.9,20
2021-07-07 04:00:00,379.0,5.0,-1.3,20
2021-07-07 05:00:00,378.0,4.4,-3.6,20
2021-07-07 06:00:00,382.0,4.7,-5.2,20
2021-07-07 07:00:00,387.0,4.7,-6.1,20
2021-07-07 08:00:00,364.0,7.3,-3.0,20
2021-07-07 09:00:00,356.0,11.0,-0.4,20
2021-07-07 10:00:00,352.0,11.5,-0.4,20
2021-07-07 11:00:00,348.0,11.8,0.4,20
2021-07-07 12:00:00,339.0,11.7,-0.5,20
2021-07-07 13:00:00,336.0,11.9,-3.2,20
2021-07-07 14:00:00,333.0,11.3,-1.9,20
2021-07-07 15:00:00,335.0,12.5,-0.2,20
2021-07-07 16:00:00,330.0,11.5,-0.6,20
2021-07-07 17:00:00,326.0,10.1,-2.4,20
2021-07-07 18:00:00,324.0,9.9,-2.1,20
2021-07-07 19:00:00,321.0,9.5,-2.9,20
2021-07-07 20:00:00,,,,20
2021-07-07 21:00:00,,,,20
2021-07-07 22:00:00,,,,20
2021-07-07 23:00:00,,,,20
2021-07-08 00:00:00,,,,17
2021-07-08 01:00:00,,,,17
2021-07-08 02:00:00,,,,17
2021-07-08 03:00:00,,,,17
2021-07-08 04:00:00,,,,17
2021-07-08 05:00:00,,,,17
2021-07-08 06:00:00,,,,17
2021-07-08 07:00:00,,,,17
2021-07-08 08:00:00,,,,17
2021-07-08 09:00:00,,,,17
2021-07-08 10:00:00,,,,17
2021-07-08 11:00:00,,,,17
2021-07-08 12:00:00,,,,17
2021-07-08 13:00:00,,,,17
2021-07-08 14:00:00,,,,17
2021-07-08 15:00:00,,,,17
2021-07-08 16:00:00,,,,17
2021-07-08 17:00:00,,,,17
2021-07-08 18:00:00,,,,17
2021-07-08 19:00:00,325.0,,,17
2021-07-08 20:00:00,322.0,9.2,1.5,17
2021-07-08 21:00:00,318.0,9.6,-0.2,17
2021-07-08 22:00:00,322.0,9.1,-1.0,17
2021-07-08 23:00:00,326.0,8.8,-0.5,17
2021-07-09 00:00:00,328.0,7.2,-2.2,12
2021-07-09 01:00:00,332.0,7.5,-1.3,12
2021-07-09 02:00:00,335.0,7.6,-1.9,12
2021-07-09 03:00:00,337.0,7.6,-1.2,12
2021-07-09 04:00:00,337.0,7.8,0.0,12
2021-07-09 05:00:00,339.0,7.5,-0.6,12
2021-07-09 06:00:00,336.0,6.5,-0.8,12
2021-07-09 07:00:00,332.0,6.1,-1.4,12
2021-07-09 08:00:00,337.0,7.1,-0.7,12
2021-07-09 09:00:00,337.0,6.6,-0.1,12
2021-07-09 10:00:00,335.0,6.8,-0.8,12
2021-07-09 11:00:00,333.0,6.7,-0.1,12
2021-07-09 12:00:00,334.0,7.1,2.2,12
2021-07-09 13:00:00,331.0,7.1,2.4,12
2021-07-09 14:00:00,331.0,7.4,5.0,12
2021-07-09 15:00:00,330.0,7.9,3.9,12
2021-07-09 16:00:00,326.0,8.0,3.1,12
2021-07-09 17:00:00,314.0,6.3,4.7,12
2021-07-09 18:00:00,307.0,6.0,4.3,12
2021-07-09 19:00:00,315.0,8.4,3.9,12
2021-07-09 20:00:00,320.0,8.7,4.3,12
2021-07-09 21:00:00,326.0,10.6,3.5,12
2021-07-09 22:00:00,340.0,14.2,4.7,12
2021-07-09 23:00:00,354.0,19.8,1.4,12
2021-07-10 00:00:00,354.0,19.8,-2.2,16
2021-07-10 01:00:00,346.0,14.6,-5.2,16
2021-07-10 02:00:00,340.0,11.2,-7.3,16
2021-07-10 03:00:00,331.0,9.0,-5.3,16
2021-07-10 04:00:00,335.0,9.9,0.8,16
2021-07-10 05:00:00,329.0,9.1,3.8,16
2021-07-10 06:00:00,324.0,11.7,3.0,16
2021-07-10 07:00:00,314.0,12.0,5.2,16
2021-07-10 08:00:00,335.0,10.6,6.5,16
2021-07-10 09:00:00,387.0,4.9,5.0,16
2021-07-10 10:00:00,385.0,3.6,5.3,16
2021-07-10 11:00:00,365.0,3.3,4.4,16
2021-07-10 12:00:00,372.0,3.6,2.9,16
2021-07-10 13:00:00,378.0,3.5,2.2,16
2021-07-10 14:00:00,372.0,2.7,0.5,16
2021-07-10 15:00:00,389.0,4.1,-1.9,16
2021-07-10 16:00:00,434.0,3.1,3.0,16
2021-07-10 17:00:00,446.0,2.7,5.3,16
2021-07-10 18:00:00,427.0,3.6,0.4,16
2021-07-10 19:00:00,422.0,6.2,-2.0,16
2021-07-10 20:00:00,416.0,6.2,-0.3,16
2021-07-10 21:00:00,416.0,6.0,-0.7,16
2021-07-10 22:00:00,423.0,4.9,-1.1,16
2021-07-10 23:00:00,420.0,4.0,-0.5,16
2021-07-11 00:00:00,421.0,4.0,0.8,22
2021-07-11 01:00:00,430.0,4.1,2.7,22
2021-07-11 02:00:00,418.0,4.0,2.7,22
2021-07-11 03:00:00,416.0,3.6,3.1,22
2021-07-11 04:00:00,410.0,3.8,2.9,22
2021-07-11 05:00:00,408.0,3.7,2.8,22
2021-07-11 06:00:00,400.0,3.5,2.7,22
2021-07-11 07:00:00,391.0,3.3,1.9,22
2021-07-11 08:00:00,382.0,4.2,1.0,22
2021-07-11 09:00:00,383.0,4.7,0.2,22
2021-07-11 10:00:00,384.0,5.6,1.8,22
2021-07-11 11:00:00,369.0,6.4,1.4,22
2021-07-11 12:00:00,358.0,7.0,1.8,22
2021-07-11 13:00:00,353.0,7.2,1.2,22
2021-07-11 14:00:00,351.0,7.9,-0.8,22
2021-07-11 15:00:00,358.0,8.1,0.9,22
2021-07-11 16:00:00,347.0,9.3,1.6,22
2021-07-11 17:00:00,334.0,10.1,1.2,22
2021-07-11 18:00:00,329.0,10.3,0.9,22
2021-07-11 19:00:00,324.0,10.0,0.6,22
2021-07-11 20:00:00,321.0,7.6,0.3,22
2021-07-11 21:00:00,317.0,8.1,-0.1,22
2021-07-11 22:00:00,314.0,7.8,-0.9,22
2021-07-11 23:00:00,314.0,9.9,-0.1,22
2021-07-12 00:00:00,313.0,10.9,0.4,23
2021-07-12 01:00:00,310.0,12.4,1.1,23
2021-07-12 02:00:00,317.0,11.5,3.1,23
2021-07-12 03:00:00,319.0,11.7,3.6,23
2021-07-12 04:00:00,318.0,11.4,2.0,23
2021-07-12 05:00:00,318.0,12.2,0.0,23
2021-07-12 06:00:00,318.0,13.7,-0.4,23
2021-07-12 07:00:00,314.0,17.2,-2.3,23
2021-07-12 08:00:00,308.0,21.5,-1.7,23
2021-07-12 09:00:00,303.0,22.7,-1.8,23
2021-07-12 10:00:00,298.0,15.9,-0.5,23
2021-07-12 11:00:00,306.0,14.4,1.1,23
2021-07-12 12:00:00,300.0,13.5,1.6,23
2021-07-12 13:00:00,308.0,14.5,1.5,23
2021-07-12 14:00:00,335.0,18.4,-0.7,23
2021-07-12 15:00:00,339.0,22.6,-3.9,23
2021-07-12 16:00:00,329.0,26.6,-3.6,23
2021-07-12 17:00:00,317.0,25.6,1.6,23
2021-07-12 18:00:00,324.0,16.5,-1.9,23
2021-07-12 19:00:00,324.0,11.0,0.0,23
2021-07-12 20:00:00,325.0,10.7,2.0,23
2021-07-12 21:00:00,329.0,11.1,5.6,23
2021-07-12 22:00:00,,,,23
2021-07-12 23:00:00,,,,23
2021-07-13 00:00:00,,,,19
2021-07-13 01:00:00,,,,19
2021-07-13 02:00:00,,,,19
2021-07-13 03:00:00,,,,19
2021-07-13 04:00:00,,,,19
2021-07-13 05:00:00,,,,19
2021-07-13 06:00:00,,,,19
2021-07-13 07:00:00,,,,19
2021-07-13 08:00:00,,,,19
2021-07-13 09:00:00,,,,19
2021-07-13 10:00:00,,,,19
2021-07-13 11:00:00,,,,19
2021-07-13 12:00:00,,,,19
2021-07-13 13:00:00,,,,19
2021-07-13 14:00:00,,,,19
2021-07-13 15:00:00,,,,19
2021-07-13 16:00:00,,,,19
2021-07-13 17:00:00,,,,19
2021-07-13 18:00:00,341.0,,,19
2021-07-13 19:00:00,332.0,3.2,-2.0,19
2021-07-13 20:00:00,331.0,3.2,-2.0,19
2021-07-13 21:00:00,334.0,2.5,-2.1,19
2021-07-13 22:00:00,345.0,3.0,-1.0,19
2021-07-13 23:00:00,341.0,2.3,0.6,19
2021-07-14 00:00:00,347.0,3.6,0.4,29
2021-07-14 01:00:00,355.0,4.2,0.7,29
2021-07-14 02:00:00,344.0,3.6,1.8,29
2021-07-14 03:00:00,339.0,4.2,1.5,29
2021-07-14 04:00:00,343.0,4.2,-0.4,29
2021-07-14 05:00:00,343.0,4.8,-2.8,29
2021-07-14 06:00:00,345.0,4.8,-3.1,29
2021-07-14 07:00:00,337.0,5.6,-1.2,29
2021-07-14 08:00:00,337.0,8.9,-0.2,29
2021-07-14 09:00:00,338.0,8.9,-0.1,29
2021-07-14 10:00:00,354.0,14.7,-3.6,29
2021-07-14 11:00:00,369.0,15.8,-3.9,29
2021-07-14 12:00:00,368.0,24.0,-0.6,29
2021-07-14 13:00:00,364.0,25.2,2.0,29
2021-07-14 14:00:00,363.0,20.8,-5.2,29
2021-07-14 15:00:00,360.0,24.7,-4.9,29
2021-07-14 16:00:00,373.0,21.3,-9.1,29
2021-07-14 17:00:00,374.0,25.4,-10.5,29
2021-07-14 18:00:00,372.0,16.5,-6.3,29
2021-07-14 19:00:00,374.0,12.1,-4.9,29
2021-07-14 20:00:00,376.0,13.8,-2.2,29
2021-07-14 21:00:00,395.0,11.1,-3.7,29
2021-07-14 22:00:00,384.0,6.8,-0.8,29
2021-07-14 23:00:00,388.0,3.9,-0.4,29
2021-07-15 00:00:00,380.0,5.2,-1.3,22
2021-07-15 01:00:00,392.0,6.2,-1.3,22
2021-07-15 02:00:00,399.0,4.5,-2.0,22
2021-07-15 03:00:00,402.0,6.5,-2.5,22
2021-07-15 04:00:00,409.0,6.1,-4.2,22
2021-07-15 05:00:00,423.0,4.6,-1.6,22
2021-07-15 06:00:00,428.0,4.1,-2.2,22
2021-07-15 07:00:00,432.0,3.5,-3.9,22
2021-07-15 08:00:00,410.0,3.7,-4.2,22
2021-07-15 09:00:00,391.0,6.1,-3.3,22
2021-07-15 10:00:00,417.0,8.1,-1.1,22
2021-07-15 11:00:00,439.0,8.6,-3.3,22
2021-07-15 12:00:00,449.0,6.6,-3.3,22
2021-07-15 13:00:00,472.0,6.6,1.8,22
2021-07-15 14:00:00,477.0,6.4,2.2,22
2021-07-15 15:00:00,474.0,7.4,3.4,22
2021-07-15 16:00:00,457.0,7.4,-0.8,22
2021-07-15 17:00:00,451.0,7.8,-1.7,22
2021-07-15 18:00:00,461.0,6.9,-0.6,22
2021-07-15 19:00:00,465.0,5.7,-3.1,22
2021-07-15 20:00:00,480.0,4.3,-1.8,22
2021-07-15 21:00:00,506.0,3.4,-0.7,22
2021-07-15 22:00:00,502.0,3.6,-0.3,22
2021-07-15 23:00:00,492.0,3.1,-1.4,22
2021-07-16 00:00:00,481.0,3.4,0.7,35
2021-07-16 01:00:00,472.0,3.3,-0.8,35
2021-07-16 02:00:00,468.0,3.4,-0.5,35
2021-07-16 03:00:00,467.0,3.4,1.0,35
2021-07-16 04:00:00,472.0,2.9,1.0,35
2021-07-16 05:00:00,469.0,3.0,1.2,35
2021-07-16 06:00:00,459.0,3.0,0.3,35
2021-07-16 07:00:00,453.0,3.0,1.9,35
2021-07-16 08:00:00,458.0,3.2,0.0,35
2021-07-16 09:00:00,453.0,3.0,1.5,35
2021-07-16 10:00:00,450.0,2.9,1.3,35
2021-07-16 11:00:00,453.0,3.0,0.6,35
2021-07-16 12:00:00,450.0,3.1,-0.1,35
2021-07-16 13:00:00,449.0,3.2,-0.5,35
2021-07-16 14:00:00,440.0,3.2,0.1,35
2021-07-16 15:00:00,436.0,2.9,-1.7,35
2021-07-16 16:00:00,431.0,2.6,-1.0,35
2021-07-16 17:00:00,423.0,3.0,-0.6,35
2021-07-16 18:00:00,419.0,3.4,-0.9,35
2021-07-16 19:00:00,445.0,3.6,-0.2,35
2021-07-16 20:00:00,415.0,3.4,0.8,35
2021-07-16 21:00:00,409.0,3.5,0.8,35
2021-07-16 22:00:00,407.0,4.1,0.5,35
2021-07-16 23:00:00,406.0,4.6,0.8,35
2021-07-17 00:00:00,405.0,4.2,-2.2,50
2021-07-17 01:00:00,414.0,3.8,-2.1,50
2021-07-17 02:00:00,418.0,3.8,-1.3,50
2021-07-17 03:00:00,403.0,4.1,-0.2,50
2021-07-17 04:00:00,405.0,4.0,-0.3,50
2021-07-17 05:00:00,412.0,4.2,0.7,50
2021-07-17 06:00:00,412.0,4.5,0.6,50
2021-07-17 07:00:00,408.0,4.8,-1.1,50
2021-07-17 08:00:00,406.0,5.0,0.6,50
2021-07-17 09:00:00,405.0,5.5,0.2,50
2021-07-17 10:00:00,397.0,5.2,-0.7,50
2021-07-17 11:00:00,403.0,5.4,-0.2,50
2021-07-17 12:00:00,412.0,5.1,-0.6,50
2021-07-17 13:00:00,408.0,4.7,1.8,50
2021-07-17 14:00:00,409.0,5.9,0.9,50
2021-07-17 15:00:00,414.0,7.2,-2.5,50
2021-07-17 16:00:00,411.0,7.1,-1.9,50
2021-07-17 17:00:00,406.0,7.1,-0.7,50
2021-07-17 18:00:00,396.0,7.1,0.0,50
2021-07-17 19:00:00,397.0,6.9,0.9,50
2021-07-17 20:00:00,391.0,6.6,1.5,50
2021-07-17 21:00:00,385.0,5.6,2.5,50
2021-07-17 22:00:00,382.0,5.8,2.2,50
2021-07-17 23:00:00,383.0,4.3,2.2,50
2021-07-18 00:00:00,375.0,6.1,1.6,48
2021-07-18 01:00:00,380.0,5.8,1.7,48
2021-07-18 02:00:00,385.0,4.1,2.8,48
2021-07-18 03:00:00,383.0,4.1,2.6,48
2021-07-18 04:00:00,383.0,4.4,3.0,48
2021-07-18 05:00:00,382.0,4.2,3.3,48
2021-07-18 06:00:00,384.0,4.3,3.6,48
2021-07-18 07:00:00,379.0,4.5,3.3,48
2021-07-18 08:00:00,394.0,5.7,0.3,48
2021-07-18 09:00:00,398.0,6.3,-2.7,48
2021-07-18 10:00:00,392.0,6.2,-0.8,48
2021-07-18 11:00:00,396.0,6.2,-0.4,48
2021-07-18 12:00:00,395.0,5.7,0.2,48
2021-07-18 13:00:00,398.0,5.6,-1.5,48
2021-07-18 14:00:00,398.0,5.5,-2.9,48
2021-07-18 15:00:00,388.0,5.3,1.4,48
2021-07-18 16:00:00,382.0,4.8,1.2,48
2021-07-18 17:00:00,378.0,4.6,1.1,48
2021-07-18 18:00:00,373.0,4.7,1.1,48
2021-07-18 19:00:00,370.0,4.3,1.3,48
2021-07-18 20:00:00,366.0,4.4,1.1,48
2021-07-18 21:00:00,373.0,5.7,1.3,48
2021-07-18 22:00:00,399.0,8.0,-1.9,48
2021-07-18 23:00:00,382.0,6.8,0.2,48
2021-07-19 00:00:00,379.0,8.0,2.4,49
2021-07-19 01:00:00,383.0,9.1,0.6,49
2021-07-19 02:00:00,380.0,10.7,0.4,49
2021-07-19 03:00:00,377.0,11.1,-1.2,49
2021-07-19 04:00:00,379.0,12.4,-3.6,49
2021-07-19 05:00:00,381.0,13.6,-0.9,49
2021-07-19 06:00:00,383.0,15.3,-1.0,49
2021-07-19 07:00:00,382.0,15.2,0.4,49
2021-07-19 08:00:00,372.0,8.0,2.1,49
2021-07-19 09:00:00,359.0,3.7,3.5,49
2021-07-19 10:00:00,370.0,4.6,4.2,49
2021-07-19 11:00:00,373.0,4.0,1.6,49
2021-07-19 12:00:00,379.0,4.1,4.4,49
2021-07-19 13:00:00,402.0,3.2,-0.7,49
2021-07-19 14:00:00,409.0,3.2,0.3,49
2021-07-19 15:00:00,416.0,3.6,-0.6,49
2021-07-19 16:00:00,402.0,2.2,-2.2,49
2021-07-19 17:00:00,407.0,1.9,-2.1,49
2021-07-19 18:00:00,394.0,1.7,-1.2,49
2021-07-19 19:00:00,409.0,2.8,-1.9,49
2021-07-19 20:00:00,415.0,2.3,-1.2,49
2021-07-19 21:00:00,432.0,2.1,-3.0,49
2021-07-19 22:00:00,434.0,2.2,-2.4,49
2021-07-19 23:00:00,441.0,2.2,-1.2,49
2021-07-20 00:00:00,477.0,2.5,-2.5,46
2021-07-20 01:00:00,443.0,2.0,1.3,46
2021-07-20 02:00:00,466.0,1.9,0.4,46
2021-07-20 03:00:00,447.0,1.8,2.0,46
2021-07-20 04:00:00,437.0,2.1,2.0,46
2021-07-20 05:00:00,438.0,2.0,2.5,46
2021-07-20 06:00:00,443.0,2.9,0.7,46
2021-07-20 07:00:00,462.0,4.3,-1.5,46
2021-07-20 08:00:00,455.0,4.6,0.3,46
2021-07-20 09:00:00,465.0,4.9,-0.1,46
2021-07-20 10:00:00,471.0,5.4,-2.5,46
2021-07-20 11:00:00,468.0,4.5,0.5,46
2021-07-20 12:00:00,468.0,3.9,0.9,46
2021-07-20 13:00:00,485.0,4.2,2.4,46
2021-07-20 14:00:00,472.0,3.7,-0.6,46
2021-07-20 15:00:00,466.0,3.5,0.3,46
2021-07-20 16:00:00,478.0,4.0,1.4,46
2021-07-20 17:00:00,489.0,4.3,-0.5,46
2021-07-20 18:00:00,496.0,4.5,-3.2,46
2021-07-20 19:00:00,505.0,4.6,-2.3,46
2021-07-20 20:00:00,500.0,4.7,-1.4,46
2021-07-20 21:00:00,486.0,4.5,-3.8,46
2021-07-20 22:00:00,490.0,4.2,-3.8,46
2021-07-20 23:00:00,495.0,3.9,-4.3,46
2021-07-21 00:00:00,485.0,3.7,3.3,72
2021-07-21 01:00:00,479.0,3.6,1.9,72
2021-07-21 02:00:00,465.0,3.1,0.2,72
2021-07-21 03:00:00,468.0,3.0,1.0,72
2021-07-21 04:00:00,474.0,3.3,2.4,72
2021-07-21 05:00:00,460.0,2.6,0.6,72
2021-07-21 06:00:00,461.0,2.8,2.6,72
2021-07-21 07:00:00,473.0,2.7,2.3,72
2021-07-21 08:00:00,479.0,2.6,1.7,72
2021-07-21 09:00:00,496.0,2.5,0.1,72
2021-07-21 10:00:00,483.0,2.1,2.3,72
2021-07-21 11:00:00,469.0,1.7,0.0,72
2021-07-21 12:00:00,465.0,1.7,-1.6,72
2021-07-21 13:00:00,484.0,1.9,-2.7,72
2021-07-21 14:00:00,483.0,1.8,-2.1,72
2021-07-21 15:00:00,479.0,1.9,-2.5,72
2021-07-21 16:00:00,468.0,1.9,0.9,72
2021-07-21 17:00:00,454.0,1.3,1.0,72
2021-07-21 18:00:00,448.0,1.2,1.0,72
2021-07-21 19:00:00,451.0,1.6,-0.9,72
2021-07-21 20:00:00,430.0,1.4,-0.1,72
2021-07-21 21:00:00,419.0,1.3,0.0,72
2021-07-21 22:00:00,420.0,1.6,0.1,72
2021-07-21 23:00:00,423.0,1.6,-1.3,72
2021-07-22 00:00:00,404.0,0.7,-2.2,75
2021-07-22 01:00:00,388.0,1.0,-0.9,75
2021-07-22 02:00:00,389.0,1.2,-1.4,75
2021-07-22 03:00:00,390.0,1.3,-0.5,75
2021-07-22 04:00:00,419.0,3.1,-3.6,75
2021-07-22 05:00:00,439.0,3.8,-4.6,75
2021-07-22 06:00:00,428.0,4.8,-4.6,75
2021-07-22 07:00:00,439.0,2.9,-6.4,75
2021-07-22 08:00:00,433.0,3.7,-5.8,75
2021-07-22 09:00:00,437.0,5.2,-5.1,75
2021-07-22 10:00:00,426.0,5.3,-5.9,75
2021-07-22 11:00:00,419.0,3.4,-5.8,75
2021-07-22 12:00:00,413.0,2.8,-3.1,75
2021-07-22 13:00:00,423.0,2.3,-2.2,75
2021-07-22 14:00:00,414.0,2.5,-1.1,75
2021-07-22 15:00:00,403.0,2.6,-0.5,75
2021-07-22 16:00:00,396.0,2.4,-1.6,75
2021-07-22 17:00:00,396.0,2.7,-1.6,75
2021-07-22 18:00:00,392.0,2.8,0.6,75
2021-07-22 19:00:00,393.0,2.8,-0.1,75
2021-07-22 20:00:00,396.0,2.5,2.9,75
2021-07-22 21:00:00,412.0,2.1,1.3,75
2021-07-22 22:00:00,413.0,2.1,0.7,75
2021-07-22 23:00:00,399.0,2.7,2.5,75
2021-07-23 00:00:00,395.0,3.0,0.9,55
2021-07-23 01:00:00,383.0,2.8,1.3,55
2021-07-23 02:00:00,379.0,3.1,0.3,55
2021-07-23 03:00:00,380.0,2.5,1.9,55
2021-07-23 04:00:00,379.0,2.8,2.9,55
2021-07-23 05:00:00,383.0,4.0,-0.4,55
2021-07-23 06:00:00,382.0,3.8,1.1,55
2021-07-23 07:00:00,369.0,4.3,-0.4,55
2021-07-23 08:00:00,367.0,4.1,1.2,55
2021-07-23 09:00:00,361.0,3.7,0.1,55
2021-07-23 10:00:00,379.0,3.9,0.3,55
2021-07-23 11:00:00,376.0,3.8,0.2,55
2021-07-23 12:00:00,370.0,3.8,0.9,55
2021-07-23 13:00:00,358.0,3.2,0.2,55
2021-07-23 14:00:00,360.0,3.9,0.5,55
2021-07-23 15:00:00,362.0,3.8,0.0,55
2021-07-23 16:00:00,381.0,4.4,2.3,55
2021-07-23 17:00:00,367.0,4.3,1.6,55
2021-07-23 18:00:00,361.0,4.0,-0.2,55
2021-07-23 19:00:00,364.0,3.4,1.7,55
2021-07-23 20:00:00,379.0,4.0,0.5,55
2021-07-23 21:00:00,373.0,4.3,0.4,55
2021-07-23 22:00:00,368.0,4.6,0.4,55
2021-07-23 23:00:00,365.0,4.7,0.2,55
2021-07-24 00:00:00,365.0,5.1,2.1,31
2021-07-24 01:00:00,363.0,5.0,2.6,31
2021-07-24 02:00:00,360.0,4.5,1.4,31
2021-07-24 03:00:00,361.0,5.2,-0.1,31
2021-07-24 04:00:00,359.0,5.0,0.6,31
2021-07-24 05:00:00,354.0,5.0,-0.7,31
2021-07-24 06:00:00,362.0,4.8,0.0,31
2021-07-24 07:00:00,365.0,4.1,0.3,31
2021-07-24 08:00:00,361.0,4.2,0.4,31
2021-07-24 09:00:00,358.0,4.4,0.1,31
2021-07-24 10:00:00,356.0,5.0,-0.8,31
2021-07-24 11:00:00,356.0,4.4,-0.8,31
2021-07-24 12:00:00,356.0,4.7,-0.4,31
2021-07-24 13:00:00,354.0,4.7,-0.6,31
2021-07-24 14:00:00,348.0,4.5,-0.8,31
2021-07-24 15:00:00,336.0,5.1,-0.1,31
2021-07-24 16:00:00,334.0,5.2,0.5,31
2021-07-24 17:00:00,329.0,5.2,1.0,31
2021-07-24 18:00:00,331.0,4.9,-0.1,31
2021-07-24 19:00:00,332.0,5.4,-0.9,31
2021-07-24 20:00:00,328.0,5.6,-1.9,31
2021-07-24 21:00:00,322.0,5.1,-1.4,31
2021-07-24 22:00:00,314.0,5.3,0.1,31
2021-07-24 23:00:00,312.0,5.6,1.3,31
2021-07-25 00:00:00,309.0,5.4,2.0,36
2021-07-25 01:00:00,313.0,5.3,-0.2,36
2021-07-25 02:00:00,319.0,4.7,-1.0,36
2021-07-25 03:00:00,313.0,4.8,0.7,36
2021-07-25 04:00:00,316.0,4.7,1.7,36
2021-07-25 05:00:00,318.0,4.2,0.4,36
2021-07-25 06:00:00,322.0,4.1,0.1,36
2021-07-25 07:00:00,329.0,4.2,-0.6,36
2021-07-25 08:00:00,347.0,4.7,0.3,36
2021-07-25 09:00:00,357.0,4.8,1.2,36
2021-07-25 10:00:00,351.0,5.0,2.3,36
2021-07-25 11:00:00,346.0,5.0,2.1,36
2021-07-25 12:00:00,341.0,4.8,1.7,36
2021-07-25 13:00:00,329.0,4.7,0.9,36
2021-07-25 14:00:00,322.0,4.5,0.8,36
2021-07-25 15:00:00,317.0,3.9,1.2,36
2021-07-25 16:00:00,317.0,3.5,1.3,36
2021-07-25 17:00:00,318.0,3.8,2.0,36
2021-07-25 18:00:00,317.0,3.6,2.1,36
2021-07-25 19:00:00,332.0,4.1,0.0,36
2021-07-25 20:00:00,340.0,4.1,0.3,36
2021-07-25 21:00:00,336.0,4.3,0.2,36
2021-07-25 22:00:00,334.0,4.8,0.2,36
2021-07-25 23:00:00,340.0,4.7,-1.9,36
2021-07-26 00:00:00,347.0,4.4,-1.2,31
2021-07-26 01:00:00,345.0,4.8,0.2,31
2021-07-26 02:00:00,349.0,4.6,-2.7,31
2021-07-26 03:00:00,353.0,4.4,-2.4,31
2021-07-26 04:00:00,350.0,4.9,-2.1,31
2021-07-26 05:00:00,337.0,4.5,-0.5,31
2021-07-26 06:00:00,330.0,4.3,-0.1,31
2021-07-26 07:00:00,335.0,3.3,1.0,31
2021-07-26 08:00:00,335.0,4.2,0.3,31
2021-07-26 09:00:00,328.0,4.3,0.3,31
2021-07-26 10:00:00,333.0,5.4,0.1,31
2021-07-26 11:00:00,327.0,5.0,-0.4,31
2021-07-26 12:00:00,314.0,3.6,0.1,31
2021-07-26 13:00:00,311.0,5.1,0.3,31
2021-07-26 14:00:00,318.0,5.5,1.0,31
2021-07-26 15:00:00,307.0,6.4,0.5,31
2021-07-26 16:00:00,310.0,7.3,0.3,31
2021-07-26 17:00:00,309.0,7.5,0.2,31
2021-07-26 18:00:00,308.0,6.1,-0.1,31
2021-07-26 19:00:00,315.0,8.2,-1.1,31
2021-07-26 20:00:00,320.0,7.8,-1.7,31
2021-07-26 21:00:00,324.0,8.5,0.1,31
2021-07-26 22:00:00,323.0,8.4,0.6,31
2021-07-26 23:00:00,325.0,12.0,0.4,31
2021-07-27 00:00:00,328.0,12.4,0.5,21
2021-07-27 01:00:00,329.0,11.4,1.4,21
2021-07-27 02:00:00,330.0,12.0,1.1,21
2021-07-27 03:00:00,327.0,13.1,0.3,21
2021-07-27 04:00:00,322.0,13.3,0.2,21
2021-07-27 05:00:00,321.0,12.6,0.0,21
2021-07-27 06:00:00,325.0,11.4,-0.6,21
2021-07-27 07:00:00,324.0,12.2,-1.3,21
2021-07-27 08:00:00,327.0,9.2,-2.1,21
2021-07-27 09:00:00,322.0,11.9,0.9,21
2021-07-27 10:00:00,319.0,13.5,1.8,21
2021-07-27 11:00:00,318.0,15.5,0.2,21
2021-07-27 12:00:00,318.0,7.9,1.5,21
2021-07-27 13:00:00,312.0,9.8,-0.1,21
2021-07-27 14:00:00,310.0,12.4,-1.5,21
2021-07-27 15:00:00,319.0,12.0,-0.3,21
2021-07-27 16:00:00,325.0,12.1,0.3,21
2021-07-27 17:00:00,319.0,10.6,-0.7,21
2021-07-27 18:00:00,317.0,14.7,-0.5,21
2021-07-27 19:00:00,327.0,17.2,2.2,21
2021-07-27 20:00:00,328.0,24.2,4.1,21
2021-07-27 21:00:00,329.0,27.3,5.4,21
2021-07-27 22:00:00,332.0,23.6,5.5,21
2021-07-27 23:00:00,338.0,17.3,-6.3,21
2021-07-28 00:00:00,337.0,26.4,-5.4,7
2021-07-28 01:00:00,341.0,38.6,-3.5,7
2021-07-28 02:00:00,344.0,44.7,-4.4,7
2021-07-28 03:00:00,351.0,26.9,1.6,7
2021-07-28 04:00:00,355.0,24.4,9.4,7
2021-07-28 05:00:00,367.0,21.8,4.7,7
2021-07-28 06:00:00,400.0,11.3,-0.4,7
2021-07-28 07:00:00,421.0,11.6,1.2,7
2021-07-28 08:00:00,412.0,8.9,8.3,7
2021-07-28 09:00:00,419.0,8.5,7.9,7
2021-07-28 10:00:00,424.0,8.1,7.7,7
2021-07-28 11:00:00,448.0,8.0,10.3,7
2021-07-28 12:00:00,465.0,9.3,9.5,7
2021-07-28 13:00:00,473.0,8.1,9.6,7
2021-07-28 14:00:00,499.0,6.2,2.7,7
2021-07-28 15:00:00,526.0,4.4,-2.6,7
2021-07-28 16:00:00,511.0,4.2,-0.3,7
2021-07-28 17:00:00,533.0,3.7,-4.4,7
2021-07-28 18:00:00,516.0,3.8,-5.5,7
2021-07-28 19:00:00,512.0,3.5,2.4,7
2021-07-28 20:00:00,513.0,3.3,2.3,7
2021-07-28 21:00:00,519.0,2.5,2.8,7
2021-07-28 22:00:00,512.0,2.3,-0.5,7
2021-07-28 23:00:00,534.0,2.3,0.1,7
2021-07-29 00:00:00,537.0,2.1,-0.3,4
2021-07-29 01:00:00,567.0,2.3,0.4,4
2021-07-29 02:00:00,540.0,2.0,-1.2,4
2021-07-29 03:00:00,537.0,1.9,-1.9,4
2021-07-29 04:00:00,542.0,2.1,-1.3,4
2021-07-29 05:00:00,528.0,2.2,-0.2,4
2021-07-29 06:00:00,515.0,2.0,-0.3,4
2021-07-29 07:00:00,508.0,1.9,-0.9,4
2021-07-29 08:00:00,513.0,1.7,0.0,4
2021-07-29 09:00:00,526.0,1.9,0.8,4
2021-07-29 10:00:00,517.0,1.9,-0.2,4
2021-07-29 11:00:00,519.0,1.9,0.4,4
2021-07-29 12:00:00,516.0,1.9,0.3,4
2021-07-29 13:00:00,524.0,2.1,0.1,4
2021-07-29 14:00:00,522.0,2.2,0.1,4
2021-07-29 15:00:00,500.0,2.0,2.3,4
2021-07-29 16:00:00,499.0,2.3,0.5,4
2021-07-29 17:00:00,513.0,2.4,1.2,4
2021-07-29 18:00:00,519.0,2.9,1.5,4
2021-07-29 19:00:00,521.0,3.0,0.6,4
2021-07-29 20:00:00,497.0,2.6,0.3,4
2021-07-29 21:00:00,479.0,2.7,0.9,4
2021-07-29 22:00:00,473.0,2.7,2.4,4
2021-07-29 23:00:00,475.0,2.4,0.2,4
2021-07-30 00:00:00,473.0,2.6,-0.4,0
2021-07-30 01:00:00,467.0,2.6,0.4,0
2021-07-30 02:00:00,452.0,2.2,0.5,0
2021-07-30 03:00:00,448.0,2.2,0.0,0
2021-07-30 04:00:00,442.0,2.1,0.5,0
2021-07-30 05:00:00,442.0,2.6,-1.6,0
2021-07-30 06:00:00,434.0,2.8,-2.6,0
2021-07-30 07:00:00,438.0,2.6,-1.2,0
2021-07-30 08:00:00,458.0,3.1,1.0,0
2021-07-30 09:00:00,457.0,3.0,0.1,0
2021-07-30 10:00:00,435.0,2.9,0.5,0
2021-07-30 11:00:00,442.0,3.7,-0.1,0
2021-07-30 12:00:00,452.0,3.0,1.9,0
2021-07-30 13:00:00,475.0,3.1,3.1,0
2021-07-30 14:00:00,470.0,5.9,3.1,0
2021-07-30 15:00:00,485.0,8.4,1.4,0
2021-07-30 16:00:00,488.0,9.0,0.1,0
2021-07-30 17:00:00,488.0,9.7,0.7,0
2021-07-30 18:00:00,,,,0
2021-07-30 19:00:00,,,,0
2021-07-30 20:00:00,,,,0
2021-07-30 21:00:00,,,,0
2021-07-30 22:00:00,,,,0
2021-07-30 23:00:00,,,,0
2021-07-31 00:00:00,,,,2
2021-07-31 01:00:00,,,,2
2021-07-31 02:00:00,,,,2
2021-07-31 03:00:00,,,,2
2021-07-31 04:00:00,,,,2
2021-07-31 05:00:00,,,,2
2021-07-31 06:00:00,,,,2
2021-07-31 07:00:00,,,,2
2021-07-31 08:00:00,,,,2
2021-07-31 09:00:00,,,,2
2021-07-31 10:00:00,,,,2
2021-07-31 11:00:00,,,,2
2021-07-31 12:00:00,,,,2
2021-07-31 13:00:00,,,,2
2021-07-31 14:00:00,,,,2
2021-07-31 15:00:00,,,,2
2021-07-31 16:00:00,,,,2
2021-07-31 17:00:00,,,,2
2021-07-31 18:00:00,,,,2
2021-07-31 19:00:00,430.0,,,2
2021-07-31 20:00:00,430.0,4.6,-1.0,2
2021-07-31 21:00:00,426.0,4.7,-0.3,2
2021-07-31 22:00:00,407.0,3.6,0.3,2
2021-07-31 23:00:00,412.0,3.4,-0.1,2
2021-08-01 00:00:00,414.0,3.2,-0.9,8
2021-08-01 01:00:00,408.0,3.3,-1.5,8
2021-08-01 02:00:00,402.0,3.1,0.3,8
2021-08-01 03:00:00,400.0,3.1,2.1,8
2021-08-01 04:00:00,401.0,2.8,1.6,8
2021-08-01 05:00:00,406.0,2.6,1.0,8
2021-08-01 06:00:00,398.0,2.7,1.8,8
2021-08-01 07:00:00,396.0,3.1,0.8,8
2021-08-01 08:00:00,401.0,3.5,1.7,8
2021-08-01 09:00:00,405.0,3.7,1.3,8
2021-08-01 10:00:00,398.0,3.9,1.9,8
2021-08-01 11:00:00,398.0,4.1,-0.2,8
2021-08-01 12:00:00,402.0,3.9,-1.9,8
2021-08-01 13:00:00,390.0,4.1,0.7,8
2021-08-01 14:00:00,385.0,3.9,0.3,8
2021-08-01 15:00:00,384.0,3.7,0.2,8
2021-08-01 16:00:00,380.0,4.0,-1.2,8
2021-08-01 17:00:00,374.0,3.6,-0.3,8
2021-08-01 18:00:00,381.0,4.0,0.2,8
2021-08-01 19:00:00,387.0,4.1,-1.4,8
2021-08-01 20:00:00,387.0,4.0,-1.0,8
2021-08-01 21:00:00,383.0,3.0,1.2,8
2021-08-01 22:00:00,375.0,3.4,-1.6,8
2021-08-01 23:00:00,375.0,2.7,-1.7,8
2021-08-02 00:00:00,367.0,2.8,-1.8,13
2021-08-02 01:00:00,366.0,2.8,-0.5,13
2021-08-02 02:00:00,367.0,2.4,0.6,13
2021-08-02 03:00:00,360.0,2.3,0.2,13
2021-08-02 04:00:00,359.0,2.7,-0.6,13
2021-08-02 05:00:00,362.0,2.9,0.1,13
2021-08-02 06:00:00,360.0,3.0,0.2,13
2021-08-02 07:00:00,358.0,3.1,-0.1,13
2021-08-02 08:00:00,357.0,3.0,0.5,13
2021-08-02 09:00:00,362.0,3.4,-0.5,13
2021-08-02 10:00:00,382.0,7.4,-1.1,13
2021-08-02 11:00:00,401.0,11.0,-1.6,13
2021-08-02 12:00:00,407.0,13.1,-3.9,13
2021-08-02 13:00:00,402.0,19.4,-5.2,13
2021-08-02 14:00:00,397.0,22.3,-7.2,13
2021-08-02 15:00:00,387.0,21.9,-7.1,13
2021-08-02 16:00:00,388.0,21.6,-7.9,13
2021-08-02 17:00:00,391.0,19.3,-8.7,13
2021-08-02 18:00:00,391.0,11.1,-6.8,13
2021-08-02 19:00:00,393.0,6.9,-10.7,13
2021-08-02 20:00:00,398.0,23.1,-1.7,13
2021-08-02 21:00:00,396.0,18.0,2.2,13
2021-08-02 22:00:00,409.0,27.9,-2.6,13
2021-08-02 23:00:00,392.0,29.3,0.5,13
2021-08-03 00:00:00,385.0,20.7,0.5,17
2021-08-03 01:00:00,386.0,16.6,-4.1,17
2021-08-03 02:00:00,384.0,10.5,2.3,17
2021-08-03 03:00:00,378.0,8.0,5.2,17
2021-08-03 04:00:00,369.0,5.2,-1.7,17
2021-08-03 05:00:00,371.0,4.6,-1.0,17
2021-08-03 06:00:00,347.0,5.2,-1.6,17
2021-08-03 07:00:00,352.0,5.1,-1.0,17
2021-08-03 08:00:00,356.0,5.1,-1.3,17
2021-08-03 09:00:00,348.0,5.1,-1.1,17
2021-08-03 10:00:00,359.0,4.6,-1.5,17
2021-08-03 11:00:00,363.0,4.3,-1.6,17
2021-08-03 12:00:00,354.0,4.7,-1.0,17
2021-08-03 13:00:00,338.0,5.4,0.1,17
2021-08-03 14:00:00,355.0,4.0,-1.4,17
2021-08-03 15:00:00,356.0,3.4,-0.9,17
2021-08-03 16:00:00,341.0,3.2,-2.0,17
2021-08-03 17:00:00,337.0,3.1,-2.4,17
2021-08-03 18:00:00,336.0,3.0,-3.0,17
2021-08-03 19:00:00,331.0,3.0,-2.8,17
2021-08-03 20:00:00,325.0,3.0,-3.1,17
2021-08-03 21:00:00,328.0,3.5,-3.9,17
2021-08-03 22:00:00,328.0,3.8,-4.2,17
2021-08-03 23:00:00,326.0,3.3,-2.9,17
2021-08-04 00:00:00,327.0,2.7,-4.3,17
2021-08-04 01:00:00,319.0,4.0,-1.3,17
2021-08-04 02:00:00,339.0,2.8,2.1,17
2021-08-04 03:00:00,342.0,5.3,1.9,17
2021-08-04 04:00:00,337.0,5.8,0.3,17
2021-08-04 05:00:00,335.0,7.0,-0.6,17
2021-08-04 06:00:00,342.0,10.5,0.9,17
2021-08-04 07:00:00,342.0,10.2,0.9,17
2021-08-04 08:00:00,341.0,9.4,0.1,17
2021-08-04 09:00:00,330.0,7.5,0.5,17
2021-08-04 10:00:00,328.0,6.2,-0.3,17
2021-08-04 11:00:00,331.0,7.4,-0.8,17
2021-08-04 12:00:00,344.0,10.0,1.3,17
2021-08-04 13:00:00,335.0,7.2,1.8,17
2021-08-04 14:00:00,337.0,8.3,1.1,17
2021-08-04 15:00:00,341.0,7.8,1.2,17
2021-08-04 16:00:00,339.0,8.3,1.5,17
2021-08-04 17:00:00,339.0,9.4,1.3,17
2021-08-04 18:00:00,340.0,7.7,1.4,17
2021-08-04 19:00:00,337.0,8.1,1.4,17
2021-08-04 20:00:00,336.0,8.1,1.8,17
2021-08-04 21:00:00,334.0,7.6,1.4,17
2021-08-04 22:00:00,329.0,7.3,1.7,17
2021-08-04 23:00:00,320.0,5.9,2.0,17
2021-08-05 00:00:00,321.0,6.6,1.5,24
2021-08-05 01:00:00,320.0,4.7,1.9,24
2021-08-05 02:00:00,313.0,4.3,2.3,24
2021-08-05 03:00:00,313.0,4.6,2.3,24
2021-08-05 04:00:00,312.0,5.0,2.4,24
2021-08-05 05:00:00,310.0,5.1,1.9,24
2021-08-05 06:00:00,309.0,4.7,2.2,24
2021-08-05 07:00:00,304.0,4.3,1.9,24
2021-08-05 08:00:00,302.0,4.3,2.1,24
2021-08-05 09:00:00,292.0,4.9,1.5,24
2021-08-05 10:00:00,289.0,5.0,1.7,24
2021-08-05 11:00:00,296.0,5.4,2.5,24
2021-08-05 12:00:00,297.0,5.6,-0.4,24
2021-08-05 13:00:00,298.0,6.5,-1.0,24
2021-08-05 14:00:00,298.0,6.7,-1.1,24
2021-08-05 15:00:00,295.0,6.2,-0.1,24
2021-08-05 16:00:00,299.0,7.3,-1.9,24
2021-08-05 17:00:00,306.0,8.8,0.2,24
2021-08-05 18:00:00,305.0,8.9,-0.4,24
2021-08-05 19:00:00,303.0,8.9,0.6,24
2021-08-05 20:00:00,302.0,10.3,2.3,24
2021-08-05 21:00:00,300.0,10.0,3.2,24
2021-08-05 22:00:00,297.0,9.6,3.5,24
2021-08-05 23:00:00,291.0,9.6,2.4,24
2021-08-06 00:00:00,281.0,7.4,-0.2,9
2021-08-06 01:00:00,273.0,6.3,0.3,9
2021-08-06 02:00:00,285.0,6.9,1.1,9
2021-08-06 03:00:00,287.0,8.6,0.6,9
2021-08-06 04:00:00,308.0,14.6,-2.2,9
2021-08-06 05:00:00,321.0,17.8,-2.1,9
2021-08-06 06:00:00,317.0,19.0,-1.5,9
2021-08-06 07:00:00,316.0,18.4,-3.9,9
2021-08-06 08:00:00,315.0,18.2,-2.9,9
2021-08-06 09:00:00,315.0,18.1,1.0,9
2021-08-06 10:00:00,315.0,18.1,0.6,9
2021-08-06 11:00:00,317.0,18.2,-1.2,9
2021-08-06 12:00:00,309.0,16.7,-2.9,9
2021-08-06 13:00:00,309.0,18.9,-3.6,9
2021-08-06 14:00:00,309.0,19.8,-4.6,9
2021-08-06 15:00:00,299.0,16.3,-5.4,9
2021-08-06 16:00:00,299.0,14.5,-6.8,9
2021-08-06 17:00:00,301.0,15.9,-6.7,9
2021-08-06 18:00:00,306.0,18.7,-7.1,9
2021-08-06 19:00:00,307.0,20.7,-7.2,9
2021-08-06 20:00:00,306.0,19.8,-7.1,9
2021-08-06 21:00:00,305.0,14.0,-7.4,9
2021-08-06 22:00:00,306.0,10.1,-7.9,9
2021-08-06 23:00:00,315.0,9.1,-5.8,9
2021-08-07 00:00:00,337.0,14.2,-6.8,0
2021-08-07 01:00:00,332.0,16.8,-7.6,0
2021-08-07 02:00:00,327.0,18.1,-5.9,0
2021-08-07 03:00:00,331.0,17.1,-6.8,0
2021-08-07 04:00:00,336.0,21.7,-4.6,0
2021-08-07 05:00:00,336.0,22.4,-1.7,0
2021-08-07 06:00:00,351.0,11.3,4.1,0
2021-08-07 07:00:00,356.0,7.7,4.1,0
2021-08-07 08:00:00,366.0,11.4,0.4,0
2021-08-07 09:00:00,390.0,14.6,1.2,0
2021-08-07 10:00:00,413.0,17.1,0.1,0
2021-08-07 11:00:00,407.0,14.7,-2.3,0
2021-08-07 12:00:00,411.0,14.8,3.4,0
2021-08-07 13:00:00,409.0,13.6,-2.6,0
2021-08-07 14:00:00,416.0,9.5,-1.1,0
2021-08-07 15:00:00,439.0,7.8,3.1,0
2021-08-07 16:00:00,450.0,7.9,-0.7,0
2021-08-07 17:00:00,463.0,7.2,-2.3,0
2021-08-07 18:00:00,462.0,5.8,-3.5,0
2021-08-07 19:00:00,449.0,5.5,-0.7,0
2021-08-07 20:00:00,442.0,5.2,-1.2,0
2021-08-07 21:00:00,430.0,4.9,-1.3,0
2021-08-07 22:00:00,431.0,4.4,-1.8,0
2021-08-07 23:00:00,425.0,4.8,-1.5,0
2021-08-08 00:00:00,420.0,4.9,-2.0,0
2021-08-08 01:00:00,416.0,5.3,-1.9,0
2021-08-08 02:00:00,414.0,5.5,0.1,0
2021-08-08 03:00:00,414.0,5.5,0.5,0
2021-08-08 04:00:00,412.0,5.3,1.4,0
2021-08-08 05:00:00,411.0,5.1,0.9,0
2021-08-08 06:00:00,411.0,5.4,0.5,0
2021-08-08 07:00:00,410.0,5.6,0.8,0
2021-08-08 08:00:00,408.0,5.7,1.3,0
2021-08-08 09:00:00,402.0,5.4,1.5,0
2021-08-08 10:00:00,394.0,5.5,0.9,0
2021-08-08 11:00:00,385.0,6.5,-0.4,0
2021-08-08 12:00:00,386.0,7.2,-2.1,0
2021-08-08 13:00:00,377.0,8.7,-2.4,0
2021-08-08 14:00:00,369.0,9.4,-2.2,0
2021-08-08 15:00:00,359.0,9.6,0.4,0
2021-08-08 16:00:00,364.0,9.0,0.3,0
2021-08-08 17:00:00,371.0,8.9,-2.0,0
2021-08-08 18:00:00,370.0,8.3,-1.5,0
2021-08-08 19:00:00,363.0,8.6,-0.5,0
2021-08-08 20:00:00,364.0,8.6,-2.3,0
2021-08-08 21:00:00,356.0,9.2,0.6,0
2021-08-08 22:00:00,356.0,9.5,0.3,0
2021-08-08 23:00:00,353.0,10.7,0.6,0
2021-08-09 00:00:00,353.0,11.1,0.0,7
2021-08-09 01:00:00,351.0,10.8,-0.2,7
2021-08-09 02:00:00,353.0,12.1,-0.5,7
2021-08-09 03:00:00,353.0,14.6,-0.4,7
2021-08-09 04:00:00,350.0,15.9,-0.5,7
2021-08-09 05:00:00,350.0,17.1,-1.0,7
2021-08-09 06:00:00,350.0,17.1,-0.9,7
2021-08-09 07:00:00,353.0,16.6,1.2,7
2021-08-09 08:00:00,364.0,15.0,-1.1,7
2021-08-09 09:00:00,376.0,11.6,-1.5,7
2021-08-09 10:00:00,373.0,11.2,-0.3,7
2021-08-09 11:00:00,374.0,11.1,0.3,7
2021-08-09 12:00:00,372.0,10.9,2.3,7
2021-08-09 13:00:00,366.0,12.6,4.4,7
2021-08-09 14:00:00,367.0,14.0,1.3,7
2021-08-09 15:00:00,366.0,14.9,0.2,7
2021-08-09 16:00:00,361.0,16.0,0.1,7
2021-08-09 17:00:00,360.0,16.4,1.1,7
2021-08-09 18:00:00,357.0,14.2,1.0,7
2021-08-09 19:00:00,356.0,13.8,0.2,7
2021-08-09 20:00:00,356.0,12.9,0.3,7
2021-08-09 21:00:00,348.0,13.4,0.6,7
2021-08-09 22:00:00,346.0,13.0,-0.1,7
2021-08-09 23:00:00,345.0,13.6,-0.4,7
2021-08-10 00:00:00,345.0,14.6,-1.0,0
2021-08-10 01:00:00,358.0,22.0,0.6,0
2021-08-10 02:00:00,365.0,25.0,0.3,0
2021-08-10 03:00:00,374.0,16.5,-2.8,0
2021-08-10 04:00:00,377.0,11.1,0.6,0
2021-08-10 05:00:00,371.0,10.5,5.2,0
2021-08-10 06:00:00,372.0,8.9,1.7,0
2021-08-10 07:00:00,378.0,9.6,-1.3,0
2021-08-10 08:00:00,377.0,6.6,-1.4,0
2021-08-10 09:00:00,377.0,4.8,0.5,0
2021-08-10 10:00:00,387.0,4.7,1.0,0
2021-08-10 11:00:00,415.0,6.3,-2.0,0
2021-08-10 12:00:00,428.0,6.5,-3.5,0
2021-08-10 13:00:00,438.0,5.2,-4.0,0
2021-08-10 14:00:00,441.0,4.7,-1.4,0
2021-08-10 15:00:00,440.0,5.0,-1.8,0
2021-08-10 16:00:00,432.0,4.8,0.3,0
2021-08-10 17:00:00,429.0,4.0,2.3,0
2021-08-10 18:00:00,426.0,4.1,1.7,0
2021-08-10 19:00:00,420.0,3.8,3.8,0
2021-08-10 20:00:00,421.0,4.6,2.7,0
2021-08-10 21:00:00,441.0,4.0,0.8,0
2021-08-10 22:00:00,439.0,4.7,-2.6,0
2021-08-10 23:00:00,443.0,4.7,-0.3,0
2021-08-11 00:00:00,448.0,4.1,1.1,19
2021-08-11 01:00:00,455.0,4.4,-2.6,19
2021-08-11 02:00:00,451.0,4.3,-1.5,19
2021-08-11 03:00:00,449.0,3.6,-0.2,19
2021-08-11 04:00:00,445.0,3.6,-0.4,19
2021-08-11 05:00:00,440.0,4.4,-3.4,19
2021-08-11 06:00:00,441.0,4.3,-2.3,19
2021-08-11 07:00:00,447.0,4.1,1.3,19
2021-08-11 08:00:00,465.0,3.9,-0.4,19
2021-08-11 09:00:00,476.0,3.9,-1.3,19
2021-08-11 10:00:00,462.0,3.6,2.1,19
2021-08-11 11:00:00,471.0,3.8,-0.9,19
2021-08-11 12:00:00,469.0,3.6,-1.9,19
2021-08-11 13:00:00,454.0,3.5,-0.7,19
2021-08-11 14:00:00,454.0,3.2,0.4,19
2021-08-11 15:00:00,439.0,3.1,0.2,19
2021-08-11 16:00:00,436.0,3.0,-0.2,19
2021-08-11 17:00:00,437.0,3.3,-0.5,19
2021-08-11 18:00:00,432.0,3.1,-0.6,19
2021-08-11 19:00:00,429.0,2.4,-1.1,19
2021-08-11 20:00:00,426.0,2.4,-1.0,19
2021-08-11 21:00:00,432.0,2.9,-0.3,19
2021-08-11 22:00:00,428.0,3.2,-0.5,19
2021-08-11 23:00:00,424.0,3.4,-0.3,19
2021-08-12 00:00:00,421.0,3.5,-0.1,8
2021-08-12 01:00:00,415.0,3.9,0.4,8
2021-08-12 02:00:00,413.0,4.0,0.5,8
2021-08-12 03:00:00,421.0,3.4,0.9,8
2021-08-12 04:00:00,420.0,2.8,1.0,8
2021-08-12 05:00:00,421.0,3.9,0.5,8
2021-08-12 06:00:00,419.0,3.9,-0.2,8
2021-08-12 07:00:00,414.0,4.1,-0.1,8
2021-08-12 08:00:00,409.0,3.1,1.6,8
2021-08-12 09:00:00,407.0,3.1,1.3,8
2021-08-12 10:00:00,411.0,3.4,0.9,8
2021-08-12 11:00:00,411.0,3.5,2.4,8
2021-08-12 12:00:00,392.0,2.9,-0.1,8
2021-08-12 13:00:00,392.0,3.0,-0.2,8
2021-08-12 14:00:00,392.0,3.1,-0.5,8
2021-08-12 15:00:00,394.0,3.1,-2.1,8
2021-08-12 16:00:00,397.0,3.6,-2.2,8
2021-08-12 17:00:00,390.0,3.8,-2.3,8
2021-08-12 18:00:00,401.0,5.8,-0.5,8
2021-08-12 19:00:00,410.0,8.3,-1.1,8
2021-08-12 20:00:00,405.0,7.8,-0.1,8
2021-08-12 21:00:00,410.0,10.0,-0.7,8
2021-08-12 22:00:00,404.0,9.0,-1.1,8
2021-08-12 23:00:00,396.0,8.1,-1.4,8
2021-08-13 00:00:00,383.0,9.0,-1.2,10
2021-08-13 01:00:00,383.0,10.1,-2.1,10
2021-08-13 02:00:00,380.0,9.8,-2.0,10
2021-08-13 03:00:00,376.0,9.2,-0.6,10
2021-08-13 04:00:00,367.0,10.4,0.1,10
2021-08-13 05:00:00,360.0,12.2,0.9,10
2021-08-13 06:00:00,360.0,15.8,1.4,10
2021-08-13 07:00:00,367.0,21.4,2.0,10
2021-08-13 08:00:00,375.0,21.3,0.4,10
2021-08-13 09:00:00,386.0,9.1,1.8,10
2021-08-13 10:00:00,383.0,9.7,3.3,10
2021-08-13 11:00:00,390.0,10.6,0.7,10
2021-08-13 12:00:00,389.0,10.6,-0.3,10
2021-08-13 13:00:00,393.0,9.0,1.0,10
2021-08-13 14:00:00,419.0,5.5,-0.4,10
2021-08-13 15:00:00,443.0,4.4,-2.5,10
2021-08-13 16:00:00,435.0,3.5,-0.8,10
2021-08-13 17:00:00,440.0,3.1,0.0,10
2021-08-13 18:00:00,449.0,2.6,1.8,10
2021-08-13 19:00:00,425.0,2.3,0.5,10
2021-08-13 20:00:00,427.0,2.8,-0.7,10
2021-08-13 21:00:00,421.0,3.0,-0.9,10
2021-08-13 22:00:00,415.0,3.0,-0.2,10
2021-08-13 23:00:00,406.0,3.0,-0.7,10
2021-08-14 00:00:00,399.0,3.0,0.2,20
2021-08-14 01:00:00,398.0,3.1,-1.0,20
2021-08-14 02:00:00,395.0,3.5,-1.9,20
2021-08-14 03:00:00,388.0,3.7,-1.0,20
2021-08-14 04:00:00,383.0,3.8,-0.7,20
2021-08-14 05:00:00,377.0,3.2,0.6,20
2021-08-14 06:00:00,378.0,3.2,0.0,20
2021-08-14 07:00:00,372.0,3.6,-0.1,20
2021-08-14 08:00:00,363.0,3.7,0.5,20
2021-08-14 09:00:00,360.0,4.5,0.7,20
2021-08-14 10:00:00,354.0,5.9,0.8,20
2021-08-14 11:00:00,356.0,6.6,2.4,20
2021-08-14 12:00:00,353.0,5.7,3.5,20
2021-08-14 13:00:00,351.0,7.1,3.1,20
2021-08-14 14:00:00,353.0,8.0,1.4,20
2021-08-14 15:00:00,351.0,7.0,-1.6,20
2021-08-14 16:00:00,355.0,5.7,0.3,20
2021-08-14 17:00:00,359.0,6.5,0.2,20
2021-08-14 18:00:00,356.0,5.7,-0.8,20
2021-08-14 19:00:00,358.0,5.8,-1.6,20
2021-08-14 20:00:00,365.0,4.6,3.9,20
2021-08-14 21:00:00,360.0,4.2,3.7,20
2021-08-14 22:00:00,350.0,3.5,0.9,20
2021-08-14 23:00:00,352.0,3.6,-1.3,20
2021-08-15 00:00:00,360.0,4.7,-1.9,23
2021-08-15 01:00:00,370.0,5.5,-0.2,23
2021-08-15 02:00:00,363.0,5.4,1.9,23
2021-08-15 03:00:00,369.0,5.7,2.2,23
2021-08-15 04:00:00,372.0,6.4,-1.1,23
2021-08-15 05:00:00,387.0,5.9,-1.9,23
2021-08-15 06:00:00,391.0,4.8,3.2,23
2021-08-15 07:00:00,398.0,4.0,-6.5,23
2021-08-15 08:00:00,402.0,3.9,2.0,23
2021-08-15 09:00:00,419.0,3.7,-1.2,23
2021-08-15 10:00:00,405.0,2.9,0.7,23
2021-08-15 11:00:00,403.0,2.7,-0.1,23
2021-08-15 12:00:00,426.0,3.5,0.4,23
2021-08-15 13:00:00,414.0,3.0,1.2,23
2021-08-15 14:00:00,411.0,3.0,-1.1,23
2021-08-15 15:00:00,409.0,3.2,1.2,23
2021-08-15 16:00:00,414.0,3.2,-0.1,23
2021-08-15 17:00:00,425.0,3.1,0.0,23
2021-08-15 18:00:00,432.0,3.0,0.2,23
2021-08-15 19:00:00,455.0,3.5,-2.0,23
2021-08-15 20:00:00,444.0,2.7,-2.2,23
2021-08-15 21:00:00,472.0,3.3,-4.3,23
2021-08-15 22:00:00,472.0,3.0,-4.2,23
2021-08-15 23:00:00,450.0,2.8,-2.1,23
2021-08-16 00:00:00,459.0,2.7,-1.7,20
2021-08-16 01:00:00,452.0,2.8,-0.5,20
2021-08-16 02:00:00,449.0,3.0,1.6,20
2021-08-16 03:00:00,450.0,2.8,3.6,20
2021-08-16 04:00:00,432.0,2.6,2.9,20
2021-08-16 05:00:00,427.0,2.2,2.2,20
2021-08-16 06:00:00,440.0,2.1,1.9,20
2021-08-16 07:00:00,440.0,1.7,-1.5,20
2021-08-16 08:00:00,423.0,1.4,0.2,20
2021-08-16 09:00:00,424.0,1.8,1.6,20
2021-08-16 10:00:00,438.0,2.1,1.8,20
2021-08-16 11:00:00,432.0,2.0,0.4,20
2021-08-16 12:00:00,473.0,2.1,-3.1,20
2021-08-16 13:00:00,476.0,2.1,-3.1,20
2021-08-16 14:00:00,470.0,2.1,-2.0,20
2021-08-16 15:00:00,462.0,2.1,1.8,20
2021-08-16 16:00:00,444.0,2.0,0.8,20
2021-08-16 17:00:00,461.0,2.0,0.3,20
2021-08-16 18:00:00,452.0,1.7,1.1,20
2021-08-16 19:00:00,433.0,1.3,-0.8,20
2021-08-16 20:00:00,456.0,1.9,-1.4,20
2021-08-16 21:00:00,444.0,1.9,-0.1,20
2021-08-16 22:00:00,426.0,1.5,0.5,20
2021-08-16 23:00:00,423.0,1.7,-1.4,20
2021-08-17 00:00:00,431.0,2.2,-0.6,15
2021-08-17 01:00:00,433.0,3.0,-0.5,15
2021-08-17 02:00:00,407.0,2.4,1.4,15
2021-08-17 03:00:00,430.0,3.0,0.7,15
2021-08-17 04:00:00,426.0,2.5,0.2,15
2021-08-17 05:00:00,421.0,1.9,0.8,15
2021-08-17 06:00:00,424.0,2.1,0.9,15
2021-08-17 07:00:00,436.0,2.2,1.4,15
2021-08-17 08:00:00,440.0,2.3,1.2,15
2021-08-17 09:00:00,454.0,3.0,-0.9,15
2021-08-17 10:00:00,439.0,2.6,0.3,15
2021-08-17 11:00:00,442.0,2.9,-0.8,15
2021-08-17 12:00:00,453.0,3.3,0.1,15
2021-08-17 13:00:00,443.0,3.4,0.0,15
2021-08-17 14:00:00,448.0,3.5,0.9,15
2021-08-17 15:00:00,446.0,3.6,-0.3,15
2021-08-17 16:00:00,442.0,3.8,-0.4,15
2021-08-17 17:00:00,428.0,3.7,0.9,15
2021-08-17 18:00:00,430.0,3.7,0.4,15
2021-08-17 19:00:00,429.0,3.7,0.6,15
2021-08-17 20:00:00,436.0,3.8,0.4,15
2021-08-17 21:00:00,442.0,3.4,-1.9,15
2021-08-17 22:00:00,438.0,3.2,-1.2,15
2021-08-17 23:00:00,421.0,3.5,-0.3,15
2021-08-18 00:00:00,431.0,3.4,-2.8,13
2021-08-18 01:00:00,430.0,2.5,-3.7,13
2021-08-18 02:00:00,420.0,2.7,-1.7,13
2021-08-18 03:00:00,410.0,2.6,-0.7,13
2021-08-18 04:00:00,423.0,2.7,-1.7,13
2021-08-18 05:00:00,409.0,2.8,0.2,13
2021-08-18 06:00:00,403.0,2.8,0.8,13
2021-08-18 07:00:00,399.0,2.7,0.0,13
2021-08-18 08:00:00,400.0,2.8,1.3,13
2021-08-18 09:00:00,401.0,2.7,0.5,13
2021-08-18 10:00:00,414.0,2.8,-0.9,13
2021-08-18 11:00:00,402.0,2.6,0.1,13
2021-08-18 12:00:00,386.0,2.3,-0.2,13
2021-08-18 13:00:00,395.0,2.4,-0.7,13
2021-08-18 14:00:00,401.0,2.4,-1.4,13
2021-08-18 15:00:00,403.0,2.3,-0.3,13
2021-08-18 16:00:00,389.0,2.5,0.2,13
2021-08-18 17:00:00,386.0,2.5,-1.1,13
2021-08-18 18:00:00,382.0,2.5,-1.3,13
2021-08-18 19:00:00,376.0,2.5,0.7,13
2021-08-18 20:00:00,373.0,2.5,1.3,13
2021-08-18 21:00:00,368.0,2.7,1.6,13
2021-08-18 22:00:00,358.0,2.4,1.5,13
2021-08-18 23:00:00,360.0,2.7,2.2,13
2021-08-19 00:00:00,357.0,2.7,2.2,22
2021-08-19 01:00:00,351.0,2.8,2.1,22
2021-08-19 02:00:00,352.0,2.7,0.1,22
2021-08-19 03:00:00,347.0,2.9,0.2,22
2021-08-19 04:00:00,342.0,3.0,1.0,22
2021-08-19 05:00:00,341.0,3.0,1.3,22
2021-08-19 06:00:00,341.0,3.0,0.3,22
2021-08-19 07:00:00,335.0,2.9,-0.3,22
2021-08-19 08:00:00,336.0,3.4,0.5,22
2021-08-19 09:00:00,332.0,3.5,1.5,22
2021-08-19 10:00:00,360.0,5.5,-2.0,22
2021-08-19 11:00:00,358.0,5.9,-4.0,22
2021-08-19 12:00:00,356.0,6.2,-3.8,22
2021-08-19 13:00:00,359.0,6.2,-3.4,22
2021-08-19 14:00:00,356.0,6.3,-3.1,22
2021-08-19 15:00:00,354.0,7.5,-3.3,22
2021-08-19 16:00:00,352.0,7.3,-2.8,22
2021-08-19 17:00:00,345.0,7.2,-1.7,22
2021-08-19 18:00:00,339.0,7.4,0.5,22
2021-08-19 19:00:00,323.0,8.7,-0.2,22
2021-08-19 20:00:00,321.0,7.6,1.5,22
2021-08-19 21:00:00,,,-1.8,22
2021-08-19 22:00:00,326.0,,-0.1,22
2021-08-19 23:00:00,322.0,6.8,1.6,22
2021-08-20 00:00:00,317.0,5.4,2.2,13
2021-08-20 01:00:00,321.0,4.4,1.7,13
2021-08-20 02:00:00,331.0,4.6,1.1,13
2021-08-20 03:00:00,334.0,4.6,0.0,13
2021-08-20 04:00:00,341.0,4.2,2.7,13
2021-08-20 05:00:00,339.0,5.4,-2.8,13
2021-08-20 06:00:00,334.0,5.1,1.6,13
2021-08-20 07:00:00,331.0,5.6,-2.5,13
2021-08-20 08:00:00,336.0,5.8,-1.8,13
2021-08-20 09:00:00,340.0,5.8,-3.7,13
2021-08-20 10:00:00,342.0,5.5,-4.1,13
2021-08-20 11:00:00,341.0,6.2,-5.4,13
2021-08-20 12:00:00,338.0,6.4,-5.9,13
2021-08-20 13:00:00,337.0,6.6,-6.5,13
2021-08-20 14:00:00,332.0,6.6,-4.1,13
2021-08-20 15:00:00,324.0,6.9,-0.4,13
2021-08-20 16:00:00,317.0,6.4,0.3,13
2021-08-20 17:00:00,319.0,6.8,1.7,13
2021-08-20 18:00:00,326.0,7.5,-0.7,13
2021-08-20 19:00:00,324.0,7.5,3.4,13
2021-08-20 20:00:00,319.0,7.0,4.3,13
2021-08-20 21:00:00,314.0,6.7,4.6,13
2021-08-20 22:00:00,309.0,5.7,5.1,13
2021-08-20 23:00:00,303.0,5.3,5.0,13
2021-08-21 00:00:00,306.0,5.4,5.5,17
2021-08-21 01:00:00,310.0,5.4,5.7,17
2021-08-21 02:00:00,313.0,5.6,3.7,17
2021-08-21 03:00:00,316.0,5.4,5.6,17
2021-08-21 04:00:00,315.0,5.1,6.0,17
2021-08-21 05:00:00,319.0,3.5,6.0,17
2021-08-21 06:00:00,326.0,2.9,5.6,17
2021-08-21 07:00:00,331.0,5.1,5.4,17
2021-08-21 08:00:00,358.0,11.3,2.1,17
2021-08-21 09:00:00,356.0,12.6,0.9,17
2021-08-21 10:00:00,357.0,11.2,0.0,17
2021-08-21 11:00:00,351.0,6.4,0.9,17
2021-08-21 12:00:00,343.0,3.1,1.7,17
2021-08-21 13:00:00,348.0,7.0,-0.7,17
2021-08-21 14:00:00,342.0,6.3,-0.2,17
2021-08-21 15:00:00,344.0,6.2,1.6,17
2021-08-21 16:00:00,341.0,6.4,1.6,17
2021-08-21 17:00:00,337.0,7.1,0.5,17
2021-08-21 18:00:00,337.0,10.4,1.0,17
2021-08-21 19:00:00,337.0,9.6,0.9,17
2021-08-21 20:00:00,339.0,8.8,0.4,17
2021-08-21 21:00:00,337.0,8.7,-0.2,17
2021-08-21 22:00:00,336.0,8.4,-0.3,17
2021-08-21 23:00:00,336.0,8.5,-0.1,17
2021-08-22 00:00:00,333.0,9.0,0.1,19
2021-08-22 01:00:00,330.0,9.5,-0.2,19
2021-08-22 02:00:00,328.0,9.7,-0.2,19
2021-08-22 03:00:00,322.0,9.8,-0.7,19
2021-08-22 04:00:00,320.0,10.1,-0.9,19
2021-08-22 05:00:00,315.0,10.0,-0.9,19
2021-08-22 06:00:00,318.0,10.2,-0.4,19
2021-08-22 07:00:00,316.0,10.9,0.0,19
2021-08-22 08:00:00,318.0,11.1,0.3,19
2021-08-22 09:00:00,317.0,11.7,0.4,19
2021-08-22 10:00:00,316.0,12.3,1.1,19
2021-08-22 11:00:00,313.0,13.3,0.6,19
2021-08-22 12:00:00,318.0,9.8,1.8,19
2021-08-22 13:00:00,320.0,11.6,1.3,19
2021-08-22 14:00:00,318.0,10.4,1.4,19
2021-08-22 15:00:00,310.0,10.6,-0.7,19
2021-08-22 16:00:00,308.0,10.9,-1.1,19
2021-08-22 17:00:00,309.0,10.8,-0.6,19
2021-08-22 18:00:00,307.0,10.9,-0.6,19
2021-08-22 19:00:00,307.0,12.2,0.4,19
2021-08-22 20:00:00,305.0,13.3,0.5,19
2021-08-22 21:00:00,306.0,14.5,0.7,19
2021-08-22 22:00:00,306.0,15.1,0.2,19
2021-08-22 23:00:00,304.0,15.3,1.7,19
2021-08-23 00:00:00,305.0,13.6,-0.1,17
2021-08-23 01:00:00,303.0,12.1,-0.8,17
2021-08-23 02:00:00,304.0,13.4,-0.1,17
2021-08-23 03:00:00,300.0,14.4,-0.8,17
2021-08-23 04:00:00,301.0,13.9,-0.9,17
2021-08-23 05:00:00,298.0,12.2,-0.7,17
2021-08-23 06:00:00,303.0,10.2,-2.1,17
2021-08-23 07:00:00,301.0,10.2,-1.3,17
2021-08-23 08:00:00,299.0,9.9,-0.3,17
2021-08-23 09:00:00,299.0,10.2,1.2,17
2021-08-23 10:00:00,304.0,11.2,3.7,17
2021-08-23 11:00:00,307.0,13.7,3.1,17
2021-08-23 12:00:00,305.0,12.6,2.6,17
2021-08-23 13:00:00,303.0,12.1,3.4,17
2021-08-23 14:00:00,305.0,11.6,-0.7,17
2021-08-23 15:00:00,295.0,10.9,1.7,17
2021-08-23 16:00:00,298.0,11.1,2.4,17
2021-08-23 17:00:00,303.0,10.4,2.1,17
2021-08-23 18:00:00,301.0,11.0,1.9,17
2021-08-23 19:00:00,298.0,10.6,1.4,17
2021-08-23 20:00:00,292.0,10.0,-1.9,17
2021-08-23 21:00:00,297.0,10.6,-1.7,17
2021-08-23 22:00:00,297.0,11.3,0.6,17
2021-08-23 23:00:00,303.0,12.6,1.1,17
2021-08-24 00:00:00,300.0,11.8,-1.1,21
2021-08-24 01:00:00,299.0,11.3,0.2,21
2021-08-24 02:00:00,299.0,11.0,1.1,21
2021-08-24 03:00:00,303.0,11.9,-0.1,21
2021-08-24 04:00:00,303.0,12.7,-1.3,21
2021-08-24 05:00:00,300.0,13.1,0.6,21
2021-08-24 06:00:00,295.0,13.2,-1.7,21
2021-08-24 07:00:00,298.0,12.1,-2.4,21
2021-08-24 08:00:00,300.0,11.7,-3.0,21
2021-08-24 09:00:00,304.0,10.6,-2.5,21
2021-08-24 10:00:00,301.0,11.6,-2.3,21
2021-08-24 11:00:00,305.0,13.3,-1.4,21
2021-08-24 12:00:00,313.0,15.9,0.5,21
2021-08-24 13:00:00,310.0,18.1,2.3,21
2021-08-24 14:00:00,311.0,17.7,3.0,21
2021-08-24 15:00:00,315.0,17.3,3.5,21
2021-08-24 16:00:00,320.0,17.2,1.8,21
2021-08-24 17:00:00,318.0,19.1,-2.0,21
2021-08-24 18:00:00,320.0,19.1,-2.5,21
2021-08-24 19:00:00,328.0,16.0,0.6,21
2021-08-24 20:00:00,340.0,22.0,2.3,21
2021-08-24 21:00:00,344.0,19.1,3.7,21
2021-08-24 22:00:00,348.0,15.5,2.9,21
2021-08-24 23:00:00,350.0,11.0,5.7,21
2021-08-25 00:00:00,355.0,9.0,7.6,35
2021-08-25 01:00:00,363.0,9.3,1.7,35
2021-08-25 02:00:00,389.0,10.6,-6.0,35
2021-08-25 03:00:00,388.0,8.1,-6.6,35
2021-08-25 04:00:00,395.0,7.2,-5.7,35
2021-08-25 05:00:00,390.0,7.3,-5.4,35
2021-08-25 06:00:00,374.0,6.5,1.8,35
2021-08-25 07:00:00,381.0,6.9,2.1,35
2021-08-25 08:00:00,381.0,7.2,0.0,35
2021-08-25 09:00:00,381.0,6.6,0.8,35
2021-08-25 10:00:00,380.0,6.3,1.9,35
2021-08-25 11:00:00,377.0,5.9,-0.5,35
2021-08-25 12:00:00,379.0,5.5,-1.3,35
2021-08-25 13:00:00,379.0,5.0,-0.1,35
2021-08-25 14:00:00,379.0,5.5,0.2,35
2021-08-25 15:00:00,379.0,5.6,-3.4,35
2021-08-25 16:00:00,376.0,5.6,-2.8,35
2021-08-25 17:00:00,375.0,4.5,1.1,35
2021-08-25 18:00:00,379.0,4.0,1.5,35
2021-08-25 19:00:00,379.0,4.1,1.7,35
2021-08-25 20:00:00,382.0,4.6,2.5,35
2021-08-25 21:00:00,380.0,4.9,2.5,35
2021-08-25 22:00:00,382.0,4.9,0.4,35
2021-08-25 23:00:00,388.0,4.3,-0.1,35
2021-08-26 00:00:00,387.0,4.6,-0.5,48
2021-08-26 01:00:00,399.0,4.5,-1.6,48
2021-08-26 02:00:00,389.0,4.3,-0.6,48
2021-08-26 03:00:00,391.0,4.6,-0.4,48
2021-08-26 04:00:00,393.0,4.6,-1.9,48
2021-08-26 05:00:00,392.0,4.2,-1.4,48
2021-08-26 06:00:00,397.0,4.3,-0.5,48
2021-08-26 07:00:00,398.0,4.0,-1.7,48
2021-08-26 08:00:00,387.0,4.0,-1.5,48
2021-08-26 09:00:00,376.0,4.0,-1.3,48
2021-08-26 10:00:00,372.0,3.9,-0.3,48
2021-08-26 11:00:00,378.0,4.0,1.1,48
2021-08-26 12:00:00,386.0,3.9,-1.0,48
2021-08-26 13:00:00,382.0,3.8,-1.3,48
2021-08-26 14:00:00,379.0,3.9,0.7,48
2021-08-26 15:00:00,377.0,4.0,0.8,48
2021-08-26 16:00:00,373.0,4.4,-0.3,48
2021-08-26 17:00:00,378.0,4.4,-1.0,48
2021-08-26 18:00:00,375.0,4.3,-2.1,48
2021-08-26 19:00:00,372.0,4.3,-1.9,48
2021-08-26 20:00:00,364.0,4.6,-1.7,48
2021-08-26 21:00:00,367.0,4.5,-1.3,48
2021-08-26 22:00:00,366.0,4.3,-1.1,48
2021-08-26 23:00:00,361.0,4.0,0.1,48
2021-08-27 00:00:00,363.0,4.4,-1.3,70
2021-08-27 01:00:00,397.0,8.5,-0.7,70
2021-08-27 02:00:00,405.0,9.7,2.0,70
2021-08-27 03:00:00,401.0,8.9,3.8,70
2021-08-27 04:00:00,395.0,9.0,3.9,70
2021-08-27 05:00:00,407.0,9.8,0.2,70
2021-08-27 06:00:00,409.0,10.1,-0.8,70
2021-08-27 07:00:00,402.0,10.5,0.8,70
2021-08-27 08:00:00,409.0,10.7,0.6,70
2021-08-27 09:00:00,414.0,12.8,-1.3,70
2021-08-27 10:00:00,415.0,18.2,-4.1,70
2021-08-27 11:00:00,407.0,14.0,1.2,70
2021-08-27 12:00:00,399.0,23.6,-2.7,70
2021-08-27 13:00:00,406.0,14.7,-7.7,70
2021-08-27 14:00:00,393.0,2.6,-12.8,70
2021-08-27 15:00:00,394.0,2.3,-13.9,70
2021-08-27 16:00:00,391.0,3.3,-13.8,70
2021-08-27 17:00:00,383.0,3.2,-14.1,70
2021-08-27 18:00:00,384.0,1.9,-13.1,70
2021-08-27 19:00:00,365.0,1.4,-12.4,70
2021-08-27 20:00:00,374.0,1.5,-10.5,70
2021-08-27 21:00:00,373.0,1.7,-9.5,70
2021-08-27 22:00:00,378.0,1.9,-8.8,70
2021-08-27 23:00:00,375.0,2.4,-6.8,70
2021-08-28 00:00:00,369.0,1.9,-5.6,75
2021-08-28 01:00:00,366.0,1.2,-5.7,75
2021-08-28 02:00:00,355.0,1.1,-3.9,75
2021-08-28 03:00:00,351.0,1.1,-1.9,75
2021-08-28 04:00:00,349.0,0.9,-1.3,75
2021-08-28 05:00:00,351.0,0.9,-0.6,75
2021-08-28 06:00:00,354.0,0.6,-0.5,75
2021-08-28 07:00:00,359.0,0.7,0.9,75
2021-08-28 08:00:00,363.0,1.1,1.7,75
2021-08-28 09:00:00,377.0,3.9,1.9,75
2021-08-28 10:00:00,372.0,9.7,4.7,75
2021-08-28 11:00:00,371.0,9.8,4.0,75
2021-08-28 12:00:00,366.0,8.1,0.9,75
2021-08-28 13:00:00,365.0,8.6,1.1,75
2021-08-28 14:00:00,365.0,9.4,2.5,75
2021-08-28 15:00:00,368.0,4.3,1.7,75
2021-08-28 16:00:00,377.0,3.7,-4.4,75
2021-08-28 17:00:00,369.0,3.9,3.7,75
2021-08-28 18:00:00,365.0,3.7,5.4,75
2021-08-28 19:00:00,370.0,4.3,5.3,75
2021-08-28 20:00:00,373.0,4.6,6.1,75
2021-08-28 21:00:00,368.0,4.3,5.9,75
2021-08-28 22:00:00,363.0,4.3,5.7,75
2021-08-28 23:00:00,364.0,4.5,2.9,75
2021-08-29 00:00:00,373.0,7.0,2.0,51
2021-08-29 01:00:00,373.0,7.1,3.0,51
2021-08-29 02:00:00,376.0,10.0,2.8,51
2021-08-29 03:00:00,380.0,11.1,0.2,51
2021-08-29 04:00:00,362.0,8.8,2.8,51
2021-08-29 05:00:00,371.0,11.5,2.3,51
2021-08-29 06:00:00,371.0,12.4,0.6,51
2021-08-29 07:00:00,365.0,10.0,-0.6,51
2021-08-29 08:00:00,359.0,9.1,-0.8,51
2021-08-29 09:00:00,356.0,8.5,-0.8,51
2021-08-29 10:00:00,347.0,7.4,0.4,51
2021-08-29 11:00:00,349.0,7.3,-0.2,51
2021-08-29 12:00:00,358.0,7.6,0.6,51
2021-08-29 13:00:00,375.0,6.9,1.1,51
2021-08-29 14:00:00,382.0,7.1,0.6,51
2021-08-29 15:00:00,370.0,8.0,-3.5,51
2021-08-29 16:00:00,371.0,8.4,-5.3,51
2021-08-29 17:00:00,376.0,8.9,-4.5,51
2021-08-29 18:00:00,386.0,10.5,4.1,51
2021-08-29 19:00:00,379.0,9.8,2.8,51
2021-08-29 20:00:00,389.0,11.1,1.7,51
2021-08-29 21:00:00,412.0,12.2,0.5,51
2021-08-29 22:00:00,400.0,11.4,-0.5,51
2021-08-29 23:00:00,400.0,9.6,2.3,51
2021-08-30 00:00:00,399.0,9.6,2.3,43
2021-08-30 01:00:00,408.0,9.7,4.7,43
2021-08-30 02:00:00,413.0,8.6,0.0,43
2021-08-30 03:00:00,408.0,8.3,-0.1,43
2021-08-30 04:00:00,390.0,8.4,-3.2,43
2021-08-30 05:00:00,393.0,9.2,0.5,43
2021-08-30 06:00:00,410.0,11.6,1.0,43
2021-08-30 07:00:00,414.0,11.5,3.0,43
2021-08-30 08:00:00,400.0,7.3,0.4,43
2021-08-30 09:00:00,406.0,11.5,0.6,43
2021-08-30 10:00:00,397.0,6.1,2.8,43
2021-08-30 11:00:00,407.0,7.0,2.3,43
2021-08-30 12:00:00,401.0,4.8,2.9,43
2021-08-30 13:00:00,414.0,4.6,-0.8,43
2021-08-30 14:00:00,401.0,5.1,2.4,43
2021-08-30 15:00:00,387.0,5.4,3.1,43
2021-08-30 16:00:00,387.0,5.5,2.4,43
2021-08-30 17:00:00,392.0,5.9,0.3,43
2021-08-30 18:00:00,388.0,6.0,-0.6,43
2021-08-30 19:00:00,410.0,4.7,-1.5,43
2021-08-30 20:00:00,406.0,4.8,0.4,43
2021-08-30 21:00:00,408.0,5.0,-1.2,43
2021-08-30 22:00:00,405.0,4.8,-0.9,43
2021-08-30 23:00:00,404.0,4.4,-2.2,43
2021-08-31 00:00:00,397.0,4.6,-2.1,40
2021-08-31 01:00:00,401.0,4.7,-1.9,40
2021-08-31 02:00:00,395.0,4.4,-1.8,40
2021-08-31 03:00:00,393.0,4.3,-1.0,40
2021-08-31 04:00:00,393.0,4.9,-0.9,40
2021-08-31 05:00:00,396.0,6.3,-0.2,40
2021-08-31 06:00:00,395.0,7.2,-0.5,40
2021-08-31 07:00:00,391.0,7.6,-1.3,40
2021-08-31 08:00:00,393.0,8.1,-2.3,40
2021-08-31 09:00:00,392.0,8.6,-1.0,40
2021-08-31 10:00:00,386.0,8.1,-1.4,40
2021-08-31 11:00:00,384.0,7.4,-1.6,40
2021-08-31 12:00:00,380.0,6.8,-0.8,40
2021-08-31 13:00:00,378.0,9.2,1.5,40
2021-08-31 14:00:00,372.0,8.7,1.2,40
2021-08-31 15:00:00,370.0,6.3,-0.8,40
2021-08-31 16:00:00,365.0,6.6,-0.9,40
2021-08-31 17:00:00,358.0,6.5,-0.2,40
2021-08-31 18:00:00,355.0,6.5,0.2,40
2021-08-31 19:00:00,352.0,8.3,-0.7,40
2021-08-31 20:00:00,345.0,8.6,-1.1,40
2021-08-31 21:00:00,349.0,7.8,-0.4,40
2021-08-31 22:00:00,352.0,6.8,-1.5,40
2021-08-31 23:00:00,352.0,6.4,-1.2,40
2021-09-01 00:00:00,350.0,6.7,-2.3,38
2021-09-01 01:00:00,350.0,8.2,-1.5,38
2021-09-01 02:00:00,350.0,8.1,-1.1,38
2021-09-01 03:00:00,350.0,8.8,-1.7,38
2021-09-01 04:00:00,348.0,9.1,-2.3,38
2021-09-01 05:00:00,348.0,8.3,-2.6,38
2021-09-01 06:00:00,344.0,7.5,-3.2,38
2021-09-01 07:00:00,339.0,8.8,-3.3,38
2021-09-01 08:00:00,337.0,8.9,-3.5,38
2021-09-01 09:00:00,334.0,9.6,-3.4,38
2021-09-01 10:00:00,331.0,11.0,-3.1,38
2021-09-01 11:00:00,337.0,9.3,-2.1,38
2021-09-01 12:00:00,340.0,7.7,-0.9,38
2021-09-01 13:00:00,344.0,7.0,-1.6,38
2021-09-01 14:00:00,345.0,6.4,-1.2,38
2021-09-01 15:00:00,351.0,6.0,-1.6,38
2021-09-01 16:00:00,347.0,5.7,-0.5,38
2021-09-01 17:00:00,358.0,5.3,1.3,38
2021-09-01 18:00:00,355.0,5.0,0.4,38
2021-09-01 19:00:00,359.0,5.4,-1.0,38
2021-09-01 20:00:00,366.0,5.1,-1.5,38
2021-09-01 21:00:00,364.0,5.4,0.1,38
2021-09-01 22:00:00,362.0,5.4,-0.9,38
2021-09-01 23:00:00,359.0,5.5,-0.4,38
2021-09-02 00:00:00,355.0,5.3,0.0,33
2021-09-02 01:00:00,363.0,5.1,-0.4,33
2021-09-02 02:00:00,366.0,5.0,-0.2,33
2021-09-02 03:00:00,357.0,5.2,-0.3,33
2021-09-02 04:00:00,353.0,5.4,-0.5,33
2021-09-02 05:00:00,348.0,5.5,0.5,33
2021-09-02 06:00:00,345.0,5.1,0.7,33
2021-09-02 07:00:00,351.0,6.0,0.9,33
2021-09-02 08:00:00,356.0,6.8,1.0,33
2021-09-02 09:00:00,342.0,7.5,2.8,33
2021-09-02 10:00:00,330.0,6.4,-0.2,33
2021-09-02 11:00:00,333.0,7.0,-1.9,33
2021-09-02 12:00:00,350.0,6.3,-0.4,33
2021-09-02 13:00:00,355.0,6.6,-2.8,33
2021-09-02 14:00:00,360.0,6.8,-1.6,33
2021-09-02 15:00:00,360.0,6.7,-0.7,33
2021-09-02 16:00:00,363.0,6.8,-1.4,33
2021-09-02 17:00:00,367.0,6.4,-0.3,33
2021-09-02 18:00:00,367.0,6.1,-0.2,33
2021-09-02 19:00:00,369.0,6.2,-0.9,33
2021-09-02 20:00:00,367.0,6.5,0.2,33
2021-09-02 21:00:00,365.0,6.8,1.9,33
2021-09-02 22:00:00,365.0,6.6,2.1,33
2021-09-02 23:00:00,367.0,6.0,1.2,33
2021-09-03 00:00:00,367.0,6.1,-0.6,25
2021-09-03 01:00:00,370.0,6.6,1.6,25
2021-09-03 02:00:00,383.0,7.8,3.5,25
2021-09-03 03:00:00,388.0,8.8,3.5,25
2021-09-03 04:00:00,391.0,9.2,3.4,25
2021-09-03 05:00:00,382.0,8.7,2.8,25
2021-09-03 06:00:00,383.0,8.2,3.0,25
2021-09-03 07:00:00,388.0,9.0,0.9,25
2021-09-03 08:00:00,391.0,8.9,-3.3,25
2021-09-03 09:00:00,391.0,9.2,-4.6,25
2021-09-03 10:00:00,392.0,9.0,-2.8,25
2021-09-03 11:00:00,392.0,8.7,-0.4,25
2021-09-03 12:00:00,395.0,9.1,-1.3,25
2021-09-03 13:00:00,401.0,11.5,-2.2,25
2021-09-03 14:00:00,392.0,9.3,-0.7,25
2021-09-03 15:00:00,406.0,6.2,-0.6,25
2021-09-03 16:00:00,399.0,6.6,1.0,25
2021-09-03 17:00:00,397.0,6.2,-2.1,25
2021-09-03 18:00:00,398.0,6.5,0.7,25
2021-09-03 19:00:00,403.0,5.5,-1.5,25
2021-09-03 20:00:00,409.0,5.4,0.5,25
2021-09-03 21:00:00,402.0,5.4,-0.4,25
2021-09-03 22:00:00,403.0,6.4,-1.0,25
2021-09-03 23:00:00,400.0,6.8,-0.9,25
2021-09-04 00:00:00,396.0,7.8,-0.6,70
2021-09-04 01:00:00,392.0,6.4,-0.6,70
2021-09-04 02:00:00,420.0,3.5,1.9,70
2021-09-04 03:00:00,427.0,4.2,1.5,70
2021-09-04 04:00:00,425.0,4.2,2.2,70
2021-09-04 05:00:00,416.0,5.6,2.3,70
2021-09-04 06:00:00,414.0,5.8,0.4,70
2021-09-04 07:00:00,424.0,5.8,-1.0,70
2021-09-04 08:00:00,426.0,6.6,-1.3,70
2021-09-04 09:00:00,426.0,7.7,-2.3,70
2021-09-04 10:00:00,409.0,7.2,1.6,70
2021-09-04 11:00:00,401.0,6.1,1.1,70
2021-09-04 12:00:00,393.0,5.9,2.5,70
2021-09-04 13:00:00,395.0,6.1,0.2,70
2021-09-04 14:00:00,393.0,6.3,0.9,70
2021-09-04 15:00:00,388.0,6.8,2.0,70
2021-09-04 16:00:00,373.0,6.2,2.4,70
2021-09-04 17:00:00,367.0,6.2,2.0,70
2021-09-04 18:00:00,373.0,6.9,1.0,70
2021-09-04 19:00:00,374.0,6.7,0.9,70
2021-09-04 20:00:00,379.0,7.1,1.1,70
2021-09-04 21:00:00,374.0,7.0,0.6,70
2021-09-04 22:00:00,378.0,6.8,-1.1,70
2021-09-04 23:00:00,376.0,6.5,-0.9,70
2021-09-05 00:00:00,369.0,6.5,-0.9,75
2021-09-05 01:00:00,370.0,6.7,-1.4,75
2021-09-05 02:00:00,365.0,6.0,-1.3,75
2021-09-05 03:00:00,365.0,6.0,0.8,75
2021-09-05 04:00:00,356.0,6.0,-1.2,75
2021-09-05 05:00:00,355.0,6.5,0.4,75
2021-09-05 06:00:00,350.0,6.9,-0.6,75
2021-09-05 07:00:00,357.0,7.4,0.4,75
2021-09-05 08:00:00,356.0,7.8,1.9,75
2021-09-05 09:00:00,347.0,7.1,0.8,75
2021-09-05 10:00:00,337.0,5.3,1.4,75
2021-09-05 11:00:00,328.0,5.7,2.0,75
2021-09-05 12:00:00,322.0,6.4,-1.0,75
2021-09-05 13:00:00,329.0,6.1,0.2,75
2021-09-05 14:00:00,331.0,14.6,0.4,75
2021-09-05 15:00:00,318.0,10.2,3.1,75
2021-09-05 16:00:00,315.0,9.9,3.5,75
2021-09-05 17:00:00,315.0,8.1,1.6,75
2021-09-05 18:00:00,315.0,9.4,2.5,75
2021-09-05 19:00:00,316.0,10.2,2.0,75
2021-09-05 20:00:00,316.0,10.1,1.7,75
2021-09-05 21:00:00,312.0,9.9,0.6,75
2021-09-05 22:00:00,312.0,9.5,0.3,75
2021-09-05 23:00:00,312.0,9.0,-0.3,75
2021-09-06 00:00:00,310.0,8.6,-1.4,83
2021-09-06 01:00:00,312.0,7.9,-1.8,83
2021-09-06 02:00:00,311.0,8.1,-0.8,83
2021-09-06 03:00:00,313.0,8.7,-1.3,83
2021-09-06 04:00:00,319.0,6.9,1.6,83
2021-09-06 05:00:00,331.0,8.1,2.0,83
2021-09-06 06:00:00,329.0,7.8,0.1,83
2021-09-06 07:00:00,328.0,7.6,-4.4,83
2021-09-06 08:00:00,326.0,8.1,-0.5,83
2021-09-06 09:00:00,328.0,7.4,-0.5,83
2021-09-06 10:00:00,324.0,7.6,2.6,83
2021-09-06 11:00:00,323.0,7.3,1.4,83
2021-09-06 12:00:00,321.0,8.1,-0.9,83
2021-09-06 13:00:00,316.0,7.6,0.3,83
2021-09-06 14:00:00,319.0,9.5,-1.2,83
2021-09-06 15:00:00,321.0,8.8,-3.5,83
2021-09-06 16:00:00,328.0,9.4,-3.8,83
2021-09-06 17:00:00,319.0,15.0,-1.9,83
2021-09-06 18:00:00,315.0,12.1,-3.0,83
2021-09-06 19:00:00,313.0,10.8,-3.9,83
2021-09-06 20:00:00,311.0,12.4,-3.8,83
2021-09-06 21:00:00,307.0,8.7,-3.4,83
2021-09-06 22:00:00,300.0,7.3,-3.0,83
2021-09-06 23:00:00,295.0,4.4,-1.9,83
2021-09-07 00:00:00,295.0,5.5,-0.8,84
2021-09-07 01:00:00,301.0,6.8,0.0,84
2021-09-07 02:00:00,302.0,5.8,0.8,84
2021-09-07 03:00:00,306.0,7.3,1.5,84
2021-09-07 04:00:00,303.0,7.2,-0.2,84
2021-09-07 05:00:00,303.0,8.4,-1.4,84
2021-09-07 06:00:00,293.0,7.3,0.1,84
2021-09-07 07:00:00,294.0,7.1,1.4,84
2021-09-07 08:00:00,316.0,10.5,-2.5,84
2021-09-07 09:00:00,306.0,9.8,0.0,84
2021-09-07 10:00:00,289.0,7.8,0.2,84
2021-09-07 11:00:00,303.0,9.0,0.9,84
2021-09-07 12:00:00,308.0,8.8,1.6,84
2021-09-07 13:00:00,314.0,9.4,0.8,84
2021-09-07 14:00:00,336.0,14.5,1.7,84
2021-09-07 15:00:00,372.0,27.5,0.5,84
2021-09-07 16:00:00,368.0,22.8,0.9,84
2021-09-07 17:00:00,368.0,16.2,-1.4,84
2021-09-07 18:00:00,363.0,12.8,1.2,84
2021-09-07 19:00:00,364.0,12.8,2.7,84
2021-09-07 20:00:00,357.0,11.0,2.4,84
2021-09-07 21:00:00,361.0,13.4,0.1,84
2021-09-07 22:00:00,378.0,14.6,-3.0,84
2021-09-07 23:00:00,352.0,13.2,-2.0,84
2021-09-08 00:00:00,351.0,12.4,-1.2,98
2021-09-08 01:00:00,355.0,11.3,-2.2,98
2021-09-08 02:00:00,346.0,9.2,-0.1,98
2021-09-08 03:00:00,349.0,11.6,0.9,98
2021-09-08 04:00:00,363.0,14.0,3.5,98
2021-09-08 05:00:00,371.0,16.0,4.2,98
2021-09-08 06:00:00,372.0,16.0,5.6,98
2021-09-08 07:00:00,384.0,18.7,-0.3,98
2021-09-08 08:00:00,399.0,22.9,-7.0,98
2021-09-08 09:00:00,407.0,19.7,-2.6,98
2021-09-08 10:00:00,407.0,6.7,-1.5,98
2021-09-08 11:00:00,421.0,8.5,1.6,98
2021-09-08 12:00:00,411.0,6.8,0.9,98
2021-09-08 13:00:00,386.0,7.5,1.1,98
2021-09-08 14:00:00,391.0,5.0,1.4,98
2021-09-08 15:00:00,388.0,4.8,0.7,98
2021-09-08 16:00:00,402.0,4.4,1.1,98
2021-09-08 17:00:00,398.0,4.1,0.1,98
2021-09-08 18:00:00,393.0,4.8,-0.1,98
2021-09-08 19:00:00,379.0,4.6,-0.7,98
2021-09-08 20:00:00,390.0,3.8,-2.1,98
2021-09-08 21:00:00,390.0,4.0,-1.6,98
2021-09-08 22:00:00,376.0,5.4,-0.2,98
2021-09-08 23:00:00,397.0,5.1,0.2,98
2021-09-09 00:00:00,393.0,4.5,1.9,102
2021-09-09 01:00:00,393.0,4.0,2.4,102
2021-09-09 02:00:00,398.0,4.2,0.4,102
2021-09-09 03:00:00,401.0,3.3,0.2,102
2021-09-09 04:00:00,398.0,2.5,-1.0,102
2021-09-09 05:00:00,404.0,2.5,-0.3,102
2021-09-09 06:00:00,398.0,2.7,-0.2,102
2021-09-09 07:00:00,396.0,2.7,-0.5,102
2021-09-09 08:00:00,411.0,2.9,-0.2,102
2021-09-09 09:00:00,405.0,2.3,-0.4,102
2021-09-09 10:00:00,397.0,2.3,-0.5,102
2021-09-09 11:00:00,403.0,2.4,-0.3,102
2021-09-09 12:00:00,397.0,2.0,0.4,102
2021-09-09 13:00:00,376.0,2.4,0.0,102
2021-09-09 14:00:00,374.0,2.5,-0.4,102
2021-09-09 15:00:00,369.0,2.8,-0.3,102
2021-09-09 16:00:00,367.0,2.9,-0.2,102
2021-09-09 17:00:00,367.0,3.0,-0.7,102
2021-09-09 18:00:00,375.0,3.7,-1.0,102
2021-09-09 19:00:00,374.0,4.0,-1.0,102
2021-09-09 20:00:00,371.0,4.3,-1.8,102
2021-09-09 21:00:00,363.0,3.0,0.8,102
2021-09-09 22:00:00,360.0,5.7,-0.2,102
2021-09-09 23:00:00,363.0,7.2,-0.9,102
2021-09-10 00:00:00,363.0,7.9,-0.9,97
2021-09-10 01:00:00,362.0,7.8,-1.1,97
2021-09-10 02:00:00,373.0,9.9,-2.0,97
2021-09-10 03:00:00,374.0,11.8,-1.8,97
2021-09-10 04:00:00,371.0,14.9,-2.5,97
2021-09-10 05:00:00,368.0,13.4,-2.3,97
2021-09-10 06:00:00,369.0,7.8,0.5,97
2021-09-10 07:00:00,376.0,4.3,1.4,97
2021-09-10 08:00:00,374.0,4.7,0.9,97
2021-09-10 09:00:00,367.0,4.1,1.1,97
2021-09-10 10:00:00,370.0,8.0,1.5,97
2021-09-10 11:00:00,367.0,10.4,4.0,97
2021-09-10 12:00:00,362.0,9.1,6.0,97
2021-09-10 13:00:00,356.0,10.1,7.6,97
2021-09-10 14:00:00,351.0,15.0,8.2,97
2021-09-10 15:00:00,354.0,19.9,7.4,97
2021-09-10 16:00:00,359.0,20.9,7.0,97
2021-09-10 17:00:00,358.0,15.7,7.0,97
2021-09-10 18:00:00,356.0,16.1,4.7,97
2021-09-10 19:00:00,356.0,17.3,1.2,97
2021-09-10 20:00:00,339.0,10.5,-1.3,97
2021-09-10 21:00:00,351.0,21.2,-1.6,97
2021-09-10 22:00:00,347.0,27.9,-3.8,97
2021-09-10 23:00:00,348.0,14.4,-4.5,97
2021-09-11 00:00:00,355.0,4.5,-2.7,74
2021-09-11 01:00:00,362.0,6.0,3.5,74
2021-09-11 02:00:00,350.0,8.2,3.9,74
2021-09-11 03:00:00,343.0,7.7,2.6,74
2021-09-11 04:00:00,341.0,6.9,3.3,74
2021-09-11 05:00:00,351.0,7.6,5.7,74
2021-09-11 06:00:00,348.0,7.6,5.2,74
2021-09-11 07:00:00,350.0,8.9,4.2,74
2021-09-11 08:00:00,332.0,7.1,4.6,74
2021-09-11 09:00:00,338.0,8.2,5.5,74
2021-09-11 10:00:00,339.0,10.0,5.5,74
2021-09-11 11:00:00,331.0,8.4,3.9,74
2021-09-11 12:00:00,328.0,9.3,1.4,74
2021-09-11 13:00:00,325.0,11.2,1.9,74
2021-09-11 14:00:00,323.0,13.1,1.9,74
2021-09-11 15:00:00,323.0,12.6,4.0,74
2021-09-11 16:00:00,325.0,12.3,4.9,74
2021-09-11 17:00:00,331.0,15.1,7.1,74
2021-09-11 18:00:00,335.0,11.8,9.1,74
2021-09-11 19:00:00,322.0,7.6,9.3,74
2021-09-11 20:00:00,323.0,7.3,9.4,74
2021-09-11 21:00:00,316.0,3.1,9.9,74
2021-09-11 22:00:00,315.0,3.3,8.8,74
2021-09-11 23:00:00,319.0,7.7,6.3,74
2021-09-12 00:00:00,317.0,10.0,6.5,50
2021-09-12 01:00:00,313.0,6.1,7.1,50
2021-09-12 02:00:00,309.0,4.9,7.0,50
2021-09-12 03:00:00,311.0,5.7,6.9,50
2021-09-12 04:00:00,319.0,9.9,4.9,50
2021-09-12 05:00:00,325.0,9.7,4.9,50
2021-09-12 06:00:00,327.0,5.8,3.1,50
2021-09-12 07:00:00,330.0,7.0,1.4,50
2021-09-12 08:00:00,327.0,9.4,3.9,50
2021-09-12 09:00:00,338.0,5.8,-0.7,50
2021-09-12 10:00:00,354.0,6.9,-3.9,50
2021-09-12 11:00:00,354.0,6.6,-2.2,50
2021-09-12 12:00:00,357.0,6.1,-0.5,50
2021-09-12 13:00:00,357.0,6.2,0.5,50
2021-09-12 14:00:00,365.0,4.4,1.6,50
2021-09-12 15:00:00,373.0,4.3,2.0,50
2021-09-12 16:00:00,380.0,3.6,3.2,50
2021-09-12 17:00:00,385.0,4.9,3.2,50
2021-09-12 18:00:00,392.0,7.4,3.2,50
2021-09-12 19:00:00,391.0,11.7,4.9,50
2021-09-12 20:00:00,392.0,16.4,5.4,50
2021-09-12 21:00:00,399.0,13.1,3.8,50
2021-09-12 22:00:00,412.0,8.1,3.6,50
2021-09-12 23:00:00,414.0,6.5,4.2,50
2021-09-13 00:00:00,411.0,6.5,4.0,34
2021-09-13 01:00:00,411.0,5.1,3.8,34
2021-09-13 02:00:00,412.0,5.0,4.8,34
2021-09-13 03:00:00,424.0,5.3,5.5,34
2021-09-13 04:00:00,426.0,5.0,4.0,34
2021-09-13 05:00:00,446.0,5.3,3.0,34
2021-09-13 06:00:00,452.0,5.4,0.6,34
2021-09-13 07:00:00,462.0,5.7,0.8,34
2021-09-13 08:00:00,449.0,5.1,3.3,34
2021-09-13 09:00:00,437.0,4.7,2.0,34
2021-09-13 10:00:00,454.0,4.3,2.2,34
2021-09-13 11:00:00,450.0,3.7,3.0,34
2021-09-13 12:00:00,461.0,4.4,1.8,34
2021-09-13 13:00:00,450.0,3.8,2.3,34
2021-09-13 14:00:00,454.0,3.8,2.4,34
2021-09-13 15:00:00,456.0,3.8,1.3,34
2021-09-13 16:00:00,476.0,2.5,0.8,34
2021-09-13 17:00:00,479.0,2.2,-0.5,34
2021-09-13 18:00:00,471.0,1.8,1.5,34
2021-09-13 19:00:00,464.0,1.7,0.5,34
2021-09-13 20:00:00,476.0,1.8,-1.2,34
2021-09-13 21:00:00,474.0,1.8,-1.2,34
2021-09-13 22:00:00,466.0,1.8,-2.2,34
2021-09-13 23:00:00,465.0,1.7,-2.0,34
2021-09-14 00:00:00,464.0,1.7,-1.3,23
2021-09-14 01:00:00,465.0,2.0,-1.8,23
2021-09-14 02:00:00,459.0,1.7,-0.1,23
2021-09-14 03:00:00,458.0,1.4,0.4,23
2021-09-14 04:00:00,456.0,1.8,1.4,23
2021-09-14 05:00:00,432.0,1.9,0.7,23
2021-09-14 06:00:00,438.0,2.3,-0.7,23
2021-09-14 07:00:00,443.0,2.1,-0.2,23
2021-09-14 08:00:00,444.0,2.6,0.2,23
2021-09-14 09:00:00,453.0,3.3,0.7,23
2021-09-14 10:00:00,441.0,3.1,1.6,23
2021-09-14 11:00:00,451.0,3.1,1.1,23
2021-09-14 12:00:00,448.0,3.0,-1.7,23
2021-09-14 13:00:00,444.0,3.2,1.2,23
2021-09-14 14:00:00,463.0,3.3,1.0,23
2021-09-14 15:00:00,463.0,3.3,0.5,23
2021-09-14 16:00:00,446.0,2.9,-0.7,23
2021-09-14 17:00:00,437.0,2.8,-2.8,23
2021-09-14 18:00:00,425.0,2.7,-0.9,23
2021-09-14 19:00:00,424.0,2.7,0.6,23
2021-09-14 20:00:00,432.0,3.2,0.7,23
2021-09-14 21:00:00,421.0,3.2,0.5,23
2021-09-14 22:00:00,413.0,2.9,-0.1,23
2021-09-14 23:00:00,424.0,3.0,0.9,23
2021-09-15 00:00:00,431.0,3.1,0.8,10
2021-09-15 01:00:00,436.0,3.4,2.8,10
2021-09-15 02:00:00,436.0,3.3,0.1,10
2021-09-15 03:00:00,437.0,3.4,0.3,10
2021-09-15 04:00:00,435.0,3.4,-0.4,10
2021-09-15 05:00:00,431.0,3.5,0.1,10
2021-09-15 06:00:00,425.0,3.3,1.2,10
2021-09-15 07:00:00,429.0,3.2,1.0,10
2021-09-15 08:00:00,422.0,3.1,0.7,10
2021-09-15 09:00:00,404.0,2.7,0.4,10
2021-09-15 10:00:00,409.0,3.0,0.2,10
2021-09-15 11:00:00,376.0,2.1,-1.1,10
2021-09-15 12:00:00,375.0,2.0,-1.6,10
2021-09-15 13:00:00,390.0,3.4,-0.6,10
2021-09-15 14:00:00,386.0,4.2,1.3,10
2021-09-15 15:00:00,382.0,4.6,0.5,10
2021-09-15 16:00:00,371.0,4.2,1.3,10
2021-09-15 17:00:00,365.0,3.9,-1.8,10
2021-09-15 18:00:00,371.0,4.5,-1.6,10
2021-09-15 19:00:00,363.0,3.6,-1.0,10
2021-09-15 20:00:00,363.0,4.2,-2.0,10
2021-09-15 21:00:00,348.0,2.9,-1.6,10
2021-09-15 22:00:00,349.0,3.4,0.1,10
2021-09-15 23:00:00,352.0,4.1,0.8,10
2021-09-16 00:00:00,347.0,3.4,1.0,0
2021-09-16 01:00:00,342.0,2.7,1.1,0
2021-09-16 02:00:00,337.0,2.4,0.3,0
2021-09-16 03:00:00,361.0,4.6,-1.1,0
2021-09-16 04:00:00,348.0,5.1,-1.4,0
2021-09-16 05:00:00,341.0,5.9,-0.6,0
2021-09-16 06:00:00,339.0,6.0,-0.4,0
2021-09-16 07:00:00,334.0,5.8,0.2,0
2021-09-16 08:00:00,331.0,5.5,1.1,0
2021-09-16 09:00:00,326.0,4.7,0.6,0
2021-09-16 10:00:00,352.0,4.4,0.1,0
2021-09-16 11:00:00,342.0,3.5,2.0,0
2021-09-16 12:00:00,346.0,4.0,2.3,0
2021-09-16 13:00:00,351.0,4.1,1.0,0
2021-09-16 14:00:00,353.0,4.5,-0.2,0
2021-09-16 15:00:00,361.0,4.3,0.5,0
2021-09-16 16:00:00,357.0,3.7,-0.6,0
2021-09-16 17:00:00,344.0,3.2,0.1,0
2021-09-16 18:00:00,349.0,3.1,1.1,0
2021-09-16 19:00:00,333.0,2.8,0.6,0
2021-09-16 20:00:00,330.0,2.6,0.4,0
2021-09-16 21:00:00,326.0,3.0,-0.2,0
2021-09-16 22:00:00,336.0,3.7,0.6,0
2021-09-16 23:00:00,329.0,3.1,-1.0,0
2021-09-17 00:00:00,323.0,3.1,1.9,0
2021-09-17 01:00:00,327.0,3.3,1.4,0
2021-09-17 02:00:00,348.0,6.6,-1.6,0
2021-09-17 03:00:00,359.0,8.1,-4.6,0
2021-09-17 04:00:00,346.0,8.7,1.2,0
2021-09-17 05:00:00,335.0,6.2,0.7,0
2021-09-17 06:00:00,327.0,4.8,2.5,0
2021-09-17 07:00:00,323.0,3.6,1.8,0
2021-09-17 08:00:00,329.0,4.7,1.9,0
2021-09-17 09:00:00,333.0,8.2,1.8,0
2021-09-17 10:00:00,360.0,10.0,-1.3,0
2021-09-17 11:00:00,373.0,11.1,-1.9,0
2021-09-17 12:00:00,358.0,8.8,-0.2,0
2021-09-17 13:00:00,343.0,7.5,0.6,0
2021-09-17 14:00:00,333.0,6.0,1.9,0
2021-09-17 15:00:00,347.0,9.6,0.1,0
2021-09-17 16:00:00,366.0,14.8,-0.7,0
2021-09-17 17:00:00,389.0,22.6,0.3,0
2021-09-17 18:00:00,401.0,30.0,-6.9,0
2021-09-17 19:00:00,403.0,27.0,-10.8,0
2021-09-17 20:00:00,403.0,35.0,-9.2,0
2021-09-17 21:00:00,405.0,34.9,5.8,0
2021-09-17 22:00:00,404.0,19.0,8.8,0
2021-09-17 23:00:00,401.0,18.6,7.8,0
2021-09-18 00:00:00,399.0,14.5,9.0,0
2021-09-18 01:00:00,389.0,27.5,6.6,0
2021-09-18 02:00:00,403.0,24.2,-0.5,0
2021-09-18 03:00:00,415.0,17.3,0.1,0
2021-09-18 04:00:00,425.0,16.3,-1.1,0
2021-09-18 05:00:00,420.0,11.7,3.2,0
2021-09-18 06:00:00,416.0,12.4,4.2,0
2021-09-18 07:00:00,408.0,22.1,3.2,0
2021-09-18 08:00:00,386.0,18.2,-3.9,0
2021-09-18 09:00:00,368.0,8.3,-3.9,0
2021-09-18 10:00:00,381.0,9.1,-4.8,0
2021-09-18 11:00:00,391.0,14.8,-0.5,0
2021-09-18 12:00:00,390.0,15.3,-4.3,0
2021-09-18 13:00:00,402.0,12.0,1.7,0
2021-09-18 14:00:00,400.0,8.8,2.8,0
2021-09-18 15:00:00,403.0,7.4,3.1,0
2021-09-18 16:00:00,399.0,7.6,3.1,0
2021-09-18 17:00:00,405.0,6.9,1.8,0
2021-09-18 18:00:00,400.0,6.0,1.3,0
2021-09-18 19:00:00,390.0,5.5,0.0,0
2021-09-18 20:00:00,394.0,6.1,0.9,0
2021-09-18 21:00:00,402.0,5.1,0.1,0
2021-09-18 22:00:00,397.0,4.6,-0.3,0
2021-09-18 23:00:00,391.0,4.6,-2.0,0
2021-09-19 00:00:00,389.0,5.1,1.0,13
2021-09-19 01:00:00,386.0,4.9,2.3,13
2021-09-19 02:00:00,386.0,4.7,1.7,13
2021-09-19 03:00:00,381.0,4.2,1.7,13
2021-09-19 04:00:00,369.0,3.5,1.2,13
2021-09-19 05:00:00,361.0,2.9,0.7,13
2021-09-19 06:00:00,351.0,3.1,2.2,13
2021-09-19 07:00:00,345.0,3.3,0.7,13
2021-09-19 08:00:00,348.0,4.2,1.8,13
2021-09-19 09:00:00,351.0,4.3,2.5,13
2021-09-19 10:00:00,346.0,4.3,1.9,13
2021-09-19 11:00:00,340.0,4.6,1.6,13
2021-09-19 12:00:00,349.0,5.1,1.2,13
2021-09-19 13:00:00,356.0,5.5,1.1,13
2021-09-19 14:00:00,346.0,4.3,0.8,13
2021-09-19 15:00:00,341.0,4.3,1.0,13
2021-09-19 16:00:00,336.0,4.1,1.6,13
2021-09-19 17:00:00,322.0,2.8,-0.5,13
2021-09-19 18:00:00,322.0,3.3,-1.2,13
2021-09-19 19:00:00,321.0,2.8,-1.3,13
2021-09-19 20:00:00,327.0,4.2,0.4,13
2021-09-19 21:00:00,322.0,3.6,1.2,13
2021-09-19 22:00:00,323.0,3.8,1.8,13
2021-09-19 23:00:00,318.0,3.5,0.9,13
2021-09-20 00:00:00,311.0,2.8,0.5,44
2021-09-20 01:00:00,310.0,2.9,-1.5,44
2021-09-20 02:00:00,310.0,3.2,-1.3,44
2021-09-20 03:00:00,309.0,3.8,-2.0,44
2021-09-20 04:00:00,321.0,4.6,1.7,44
2021-09-20 05:00:00,325.0,5.3,2.1,44
2021-09-20 06:00:00,308.0,3.6,0.5,44
2021-09-20 07:00:00,308.0,3.7,0.6,44
2021-09-20 08:00:00,305.0,3.7,-1.5,44
2021-09-20 09:00:00,314.0,5.8,-2.4,44
2021-09-20 10:00:00,319.0,7.1,-0.9,44
2021-09-20 11:00:00,320.0,7.4,1.0,44
2021-09-20 12:00:00,321.0,6.7,0.0,44
2021-09-20 13:00:00,322.0,6.5,0.5,44
2021-09-20 14:00:00,319.0,6.7,0.4,44
2021-09-20 15:00:00,320.0,6.6,-1.6,44
2021-09-20 16:00:00,319.0,7.6,1.0,44
2021-09-20 17:00:00,317.0,7.9,0.6,44
2021-09-20 18:00:00,315.0,8.0,-0.3,44
2021-09-20 19:00:00,310.0,7.7,-0.5,44
2021-09-20 20:00:00,314.0,8.6,-0.6,44
2021-09-20 21:00:00,316.0,9.1,-2.8,44
2021-09-20 22:00:00,310.0,8.6,-0.4,44
2021-09-20 23:00:00,322.0,8.8,-4.2,44
2021-09-21 00:00:00,322.0,6.6,-3.5,65
2021-09-21 01:00:00,333.0,8.4,-0.8,65
2021-09-21 02:00:00,333.0,7.9,-0.1,65
2021-09-21 03:00:00,334.0,10.3,0.6,65
2021-09-21 04:00:00,334.0,10.0,0.5,65
2021-09-21 05:00:00,333.0,10.9,-0.2,65
2021-09-21 06:00:00,337.0,9.7,0.3,65
2021-09-21 07:00:00,331.0,14.7,0.2,65
2021-09-21 08:00:00,333.0,14.4,0.6,65
2021-09-21 09:00:00,325.0,18.3,0.1,65
2021-09-21 10:00:00,319.0,19.2,-0.6,65
2021-09-21 11:00:00,317.0,19.6,-0.6,65
2021-09-21 12:00:00,313.0,18.6,-0.9,65
2021-09-21 13:00:00,312.0,17.0,-2.6,65
2021-09-21 14:00:00,314.0,16.8,-2.3,65
2021-09-21 15:00:00,315.0,22.4,-1.1,65
2021-09-21 16:00:00,308.0,15.9,-4.5,65
2021-09-21 17:00:00,321.0,14.5,-6.0,65
2021-09-21 18:00:00,321.0,20.5,-5.1,65
2021-09-21 19:00:00,325.0,22.9,-5.0,65
2021-09-21 20:00:00,326.0,22.5,-4.8,65
2021-09-21 21:00:00,327.0,17.5,-7.1,65
2021-09-21 22:00:00,334.0,25.3,-2.0,65
2021-09-21 23:00:00,334.0,32.1,-1.3,65
2021-09-22 00:00:00,338.0,27.3,-0.5,81
2021-09-22 01:00:00,353.0,8.2,-0.6,81
2021-09-22 02:00:00,351.0,8.6,-3.3,81
2021-09-22 03:00:00,359.0,7.9,-2.6,81
2021-09-22 04:00:00,367.0,7.4,-1.3,81
2021-09-22 05:00:00,366.0,8.4,-2.7,81
2021-09-22 06:00:00,372.0,8.4,-1.8,81
2021-09-22 07:00:00,373.0,7.6,-3.1,81
2021-09-22 08:00:00,375.0,7.0,-3.9,81
2021-09-22 09:00:00,378.0,6.4,-1.6,81
2021-09-22 10:00:00,380.0,5.8,-3.1,81
2021-09-22 11:00:00,375.0,5.2,,81
2021-09-22 12:00:00,393.0,4.9,,81
2021-09-22 13:00:00,391.0,4.7,,81
2021-09-22 14:00:00,384.0,4.2,,81
2021-09-22 15:00:00,376.0,4.0,,81
2021-09-22 16:00:00,373.0,4.1,,81
2021-09-22 17:00:00,373.0,4.7,,81
2021-09-22 18:00:00,371.0,5.0,,81
2021-09-22 19:00:00,370.0,5.3,,81
2021-09-22 20:00:00,371.0,5.7,,81
2021-09-22 21:00:00,367.0,6.1,,81
2021-09-22 22:00:00,358.0,5.7,,81
2021-09-22 23:00:00,362.0,6.9,,81
2021-09-23 00:00:00,371.0,6.9,,69
2021-09-23 01:00:00,370.0,6.4,,69
2021-09-23 02:00:00,366.0,6.1,,69
2021-09-23 03:00:00,372.0,7.4,,69
2021-09-23 04:00:00,379.0,9.9,,69
2021-09-23 05:00:00,378.0,10.7,,69
2021-09-23 06:00:00,374.0,10.2,0.3,69
2021-09-23 07:00:00,370.0,9.7,0.2,69
2021-09-23 08:00:00,368.0,9.4,1.6,69
2021-09-23 09:00:00,365.0,9.2,1.1,69
2021-09-23 10:00:00,361.0,8.9,0.6,69
2021-09-23 11:00:00,366.0,10.0,-0.4,69
2021-09-23 12:00:00,375.0,14.4,0.3,69
2021-09-23 13:00:00,382.0,15.0,2.3,69
2021-09-23 14:00:00,389.0,19.5,0.4,69
2021-09-23 15:00:00,395.0,18.4,2.3,69
2021-09-23 16:00:00,390.0,18.8,4.2,69
2021-09-23 17:00:00,392.0,13.8,3.5,69
2021-09-23 18:00:00,382.0,8.6,3.1,69
2021-09-23 19:00:00,386.0,10.9,1.9,69
2021-09-23 20:00:00,387.0,12.0,1.4,69
2021-09-23 21:00:00,371.0,8.5,0.6,69
2021-09-23 22:00:00,383.0,9.1,3.5,69
2021-09-23 23:00:00,380.0,9.7,4.1,69
2021-09-24 00:00:00,388.0,8.6,3.5,61
2021-09-24 01:00:00,415.0,8.6,0.4,61
2021-09-24 02:00:00,428.0,6.4,2.5,61
2021-09-24 03:00:00,453.0,7.9,-1.7,61
2021-09-24 04:00:00,433.0,6.3,-0.1,61
2021-09-24 05:00:00,444.0,5.5,-0.4,61
2021-09-24 06:00:00,466.0,5.9,-2.0,61
2021-09-24 07:00:00,464.0,5.4,-4.3,61
2021-09-24 08:00:00,444.0,3.7,0.8,61
2021-09-24 09:00:00,464.0,4.5,1.9,61
2021-09-24 10:00:00,471.0,5.0,2.0,61
2021-09-24 11:00:00,478.0,3.6,3.0,61
2021-09-24 12:00:00,477.0,3.7,2.8,61
2021-09-24 13:00:00,460.0,3.5,2.9,61
2021-09-24 14:00:00,457.0,3.0,0.0,61
2021-09-24 15:00:00,457.0,2.4,-1.8,61
2021-09-24 16:00:00,469.0,3.1,-2.8,61
2021-09-24 17:00:00,467.0,3.6,0.7,61
2021-09-24 18:00:00,475.0,3.1,0.6,61
2021-09-24 19:00:00,463.0,2.3,1.4,61
2021-09-24 20:00:00,456.0,2.1,0.2,61
2021-09-24 21:00:00,455.0,2.2,-0.3,61
2021-09-24 22:00:00,464.0,1.7,-0.6,61
2021-09-24 23:00:00,478.0,2.0,-0.8,61
2021-09-25 00:00:00,486.0,2.6,0.0,46
2021-09-25 01:00:00,476.0,2.2,2.1,46
2021-09-25 02:00:00,506.0,3.6,-2.6,46
2021-09-25 03:00:00,520.0,3.0,-0.8,46
2021-09-25 04:00:00,540.0,3.2,-0.6,46
2021-09-25 05:00:00,553.0,3.7,1.2,46
2021-09-25 06:00:00,549.0,3.5,1.6,46
2021-09-25 07:00:00,554.0,3.3,0.4,46
2021-09-25 08:00:00,549.0,3.3,-2.6,46
2021-09-25 09:00:00,547.0,3.1,-0.2,46
2021-09-25 10:00:00,538.0,2.9,0.3,46
2021-09-25 11:00:00,527.0,2.7,0.1,46
2021-09-25 12:00:00,514.0,2.2,-0.6,46
2021-09-25 13:00:00,516.0,2.4,1.1,46
2021-09-25 14:00:00,495.0,2.0,-0.2,46
2021-09-25 15:00:00,477.0,1.7,1.7,46
2021-09-25 16:00:00,487.0,2.1,0.2,46
2021-09-25 17:00:00,493.0,2.2,0.6,46
2021-09-25 18:00:00,488.0,2.4,-0.8,46
2021-09-25 19:00:00,488.0,1.7,-0.8,46
2021-09-25 20:00:00,492.0,1.5,-1.5,46
2021-09-25 21:00:00,478.0,2.0,-1.8,46
2021-09-25 22:00:00,468.0,2.5,-1.5,46
2021-09-25 23:00:00,464.0,1.9,-0.8,46
2021-09-26 00:00:00,457.0,2.1,0.4,50
2021-09-26 01:00:00,462.0,1.7,-0.1,50
2021-09-26 02:00:00,447.0,2.0,-0.3,50
2021-09-26 03:00:00,440.0,2.3,0.6,50
2021-09-26 04:00:00,423.0,1.6,1.7,50
2021-09-26 05:00:00,426.0,1.5,0.7,50
2021-09-26 06:00:00,426.0,1.6,0.1,50
2021-09-26 07:00:00,431.0,2.6,-0.8,50
2021-09-26 08:00:00,422.0,2.1,1.0,50
2021-09-26 09:00:00,417.0,2.3,1.3,50
2021-09-26 10:00:00,418.0,2.3,1.0,50
2021-09-26 11:00:00,419.0,2.4,1.2,50
2021-09-26 12:00:00,422.0,2.9,0.8,50
2021-09-26 13:00:00,409.0,2.7,0.9,50
2021-09-26 14:00:00,403.0,1.7,1.4,50
2021-09-26 15:00:00,403.0,1.6,1.4,50
2021-09-26 16:00:00,394.0,2.4,1.6,50
2021-09-26 17:00:00,386.0,2.9,1.1,50
2021-09-26 18:00:00,384.0,3.3,0.7,50
2021-09-26 19:00:00,385.0,3.9,0.4,50
2021-09-26 20:00:00,386.0,4.1,2.0,50
2021-09-26 21:00:00,383.0,5.2,1.2,50
2021-09-26 22:00:00,385.0,6.8,-0.9,50
2021-09-26 23:00:00,384.0,8.2,-1.6,50
2021-09-27 00:00:00,389.0,8.4,2.0,49
2021-09-27 01:00:00,390.0,5.3,-4.5,49
2021-09-27 02:00:00,387.0,8.4,-3.9,49
2021-09-27 03:00:00,389.0,9.4,-2.6,49
2021-09-27 04:00:00,391.0,8.4,-1.5,49
2021-09-27 05:00:00,397.0,9.6,-1.9,49
2021-09-27 06:00:00,397.0,12.0,-2.5,49
2021-09-27 07:00:00,390.0,12.4,-1.4,49
2021-09-27 08:00:00,387.0,12.3,-2.9,49
2021-09-27 09:00:00,386.0,8.8,-2.4,49
2021-09-27 10:00:00,378.0,9.5,-2.4,49
2021-09-27 11:00:00,378.0,9.8,-1.7,49
2021-09-27 12:00:00,373.0,8.7,-1.6,49
2021-09-27 13:00:00,373.0,7.8,-0.6,49
2021-09-27 14:00:00,375.0,7.8,0.7,49
2021-09-27 15:00:00,369.0,9.4,-2.3,49
2021-09-27 16:00:00,373.0,11.0,-1.1,49
2021-09-27 17:00:00,384.0,12.3,4.3,49
2021-09-27 18:00:00,385.0,13.4,2.5,49
2021-09-27 19:00:00,388.0,16.9,5.8,49
2021-09-27 20:00:00,388.0,21.2,8.7,49
2021-09-27 21:00:00,384.0,15.7,5.9,49
2021-09-27 22:00:00,403.0,13.1,4.9,49
2021-09-27 23:00:00,424.0,10.7,5.2,49
2021-09-28 00:00:00,444.0,8.3,6.6,56
2021-09-28 01:00:00,462.0,7.2,7.8,56
2021-09-28 02:00:00,459.0,7.3,6.3,56
2021-09-28 03:00:00,468.0,6.7,3.7,56
2021-09-28 04:00:00,465.0,7.3,-1.3,56
2021-09-28 05:00:00,467.0,6.2,3.3,56
2021-09-28 06:00:00,474.0,5.0,0.5,56
2021-09-28 07:00:00,496.0,3.0,0.7,56
2021-09-28 08:00:00,504.0,3.0,0.8,56
2021-09-28 09:00:00,508.0,2.5,-0.8,56
2021-09-28 10:00:00,510.0,2.6,-1.8,56
2021-09-28 11:00:00,504.0,2.2,0.4,56
2021-09-28 12:00:00,493.0,2.0,-0.1,56
2021-09-28 13:00:00,488.0,1.8,0.2,56
2021-09-28 14:00:00,483.0,2.0,0.0,56
2021-09-28 15:00:00,483.0,2.4,0.2,56
2021-09-28 16:00:00,479.0,2.7,-0.8,56
2021-09-28 17:00:00,501.0,3.5,-2.0,56
2021-09-28 18:00:00,510.0,3.5,-1.8,56
2021-09-28 19:00:00,508.0,3.4,-0.9,56
2021-09-28 20:00:00,500.0,3.3,-1.5,56
2021-09-28 21:00:00,499.0,3.2,0.2,56
2021-09-28 22:00:00,497.0,3.1,-1.7,56
2021-09-28 23:00:00,,,,56
2021-09-29 00:00:00,,,,70
2021-09-29 01:00:00,,,,70
2021-09-29 02:00:00,,,,70
2021-09-29 03:00:00,,,,70
2021-09-29 04:00:00,,,,70
2021-09-29 05:00:00,,,,70
2021-09-29 06:00:00,,,,70
2021-09-29 07:00:00,,,,70
2021-09-29 08:00:00,,,,70
2021-09-29 09:00:00,,,,70
2021-09-29 10:00:00,,,,70
2021-09-29 11:00:00,,,,70
2021-09-29 12:00:00,,,,70
2021-09-29 13:00:00,,,,70
2021-09-29 14:00:00,,,,70
2021-09-29 15:00:00,402.0,,,70
2021-09-29 16:00:00,403.0,3.5,-0.4,70
2021-09-29 17:00:00,411.0,6.1,-0.4,70
2021-09-29 18:00:00,401.0,8.5,-0.4,70
2021-09-29 19:00:00,396.0,8.6,-0.5,70
2021-09-29 20:00:00,396.0,8.1,-0.2,70
2021-09-29 21:00:00,392.0,8.1,0.7,70
2021-09-29 22:00:00,396.0,7.7,0.6,70
2021-09-29 23:00:00,390.0,10.6,0.3,70
2021-09-30 00:00:00,388.0,10.6,1.0,45
2021-09-30 01:00:00,392.0,10.3,1.1,45
2021-09-30 02:00:00,392.0,10.2,0.8,45
2021-09-30 03:00:00,396.0,9.1,1.3,45
2021-09-30 04:00:00,390.0,8.9,1.5,45
2021-09-30 05:00:00,387.0,9.2,0.4,45
2021-09-30 06:00:00,384.0,9.3,0.8,45
2021-09-30 07:00:00,387.0,10.6,0.5,45
2021-09-30 08:00:00,384.0,12.1,0.3,45
2021-09-30 09:00:00,385.0,11.5,0.5,45
2021-09-30 10:00:00,387.0,11.2,0.7,45
2021-09-30 11:00:00,390.0,8.8,1.1,45
2021-09-30 12:00:00,386.0,6.8,0.9,45
2021-09-30 13:00:00,385.0,7.0,1.0,45
2021-09-30 14:00:00,384.0,7.3,0.2,45
2021-09-30 15:00:00,396.0,13.1,0.5,45
2021-09-30 16:00:00,427.0,13.2,1.0,45
2021-09-30 17:00:00,427.0,17.9,-0.1,45
2021-09-30 18:00:00,426.0,32.2,-1.7,45
2021-09-30 19:00:00,448.0,12.4,-4.5,45
2021-09-30 20:00:00,452.0,15.6,4.3,45
2021-09-30 21:00:00,466.0,7.8,3.6,45
2021-09-30 22:00:00,516.0,7.3,2.0,45
2021-09-30 23:00:00,541.0,5.1,-0.1,45
2021-10-01 00:00:00,544.0,4.0,-1.3,36
2021-10-01 01:00:00,562.0,3.4,-0.6,36
2021-10-01 02:00:00,521.0,3.2,-0.6,36
2021-10-01 03:00:00,499.0,3.6,-0.5,36
2021-10-01 04:00:00,478.0,4.9,0.0,36
2021-10-01 05:00:00,491.0,4.2,-2.2,36
2021-10-01 06:00:00,487.0,4.4,-2.5,36
2021-10-01 07:00:00,510.0,5.7,-4.4,36
2021-10-01 08:00:00,518.0,4.8,0.5,36
2021-10-01 09:00:00,558.0,5.4,-4.0,36
2021-10-01 10:00:00,549.0,6.2,-4.2,36
2021-10-01 11:00:00,526.0,10.5,-2.3,36
2021-10-01 12:00:00,519.0,11.6,-0.9,36
2021-10-01 13:00:00,516.0,6.3,-1.8,36
2021-10-01 14:00:00,530.0,3.3,-3.0,36
2021-10-01 15:00:00,526.0,3.5,-2.8,36
2021-10-01 16:00:00,513.0,1.6,2.0,36
2021-10-01 17:00:00,516.0,1.6,3.2,36
2021-10-01 18:00:00,530.0,1.7,1.1,36
2021-10-01 19:00:00,503.0,1.5,4.5,36
2021-10-01 20:00:00,499.0,1.7,4.7,36
2021-10-01 21:00:00,495.0,1.4,5.2,36
2021-10-01 22:00:00,476.0,1.5,6.1,36
2021-10-01 23:00:00,469.0,1.6,5.3,36
2021-10-02 00:00:00,461.0,1.9,6.4,34
2021-10-02 01:00:00,453.0,2.0,4.8,34
2021-10-02 02:00:00,451.0,1.6,5.9,34
2021-10-02 03:00:00,442.0,1.7,6.3,34
2021-10-02 04:00:00,442.0,0.9,5.9,34
2021-10-02 05:00:00,440.0,1.6,6.6,34
2021-10-02 06:00:00,436.0,1.4,5.5,34
2021-10-02 07:00:00,438.0,1.5,4.0,34
2021-10-02 08:00:00,442.0,1.6,2.2,34
2021-10-02 09:00:00,448.0,2.4,-1.4,34
2021-10-02 10:00:00,441.0,8.0,-3.2,34
2021-10-02 11:00:00,435.0,8.5,-2.9,34
2021-10-02 12:00:00,429.0,15.7,-3.4,34
2021-10-02 13:00:00,423.0,12.1,-1.7,34
2021-10-02 14:00:00,415.0,5.6,1.5,34
2021-10-02 15:00:00,399.0,2.5,2.5,34
2021-10-02 16:00:00,418.0,2.3,1.1,34
2021-10-02 17:00:00,425.0,3.2,1.2,34
2021-10-02 18:00:00,413.0,2.8,1.6,34
2021-10-02 19:00:00,406.0,2.4,1.2,34
2021-10-02 20:00:00,404.0,2.3,1.5,34
2021-10-02 21:00:00,403.0,2.2,1.6,34
2021-10-02 22:00:00,401.0,2.3,0.6,34
2021-10-02 23:00:00,407.0,2.7,1.3,34
2021-10-03 00:00:00,411.0,2.4,1.9,26
2021-10-03 01:00:00,415.0,2.6,1.7,26
2021-10-03 02:00:00,416.0,2.6,0.3,26
2021-10-03 03:00:00,413.0,3.2,-0.4,26
2021-10-03 04:00:00,414.0,3.3,-1.6,26
2021-10-03 05:00:00,410.0,3.1,-0.3,26
2021-10-03 06:00:00,402.0,3.5,0.6,26
2021-10-03 07:00:00,404.0,3.6,-0.2,26
2021-10-03 08:00:00,401.0,3.8,-0.1,26
2021-10-03 09:00:00,403.0,4.2,-0.5,26
2021-10-03 10:00:00,401.0,3.9,-0.3,26
2021-10-03 11:00:00,398.0,3.9,-1.3,26
2021-10-03 12:00:00,392.0,3.7,-0.8,26
2021-10-03 13:00:00,389.0,4.1,0.2,26
2021-10-03 14:00:00,387.0,4.8,0.8,26
2021-10-03 15:00:00,384.0,4.9,1.0,26
2021-10-03 16:00:00,382.0,5.6,0.0,26
2021-10-03 17:00:00,385.0,6.1,0.6,26
2021-10-03 18:00:00,393.0,5.1,-2.1,26
2021-10-03 19:00:00,392.0,4.2,-2.8,26
2021-10-03 20:00:00,386.0,3.6,-2.6,26
2021-10-03 21:00:00,381.0,3.2,-3.0,26
2021-10-03 22:00:00,376.0,3.2,-3.1,26
2021-10-03 23:00:00,372.0,5.5,-3.3,26
2021-10-04 00:00:00,377.0,6.5,-2.9,35
2021-10-04 01:00:00,372.0,5.0,0.9,35
2021-10-04 02:00:00,364.0,4.9,1.0,35
2021-10-04 03:00:00,362.0,4.5,-1.4,35
2021-10-04 04:00:00,365.0,4.6,-2.1,35
2021-10-04 05:00:00,367.0,4.2,-2.3,35
2021-10-04 06:00:00,362.0,4.0,-1.2,35
2021-10-04 07:00:00,361.0,3.7,-1.4,35
2021-10-04 08:00:00,357.0,3.8,-1.3,35
2021-10-04 09:00:00,354.0,4.1,-1.8,35
2021-10-04 10:00:00,353.0,4.1,-0.7,35
2021-10-04 11:00:00,355.0,4.0,-0.2,35
2021-10-04 12:00:00,355.0,4.4,-0.8,35
2021-10-04 13:00:00,350.0,4.0,-0.5,35
2021-10-04 14:00:00,345.0,3.8,0.3,35
2021-10-04 15:00:00,338.0,3.7,-0.7,35
2021-10-04 16:00:00,333.0,4.4,-2.2,35
2021-10-04 17:00:00,335.0,4.6,-2.1,35
2021-10-04 18:00:00,337.0,5.4,-1.2,35
2021-10-04 19:00:00,332.0,5.6,-0.5,35
2021-10-04 20:00:00,326.0,6.2,-1.3,35
2021-10-04 21:00:00,323.0,6.4,-0.6,35
2021-10-04 22:00:00,322.0,6.7,-1.0,35
2021-10-04 23:00:00,322.0,6.9,-1.8,35
2021-10-05 00:00:00,327.0,6.1,-2.0,31
2021-10-05 01:00:00,323.0,6.3,-1.8,31
2021-10-05 02:00:00,314.0,6.8,-2.0,31
2021-10-05 03:00:00,310.0,7.7,-1.8,31
2021-10-05 04:00:00,307.0,6.9,-2.2,31
2021-10-05 05:00:00,306.0,5.8,-1.9,31
2021-10-05 06:00:00,301.0,5.8,-2.0,31
2021-10-05 07:00:00,294.0,5.3,-2.0,31
2021-10-05 08:00:00,292.0,5.8,-0.6,31
2021-10-05 09:00:00,290.0,4.5,-0.5,31
2021-10-05 10:00:00,290.0,4.1,-0.7,31
2021-10-05 11:00:00,290.0,4.3,-0.8,31
2021-10-05 12:00:00,290.0,4.1,-0.9,31
2021-10-05 13:00:00,293.0,4.0,-0.5,31
2021-10-05 14:00:00,303.0,5.7,-1.4,31
2021-10-05 15:00:00,311.0,7.5,0.5,31
2021-10-05 16:00:00,306.0,7.2,1.8,31
2021-10-05 17:00:00,309.0,8.5,2.3,31
2021-10-05 18:00:00,303.0,7.7,1.5,31
2021-10-05 19:00:00,300.0,7.3,-0.7,31
2021-10-05 20:00:00,298.0,6.9,2.9,31
2021-10-05 21:00:00,299.0,6.9,2.7,31
2021-10-05 22:00:00,307.0,6.8,-0.8,31
2021-10-05 23:00:00,306.0,9.1,0.9,31
2021-10-06 00:00:00,306.0,11.9,-0.1,26
2021-10-06 01:00:00,306.0,11.1,-0.1,26
2021-10-06 02:00:00,308.0,12.4,-0.4,26
2021-10-06 03:00:00,318.0,20.0,0.6,26
2021-10-06 04:00:00,324.0,22.0,0.9,26
2021-10-06 05:00:00,324.0,24.7,1.4,26
2021-10-06 06:00:00,323.0,26.6,-1.2,26
2021-10-06 07:00:00,329.0,25.8,0.9,26
2021-10-06 08:00:00,324.0,23.5,-1.7,26
2021-10-06 09:00:00,320.0,21.6,-4.2,26
2021-10-06 10:00:00,331.0,18.7,-2.0,26
2021-10-06 11:00:00,334.0,18.7,-2.7,26
2021-10-06 12:00:00,337.0,22.3,-2.2,26
2021-10-06 13:00:00,332.0,28.1,-0.7,26
2021-10-06 14:00:00,329.0,26.7,-0.2,26
2021-10-06 15:00:00,330.0,17.7,-5.6,26
2021-10-06 16:00:00,328.0,9.9,-4.8,26
2021-10-06 17:00:00,322.0,12.3,2.3,26
2021-10-06 18:00:00,327.0,14.0,3.0,26
2021-10-06 19:00:00,326.0,16.6,7.6,26
2021-10-06 20:00:00,318.0,19.2,8.0,26
2021-10-06 21:00:00,319.0,19.8,8.2,26
2021-10-06 22:00:00,314.0,19.3,7.2,26
2021-10-06 23:00:00,308.0,15.7,8.2,26
2021-10-07 00:00:00,306.0,15.2,8.4,16
2021-10-07 01:00:00,306.0,16.6,8.6,16
2021-10-07 02:00:00,302.0,11.4,9.3,16
2021-10-07 03:00:00,298.0,6.9,9.4,16
2021-10-07 04:00:00,295.0,6.1,8.7,16
2021-10-07 05:00:00,309.0,6.3,7.9,16
2021-10-07 06:00:00,330.0,6.6,6.5,16
2021-10-07 07:00:00,338.0,2.8,6.5,16
2021-10-07 08:00:00,337.0,3.4,5.4,16
2021-10-07 09:00:00,326.0,3.2,1.2,16
2021-10-07 10:00:00,314.0,3.2,2.6,16
2021-10-07 11:00:00,311.0,3.1,1.5,16
2021-10-07 12:00:00,322.0,2.6,-3.1,16
2021-10-07 13:00:00,325.0,4.8,-3.5,16
2021-10-07 14:00:00,333.0,5.4,-2.9,16
2021-10-07 15:00:00,331.0,5.6,-2.8,16
2021-10-07 16:00:00,325.0,6.0,-1.4,16
2021-10-07 17:00:00,315.0,5.8,-0.1,16
2021-10-07 18:00:00,312.0,5.6,0.0,16
2021-10-07 19:00:00,312.0,5.1,0.1,16
2021-10-07 20:00:00,318.0,5.5,0.3,16
2021-10-07 21:00:00,313.0,5.8,-0.6,16
2021-10-07 22:00:00,311.0,6.0,0.7,16
2021-10-07 23:00:00,312.0,5.8,0.7,16
2021-10-08 00:00:00,312.0,6.1,0.0,19
2021-10-08 01:00:00,307.0,5.9,-1.2,19
2021-10-08 02:00:00,309.0,7.3,0.7,19
2021-10-08 03:00:00,311.0,6.9,-2.1,19
2021-10-08 04:00:00,307.0,6.8,-1.5,19
2021-10-08 05:00:00,305.0,6.4,-0.4,19
2021-10-08 06:00:00,304.0,6.8,-1.6,19
2021-10-08 07:00:00,304.0,6.9,-1.5,19
2021-10-08 08:00:00,301.0,6.9,-2.0,19
2021-10-08 09:00:00,299.0,6.9,-0.3,19
2021-10-08 10:00:00,290.0,7.1,0.0,19
2021-10-08 11:00:00,293.0,7.1,0.7,19
2021-10-08 12:00:00,293.0,7.3,0.9,19
2021-10-08 13:00:00,292.0,7.2,-0.9,19
2021-10-08 14:00:00,295.0,6.0,-3.2,19
2021-10-08 15:00:00,296.0,7.2,-1.6,19
2021-10-08 16:00:00,293.0,7.5,-0.5,19
2021-10-08 17:00:00,287.0,9.0,0.2,19
2021-10-08 18:00:00,288.0,9.4,0.1,19
2021-10-08 19:00:00,288.0,10.1,-1.2,19
2021-10-08 20:00:00,290.0,10.3,-0.2,19
2021-10-08 21:00:00,288.0,10.0,-0.7,19
2021-10-08 22:00:00,287.0,8.8,-0.3,19
2021-10-08 23:00:00,291.0,7.8,-0.9,19
2021-10-09 00:00:00,292.0,7.2,-1.7,24
2021-10-09 01:00:00,292.0,7.0,-1.3,24
2021-10-09 02:00:00,293.0,7.2,1.8,24
2021-10-09 03:00:00,286.0,7.2,0.1,24
2021-10-09 04:00:00,287.0,6.9,-2.5,24
2021-10-09 05:00:00,288.0,5.4,-2.1,24
2021-10-09 06:00:00,297.0,5.5,-1.6,24
2021-10-09 07:00:00,297.0,5.5,-0.9,24
2021-10-09 08:00:00,293.0,5.6,-0.4,24
2021-10-09 09:00:00,286.0,4.9,0.8,24
2021-10-09 10:00:00,270.0,3.5,0.7,24
2021-10-09 11:00:00,291.0,3.9,-1.8,24
2021-10-09 12:00:00,291.0,4.1,-1.4,24
2021-10-09 13:00:00,293.0,6.1,-0.6,24
2021-10-09 14:00:00,298.0,8.5,-2.1,24
2021-10-09 15:00:00,300.0,7.7,-3.0,24
2021-10-09 16:00:00,298.0,6.9,-3.6,24
2021-10-09 17:00:00,299.0,8.3,-3.2,24
2021-10-09 18:00:00,296.0,9.2,-3.3,24
2021-10-09 19:00:00,297.0,10.9,-2.7,24
2021-10-09 20:00:00,296.0,9.3,-2.6,24
2021-10-09 21:00:00,297.0,6.2,-3.6,24
2021-10-09 22:00:00,299.0,7.7,-1.9,24
2021-10-09 23:00:00,300.0,7.4,-2.9,24
2021-10-10 00:00:00,300.0,7.9,0.3,39
2021-10-10 01:00:00,301.0,8.3,1.4,39
2021-10-10 02:00:00,303.0,14.4,2.1,39
2021-10-10 03:00:00,303.0,21.8,3.6,39
2021-10-10 04:00:00,305.0,11.2,-4.3,39
2021-10-10 05:00:00,299.0,9.5,-2.0,39
2021-10-10 06:00:00,305.0,14.6,3.0,39
2021-10-10 07:00:00,318.0,19.0,1.8,39
2021-10-10 08:00:00,308.0,19.6,3.6,39
2021-10-10 09:00:00,301.0,20.9,5.0,39
2021-10-10 10:00:00,300.0,24.3,1.2,39
2021-10-10 11:00:00,300.0,20.5,-5.3,39
2021-10-10 12:00:00,299.0,22.4,-4.9,39
2021-10-10 13:00:00,299.0,24.6,-4.6,39
2021-10-10 14:00:00,304.0,17.9,-5.1,39
2021-10-10 15:00:00,314.0,15.1,-0.7,39
2021-10-10 16:00:00,312.0,15.2,0.4,39
2021-10-10 17:00:00,308.0,13.4,3.7,39
2021-10-10 18:00:00,308.0,14.6,-1.9,39
2021-10-10 19:00:00,313.0,19.3,7.8,39
2021-10-10 20:00:00,319.0,13.0,-4.0,39
2021-10-10 21:00:00,333.0,12.9,-7.9,39
2021-10-10 22:00:00,326.0,12.1,7.7,39
2021-10-10 23:00:00,325.0,12.5,5.8,39
2021-10-11 00:00:00,327.0,12.5,0.1,30
2021-10-11 01:00:00,335.0,13.8,-3.3,30
2021-10-11 02:00:00,337.0,9.0,-2.5,30
2021-10-11 03:00:00,343.0,9.0,-0.6,30
2021-10-11 04:00:00,366.0,9.6,0.2,30
2021-10-11 05:00:00,381.0,9.9,-2.2,30
2021-10-11 06:00:00,386.0,8.7,-3.4,30
2021-10-11 07:00:00,377.0,7.9,-2.2,30
2021-10-11 08:00:00,388.0,7.3,-2.0,30
2021-10-11 09:00:00,389.0,7.5,-1.2,30
2021-10-11 10:00:00,377.0,7.8,-2.7,30
2021-10-11 11:00:00,390.0,8.0,-1.6,30
2021-10-11 12:00:00,391.0,7.4,-3.5,30
2021-10-11 13:00:00,389.0,7.3,-1.3,30
2021-10-11 14:00:00,384.0,7.3,-3.8,30
2021-10-11 15:00:00,382.0,7.1,-3.6,30
2021-10-11 16:00:00,371.0,6.7,-4.3,30
2021-10-11 17:00:00,380.0,5.9,-4.3,30
2021-10-11 18:00:00,375.0,6.4,-3.2,30
2021-10-11 19:00:00,376.0,6.5,-4.0,30
2021-10-11 20:00:00,372.0,6.2,-3.0,30
2021-10-11 21:00:00,374.0,5.1,-4.9,30
2021-10-11 22:00:00,370.0,4.6,-5.0,30
2021-10-11 23:00:00,365.0,4.5,-4.2,30
2021-10-12 00:00:00,365.0,4.9,-4.7,18
2021-10-12 01:00:00,369.0,6.5,-5.3,18
2021-10-12 02:00:00,411.0,12.7,-7.1,18
2021-10-12 03:00:00,435.0,23.5,-8.3,18
2021-10-12 04:00:00,439.0,26.9,-3.3,18
2021-10-12 05:00:00,453.0,30.0,-5.3,18
2021-10-12 06:00:00,457.0,15.9,6.2,18
2021-10-12 07:00:00,477.0,6.9,-0.1,18
2021-10-12 08:00:00,459.0,9.1,12.4,18
2021-10-12 09:00:00,457.0,17.5,4.8,18
2021-10-12 10:00:00,455.0,31.2,-9.1,18
2021-10-12 11:00:00,452.0,24.5,-5.3,18
2021-10-12 12:00:00,454.0,21.0,-7.9,18
2021-10-12 13:00:00,454.0,23.9,-7.4,18
2021-10-12 14:00:00,461.0,22.8,-7.1,18
2021-10-12 15:00:00,476.0,23.6,-1.4,18
2021-10-12 16:00:00,485.0,13.2,6.2,18
2021-10-12 17:00:00,472.0,15.2,-0.5,18
2021-10-12 18:00:00,456.0,8.2,2.9,18
2021-10-12 19:00:00,466.0,15.6,1.8,18
2021-10-12 20:00:00,463.0,13.8,0.1,18
2021-10-12 21:00:00,450.0,11.2,-1.5,18
2021-10-12 22:00:00,457.0,5.4,-0.2,18
2021-10-12 23:00:00,458.0,4.9,-0.8,18
2021-10-13 00:00:00,456.0,5.0,-0.4,20
2021-10-13 01:00:00,453.0,4.7,0.3,20
2021-10-13 02:00:00,451.0,4.5,0.2,20
2021-10-13 03:00:00,452.0,4.1,0.2,20
2021-10-13 04:00:00,448.0,3.5,1.3,20
2021-10-13 05:00:00,442.0,1.8,1.4,20
2021-10-13 06:00:00,442.0,2.0,1.8,20
2021-10-13 07:00:00,435.0,2.2,1.1,20
2021-10-13 08:00:00,435.0,2.4,1.1,20
2021-10-13 09:00:00,428.0,2.2,0.9,20
2021-10-13 10:00:00,424.0,2.2,0.8,20
2021-10-13 11:00:00,416.0,2.2,0.7,20
2021-10-13 12:00:00,416.0,2.1,1.0,20
2021-10-13 13:00:00,412.0,2.1,0.8,20
2021-10-13 14:00:00,410.0,3.3,-0.5,20
2021-10-13 15:00:00,405.0,5.0,0.4,20
2021-10-13 16:00:00,404.0,4.3,1.6,20
2021-10-13 17:00:00,404.0,2.3,1.0,20
2021-10-13 18:00:00,401.0,2.5,1.0,20
2021-10-13 19:00:00,404.0,2.6,0.5,20
2021-10-13 20:00:00,400.0,3.4,0.2,20
2021-10-13 21:00:00,399.0,4.8,1.6,20
2021-10-13 22:00:00,395.0,4.8,1.9,20
2021-10-13 23:00:00,385.0,5.1,2.2,20
2021-10-14 00:00:00,399.0,6.6,-0.7,21
2021-10-14 01:00:00,395.0,5.4,-2.1,21
2021-10-14 02:00:00,394.0,4.8,-2.2,21
2021-10-14 03:00:00,396.0,7.8,0.2,21
2021-10-14 04:00:00,395.0,7.7,-1.8,21
2021-10-14 05:00:00,398.0,7.7,0.1,21
2021-10-14 06:00:00,399.0,8.3,-0.4,21
2021-10-14 07:00:00,393.0,8.3,-0.5,21
2021-10-14 08:00:00,392.0,7.8,-0.9,21
2021-10-14 09:00:00,390.0,7.8,-1.5,21
2021-10-14 10:00:00,376.0,5.0,-2.0,21
2021-10-14 11:00:00,379.0,4.8,-1.9,21
2021-10-14 12:00:00,380.0,5.4,-1.2,21
2021-10-14 13:00:00,372.0,4.3,-2.1,21
2021-10-14 14:00:00,374.0,4.3,-1.8,21
2021-10-14 15:00:00,375.0,5.3,-1.9,21
2021-10-14 16:00:00,378.0,5.8,-3.4,21
2021-10-14 17:00:00,373.0,5.8,-2.6,21
2021-10-14 18:00:00,375.0,7.5,-1.8,21
2021-10-14 19:00:00,379.0,15.1,-2.5,21
2021-10-14 20:00:00,381.0,17.1,-2.8,21
2021-10-14 21:00:00,380.0,17.9,-3.5,21
2021-10-14 22:00:00,384.0,14.8,-3.7,21
2021-10-14 23:00:00,379.0,19.4,0.8,21
2021-10-15 00:00:00,373.0,16.9,-0.3,12
2021-10-15 01:00:00,381.0,12.0,-1.8,12
2021-10-15 02:00:00,380.0,11.8,-1.6,12
2021-10-15 03:00:00,382.0,11.1,0.7,12
2021-10-15 04:00:00,383.0,10.4,0.0,12
2021-10-15 05:00:00,380.0,9.8,-1.4,12
2021-10-15 06:00:00,385.0,9.0,-1.5,12
2021-10-15 07:00:00,380.0,9.0,-2.6,12
2021-10-15 08:00:00,376.0,9.2,-2.3,12
2021-10-15 09:00:00,374.0,8.6,-0.5,12
2021-10-15 10:00:00,361.0,9.7,0.2,12
2021-10-15 11:00:00,353.0,9.4,0.7,12
2021-10-15 12:00:00,349.0,8.6,0.2,12
2021-10-15 13:00:00,345.0,7.8,-0.2,12
2021-10-15 14:00:00,343.0,7.5,-0.1,12
2021-10-15 15:00:00,344.0,7.8,0.2,12
2021-10-15 16:00:00,345.0,7.3,0.1,12
2021-10-15 17:00:00,347.0,7.0,0.2,12
2021-10-15 18:00:00,351.0,8.1,1.2,12
2021-10-15 19:00:00,348.0,7.9,-0.2,12
2021-10-15 20:00:00,350.0,8.1,-2.2,12
2021-10-15 21:00:00,347.0,6.9,-2.9,12
2021-10-15 22:00:00,338.0,6.5,-2.4,12
2021-10-15 23:00:00,340.0,5.2,-2.8,12
2021-10-16 00:00:00,319.0,4.8,-1.5,11
2021-10-16 01:00:00,358.0,7.9,-4.3,11
2021-10-16 02:00:00,388.0,8.7,-2.8,11
2021-10-16 03:00:00,350.0,9.6,3.8,11
2021-10-16 04:00:00,359.0,9.8,6.4,11
2021-10-16 05:00:00,364.0,9.1,5.3,11
2021-10-16 06:00:00,389.0,10.8,-3.6,11
2021-10-16 07:00:00,394.0,9.8,-1.7,11
2021-10-16 08:00:00,390.0,10.0,-2.9,11
2021-10-16 09:00:00,410.0,9.2,1.5,11
2021-10-16 10:00:00,403.0,6.6,5.4,11
2021-10-16 11:00:00,399.0,7.0,6.4,11
2021-10-16 12:00:00,398.0,7.4,6.5,11
2021-10-16 13:00:00,397.0,7.7,5.6,11
2021-10-16 14:00:00,388.0,7.1,7.5,11
2021-10-16 15:00:00,393.0,8.0,6.8,11
2021-10-16 16:00:00,391.0,16.7,5.1,11
2021-10-16 17:00:00,387.0,10.2,5.8,11
2021-10-16 18:00:00,384.0,5.0,6.1,11
2021-10-16 19:00:00,384.0,5.3,6.5,11
2021-10-16 20:00:00,384.0,2.5,7.7,11
2021-10-16 21:00:00,386.0,2.3,8.3,11
2021-10-16 22:00:00,381.0,2.4,8.3,11
2021-10-16 23:00:00,375.0,2.7,8.7,11
2021-10-17 00:00:00,378.0,3.0,8.9,0
2021-10-17 01:00:00,381.0,3.4,8.8,0
2021-10-17 02:00:00,379.0,3.0,6.3,0
2021-10-17 03:00:00,381.0,4.2,5.6,0
2021-10-17 04:00:00,382.0,4.6,5.9,0
2021-10-17 05:00:00,373.0,4.5,6.8,0
2021-10-17 06:00:00,374.0,8.4,6.2,0
2021-10-17 07:00:00,375.0,7.7,4.2,0
2021-10-17 08:00:00,376.0,5.8,4.4,0
2021-10-17 09:00:00,371.0,6.1,-0.7,0
2021-10-17 10:00:00,362.0,6.0,-3.7,0
2021-10-17 11:00:00,358.0,5.7,-4.4,0
2021-10-17 12:00:00,353.0,5.4,-2.8,0
2021-10-17 13:00:00,349.0,5.6,-3.6,0
2021-10-17 14:00:00,349.0,5.8,-1.7,0
2021-10-17 15:00:00,350.0,6.2,-1.5,0
2021-10-17 16:00:00,344.0,6.4,-1.4,0
2021-10-17 17:00:00,352.0,9.2,-4.9,0
2021-10-17 18:00:00,350.0,9.5,-6.1,0
2021-10-17 19:00:00,349.0,7.1,-4.2,0
2021-10-17 20:00:00,356.0,7.2,-3.8,0
2021-10-17 21:00:00,345.0,6.3,-7.5,0
2021-10-17 22:00:00,340.0,6.4,-6.5,0
2021-10-17 23:00:00,341.0,7.5,-5.4,0
2021-10-18 00:00:00,334.0,8.6,-4.9,18
2021-10-18 01:00:00,335.0,10.1,-2.8,18
2021-10-18 02:00:00,337.0,8.3,1.2,18
2021-10-18 03:00:00,338.0,8.0,3.0,18
2021-10-18 04:00:00,332.0,8.0,4.4,18
2021-10-18 05:00:00,333.0,8.5,5.9,18
2021-10-18 06:00:00,338.0,7.9,8.6,18
2021-10-18 07:00:00,346.0,7.2,8.4,18
2021-10-18 08:00:00,353.0,6.0,9.3,18
2021-10-18 09:00:00,358.0,9.4,9.7,18
2021-10-18 10:00:00,363.0,15.3,8.8,18
2021-10-18 11:00:00,365.0,18.3,5.7,18
2021-10-18 12:00:00,365.0,13.7,6.3,18
2021-10-18 13:00:00,374.0,16.9,3.1,18
2021-10-18 14:00:00,374.0,25.9,1.2,18
2021-10-18 15:00:00,372.0,24.4,1.9,18
2021-10-18 16:00:00,369.0,21.0,-4.1,18
2021-10-18 17:00:00,362.0,22.4,-2.9,18
2021-10-18 18:00:00,360.0,25.2,-3.1,18
2021-10-18 19:00:00,368.0,30.4,-2.5,18
2021-10-18 20:00:00,373.0,16.6,-1.5,18
2021-10-18 21:00:00,376.0,18.7,0.7,18
2021-10-18 22:00:00,372.0,16.6,1.2,18
2021-10-18 23:00:00,376.0,16.1,7.2,18
2021-10-19 00:00:00,381.0,14.3,4.4,13
2021-10-19 01:00:00,377.0,12.2,-1.6,13
2021-10-19 02:00:00,375.0,11.0,-5.9,13
2021-10-19 03:00:00,372.0,11.4,-2.3,13
2021-10-19 04:00:00,362.0,11.1,3.5,13
2021-10-19 05:00:00,369.0,10.9,2.8,13
2021-10-19 06:00:00,359.0,10.3,0.4,13
2021-10-19 07:00:00,357.0,9.8,0.8,13
2021-10-19 08:00:00,356.0,9.7,-0.4,13
2021-10-19 09:00:00,370.0,10.6,0.3,13
2021-10-19 10:00:00,351.0,6.5,2.1,13
2021-10-19 11:00:00,354.0,7.3,3.1,13
2021-10-19 12:00:00,370.0,7.8,3.7,13
2021-10-19 13:00:00,393.0,8.7,0.8,13
2021-10-19 14:00:00,401.0,15.6,-4.6,13
2021-10-19 15:00:00,402.0,26.3,-0.8,13
2021-10-19 16:00:00,401.0,26.3,-5.4,13
2021-10-19 17:00:00,401.0,25.9,-1.1,13
2021-10-19 18:00:00,402.0,23.3,1.5,13
2021-10-19 19:00:00,397.0,25.6,2.2,13
2021-10-19 20:00:00,383.0,11.6,2.5,13
2021-10-19 21:00:00,364.0,6.6,0.7,13
2021-10-19 22:00:00,395.0,10.7,0.6,13
2021-10-19 23:00:00,394.0,10.5,2.1,13
2021-10-20 00:00:00,397.0,11.4,-0.2,12
2021-10-20 01:00:00,406.0,10.2,-0.9,12
2021-10-20 02:00:00,406.0,6.1,0.7,12
2021-10-20 03:00:00,408.0,4.6,-0.4,12
2021-10-20 04:00:00,407.0,5.3,0.6,12
2021-10-20 05:00:00,402.0,6.7,0.8,12
2021-10-20 06:00:00,396.0,9.5,-0.1,12
2021-10-20 07:00:00,402.0,10.7,1.9,12
2021-10-20 08:00:00,400.0,10.7,0.8,12
2021-10-20 09:00:00,405.0,9.1,0.9,12
2021-10-20 10:00:00,397.0,10.4,1.4,12
2021-10-20 11:00:00,384.0,11.7,0.6,12
2021-10-20 12:00:00,382.0,10.9,-0.1,12
2021-10-20 13:00:00,381.0,13.6,0.3,12
2021-10-20 14:00:00,384.0,13.3,-1.4,12
2021-10-20 15:00:00,387.0,9.0,0.3,12
2021-10-20 16:00:00,383.0,11.2,1.1,12
2021-10-20 17:00:00,388.0,14.2,-1.1,12
2021-10-20 18:00:00,383.0,17.2,1.2,12
2021-10-20 19:00:00,395.0,15.9,2.5,12
2021-10-20 20:00:00,414.0,13.7,-1.3,12
2021-10-20 21:00:00,440.0,14.0,-0.4,12
2021-10-20 22:00:00,447.0,9.5,4.5,12
2021-10-20 23:00:00,468.0,8.4,2.7,12
2021-10-21 00:00:00,511.0,5.4,1.9,18
2021-10-21 01:00:00,554.0,5.1,0.5,18
2021-10-21 02:00:00,542.0,4.6,2.8,18
2021-10-21 03:00:00,530.0,5.2,1.1,18
2021-10-21 04:00:00,530.0,5.2,1.5,18
2021-10-21 05:00:00,529.0,4.3,-1.6,18
2021-10-21 06:00:00,534.0,4.3,-2.2,18
2021-10-21 07:00:00,537.0,4.3,-1.5,18
2021-10-21 08:00:00,530.0,4.3,1.8,18
2021-10-21 09:00:00,516.0,4.5,2.4,18
2021-10-21 10:00:00,513.0,3.5,1.0,18
2021-10-21 11:00:00,512.0,3.3,1.5,18
2021-10-21 12:00:00,512.0,3.7,0.3,18
2021-10-21 13:00:00,489.0,3.5,0.8,18
2021-10-21 14:00:00,480.0,4.5,1.2,18
2021-10-21 15:00:00,497.0,3.7,-1.5,18
2021-10-21 16:00:00,517.0,2.7,-1.7,18
2021-10-21 17:00:00,517.0,2.4,-0.4,18
2021-10-21 18:00:00,518.0,2.5,-1.1,18
2021-10-21 19:00:00,513.0,2.3,-0.5,18
2021-10-21 20:00:00,492.0,2.1,0.0,18
2021-10-21 21:00:00,487.0,2.1,-1.2,18
2021-10-21 22:00:00,486.0,2.4,-1.5,18
2021-10-21 23:00:00,486.0,2.1,0.0,18
2021-10-22 00:00:00,484.0,2.2,-0.1,37
2021-10-22 01:00:00,468.0,1.6,-0.3,37
2021-10-22 02:00:00,458.0,1.3,0.3,37
2021-10-22 03:00:00,462.0,1.4,0.8,37
2021-10-22 04:00:00,461.0,1.9,0.3,37
2021-10-22 05:00:00,452.0,2.0,0.2,37
2021-10-22 06:00:00,456.0,2.1,-0.2,37
2021-10-22 07:00:00,449.0,2.0,-0.2,37
2021-10-22 08:00:00,439.0,1.9,-0.6,37
2021-10-22 09:00:00,444.0,2.6,-0.3,37
2021-10-22 10:00:00,454.0,2.8,0.9,37
2021-10-22 11:00:00,459.0,3.3,-0.6,37
2021-10-22 12:00:00,471.0,3.1,-1.8,37
2021-10-22 13:00:00,475.0,2.8,-0.4,37
2021-10-22 14:00:00,474.0,2.9,1.7,37
2021-10-22 15:00:00,477.0,2.9,0.3,37
2021-10-22 16:00:00,483.0,2.8,0.3,37
2021-10-22 17:00:00,461.0,3.1,0.9,37
2021-10-22 18:00:00,457.0,2.8,1.9,37
2021-10-22 19:00:00,457.0,3.0,3.2,37
2021-10-22 20:00:00,449.0,3.9,0.1,37
2021-10-22 21:00:00,441.0,3.5,1.3,37
2021-10-22 22:00:00,436.0,3.1,-0.6,37
2021-10-22 23:00:00,449.0,2.7,-0.8,37
2021-10-23 00:00:00,455.0,2.5,-0.3,50
2021-10-23 01:00:00,458.0,2.8,-0.6,50
2021-10-23 02:00:00,439.0,3.2,1.2,50
2021-10-23 03:00:00,446.0,3.1,0.9,50
2021-10-23 04:00:00,442.0,2.8,1.3,50
2021-10-23 05:00:00,439.0,2.7,1.6,50
2021-10-23 06:00:00,451.0,2.4,1.1,50
2021-10-23 07:00:00,449.0,2.3,0.7,50
2021-10-23 08:00:00,441.0,2.4,0.4,50
2021-10-23 09:00:00,428.0,2.1,0.0,50
2021-10-23 10:00:00,423.0,2.5,0.3,50
2021-10-23 11:00:00,405.0,3.2,-0.3,50
2021-10-23 12:00:00,390.0,3.7,0.5,50
2021-10-23 13:00:00,374.0,3.9,0.5,50
2021-10-23 14:00:00,372.0,4.1,0.6,50
2021-10-23 15:00:00,366.0,4.4,0.1,50
2021-10-23 16:00:00,362.0,4.2,-0.3,50
2021-10-23 17:00:00,366.0,3.8,-1.8,50
2021-10-23 18:00:00,366.0,3.8,-0.9,50
2021-10-23 19:00:00,354.0,4.0,-1.7,50
2021-10-23 20:00:00,353.0,4.2,-1.1,50
2021-10-23 21:00:00,353.0,4.3,-0.1,50
2021-10-23 22:00:00,345.0,4.9,0.3,50
2021-10-23 23:00:00,359.0,6.3,-1.7,50
2021-10-24 00:00:00,366.0,7.1,-0.7,41
2021-10-24 01:00:00,353.0,7.4,0.6,41
2021-10-24 02:00:00,359.0,7.8,0.2,41
2021-10-24 03:00:00,354.0,8.3,-2.4,41
2021-10-24 04:00:00,351.0,7.2,-1.8,41
2021-10-24 05:00:00,340.0,7.9,2.3,41
2021-10-24 06:00:00,341.0,6.1,2.2,41
2021-10-24 07:00:00,344.0,6.6,2.2,41
2021-10-24 08:00:00,351.0,8.8,3.6,41
2021-10-24 09:00:00,349.0,10.2,0.2,41
2021-10-24 10:00:00,360.0,10.5,-2.7,41
2021-10-24 11:00:00,355.0,10.7,0.4,41
2021-10-24 12:00:00,347.0,10.1,1.5,41
2021-10-24 13:00:00,350.0,8.6,2.0,41
2021-10-24 14:00:00,358.0,8.1,-0.9,41
2021-10-24 15:00:00,358.0,7.0,-3.6,41
2021-10-24 16:00:00,353.0,5.7,-2.9,41
2021-10-24 17:00:00,351.0,5.3,-3.2,41
2021-10-24 18:00:00,347.0,5.9,-3.6,41
2021-10-24 19:00:00,348.0,5.3,-3.4,41
2021-10-24 20:00:00,346.0,4.9,-2.1,41
2021-10-24 21:00:00,352.0,4.9,-1.9,41
2021-10-24 22:00:00,359.0,4.7,-0.9,41
2021-10-24 23:00:00,361.0,5.2,0.1,41
2021-10-25 00:00:00,329.0,5.2,-0.5,68
2021-10-25 01:00:00,321.0,5.5,-0.8,68
2021-10-25 02:00:00,317.0,5.3,-0.3,68
2021-10-25 03:00:00,330.0,6.0,-2.5,68
2021-10-25 04:00:00,326.0,5.9,-2.1,68
2021-10-25 05:00:00,336.0,5.9,-2.8,68
2021-10-25 06:00:00,323.0,5.6,-2.8,68
2021-10-25 07:00:00,314.0,4.9,-1.3,68
2021-10-25 08:00:00,324.0,5.8,-2.1,68
2021-10-25 09:00:00,336.0,5.8,-2.9,68
2021-10-25 10:00:00,338.0,6.4,-2.4,68
2021-10-25 11:00:00,344.0,8.5,-1.8,68
2021-10-25 12:00:00,341.0,9.8,-2.0,68
2021-10-25 13:00:00,339.0,12.8,-3.8,68
2021-10-25 14:00:00,326.0,14.8,-3.2,68
2021-10-25 15:00:00,340.0,21.4,-2.0,68
2021-10-25 16:00:00,342.0,21.7,-2.1,68
2021-10-25 17:00:00,341.0,15.9,-1.1,68
2021-10-25 18:00:00,338.0,11.3,2.0,68
2021-10-25 19:00:00,335.0,10.5,0.3,68
2021-10-25 20:00:00,337.0,8.1,0.8,68
2021-10-25 21:00:00,333.0,7.3,2.6,68
2021-10-25 22:00:00,339.0,10.7,-0.2,68
2021-10-25 23:00:00,342.0,11.7,-2.9,68
2021-10-26 00:00:00,326.0,7.4,2.1,92
2021-10-26 01:00:00,345.0,10.7,-1.3,92
2021-10-26 02:00:00,341.0,9.4,-3.7,92
2021-10-26 03:00:00,338.0,11.1,-2.4,92
2021-10-26 04:00:00,342.0,9.0,-1.3,92
2021-10-26 05:00:00,338.0,8.7,-0.4,92
2021-10-26 06:00:00,330.0,7.4,1.3,92
2021-10-26 07:00:00,331.0,7.0,0.8,92
2021-10-26 08:00:00,334.0,7.5,0.3,92
2021-10-26 09:00:00,333.0,7.3,0.7,92
2021-10-26 10:00:00,343.0,7.1,1.1,92
2021-10-26 11:00:00,343.0,7.2,2.0,92
2021-10-26 12:00:00,348.0,7.7,0.2,92
2021-10-26 13:00:00,349.0,7.4,-1.6,92
2021-10-26 14:00:00,342.0,7.5,-1.4,92
2021-10-26 15:00:00,354.0,7.5,-0.6,92
2021-10-26 16:00:00,349.0,7.3,1.0,92
2021-10-26 17:00:00,342.0,7.8,1.3,92
2021-10-26 18:00:00,337.0,7.9,2.7,92
2021-10-26 19:00:00,330.0,9.1,2.1,92
2021-10-26 20:00:00,333.0,8.5,-0.8,92
2021-10-26 21:00:00,345.0,6.5,-3.6,92
2021-10-26 22:00:00,326.0,9.2,0.0,92
2021-10-26 23:00:00,339.0,8.4,2.6,92
2021-10-27 00:00:00,373.0,6.9,2.1,104
2021-10-27 01:00:00,356.0,4.8,-0.6,104
2021-10-27 02:00:00,364.0,4.5,-0.4,104
2021-10-27 03:00:00,382.0,4.2,0.2,104
2021-10-27 04:00:00,381.0,3.6,0.4,104
2021-10-27 05:00:00,382.0,2.9,1.6,104
2021-10-27 06:00:00,385.0,3.4,1.1,104
2021-10-27 07:00:00,383.0,3.6,1.4,104
2021-10-27 08:00:00,375.0,2.6,1.2,104
2021-10-27 09:00:00,373.0,3.9,0.4,104
2021-10-27 10:00:00,371.0,4.9,-1.7,104
2021-10-27 11:00:00,376.0,7.0,0.7,104
2021-10-27 12:00:00,367.0,4.4,-0.6,104
2021-10-27 13:00:00,365.0,4.3,1.3,104
2021-10-27 14:00:00,364.0,6.2,1.4,104
2021-10-27 15:00:00,360.0,4.6,0.3,104
2021-10-27 16:00:00,359.0,4.2,0.5,104
2021-10-27 17:00:00,360.0,4.9,0.7,104
2021-10-27 18:00:00,364.0,5.1,-0.5,104
2021-10-27 19:00:00,357.0,4.7,0.9,104
2021-10-27 20:00:00,358.0,4.4,0.7,104
2021-10-27 21:00:00,358.0,4.8,0.0,104
2021-10-27 22:00:00,356.0,4.5,0.2,104
2021-10-27 23:00:00,351.0,4.6,0.0,104
2021-10-28 00:00:00,348.0,4.5,-0.4,100
2021-10-28 01:00:00,334.0,5.5,-1.0,100
2021-10-28 02:00:00,330.0,5.3,-0.8,100
2021-10-28 03:00:00,324.0,4.7,-0.9,100
2021-10-28 04:00:00,322.0,4.6,-0.9,100
2021-10-28 05:00:00,317.0,5.2,-1.1,100
2021-10-28 06:00:00,317.0,5.5,-1.2,100
2021-10-28 07:00:00,314.0,5.9,-0.2,100
2021-10-28 08:00:00,311.0,6.1,-0.5,100
2021-10-28 09:00:00,307.0,6.6,-1.2,100
2021-10-28 10:00:00,306.0,7.1,-1.2,100
2021-10-28 11:00:00,306.0,8.4,1.1,100
2021-10-28 12:00:00,311.0,8.5,1.3,100
2021-10-28 13:00:00,309.0,9.6,0.8,100
2021-10-28 14:00:00,307.0,10.6,0.5,100
2021-10-28 15:00:00,303.0,10.9,-1.9,100
2021-10-28 16:00:00,305.0,12.2,0.7,100
2021-10-28 17:00:00,304.0,10.6,-0.1,100
2021-10-28 18:00:00,304.0,11.7,1.4,100
2021-10-28 19:00:00,312.0,11.0,2.5,100
2021-10-28 20:00:00,310.0,12.7,1.8,100
2021-10-28 21:00:00,307.0,15.0,1.0,100
2021-10-28 22:00:00,302.0,14.4,1.7,100
2021-10-28 23:00:00,298.0,13.8,1.7,100
2021-10-29 00:00:00,295.0,14.0,1.2,85
2021-10-29 01:00:00,292.0,13.9,1.4,85
2021-10-29 02:00:00,294.0,13.4,0.7,85
2021-10-29 03:00:00,295.0,13.4,0.7,85
2021-10-29 04:00:00,299.0,13.0,0.1,85
2021-10-29 05:00:00,301.0,11.6,1.0,85
2021-10-29 06:00:00,292.0,8.0,2.5,85
2021-10-29 07:00:00,291.0,8.1,2.3,85
2021-10-29 08:00:00,288.0,7.1,2.3,85
2021-10-29 09:00:00,287.0,6.6,2.2,85
2021-10-29 10:00:00,286.0,6.6,2.1,85
2021-10-29 11:00:00,288.0,6.9,1.1,85
2021-10-29 12:00:00,290.0,7.0,-1.1,85
2021-10-29 13:00:00,291.0,7.4,-1.8,85
2021-10-29 14:00:00,292.0,8.5,-2.0,85
2021-10-29 15:00:00,299.0,9.8,-2.9,85
2021-10-29 16:00:00,300.0,12.7,-2.2,85
2021-10-29 17:00:00,302.0,17.5,-1.7,85
2021-10-29 18:00:00,298.0,18.1,-1.6,85
2021-10-29 19:00:00,300.0,13.9,-2.3,85
2021-10-29 20:00:00,308.0,12.9,-1.1,85
2021-10-29 21:00:00,319.0,11.5,-3.7,85
2021-10-29 22:00:00,322.0,10.8,2.8,85
2021-10-29 23:00:00,332.0,12.3,-1.2,85
2021-10-30 00:00:00,325.0,12.0,-1.0,78
2021-10-30 01:00:00,336.0,12.5,-3.8,78
2021-10-30 02:00:00,321.0,10.6,1.9,78
2021-10-30 03:00:00,316.0,11.2,-1.3,78
2021-10-30 04:00:00,318.0,12.3,-2.5,78
2021-10-30 05:00:00,316.0,9.7,-5.4,78
2021-10-30 06:00:00,310.0,10.9,-6.1,78
2021-10-30 07:00:00,306.0,14.0,-5.3,78
2021-10-30 08:00:00,309.0,15.6,-4.0,78
2021-10-30 09:00:00,317.0,14.0,-2.6,78
2021-10-30 10:00:00,318.0,12.9,-0.2,78
2021-10-30 11:00:00,320.0,13.0,1.0,78
2021-10-30 12:00:00,323.0,15.5,2.0,78
2021-10-30 13:00:00,324.0,19.2,-0.3,78
2021-10-30 14:00:00,326.0,23.8,-1.5,78
2021-10-30 15:00:00,327.0,25.6,-1.9,78
2021-10-30 16:00:00,330.0,26.5,-1.0,78
2021-10-30 17:00:00,339.0,23.2,-0.4,78
2021-10-30 18:00:00,351.0,34.6,2.5,78
2021-10-30 19:00:00,346.0,34.5,3.5,78
2021-10-30 20:00:00,349.0,18.7,2.0,78
2021-10-30 21:00:00,364.0,14.4,-6.6,78
2021-10-30 22:00:00,357.0,10.1,-6.5,78
2021-10-30 23:00:00,361.0,9.1,-6.0,78
2021-10-31 00:00:00,377.0,7.8,-3.6,68
2021-10-31 01:00:00,385.0,6.5,-3.1,68
2021-10-31 02:00:00,388.0,6.5,-2.6,68
2021-10-31 03:00:00,382.0,6.4,-1.5,68
2021-10-31 04:00:00,380.0,6.5,0.6,68
2021-10-31 05:00:00,379.0,5.9,-0.1,68
2021-10-31 06:00:00,375.0,6.6,0.8,68
2021-10-31 07:00:00,369.0,7.2,1.3,68
2021-10-31 08:00:00,365.0,7.3,1.5,68
2021-10-31 09:00:00,369.0,7.4,1.8,68
2021-10-31 10:00:00,399.0,11.1,4.0,68
2021-10-31 11:00:00,425.0,16.1,2.2,68
2021-10-31 12:00:00,445.0,16.2,-6.1,68
2021-10-31 13:00:00,437.0,10.3,-1.7,68
2021-10-31 14:00:00,430.0,7.2,0.3,68
2021-10-31 15:00:00,425.0,10.9,-0.1,68
2021-10-31 16:00:00,429.0,11.4,0.7,68
2021-10-31 17:00:00,423.0,10.8,0.6,68
2021-10-31 18:00:00,436.0,9.6,1.8,68
2021-10-31 19:00:00,434.0,7.7,-2.3,68
2021-10-31 20:00:00,443.0,6.1,-3.2,68
2021-10-31 21:00:00,439.0,6.8,-2.1,68
2021-10-31 22:00:00,438.0,11.7,-1.0,68
2021-10-31 23:00:00,428.0,11.2,-2.0,68
2021-11-01 00:00:00,415.0,12.4,-0.6,53
2021-11-01 01:00:00,415.0,12.5,1.7,53
2021-11-01 02:00:00,416.0,12.3,-2.1,53
2021-11-01 03:00:00,405.0,10.6,-3.2,53
2021-11-01 04:00:00,394.0,8.2,-3.0,53
2021-11-01 05:00:00,389.0,8.5,-2.4,53
2021-11-01 06:00:00,379.0,10.4,-2.2,53
2021-11-01 07:00:00,372.0,10.6,-2.1,53
2021-11-01 08:00:00,363.0,10.9,-2.1,53
2021-11-01 09:00:00,359.0,10.2,-1.5,53
2021-11-01 10:00:00,353.0,9.7,-1.4,53
2021-11-01 11:00:00,349.0,9.2,-1.1,53
2021-11-01 12:00:00,349.0,10.9,-0.1,53
2021-11-01 13:00:00,350.0,15.4,-0.9,53
2021-11-01 14:00:00,352.0,20.2,-1.1,53
2021-11-01 15:00:00,351.0,23.7,-1.1,53
2021-11-01 16:00:00,338.0,18.3,-0.7,53
2021-11-01 17:00:00,345.0,26.0,0.6,53
2021-11-01 18:00:00,353.0,27.0,0.1,53
2021-11-01 19:00:00,370.0,12.4,10.1,53
2021-11-01 20:00:00,370.0,20.9,6.8,53
2021-11-01 21:00:00,377.0,24.3,6.3,53
2021-11-01 22:00:00,388.0,11.4,5.2,53
2021-11-01 23:00:00,401.0,6.2,8.8,53
2021-11-02 00:00:00,426.0,7.7,-3.2,43
2021-11-02 01:00:00,457.0,8.3,-4.4,43
2021-11-02 02:00:00,483.0,6.9,-1.2,43
2021-11-02 03:00:00,531.0,3.5,0.1,43
2021-11-02 04:00:00,547.0,3.6,-2.8,43
2021-11-02 05:00:00,567.0,4.3,-1.5,43
2021-11-02 06:00:00,578.0,4.4,0.1,43
2021-11-02 07:00:00,585.0,4.4,0.6,43
2021-11-02 08:00:00,590.0,4.6,1.8,43
2021-11-02 09:00:00,574.0,3.6,-0.1,43
2021-11-02 10:00:00,593.0,4.1,-1.5,43
2021-11-02 11:00:00,619.0,4.2,-1.6,43
2021-11-02 12:00:00,620.0,4.7,2.7,43
2021-11-02 13:00:00,622.0,4.3,3.4,43
2021-11-02 14:00:00,625.0,3.6,2.1,43
2021-11-02 15:00:00,621.0,3.1,1.1,43
2021-11-02 16:00:00,618.0,3.2,-0.6,43
2021-11-02 17:00:00,604.0,3.1,-0.3,43
2021-11-02 18:00:00,595.0,3.0,-0.2,43
2021-11-02 19:00:00,589.0,3.2,-0.1,43
2021-11-02 20:00:00,588.0,2.7,0.1,43
2021-11-02 21:00:00,591.0,2.6,1.0,43
2021-11-02 22:00:00,590.0,2.4,0.6,43
2021-11-02 23:00:00,587.0,2.3,1.1,43
2021-11-03 00:00:00,596.0,2.2,-0.7,34
2021-11-03 01:00:00,573.0,1.8,-0.2,34
2021-11-03 02:00:00,560.0,1.8,1.1,34
2021-11-03 03:00:00,539.0,1.5,0.8,34
2021-11-03 04:00:00,533.0,1.4,0.3,34
2021-11-03 05:00:00,542.0,1.7,-0.1,34
2021-11-03 06:00:00,539.0,1.8,-0.2,34
2021-11-03 07:00:00,535.0,1.9,-0.4,34
2021-11-03 08:00:00,534.0,1.9,0.0,34
2021-11-03 09:00:00,527.0,1.8,0.6,34
2021-11-03 10:00:00,517.0,1.5,0.3,34
2021-11-03 11:00:00,509.0,1.6,0.1,34
2021-11-03 12:00:00,512.0,1.3,-0.3,34
2021-11-03 13:00:00,528.0,0.9,-0.9,34
2021-11-03 14:00:00,496.0,0.9,-0.4,34
2021-11-03 15:00:00,498.0,0.8,-0.4,34
2021-11-03 16:00:00,507.0,0.8,-0.1,34
2021-11-03 17:00:00,509.0,0.9,0.3,34
2021-11-03 18:00:00,491.0,0.9,0.5,34
2021-11-03 19:00:00,483.0,1.6,0.6,34
2021-11-03 20:00:00,623.0,5.5,-0.3,34
2021-11-03 21:00:00,725.0,9.9,-9.3,34
2021-11-03 22:00:00,678.0,7.8,2.3,34
2021-11-03 23:00:00,677.0,8.0,1.5,34
2021-11-04 00:00:00,741.0,9.3,5.1,28
2021-11-04 01:00:00,762.0,11.2,-2.0,28
2021-11-04 02:00:00,742.0,12.7,7.2,28
2021-11-04 03:00:00,717.0,10.5,4.4,28
2021-11-04 04:00:00,686.0,7.2,4.3,28
2021-11-04 05:00:00,706.0,7.3,-5.4,28
2021-11-04 06:00:00,733.0,7.8,-8.3,28
2021-11-04 07:00:00,706.0,7.3,-6.9,28
2021-11-04 08:00:00,712.0,4.1,-15.1,28
2021-11-04 09:00:00,698.0,8.1,3.1,28
2021-11-04 10:00:00,712.0,8.0,2.3,28
2021-11-04 11:00:00,757.0,2.9,-2.2,28
2021-11-04 12:00:00,728.0,4.0,3.0,28
2021-11-04 13:00:00,678.0,3.3,6.6,28
2021-11-04 14:00:00,655.0,3.3,6.9,28
2021-11-04 15:00:00,642.0,2.4,7.2,28
2021-11-04 16:00:00,642.0,2.3,7.9,28
2021-11-04 17:00:00,637.0,2.0,9.3,28
2021-11-04 18:00:00,628.0,2.6,8.9,28
2021-11-04 19:00:00,621.0,2.2,9.7,28
2021-11-04 20:00:00,625.0,2.2,9.9,28
2021-11-04 21:00:00,612.0,2.4,9.6,28
2021-11-04 22:00:00,614.0,2.9,10.1,28
2021-11-04 23:00:00,613.0,1.7,10.6,28
2021-11-05 00:00:00,611.0,1.6,11.1,36
2021-11-05 01:00:00,607.0,1.3,11.4,36
2021-11-05 02:00:00,595.0,1.4,11.6,36
2021-11-05 03:00:00,564.0,1.4,10.9,36
2021-11-05 04:00:00,583.0,1.5,9.8,36
2021-11-05 05:00:00,595.0,14.2,3.3,36
2021-11-05 06:00:00,585.0,14.8,3.0,36
2021-11-05 07:00:00,576.0,8.7,3.3,36
2021-11-05 08:00:00,594.0,3.8,2.9,36
2021-11-05 09:00:00,606.0,3.4,4.0,36
2021-11-05 10:00:00,600.0,2.4,3.8,36
2021-11-05 11:00:00,586.0,2.3,3.7,36
2021-11-05 12:00:00,616.0,3.6,2.6,36
2021-11-05 13:00:00,598.0,5.7,-1.4,36
2021-11-05 14:00:00,576.0,8.3,0.6,36
2021-11-05 15:00:00,566.0,3.3,0.5,36
2021-11-05 16:00:00,552.0,6.7,0.4,36
2021-11-05 17:00:00,548.0,5.8,-0.5,36
2021-11-05 18:00:00,546.0,4.2,-0.5,36
2021-11-05 19:00:00,537.0,3.5,-0.1,36
2021-11-05 20:00:00,537.0,3.4,0.1,36
2021-11-05 21:00:00,536.0,5.2,1.2,36
2021-11-05 22:00:00,535.0,8.7,1.6,36
2021-11-05 23:00:00,531.0,11.4,3.2,36
2021-11-06 00:00:00,558.0,18.8,7.0,35
2021-11-06 01:00:00,586.0,12.7,3.8,35
2021-11-06 02:00:00,625.0,9.8,0.1,35
2021-11-06 03:00:00,622.0,8.1,0.5,35
2021-11-06 04:00:00,620.0,13.5,-0.8,35
2021-11-06 05:00:00,612.0,12.1,-1.9,35
2021-11-06 06:00:00,607.0,9.9,-0.5,35
2021-11-06 07:00:00,602.0,10.4,-0.4,35
2021-11-06 08:00:00,591.0,10.5,-0.7,35
2021-11-06 09:00:00,584.0,6.7,-1.1,35
2021-11-06 10:00:00,575.0,10.3,-0.5,35
2021-11-06 11:00:00,566.0,4.8,-0.9,35
2021-11-06 12:00:00,542.0,1.1,-0.1,35
2021-11-06 13:00:00,534.0,0.9,-1.1,35
2021-11-06 14:00:00,560.0,1.1,-2.8,35
2021-11-06 15:00:00,539.0,1.1,-2.3,35
2021-11-06 16:00:00,551.0,1.3,-3.1,35
2021-11-06 17:00:00,527.0,1.3,-2.7,35
2021-11-06 18:00:00,528.0,1.4,-3.4,35
2021-11-06 19:00:00,528.0,1.4,-2.3,35
2021-11-06 20:00:00,545.0,1.4,-2.7,35
2021-11-06 21:00:00,563.0,1.6,-2.3,35
2021-11-06 22:00:00,574.0,2.1,-1.4,35
2021-11-06 23:00:00,540.0,3.7,-1.2,35
2021-11-07 00:00:00,531.0,7.0,-0.5,31
2021-11-07 01:00:00,521.0,12.0,0.4,31
2021-11-07 02:00:00,531.0,4.7,-0.5,31
2021-11-07 03:00:00,527.0,4.0,-0.3,31
2021-11-07 04:00:00,506.0,2.0,0.8,31
2021-11-07 05:00:00,510.0,1.8,0.4,31
2021-11-07 06:00:00,540.0,2.0,0.1,31
2021-11-07 07:00:00,498.0,1.8,-0.2,31
2021-11-07 08:00:00,474.0,1.7,1.5,31
2021-11-07 09:00:00,459.0,1.4,1.4,31
2021-11-07 10:00:00,459.0,1.5,1.8,31
2021-11-07 11:00:00,464.0,1.8,1.6,31
2021-11-07 12:00:00,449.0,1.8,1.5,31
2021-11-07 13:00:00,447.0,1.9,0.8,31
2021-11-07 14:00:00,443.0,1.9,0.8,31
2021-11-07 15:00:00,441.0,1.8,0.7,31
2021-11-07 16:00:00,433.0,1.6,0.4,31
2021-11-07 17:00:00,432.0,1.6,0.3,31
2021-11-07 18:00:00,447.0,1.8,1.1,31
2021-11-07 19:00:00,454.0,1.9,1.2,31
2021-11-07 20:00:00,447.0,1.8,1.0,31
2021-11-07 21:00:00,448.0,1.8,1.4,31
2021-11-07 22:00:00,435.0,1.7,1.2,31
2021-11-07 23:00:00,428.0,1.8,0.8,31
2021-11-08 00:00:00,418.0,1.8,0.2,39
2021-11-08 01:00:00,425.0,2.2,0.6,39
2021-11-08 02:00:00,431.0,2.5,1.0,39
2021-11-08 03:00:00,427.0,2.1,0.3,39
2021-11-08 04:00:00,441.0,2.4,2.3,39
2021-11-08 05:00:00,431.0,2.5,2.7,39
2021-11-08 06:00:00,424.0,2.4,0.7,39
2021-11-08 07:00:00,415.0,2.3,1.1,39
2021-11-08 08:00:00,404.0,2.3,1.8,39
2021-11-08 09:00:00,398.0,2.5,-0.1,39
2021-11-08 10:00:00,389.0,2.8,-0.4,39
2021-11-08 11:00:00,398.0,4.5,-1.5,39
2021-11-08 12:00:00,395.0,4.4,2.4,39
2021-11-08 13:00:00,387.0,4.4,1.2,39
2021-11-08 14:00:00,395.0,4.6,-1.7,39
2021-11-08 15:00:00,375.0,3.6,-0.7,39
2021-11-08 16:00:00,374.0,3.5,-0.5,39
2021-11-08 17:00:00,383.0,4.3,0.0,39
2021-11-08 18:00:00,398.0,8.0,-0.2,39
2021-11-08 19:00:00,399.0,10.3,-1.4,39
2021-11-08 20:00:00,396.0,8.2,-2.9,39
2021-11-08 21:00:00,398.0,11.1,-3.1,39
2021-11-08 22:00:00,395.0,12.4,-1.6,39
2021-11-08 23:00:00,389.0,14.4,-2.7,39
2021-11-09 00:00:00,381.0,11.4,0.5,45
2021-11-09 01:00:00,384.0,11.7,3.6,45
2021-11-09 02:00:00,379.0,6.6,1.9,45
2021-11-09 03:00:00,375.0,4.2,-0.9,45
2021-11-09 04:00:00,378.0,4.5,-1.6,45
2021-11-09 05:00:00,376.0,4.7,-1.5,45
2021-11-09 06:00:00,374.0,5.2,-1.5,45
2021-11-09 07:00:00,373.0,5.4,-0.1,45
2021-11-09 08:00:00,370.0,5.2,-0.5,45
2021-11-09 09:00:00,364.0,5.5,-1.1,45
2021-11-09 10:00:00,356.0,5.6,-0.8,45
2021-11-09 11:00:00,357.0,4.8,-0.4,45
2021-11-09 12:00:00,350.0,4.7,0.0,45
2021-11-09 13:00:00,348.0,4.4,-0.1,45
2021-11-09 14:00:00,346.0,4.7,-0.5,45
2021-11-09 15:00:00,347.0,5.3,0.0,45
2021-11-09 16:00:00,348.0,5.3,0.8,45
2021-11-09 17:00:00,354.0,6.9,-0.4,45
2021-11-09 18:00:00,357.0,7.5,-2.3,45
2021-11-09 19:00:00,363.0,8.5,-2.7,45
2021-11-09 20:00:00,376.0,11.3,-2.3,45
2021-11-09 21:00:00,373.0,11.6,0.8,45
2021-11-09 22:00:00,380.0,11.3,2.8,45
2021-11-09 23:00:00,388.0,10.6,-5.0,45
2021-11-10 00:00:00,387.0,11.3,-2.7,41
2021-11-10 01:00:00,392.0,11.4,1.5,41
2021-11-10 02:00:00,393.0,10.4,2.4,41
2021-11-10 03:00:00,400.0,9.1,2.1,41
2021-11-10 04:00:00,404.0,8.1,-0.3,41
2021-11-10 05:00:00,414.0,7.6,0.9,41
2021-11-10 06:00:00,413.0,7.4,-3.4,41
2021-11-10 07:00:00,418.0,6.7,-4.2,41
2021-11-10 08:00:00,431.0,6.4,-2.0,41
2021-11-10 09:00:00,430.0,6.1,1.6,41
2021-11-10 10:00:00,434.0,5.3,0.1,41
2021-11-10 11:00:00,431.0,5.1,2.9,41
2021-11-10 12:00:00,437.0,5.0,-1.4,41
2021-11-10 13:00:00,428.0,4.8,2.8,41
2021-11-10 14:00:00,427.0,4.8,1.9,41
2021-11-10 15:00:00,428.0,4.6,2.3,41
2021-11-10 16:00:00,429.0,4.3,2.7,41
2021-11-10 17:00:00,428.0,4.4,0.8,41
2021-11-10 18:00:00,417.0,4.1,0.9,41
2021-11-10 19:00:00,409.0,4.4,-1.7,41
2021-11-10 20:00:00,418.0,4.3,1.3,41
2021-11-10 21:00:00,404.0,5.0,1.0,41
2021-11-10 22:00:00,401.0,4.8,-1.2,41
2021-11-10 23:00:00,398.0,4.8,0.3,41
2021-11-11 00:00:00,401.0,4.9,0.3,44
2021-11-11 01:00:00,400.0,5.6,0.1,44
2021-11-11 02:00:00,395.0,5.6,0.3,44
2021-11-11 03:00:00,395.0,6.1,0.3,44
2021-11-11 04:00:00,397.0,6.8,0.7,44
2021-11-11 05:00:00,394.0,7.1,0.6,44
2021-11-11 06:00:00,395.0,7.8,-0.2,44
2021-11-11 07:00:00,393.0,8.0,-1.1,44
2021-11-11 08:00:00,392.0,7.8,-1.5,44
2021-11-11 09:00:00,386.0,6.4,-1.2,44
2021-11-11 10:00:00,382.0,7.8,-0.8,44
2021-11-11 11:00:00,383.0,8.7,-1.5,44
2021-11-11 12:00:00,380.0,9.6,-2.0,44
2021-11-11 13:00:00,375.0,8.2,0.6,44
2021-11-11 14:00:00,374.0,10.5,1.0,44
2021-11-11 15:00:00,372.0,11.0,2.1,44
2021-11-11 16:00:00,371.0,10.1,1.6,44
2021-11-11 17:00:00,361.0,4.5,2.8,44
2021-11-11 18:00:00,363.0,4.1,2.7,44
2021-11-11 19:00:00,371.0,5.7,2.0,44
2021-11-11 20:00:00,375.0,7.9,0.3,44
2021-11-11 21:00:00,358.0,5.3,1.0,44
2021-11-11 22:00:00,377.0,4.7,1.3,44
2021-11-11 23:00:00,407.0,4.7,2.5,44
2021-11-12 00:00:00,402.0,4.5,0.9,36
2021-11-12 01:00:00,398.0,5.3,-3.7,36
2021-11-12 02:00:00,394.0,4.9,-0.9,36
2021-11-12 03:00:00,391.0,4.8,-0.2,36
2021-11-12 04:00:00,392.0,5.7,0.6,36
2021-11-12 05:00:00,390.0,5.4,2.5,36
2021-11-12 06:00:00,389.0,5.7,0.8,36
2021-11-12 07:00:00,386.0,6.1,1.6,36
2021-11-12 08:00:00,385.0,5.7,1.1,36
2021-11-12 09:00:00,385.0,5.6,-0.2,36
2021-11-12 10:00:00,378.0,4.3,-1.1,36
2021-11-12 11:00:00,368.0,4.8,0.4,36
2021-11-12 12:00:00,367.0,5.6,0.8,36
2021-11-12 13:00:00,366.0,4.8,0.1,36
2021-11-12 14:00:00,364.0,5.0,1.6,36
2021-11-12 15:00:00,357.0,4.5,0.1,36
2021-11-12 16:00:00,353.0,4.0,-0.2,36
2021-11-12 17:00:00,351.0,4.3,0.7,36
2021-11-12 18:00:00,350.0,4.4,0.8,36
2021-11-12 19:00:00,346.0,4.3,0.5,36
2021-11-12 20:00:00,345.0,4.6,-1.0,36
2021-11-12 21:00:00,346.0,4.5,-1.1,36
2021-11-12 22:00:00,345.0,4.6,-1.2,36
2021-11-12 23:00:00,342.0,4.2,-0.7,36
2021-11-13 00:00:00,341.0,4.3,-1.4,25
2021-11-13 01:00:00,336.0,4.0,-1.0,25
2021-11-13 02:00:00,338.0,4.1,-1.6,25
2021-11-13 03:00:00,337.0,4.2,-0.7,25
2021-11-13 04:00:00,338.0,4.5,-0.6,25
2021-11-13 05:00:00,338.0,4.6,-0.4,25
2021-11-13 06:00:00,335.0,4.0,-0.8,25
2021-11-13 07:00:00,331.0,3.4,-0.7,25
2021-11-13 08:00:00,336.0,4.1,-0.9,25
2021-11-13 09:00:00,353.0,6.0,-0.9,25
2021-11-13 10:00:00,347.0,5.9,-0.3,25
2021-11-13 11:00:00,351.0,6.5,-0.6,25
2021-11-13 12:00:00,345.0,6.1,-1.1,25
2021-11-13 13:00:00,336.0,6.2,-0.9,25
2021-11-13 14:00:00,334.0,6.3,0.2,25
2021-11-13 15:00:00,329.0,6.4,0.2,25
2021-11-13 16:00:00,321.0,6.2,0.8,25
2021-11-13 17:00:00,325.0,6.2,1.9,25
2021-11-13 18:00:00,330.0,6.9,1.2,25
2021-11-13 19:00:00,348.0,7.8,-0.7,25
2021-11-13 20:00:00,348.0,7.7,-1.7,25
2021-11-13 21:00:00,323.0,7.5,0.3,25
2021-11-13 22:00:00,313.0,7.7,0.7,25
2021-11-13 23:00:00,318.0,9.1,-0.4,25
2021-11-14 00:00:00,316.0,7.2,-1.5,20
2021-11-14 01:00:00,324.0,8.7,-1.6,20
2021-11-14 02:00:00,325.0,10.0,-1.2,20
2021-11-14 03:00:00,327.0,10.7,-2.2,20
2021-11-14 04:00:00,328.0,10.7,-1.4,20
2021-11-14 05:00:00,326.0,10.8,0.9,20
2021-11-14 06:00:00,320.0,11.2,0.8,20
2021-11-14 07:00:00,313.0,11.6,-0.7,20
2021-11-14 08:00:00,316.0,12.5,-2.2,20
2021-11-14 09:00:00,314.0,11.2,-1.4,20
2021-11-14 10:00:00,313.0,10.6,-1.3,20
2021-11-14 11:00:00,314.0,9.6,-3.2,20
2021-11-14 12:00:00,314.0,10.7,-2.7,20
2021-11-14 13:00:00,306.0,11.5,-2.7,20
2021-11-14 14:00:00,310.0,10.8,-3.6,20
2021-11-14 15:00:00,310.0,11.6,-3.1,20
2021-11-14 16:00:00,309.0,12.6,-1.8,20
2021-11-14 17:00:00,303.0,11.2,-1.8,20
2021-11-14 18:00:00,302.0,10.3,-2.1,20
2021-11-14 19:00:00,300.0,10.7,-2.2,20
2021-11-14 20:00:00,301.0,10.8,-2.5,20
2021-11-14 21:00:00,298.0,11.2,-2.0,20
2021-11-14 22:00:00,296.0,11.4,-1.8,20
2021-11-14 23:00:00,295.0,11.3,-1.9,20
2021-11-15 00:00:00,294.0,12.2,-1.1,24
2021-11-15 01:00:00,297.0,14.0,-0.7,24
2021-11-15 02:00:00,312.0,13.4,-0.7,24
2021-11-15 03:00:00,317.0,15.2,0.1,24
2021-11-15 04:00:00,317.0,17.6,-0.2,24
2021-11-15 05:00:00,312.0,17.4,-1.5,24
2021-11-15 06:00:00,314.0,14.9,-2.4,24
2021-11-15 07:00:00,313.0,15.5,-0.4,24
2021-11-15 08:00:00,317.0,11.4,1.3,24
2021-11-15 09:00:00,319.0,11.6,1.5,24
2021-11-15 10:00:00,322.0,11.2,2.2,24
2021-11-15 11:00:00,317.0,11.8,1.3,24
2021-11-15 12:00:00,317.0,12.7,-1.2,24
2021-11-15 13:00:00,317.0,12.8,-0.2,24
2021-11-15 14:00:00,323.0,16.5,-1.3,24
2021-11-15 15:00:00,325.0,15.4,-2.8,24
2021-11-15 16:00:00,338.0,14.4,-1.4,24
2021-11-15 17:00:00,354.0,16.9,2.7,24
2021-11-15 18:00:00,374.0,31.3,1.4,24
2021-11-15 19:00:00,384.0,37.1,2.2,24
2021-11-15 20:00:00,394.0,41.6,-1.8,24
2021-11-15 21:00:00,413.0,29.1,9.0,24
2021-11-15 22:00:00,413.0,14.4,13.8,24
2021-11-15 23:00:00,423.0,12.8,1.5,24
2021-11-16 00:00:00,511.0,12.8,4.3,33
2021-11-16 01:00:00,564.0,8.2,3.5,33
2021-11-16 02:00:00,606.0,6.8,-2.9,33
2021-11-16 03:00:00,612.0,7.0,-2.1,33
2021-11-16 04:00:00,594.0,6.2,3.6,33
2021-11-16 05:00:00,587.0,6.1,3.4,33
2021-11-16 06:00:00,589.0,6.4,1.2,33
2021-11-16 07:00:00,581.0,4.8,3.1,33
2021-11-16 08:00:00,586.0,4.6,1.4,33
2021-11-16 09:00:00,593.0,5.7,-2.8,33
2021-11-16 10:00:00,585.0,4.2,0.5,33
2021-11-16 11:00:00,612.0,3.1,0.7,33
2021-11-16 12:00:00,610.0,2.8,-0.4,33
2021-11-16 13:00:00,602.0,2.7,-0.5,33
2021-11-16 14:00:00,604.0,3.8,-0.7,33
2021-11-16 15:00:00,615.0,3.2,1.0,33
2021-11-16 16:00:00,614.0,3.1,1.4,33
2021-11-16 17:00:00,618.0,3.1,0.6,33
2021-11-16 18:00:00,623.0,3.0,1.7,33
2021-11-16 19:00:00,607.0,2.7,0.7,33
2021-11-16 20:00:00,602.0,2.8,0.8,33
2021-11-16 21:00:00,567.0,2.4,1.3,33
2021-11-16 22:00:00,624.0,3.7,0.3,33
2021-11-16 23:00:00,644.0,4.8,-1.0,33
2021-11-17 00:00:00,620.0,5.2,-0.7,30
2021-11-17 01:00:00,600.0,5.4,-1.8,30
2021-11-17 02:00:00,620.0,4.6,1.9,30
2021-11-17 03:00:00,623.0,5.1,1.5,30
2021-11-17 04:00:00,623.0,4.5,0.2,30
2021-11-17 05:00:00,619.0,4.1,-1.4,30
2021-11-17 06:00:00,609.0,4.0,-1.1,30
2021-11-17 07:00:00,611.0,3.8,-0.5,30
2021-11-17 08:00:00,607.0,4.1,-0.8,30
2021-11-17 09:00:00,605.0,4.2,-1.5,30
2021-11-17 10:00:00,625.0,3.9,0.3,30
2021-11-17 11:00:00,611.0,3.3,1.4,30
2021-11-17 12:00:00,611.0,3.3,-0.7,30
2021-11-17 13:00:00,601.0,2.9,0.5,30
2021-11-17 14:00:00,601.0,2.7,-0.5,30
2021-11-17 15:00:00,594.0,2.7,2.0,30
2021-11-17 16:00:00,590.0,2.7,0.3,30
2021-11-17 17:00:00,588.0,2.5,0.8,30
2021-11-17 18:00:00,589.0,2.5,-1.1,30
2021-11-17 19:00:00,577.0,2.4,0.6,30
2021-11-17 20:00:00,568.0,2.7,1.3,30
2021-11-17 21:00:00,561.0,2.7,-0.6,30
2021-11-17 22:00:00,595.0,2.7,-1.1,30
2021-11-17 23:00:00,576.0,2.7,-1.1,30
2021-11-18 00:00:00,533.0,2.3,1.8,23
2021-11-18 01:00:00,529.0,2.6,1.3,23
2021-11-18 02:00:00,543.0,3.1,-0.2,23
2021-11-18 03:00:00,565.0,3.4,-1.6,23
2021-11-18 04:00:00,545.0,3.3,-2.1,23
2021-11-18 05:00:00,550.0,3.0,-2.1,23
2021-11-18 06:00:00,532.0,3.2,-1.2,23
2021-11-18 07:00:00,532.0,2.9,-0.9,23
2021-11-18 08:00:00,530.0,2.6,-0.5,23
2021-11-18 09:00:00,520.0,2.2,0.1,23
2021-11-18 10:00:00,529.0,2.1,0.5,23
2021-11-18 11:00:00,547.0,2.1,1.8,23
2021-11-18 12:00:00,541.0,1.9,1.6,23
2021-11-18 13:00:00,539.0,2.1,1.0,23
2021-11-18 14:00:00,529.0,1.9,0.3,23
2021-11-18 15:00:00,531.0,1.7,-1.6,23
2021-11-18 16:00:00,526.0,1.6,-1.0,23
2021-11-18 17:00:00,524.0,1.5,-0.3,23
2021-11-18 18:00:00,518.0,1.6,-0.6,23
2021-11-18 19:00:00,496.0,1.6,-0.6,23
2021-11-18 20:00:00,491.0,1.7,-1.1,23
2021-11-18 21:00:00,486.0,1.5,-1.4,23
2021-11-18 22:00:00,482.0,1.6,-1.3,23
2021-11-18 23:00:00,480.0,1.6,0.5,23
2021-11-19 00:00:00,473.0,1.7,0.7,23
2021-11-19 01:00:00,496.0,2.1,-0.2,23
2021-11-19 02:00:00,502.0,2.7,-0.2,23
2021-11-19 03:00:00,500.0,3.0,0.2,23
2021-11-19 04:00:00,481.0,2.6,1.1,23
2021-11-19 05:00:00,479.0,2.8,0.2,23
2021-11-19 06:00:00,484.0,3.4,-1.1,23
2021-11-19 07:00:00,471.0,3.1,0.1,23
2021-11-19 08:00:00,462.0,2.9,0.9,23
2021-11-19 09:00:00,457.0,2.8,0.7,23
2021-11-19 10:00:00,453.0,2.7,0.2,23
2021-11-19 11:00:00,450.0,2.8,-0.4,23
2021-11-19 12:00:00,448.0,2.9,-0.7,23
2021-11-19 13:00:00,446.0,3.2,-1.6,23
2021-11-19 14:00:00,448.0,3.6,-0.2,23
2021-11-19 15:00:00,443.0,3.4,0.5,23
2021-11-19 16:00:00,449.0,3.7,-0.4,23
2021-11-19 17:00:00,446.0,3.7,-2.0,23
2021-11-19 18:00:00,429.0,4.2,-0.8,23
2021-11-19 19:00:00,426.0,5.0,-0.4,23
2021-11-19 20:00:00,434.0,6.3,-0.4,23
2021-11-19 21:00:00,434.0,7.3,-1.2,23
2021-11-19 22:00:00,434.0,8.3,-0.4,23
2021-11-19 23:00:00,436.0,9.8,0.6,23
2021-11-20 00:00:00,435.0,10.4,1.7,22
2021-11-20 01:00:00,419.0,7.6,2.4,22
2021-11-20 02:00:00,405.0,6.4,1.3,22
2021-11-20 03:00:00,415.0,7.7,-0.5,22
2021-11-20 04:00:00,418.0,7.0,2.7,22
2021-11-20 05:00:00,427.0,4.9,2.5,22
2021-11-20 06:00:00,497.0,5.3,-3.0,22
2021-11-20 07:00:00,512.0,5.3,-0.3,22
2021-11-20 08:00:00,522.0,6.2,-0.2,22
2021-11-20 09:00:00,524.0,6.0,-0.5,22
2021-11-20 10:00:00,522.0,6.3,-3.1,22
2021-11-20 11:00:00,534.0,5.5,-0.8,22
2021-11-20 12:00:00,528.0,4.2,-0.2,22
2021-11-20 13:00:00,536.0,2.8,-0.4,22
2021-11-20 14:00:00,522.0,3.0,0.1,22
2021-11-20 15:00:00,534.0,4.0,-1.6,22
2021-11-20 16:00:00,535.0,4.5,2.6,22
2021-11-20 17:00:00,536.0,4.5,2.2,22
2021-11-20 18:00:00,544.0,4.4,-0.1,22
2021-11-20 19:00:00,543.0,3.7,-0.8,22
2021-11-20 20:00:00,541.0,3.4,0.0,22
2021-11-20 21:00:00,549.0,4.2,1.3,22
2021-11-20 22:00:00,560.0,4.3,1.6,22
2021-11-20 23:00:00,568.0,4.7,1.5,22
2021-11-21 00:00:00,586.0,4.6,-1.6,23
2021-11-21 01:00:00,607.0,4.2,-1.5,23
2021-11-21 02:00:00,620.0,4.2,-1.2,23
2021-11-21 03:00:00,628.0,3.9,0.4,23
2021-11-21 04:00:00,583.0,3.6,0.6,23
2021-11-21 05:00:00,593.0,4.1,2.8,23
2021-11-21 06:00:00,615.0,4.7,0.9,23
2021-11-21 07:00:00,629.0,5.6,4.3,23
2021-11-21 08:00:00,646.0,4.7,1.7,23
2021-11-21 09:00:00,656.0,3.6,1.6,23
2021-11-21 10:00:00,672.0,3.4,1.0,23
2021-11-21 11:00:00,675.0,3.3,-1.8,23
2021-11-21 12:00:00,687.0,3.4,1.4,23
2021-11-21 13:00:00,669.0,3.4,2.4,23
2021-11-21 14:00:00,661.0,4.1,1.7,23
2021-11-21 15:00:00,638.0,4.1,1.2,23
2021-11-21 16:00:00,636.0,3.9,1.7,23
2021-11-21 17:00:00,630.0,4.0,-0.3,23
2021-11-21 18:00:00,611.0,3.8,0.7,23
2021-11-21 19:00:00,627.0,3.5,0.1,23
2021-11-21 20:00:00,591.0,3.7,2.5,23
2021-11-21 21:00:00,596.0,2.9,0.5,23
2021-11-21 22:00:00,633.0,2.7,-1.1,23
2021-11-21 23:00:00,625.0,2.7,-0.7,23
2021-11-22 00:00:00,637.0,2.4,-1.1,23
2021-11-22 01:00:00,622.0,2.2,0.8,23
2021-11-22 02:00:00,590.0,1.8,-0.4,23
2021-11-22 03:00:00,605.0,2.0,-1.4,23
2021-11-22 04:00:00,590.0,1.9,-1.1,23
2021-11-22 05:00:00,591.0,2.1,0.9,23
2021-11-22 06:00:00,586.0,2.1,1.6,23
2021-11-22 07:00:00,582.0,2.1,1.7,23
2021-11-22 08:00:00,596.0,2.0,2.8,23
2021-11-22 09:00:00,600.0,2.2,-0.9,23
2021-11-22 10:00:00,597.0,2.0,0.7,23
2021-11-22 11:00:00,595.0,2.1,-0.9,23
2021-11-22 12:00:00,584.0,2.1,1.3,23
2021-11-22 13:00:00,575.0,2.1,-0.2,23
2021-11-22 14:00:00,573.0,2.0,-1.2,23
2021-11-22 15:00:00,550.0,2.1,-0.7,23
2021-11-22 16:00:00,557.0,2.0,-1.6,23
2021-11-22 17:00:00,553.0,2.1,-2.0,23
2021-11-22 18:00:00,545.0,2.2,-2.5,23
2021-11-22 19:00:00,537.0,2.1,-0.1,23
2021-11-22 20:00:00,536.0,2.2,-0.2,23
2021-11-22 21:00:00,535.0,2.3,-1.1,23
2021-11-22 22:00:00,538.0,2.4,1.8,23
2021-11-22 23:00:00,536.0,2.8,1.5,23
2021-11-23 00:00:00,534.0,2.7,-0.3,33
2021-11-23 01:00:00,528.0,2.7,-0.5,33
2021-11-23 02:00:00,533.0,2.9,-1.0,33
2021-11-23 03:00:00,514.0,3.5,-1.2,33
2021-11-23 04:00:00,519.0,3.7,1.3,33
2021-11-23 05:00:00,528.0,3.8,0.7,33
2021-11-23 06:00:00,519.0,3.9,3.1,33
2021-11-23 07:00:00,508.0,4.0,2.7,33
2021-11-23 08:00:00,506.0,3.5,0.6,33
2021-11-23 09:00:00,506.0,3.0,-2.2,33
2021-11-23 10:00:00,511.0,3.0,-2.0,33
2021-11-23 11:00:00,511.0,3.1,0.9,33
2021-11-23 12:00:00,509.0,3.0,-0.5,33
2021-11-23 13:00:00,515.0,3.1,0.2,33
2021-11-23 14:00:00,525.0,2.8,-1.5,33
2021-11-23 15:00:00,525.0,2.5,-2.9,33
2021-11-23 16:00:00,506.0,2.8,-1.8,33
2021-11-23 17:00:00,510.0,2.8,-0.7,33
2021-11-23 18:00:00,503.0,2.5,-0.8,33
2021-11-23 19:00:00,495.0,2.5,0.4,33
2021-11-23 20:00:00,511.0,2.5,-1.4,33
2021-11-23 21:00:00,494.0,2.6,0.8,33
2021-11-23 22:00:00,489.0,2.7,-0.3,33
2021-11-23 23:00:00,485.0,2.7,0.6,33
2021-11-24 00:00:00,498.0,3.0,-0.7,43
2021-11-24 01:00:00,486.0,3.1,1.6,43
2021-11-24 02:00:00,484.0,3.4,1.9,43
2021-11-24 03:00:00,485.0,3.5,1.4,43
2021-11-24 04:00:00,479.0,3.9,0.4,43
2021-11-24 05:00:00,496.0,3.8,-0.8,43
2021-11-24 06:00:00,480.0,4.0,0.9,43
2021-11-24 07:00:00,473.0,3.8,1.0,43
2021-11-24 08:00:00,497.0,3.6,-0.2,43
2021-11-24 09:00:00,488.0,3.7,-0.4,43
2021-11-24 10:00:00,475.0,3.7,3.8,43
2021-11-24 11:00:00,455.0,3.7,1.2,43
2021-11-24 12:00:00,460.0,3.9,3.1,43
2021-11-24 13:00:00,451.0,4.0,1.5,43
2021-11-24 14:00:00,448.0,4.2,2.1,43
2021-11-24 15:00:00,460.0,4.4,0.3,43
2021-11-24 16:00:00,457.0,4.1,0.5,43
2021-11-24 17:00:00,465.0,3.9,2.6,43
2021-11-24 18:00:00,450.0,3.7,3.8,43
2021-11-24 19:00:00,445.0,3.8,1.4,43
2021-11-24 20:00:00,437.0,3.8,0.0,43
2021-11-24 21:00:00,440.0,3.6,-0.3,43
2021-11-24 22:00:00,433.0,3.6,-0.7,43
2021-11-24 23:00:00,446.0,3.7,-0.2,43
2021-11-25 00:00:00,431.0,3.7,0.0,26
2021-11-25 01:00:00,446.0,3.6,-0.2,26
2021-11-25 02:00:00,446.0,4.3,1.1,26
2021-11-25 03:00:00,449.0,4.8,-1.5,26
2021-11-25 04:00:00,453.0,5.1,-2.2,26
2021-11-25 05:00:00,457.0,4.9,-2.9,26
2021-11-25 06:00:00,459.0,5.2,-2.4,26
2021-11-25 07:00:00,460.0,5.0,-2.1,26
2021-11-25 08:00:00,449.0,3.7,-1.6,26
2021-11-25 09:00:00,452.0,3.5,-1.7,26
2021-11-25 10:00:00,443.0,2.9,0.2,26
2021-11-25 11:00:00,440.0,2.7,0.2,26
2021-11-25 12:00:00,449.0,2.6,-0.3,26
2021-11-25 13:00:00,439.0,2.6,0.5,26
2021-11-25 14:00:00,438.0,2.8,-0.2,26
2021-11-25 15:00:00,443.0,2.9,-0.5,26
2021-11-25 16:00:00,435.0,2.6,-0.1,26
2021-11-25 17:00:00,421.0,2.5,0.0,26
2021-11-25 18:00:00,416.0,2.6,-0.5,26
2021-11-25 19:00:00,419.0,2.4,-0.3,26
2021-11-25 20:00:00,413.0,2.4,-0.6,26
2021-11-25 21:00:00,408.0,2.4,-1.0,26
2021-11-25 22:00:00,397.0,2.5,-1.0,26
2021-11-25 23:00:00,388.0,2.6,-1.0,26
2021-11-26 00:00:00,383.0,3.0,-1.0,46
2021-11-26 01:00:00,377.0,3.3,-0.7,46
2021-11-26 02:00:00,372.0,3.3,-1.2,46
2021-11-26 03:00:00,368.0,3.5,-1.6,46
2021-11-26 04:00:00,362.0,4.0,-1.6,46
2021-11-26 05:00:00,352.0,3.6,-1.6,46
2021-11-26 06:00:00,355.0,4.2,-1.9,46
2021-11-26 07:00:00,353.0,4.4,-2.1,46
2021-11-26 08:00:00,356.0,5.4,-2.1,46
2021-11-26 09:00:00,357.0,6.4,-0.6,46
2021-11-26 10:00:00,355.0,7.5,0.7,46
2021-11-26 11:00:00,355.0,7.7,-0.7,46
2021-11-26 12:00:00,356.0,7.1,-1.8,46
2021-11-26 13:00:00,354.0,8.8,-0.9,46
2021-11-26 14:00:00,356.0,12.9,-0.4,46
2021-11-26 15:00:00,354.0,13.9,2.6,46
2021-11-26 16:00:00,352.0,10.9,3.1,46
2021-11-26 17:00:00,349.0,9.2,4.0,46
2021-11-26 18:00:00,350.0,9.1,4.8,46
2021-11-26 19:00:00,345.0,8.1,5.1,46
2021-11-26 20:00:00,343.0,7.6,5.1,46
2021-11-26 21:00:00,348.0,7.8,5.1,46
2021-11-26 22:00:00,350.0,8.3,4.7,46
2021-11-26 23:00:00,352.0,7.6,4.8,46
2021-11-27 00:00:00,347.0,6.5,3.6,42
2021-11-27 01:00:00,352.0,5.5,1.1,42
2021-11-27 02:00:00,351.0,5.7,0.0,42
2021-11-27 03:00:00,346.0,5.9,0.9,42
2021-11-27 04:00:00,347.0,5.3,2.3,42
2021-11-27 05:00:00,346.0,4.6,1.3,42
2021-11-27 06:00:00,339.0,4.1,-2.0,42
2021-11-27 07:00:00,339.0,4.1,-1.7,42
2021-11-27 08:00:00,342.0,3.6,-1.4,42
2021-11-27 09:00:00,342.0,4.6,3.9,42
2021-11-27 10:00:00,345.0,3.9,1.1,42
2021-11-27 11:00:00,353.0,3.8,-3.1,42
2021-11-27 12:00:00,353.0,3.9,-2.8,42
2021-11-27 13:00:00,346.0,3.9,-1.3,42
2021-11-27 14:00:00,340.0,4.5,-0.9,42
2021-11-27 15:00:00,335.0,4.7,-1.5,42
2021-11-27 16:00:00,331.0,5.4,-0.5,42
2021-11-27 17:00:00,326.0,5.4,-1.4,42
2021-11-27 18:00:00,322.0,5.9,-2.1,42
2021-11-27 19:00:00,319.0,6.2,-0.8,42
2021-11-27 20:00:00,303.0,5.9,2.7,42
2021-11-27 21:00:00,300.0,7.4,2.6,42
2021-11-27 22:00:00,299.0,7.6,3.3,42
2021-11-27 23:00:00,366.0,20.5,-0.2,42
2021-11-28 00:00:00,378.0,24.9,1.3,47
2021-11-28 01:00:00,379.0,22.3,3.7,47
2021-11-28 02:00:00,390.0,16.4,-8.8,47
2021-11-28 03:00:00,394.0,16.6,6.9,47
2021-11-28 04:00:00,402.0,23.1,12.3,47
2021-11-28 05:00:00,399.0,20.9,8.2,47
2021-11-28 06:00:00,390.0,20.8,7.4,47
2021-11-28 07:00:00,394.0,20.6,3.7,47
2021-11-28 08:00:00,386.0,18.0,3.4,47
2021-11-28 09:00:00,381.0,17.1,-1.3,47
2021-11-28 10:00:00,379.0,16.1,-2.3,47
2021-11-28 11:00:00,363.0,8.6,2.2,47
2021-11-28 12:00:00,367.0,7.9,5.5,47
2021-11-28 13:00:00,368.0,9.6,6.6,47
2021-11-28 14:00:00,364.0,7.7,6.5,47
2021-11-28 15:00:00,364.0,6.1,5.1,47
2021-11-28 16:00:00,377.0,9.1,2.8,47
2021-11-28 17:00:00,374.0,9.2,2.6,47
2021-11-28 18:00:00,343.0,9.8,4.2,47
2021-11-28 19:00:00,350.0,7.9,-0.5,47
2021-11-28 20:00:00,366.0,11.4,-3.8,47
2021-11-28 21:00:00,371.0,12.0,-2.8,47
2021-11-28 22:00:00,365.0,12.3,-3.6,47
2021-11-28 23:00:00,371.0,12.6,-7.0,47
2021-11-29 00:00:00,372.0,12.7,-4.4,43
2021-11-29 01:00:00,372.0,10.5,-4.4,43
2021-11-29 02:00:00,378.0,5.6,-6.7,43
2021-11-29 03:00:00,372.0,5.4,-6.5,43
2021-11-29 04:00:00,378.0,7.2,-5.0,43
2021-11-29 05:00:00,380.0,8.1,-4.0,43
2021-11-29 06:00:00,374.0,7.6,-2.4,43
2021-11-29 07:00:00,374.0,6.9,-1.9,43
2021-11-29 08:00:00,363.0,6.0,-4.8,43
2021-11-29 09:00:00,368.0,6.2,-2.9,43
2021-11-29 10:00:00,365.0,6.3,-2.7,43
2021-11-29 11:00:00,364.0,6.2,-3.8,43
2021-11-29 12:00:00,363.0,5.8,-2.7,43
2021-11-29 13:00:00,362.0,5.8,-2.1,43
2021-11-29 14:00:00,353.0,5.9,-1.9,43
2021-11-29 15:00:00,354.0,6.1,-2.6,43
2021-11-29 16:00:00,361.0,6.7,-2.2,43
2021-11-29 17:00:00,366.0,7.5,-2.3,43
2021-11-29 18:00:00,366.0,7.9,-1.7,43
2021-11-29 19:00:00,361.0,7.8,-0.5,43
2021-11-29 20:00:00,355.0,8.0,-1.7,43
2021-11-29 21:00:00,353.0,7.9,-0.9,43
2021-11-29 22:00:00,350.0,7.4,-0.7,43
2021-11-29 23:00:00,347.0,7.1,-0.8,43
2021-11-30 00:00:00,350.0,8.0,-0.5,60
2021-11-30 01:00:00,348.0,8.7,0.2,60
2021-11-30 02:00:00,353.0,10.2,0.4,60
2021-11-30 03:00:00,353.0,11.0,0.9,60
2021-11-30 04:00:00,352.0,10.8,-1.8,60
2021-11-30 05:00:00,346.0,10.3,-1.8,60
2021-11-30 06:00:00,345.0,10.3,-0.8,60
2021-11-30 07:00:00,344.0,9.4,0.0,60
2021-11-30 08:00:00,343.0,7.3,0.3,60
2021-11-30 09:00:00,339.0,6.4,0.6,60
2021-11-30 10:00:00,337.0,6.9,0.8,60
2021-11-30 11:00:00,336.0,7.1,0.2,60
2021-11-30 12:00:00,338.0,7.5,-0.9,60
2021-11-30 13:00:00,339.0,8.8,-1.2,60
2021-11-30 14:00:00,348.0,12.0,-2.5,60
2021-11-30 15:00:00,358.0,15.0,2.0,60
2021-11-30 16:00:00,369.0,18.5,1.2,60
2021-11-30 17:00:00,374.0,21.2,4.5,60
2021-11-30 18:00:00,367.0,24.1,4.6,60
2021-11-30 19:00:00,370.0,23.4,-4.4,60
2021-11-30 20:00:00,382.0,19.6,-7.8,60
2021-11-30 21:00:00,423.0,10.1,-5.8,60
2021-11-30 22:00:00,460.0,12.0,-8.4,60
2021-11-30 23:00:00,444.0,10.4,-1.3,60
2021-12-01 00:00:00,459.0,8.6,2.0,43
2021-12-01 01:00:00,455.0,9.2,-0.5,43
2021-12-01 02:00:00,479.0,7.6,0.1,43
2021-12-01 03:00:00,502.0,6.5,2.2,43
2021-12-01 04:00:00,491.0,5.7,-0.2,43
2021-12-01 05:00:00,501.0,5.0,-0.3,43
2021-12-01 06:00:00,512.0,3.8,0.8,43
2021-12-01 07:00:00,527.0,3.6,-0.1,43
2021-12-01 08:00:00,542.0,3.5,-3.3,43
2021-12-01 09:00:00,533.0,3.6,-2.4,43
2021-12-01 10:00:00,516.0,4.0,-3.2,43
2021-12-01 11:00:00,517.0,4.3,-4.3,43
2021-12-01 12:00:00,501.0,4.3,-3.6,43
2021-12-01 13:00:00,480.0,3.4,-1.2,43
2021-12-01 14:00:00,504.0,3.1,-4.1,43
2021-12-01 15:00:00,485.0,2.5,-0.4,43
2021-12-01 16:00:00,495.0,2.5,-1.4,43
2021-12-01 17:00:00,491.0,2.6,0.2,43
2021-12-01 18:00:00,513.0,2.8,-2.1,43
2021-12-01 19:00:00,512.0,2.9,-2.6,43
2021-12-01 20:00:00,505.0,3.0,-1.0,43
2021-12-01 21:00:00,517.0,2.8,0.1,43
2021-12-01 22:00:00,520.0,3.4,-1.9,43
2021-12-01 23:00:00,514.0,4.6,-0.8,43
2021-12-02 00:00:00,512.0,4.0,0.1,37
2021-12-02 01:00:00,514.0,4.0,-0.9,37
2021-12-02 02:00:00,513.0,3.9,-0.8,37
2021-12-02 03:00:00,517.0,3.5,0.3,37
2021-12-02 04:00:00,499.0,3.3,1.3,37
2021-12-02 05:00:00,516.0,3.0,0.8,37
2021-12-02 06:00:00,515.0,2.3,-2.8,37
2021-12-02 07:00:00,505.0,2.8,1.0,37
2021-12-02 08:00:00,514.0,2.6,0.5,37
2021-12-02 09:00:00,465.0,2.3,2.3,37
2021-12-02 10:00:00,494.0,2.6,0.6,37
2021-12-02 11:00:00,493.0,2.6,2.5,37
2021-12-02 12:00:00,502.0,2.8,1.3,37
2021-12-02 13:00:00,495.0,2.9,-0.2,37
2021-12-02 14:00:00,513.0,2.9,-2.4,37
2021-12-02 15:00:00,502.0,3.2,-3.6,37
2021-12-02 16:00:00,498.0,3.4,-0.6,37
2021-12-02 17:00:00,490.0,3.0,-2.8,37
2021-12-02 18:00:00,483.0,3.3,-0.6,37
2021-12-02 19:00:00,481.0,2.7,-1.7,37
2021-12-02 20:00:00,483.0,2.6,-1.2,37
2021-12-02 21:00:00,484.0,3.0,-0.4,37
2021-12-02 22:00:00,461.0,1.7,-0.3,37
2021-12-02 23:00:00,460.0,1.9,0.1,37
2021-12-03 00:00:00,471.0,2.6,0.8,30
2021-12-03 01:00:00,452.0,1.6,1.4,30
2021-12-03 02:00:00,450.0,1.8,1.1,30
2021-12-03 03:00:00,455.0,2.7,1.1,30
2021-12-03 04:00:00,448.0,2.1,-1.5,30
2021-12-03 05:00:00,427.0,1.6,1.0,30
2021-12-03 06:00:00,440.0,3.0,0.3,30
2021-12-03 07:00:00,438.0,2.6,-0.9,30
2021-12-03 08:00:00,437.0,2.9,-0.5,30
2021-12-03 09:00:00,427.0,3.6,-0.4,30
2021-12-03 10:00:00,431.0,4.5,-1.7,30
2021-12-03 11:00:00,456.0,5.8,-1.5,30
2021-12-03 12:00:00,442.0,8.3,-2.6,30
2021-12-03 13:00:00,443.0,10.4,-2.8,30
2021-12-03 14:00:00,450.0,11.5,-2.4,30
2021-12-03 15:00:00,449.0,9.6,-1.2,30
2021-12-03 16:00:00,452.0,6.0,2.2,30
2021-12-03 17:00:00,440.0,5.7,-1.6,30
2021-12-03 18:00:00,437.0,6.6,-2.5,30
2021-12-03 19:00:00,433.0,6.1,-3.2,30
2021-12-03 20:00:00,421.0,5.1,-0.3,30
2021-12-03 21:00:00,425.0,4.6,-0.1,30
2021-12-03 22:00:00,422.0,3.3,-1.5,30
2021-12-03 23:00:00,439.0,4.3,0.6,30
2021-12-04 00:00:00,474.0,5.2,2.7,19
2021-12-04 01:00:00,482.0,6.2,-4.1,19
2021-12-04 02:00:00,495.0,4.4,0.3,19
2021-12-04 03:00:00,527.0,3.5,1.7,19
2021-12-04 04:00:00,526.0,3.4,0.5,19
2021-12-04 05:00:00,521.0,2.7,0.2,19
2021-12-04 06:00:00,506.0,2.5,-0.1,19
2021-12-04 07:00:00,481.0,2.7,-0.2,19
2021-12-04 08:00:00,471.0,2.1,-0.4,19
2021-12-04 09:00:00,470.0,2.2,0.1,19
2021-12-04 10:00:00,445.0,2.1,-0.4,19
2021-12-04 11:00:00,440.0,2.2,-0.8,19
2021-12-04 12:00:00,448.0,2.2,-1.0,19
2021-12-04 13:00:00,480.0,3.1,0.1,19
2021-12-04 14:00:00,473.0,3.4,-0.2,19
2021-12-04 15:00:00,429.0,2.3,-0.4,19
2021-12-04 16:00:00,438.0,2.9,0.4,19
2021-12-04 17:00:00,502.0,3.5,2.0,19
2021-12-04 18:00:00,500.0,3.8,2.4,19
2021-12-04 19:00:00,485.0,4.5,1.9,19
2021-12-04 20:00:00,487.0,4.9,2.0,19
2021-12-04 21:00:00,467.0,4.8,-0.7,19
2021-12-04 22:00:00,451.0,4.6,-1.0,19
2021-12-04 23:00:00,451.0,4.6,0.2,19
2021-12-05 00:00:00,451.0,3.6,0.1,25
2021-12-05 01:00:00,448.0,2.8,0.8,25
2021-12-05 02:00:00,449.0,3.2,-0.5,25
2021-12-05 03:00:00,433.0,3.3,-1.6,25
2021-12-05 04:00:00,437.0,2.9,-1.6,25
2021-12-05 05:00:00,429.0,3.2,-1.2,25
2021-12-05 06:00:00,423.0,3.5,-1.0,25
2021-12-05 07:00:00,418.0,2.9,-1.3,25
2021-12-05 08:00:00,411.0,2.6,-1.3,25
2021-12-05 09:00:00,412.0,2.7,-0.3,25
2021-12-05 10:00:00,434.0,3.2,-0.5,25
2021-12-05 11:00:00,460.0,4.1,0.0,25
2021-12-05 12:00:00,464.0,3.4,-2.1,25
2021-12-05 13:00:00,452.0,2.9,-1.8,25
2021-12-05 14:00:00,453.0,2.7,-0.1,25
2021-12-05 15:00:00,468.0,3.0,-2.9,25
2021-12-05 16:00:00,467.0,3.0,-0.7,25
2021-12-05 17:00:00,473.0,3.3,-2.4,25
2021-12-05 18:00:00,462.0,3.4,-3.7,25
2021-12-05 19:00:00,465.0,3.4,-3.7,25
2021-12-05 20:00:00,461.0,3.0,-2.6,25
2021-12-05 21:00:00,448.0,2.6,-1.5,25
2021-12-05 22:00:00,455.0,2.8,-0.3,25
2021-12-05 23:00:00,463.0,3.4,-3.6,25
2021-12-06 00:00:00,505.0,3.5,0.8,13
2021-12-06 01:00:00,484.0,3.5,4.4,13
2021-12-06 02:00:00,504.0,3.3,4.0,13
2021-12-06 03:00:00,497.0,3.6,4.7,13
2021-12-06 04:00:00,486.0,3.6,4.7,13
2021-12-06 05:00:00,465.0,2.7,-0.9,13
2021-12-06 06:00:00,467.0,3.0,0.1,13
2021-12-06 07:00:00,464.0,3.5,1.0,13
2021-12-06 08:00:00,454.0,3.0,-0.9,13
2021-12-06 09:00:00,457.0,3.2,-2.2,13
2021-12-06 10:00:00,449.0,3.0,-1.1,13
2021-12-06 11:00:00,449.0,3.3,-3.5,13
2021-12-06 12:00:00,479.0,3.3,-1.6,13
2021-12-06 13:00:00,487.0,4.3,-2.2,13
2021-12-06 14:00:00,479.0,3.5,-2.5,13
2021-12-06 15:00:00,478.0,3.7,-3.1,13
2021-12-06 16:00:00,483.0,4.4,-1.8,13
2021-12-06 17:00:00,496.0,4.7,1.5,13
2021-12-06 18:00:00,490.0,5.3,0.2,13
2021-12-06 19:00:00,487.0,4.5,1.1,13
2021-12-06 20:00:00,492.0,4.4,1.1,13
2021-12-06 21:00:00,506.0,4.3,2.0,13
2021-12-06 22:00:00,509.0,4.1,-0.5,13
2021-12-06 23:00:00,501.0,4.0,0.3,13
2021-12-07 00:00:00,505.0,3.8,-0.4,12
2021-12-07 01:00:00,498.0,4.0,-0.6,12
2021-12-07 02:00:00,498.0,3.9,0.3,12
2021-12-07 03:00:00,488.0,4.0,-1.7,12
2021-12-07 04:00:00,488.0,4.0,1.8,12
2021-12-07 05:00:00,490.0,2.6,2.7,12
2021-12-07 06:00:00,480.0,2.5,3.1,12
2021-12-07 07:00:00,476.0,3.5,1.6,12
2021-12-07 08:00:00,485.0,3.4,0.9,12
2021-12-07 09:00:00,492.0,3.0,1.9,12
2021-12-07 10:00:00,506.0,3.3,1.7,12
2021-12-07 11:00:00,505.0,2.9,2.8,12
2021-12-07 12:00:00,504.0,2.9,2.7,12
2021-12-07 13:00:00,502.0,2.6,1.8,12
2021-12-07 14:00:00,500.0,2.8,1.1,12
2021-12-07 15:00:00,498.0,2.4,1.7,12
2021-12-07 16:00:00,481.0,2.0,1.7,12
2021-12-07 17:00:00,473.0,2.3,0.8,12
2021-12-07 18:00:00,466.0,2.5,0.1,12
2021-12-07 19:00:00,448.0,2.6,-0.5,12
2021-12-07 20:00:00,433.0,3.0,-0.4,12
2021-12-07 21:00:00,429.0,4.8,0.2,12
2021-12-07 22:00:00,424.0,4.2,0.1,12
2021-12-07 23:00:00,417.0,4.7,1.0,12
2021-12-08 00:00:00,418.0,5.6,-0.7,6
2021-12-08 01:00:00,450.0,3.6,0.6,6
2021-12-08 02:00:00,439.0,3.7,1.4,6
2021-12-08 03:00:00,437.0,4.1,0.4,6
2021-12-08 04:00:00,435.0,4.3,0.8,6
2021-12-08 05:00:00,429.0,4.0,0.8,6
2021-12-08 06:00:00,421.0,4.1,-0.5,6
2021-12-08 07:00:00,413.0,4.0,-1.0,6
2021-12-08 08:00:00,415.0,4.1,-0.2,6
2021-12-08 09:00:00,413.0,3.7,-1.1,6
2021-12-08 10:00:00,418.0,3.5,-2.5,6
2021-12-08 11:00:00,420.0,3.5,-2.1,6
2021-12-08 12:00:00,419.0,3.6,-0.9,6
2021-12-08 13:00:00,415.0,3.2,-0.8,6
2021-12-08 14:00:00,414.0,3.0,-1.4,6
2021-12-08 15:00:00,406.0,3.0,-1.9,6
2021-12-08 16:00:00,407.0,2.6,-1.3,6
2021-12-08 17:00:00,408.0,2.7,-1.1,6
2021-12-08 18:00:00,399.0,2.9,-1.5,6
2021-12-08 19:00:00,396.0,3.0,-0.8,6
2021-12-08 20:00:00,392.0,3.0,-1.1,6
2021-12-08 21:00:00,383.0,3.2,-1.0,6
2021-12-08 22:00:00,378.0,3.3,-1.6,6
2021-12-08 23:00:00,376.0,3.1,-2.3,6
2021-12-09 00:00:00,369.0,3.4,-1.4,0
2021-12-09 01:00:00,363.0,3.1,-1.1,0
2021-12-09 02:00:00,359.0,3.4,-1.2,0
2021-12-09 03:00:00,356.0,3.7,0.4,0
2021-12-09 04:00:00,362.0,4.0,0.2,0
2021-12-09 05:00:00,367.0,4.8,-0.3,0
2021-12-09 06:00:00,363.0,4.8,-1.5,0
2021-12-09 07:00:00,359.0,4.8,-0.3,0
2021-12-09 08:00:00,354.0,5.1,-0.6,0
2021-12-09 09:00:00,351.0,5.1,-0.8,0
2021-12-09 10:00:00,349.0,5.3,-0.6,0
2021-12-09 11:00:00,352.0,5.6,-1.0,0
2021-12-09 12:00:00,360.0,5.4,-0.5,0
2021-12-09 13:00:00,354.0,5.3,0.0,0
2021-12-09 14:00:00,356.0,5.3,-0.7,0
2021-12-09 15:00:00,355.0,5.2,-0.5,0
2021-12-09 16:00:00,352.0,5.2,0.2,0
2021-12-09 17:00:00,352.0,5.5,0.9,0
2021-12-09 18:00:00,349.0,5.6,1.2,0
2021-12-09 19:00:00,343.0,5.1,0.6,0
2021-12-09 20:00:00,343.0,5.1,0.9,0
2021-12-09 21:00:00,340.0,4.9,0.6,0
2021-12-09 22:00:00,338.0,5.1,-0.1,0
2021-12-09 23:00:00,331.0,5.3,0.3,0
2021-12-10 00:00:00,322.0,6.2,-0.5,0
2021-12-10 01:00:00,323.0,6.5,-0.4,0
2021-12-10 02:00:00,319.0,6.4,-0.2,0
2021-12-10 03:00:00,333.0,9.6,-0.4,0
2021-12-10 04:00:00,329.0,9.6,-0.5,0
2021-12-10 05:00:00,318.0,8.5,0.9,0
2021-12-10 06:00:00,323.0,8.3,0.6,0
2021-12-10 07:00:00,316.0,8.7,-2.0,0
2021-12-10 08:00:00,320.0,9.1,-2.9,0
2021-12-10 09:00:00,323.0,12.9,-0.6,0
2021-12-10 10:00:00,324.0,13.6,-0.7,0
2021-12-10 11:00:00,321.0,16.2,0.2,0
2021-12-10 12:00:00,322.0,15.3,-2.1,0
2021-12-10 13:00:00,319.0,17.2,-0.4,0
2021-12-10 14:00:00,316.0,18.6,-0.3,0
2021-12-10 15:00:00,319.0,20.9,-0.3,0
2021-12-10 16:00:00,317.0,19.8,1.0,0
2021-12-10 17:00:00,315.0,18.4,3.1,0
2021-12-10 18:00:00,318.0,14.0,3.3,0
2021-12-10 19:00:00,,,,0
2021-12-10 20:00:00,,,,0
2021-12-10 21:00:00,,,,0
2021-12-10 22:00:00,,,,0
2021-12-10 23:00:00,,,,0
2021-12-11 00:00:00,,,,0
2021-12-11 01:00:00,,,,0
2021-12-11 02:00:00,,,,0
2021-12-11 03:00:00,,,,0
2021-12-11 04:00:00,,,,0
2021-12-11 05:00:00,,,,0
2021-12-11 06:00:00,,,,0
2021-12-11 07:00:00,,,,0
2021-12-11 08:00:00,,,,0
2021-12-11 09:00:00,,,,0
2021-12-11 10:00:00,,,,0
2021-12-11 11:00:00,,,,0
2021-12-11 12:00:00,,,,0
2021-12-11 13:00:00,,,,0
2021-12-11 14:00:00,,,,0
2021-12-11 15:00:00,,,,0
2021-12-11 16:00:00,303.0,,1.9,0
2021-12-11 17:00:00,,,0.0,0
2021-12-11 18:00:00,296.0,,-0.8,0
2021-12-11 19:00:00,291.0,10.6,-2.0,0
2021-12-11 20:00:00,292.0,9.3,-1.0,0
2021-12-11 21:00:00,301.0,9.6,-0.7,0
2021-12-11 22:00:00,318.0,11.2,1.7,0
2021-12-11 23:00:00,318.0,11.9,1.1,0
2021-12-12 00:00:00,315.0,9.9,-0.3,13
2021-12-12 01:00:00,316.0,10.0,-0.2,13
2021-12-12 02:00:00,309.0,9.0,-1.3,13
2021-12-12 03:00:00,300.0,8.1,-2.0,13
2021-12-12 04:00:00,303.0,9.5,-1.2,13
2021-12-12 05:00:00,310.0,9.6,-1.5,13
2021-12-12 06:00:00,309.0,9.1,-1.0,13
2021-12-12 07:00:00,311.0,9.1,-0.3,13
2021-12-12 08:00:00,311.0,9.3,0.4,13
2021-12-12 09:00:00,311.0,8.4,-0.4,13
2021-12-12 10:00:00,309.0,8.2,-1.0,13
2021-12-12 11:00:00,304.0,8.2,-2.0,13
2021-12-12 12:00:00,303.0,8.7,-0.9,13
2021-12-12 13:00:00,303.0,8.5,-1.2,13
2021-12-12 14:00:00,298.0,7.6,-3.6,13
2021-12-12 15:00:00,302.0,9.2,-1.7,13
2021-12-12 16:00:00,302.0,10.1,-1.6,13
2021-12-12 17:00:00,306.0,9.7,-2.0,13
2021-12-12 18:00:00,308.0,9.9,-3.0,13
2021-12-12 19:00:00,315.0,11.4,-2.5,13
2021-12-12 20:00:00,313.0,12.6,-0.7,13
2021-12-12 21:00:00,313.0,15.3,-0.9,13
2021-12-12 22:00:00,316.0,17.9,-1.0,13
2021-12-12 23:00:00,319.0,18.6,-1.5,13
2021-12-13 00:00:00,314.0,20.5,-0.4,25
2021-12-13 01:00:00,316.0,20.3,-0.7,25
2021-12-13 02:00:00,312.0,19.2,-0.8,25
2021-12-13 03:00:00,329.0,17.0,-2.2,25
2021-12-13 04:00:00,330.0,12.5,-3.6,25
2021-12-13 05:00:00,331.0,10.7,-0.8,25
2021-12-13 06:00:00,327.0,16.2,2.0,25
2021-12-13 07:00:00,325.0,21.3,3.1,25
2021-12-13 08:00:00,324.0,15.8,3.5,25
2021-12-13 09:00:00,329.0,10.5,4.6,25
2021-12-13 10:00:00,329.0,13.0,2.4,25
2021-12-13 11:00:00,334.0,19.9,0.3,25
2021-12-13 12:00:00,328.0,16.1,2.9,25
2021-12-13 13:00:00,325.0,15.1,3.8,25
2021-12-13 14:00:00,320.0,13.3,5.0,25
2021-12-13 15:00:00,321.0,14.4,4.0,25
2021-12-13 16:00:00,317.0,12.9,4.6,25
2021-12-13 17:00:00,316.0,12.7,5.7,25
2021-12-13 18:00:00,313.0,15.7,4.8,25
2021-12-13 19:00:00,311.0,16.5,3.8,25
2021-12-13 20:00:00,310.0,18.4,4.9,25
2021-12-13 21:00:00,306.0,16.0,3.3,25
2021-12-13 22:00:00,311.0,13.4,5.4,25
2021-12-13 23:00:00,315.0,13.5,4.9,25
2021-12-14 00:00:00,320.0,14.8,3.2,44
2021-12-14 01:00:00,322.0,12.6,-3.1,44
2021-12-14 02:00:00,321.0,18.0,0.4,44
2021-12-14 03:00:00,322.0,15.9,1.3,44
2021-12-14 04:00:00,324.0,11.5,0.3,44
2021-12-14 05:00:00,325.0,11.0,0.7,44
2021-12-14 06:00:00,327.0,11.2,-1.4,44
2021-12-14 07:00:00,323.0,11.0,-1.3,44
2021-12-14 08:00:00,324.0,10.8,-2.5,44
2021-12-14 09:00:00,319.0,9.4,0.8,44
2021-12-14 10:00:00,318.0,9.8,-0.9,44
2021-12-14 11:00:00,315.0,9.8,-1.1,44
2021-12-14 12:00:00,313.0,10.5,-1.7,44
2021-12-14 13:00:00,318.0,10.4,-1.9,44
2021-12-14 14:00:00,316.0,10.4,-0.4,44
2021-12-14 15:00:00,317.0,11.1,-2.3,44
2021-12-14 16:00:00,318.0,11.0,-1.5,44
2021-12-14 17:00:00,316.0,11.3,-2.7,44
2021-12-14 18:00:00,318.0,11.2,-2.5,44
2021-12-14 19:00:00,,,-1.0,44
2021-12-14 20:00:00,,,2.0,44
2021-12-14 21:00:00,,,0.6,44
2021-12-14 22:00:00,,,0.7,44
2021-12-14 23:00:00,,,1.3,44
2021-12-15 00:00:00,,,-0.8,78
2021-12-15 01:00:00,,,2.1,78
2021-12-15 02:00:00,,,4.4,78
2021-12-15 03:00:00,,,2.3,78
2021-12-15 04:00:00,,,2.2,78
2021-12-15 05:00:00,,,6.3,78
2021-12-15 06:00:00,,,7.2,78
2021-12-15 07:00:00,,,0.2,78
2021-12-15 08:00:00,,,-6.0,78
2021-12-15 09:00:00,,,-2.4,78
2021-12-15 10:00:00,,,4.1,78
2021-12-15 11:00:00,,,1.2,78
2021-12-15 12:00:00,,,1.2,78
2021-12-15 13:00:00,548.0,,1.1,78
2021-12-15 14:00:00,558.0,8.0,3.2,78
2021-12-15 15:00:00,542.0,8.7,0.8,78
2021-12-15 16:00:00,531.0,8.0,2.6,78
2021-12-15 17:00:00,525.0,6.9,1.3,78
2021-12-15 18:00:00,534.0,6.8,2.6,78
2021-12-15 19:00:00,534.0,6.5,-1.0,78
2021-12-15 20:00:00,519.0,6.6,-0.6,78
2021-12-15 21:00:00,529.0,6.9,1.0,78
2021-12-15 22:00:00,528.0,6.5,-1.4,78
2021-12-15 23:00:00,524.0,6.1,0.2,78
2021-12-16 00:00:00,521.0,5.0,-1.2,107
2021-12-16 01:00:00,525.0,5.1,-1.2,107
2021-12-16 02:00:00,530.0,5.2,-1.8,107
2021-12-16 03:00:00,546.0,5.3,-1.1,107
2021-12-16 04:00:00,548.0,5.1,-1.4,107
2021-12-16 05:00:00,531.0,5.5,-0.4,107
2021-12-16 06:00:00,534.0,5.0,-2.3,107
2021-12-16 07:00:00,530.0,4.6,-1.5,107
2021-12-16 08:00:00,526.0,4.7,-2.0,107
2021-12-16 09:00:00,537.0,5.0,-2.3,107
2021-12-16 10:00:00,542.0,5.1,0.2,107
2021-12-16 11:00:00,540.0,5.1,-0.6,107
2021-12-16 12:00:00,538.0,4.4,2.8,107
2021-12-16 13:00:00,533.0,4.5,3.2,107
2021-12-16 14:00:00,503.0,4.1,2.8,107
2021-12-16 15:00:00,,,2.7,107
2021-12-16 16:00:00,500.0,,1.2,107
2021-12-16 17:00:00,497.0,4.2,-1.1,107
2021-12-16 18:00:00,487.0,4.5,-0.6,107
2021-12-16 19:00:00,471.0,4.7,0.8,107
2021-12-16 20:00:00,461.0,4.7,0.7,107
2021-12-16 21:00:00,459.0,4.3,0.2,107
2021-12-16 22:00:00,460.0,4.0,-0.1,107
2021-12-16 23:00:00,462.0,4.1,0.8,107
2021-12-17 00:00:00,452.0,3.9,0.9,111
2021-12-17 01:00:00,448.0,3.7,1.0,111
2021-12-17 02:00:00,415.0,3.7,-0.2,111
2021-12-17 03:00:00,418.0,4.1,-0.6,111
2021-12-17 04:00:00,416.0,4.1,-0.4,111
2021-12-17 05:00:00,405.0,4.0,0.0,111
2021-12-17 06:00:00,394.0,4.0,0.3,111
2021-12-17 07:00:00,391.0,4.0,-0.2,111
2021-12-17 08:00:00,387.0,4.0,-0.9,111
2021-12-17 09:00:00,385.0,4.3,-0.4,111
2021-12-17 10:00:00,387.0,4.6,-0.1,111
2021-12-17 11:00:00,379.0,4.8,0.0,111
2021-12-17 12:00:00,385.0,5.4,-0.4,111
2021-12-17 13:00:00,377.0,5.7,0.1,111
2021-12-17 14:00:00,374.0,5.9,0.1,111
2021-12-17 15:00:00,371.0,5.5,1.5,111
2021-12-17 16:00:00,369.0,5.6,1.6,111
2021-12-17 17:00:00,363.0,5.3,1.1,111
2021-12-17 18:00:00,364.0,5.3,0.9,111
2021-12-17 19:00:00,361.0,5.9,0.5,111
2021-12-17 20:00:00,370.0,6.6,-0.6,111
2021-12-17 21:00:00,368.0,5.7,-0.5,111
2021-12-17 22:00:00,365.0,6.2,0.4,111
2021-12-17 23:00:00,366.0,6.5,-0.6,111
2021-12-18 00:00:00,355.0,7.2,0.3,110
2021-12-18 01:00:00,357.0,7.4,0.0,110
2021-12-18 02:00:00,358.0,6.8,-0.9,110
2021-12-18 03:00:00,352.0,6.4,1.2,110
2021-12-18 04:00:00,346.0,6.7,2.2,110
2021-12-18 05:00:00,346.0,6.0,1.0,110
2021-12-18 06:00:00,346.0,6.3,1.1,110
2021-12-18 07:00:00,340.0,7.0,0.0,110
2021-12-18 08:00:00,333.0,7.2,0.2,110
2021-12-18 09:00:00,331.0,6.8,-0.1,110
2021-12-18 10:00:00,334.0,5.9,-0.3,110
2021-12-18 11:00:00,347.0,6.1,-0.5,110
2021-12-18 12:00:00,352.0,5.8,-1.4,110
2021-12-18 13:00:00,352.0,6.5,-1.0,110
2021-12-18 14:00:00,352.0,7.6,-1.1,110
2021-12-18 15:00:00,353.0,8.0,-1.7,110
2021-12-18 16:00:00,350.0,8.6,-1.1,110
2021-12-18 17:00:00,353.0,8.8,0.7,110
2021-12-18 18:00:00,355.0,8.7,0.6,110
2021-12-18 19:00:00,355.0,8.0,1.5,110
2021-12-18 20:00:00,354.0,8.2,1.3,110
2021-12-18 21:00:00,349.0,7.9,-0.4,110
2021-12-18 22:00:00,343.0,7.0,-1.8,110
2021-12-18 23:00:00,347.0,9.6,0.3,110
2021-12-19 00:00:00,350.0,9.4,2.1,120
2021-12-19 01:00:00,344.0,9.7,2.2,120
2021-12-19 02:00:00,337.0,7.4,2.1,120
2021-12-19 03:00:00,328.0,5.9,-0.3,120
2021-12-19 04:00:00,322.0,5.1,-0.4,120
2021-12-19 05:00:00,320.0,5.4,-0.9,120
2021-12-19 06:00:00,333.0,8.2,0.4,120
2021-12-19 07:00:00,334.0,8.7,-0.4,120
2021-12-19 08:00:00,334.0,9.1,-0.3,120
2021-12-19 09:00:00,325.0,7.0,0.2,120
2021-12-19 10:00:00,338.0,10.1,-1.5,120
2021-12-19 11:00:00,335.0,9.1,-0.6,120
2021-12-19 12:00:00,339.0,7.5,-2.2,120
2021-12-19 13:00:00,356.0,8.9,0.0,120
2021-12-19 14:00:00,383.0,17.1,3.8,120
2021-12-19 15:00:00,403.0,25.2,5.6,120
2021-12-19 16:00:00,402.0,28.6,-1.1,120
2021-12-19 17:00:00,405.0,29.6,-9.8,120
2021-12-19 18:00:00,407.0,24.6,-12.1,120
2021-12-19 19:00:00,410.0,13.4,-4.0,120
2021-12-19 20:00:00,425.0,12.0,6.7,120
2021-12-19 21:00:00,424.0,9.3,-3.4,120
2021-12-19 22:00:00,447.0,10.7,5.3,120
2021-12-19 23:00:00,441.0,9.6,7.3,120
2021-12-20 00:00:00,428.0,10.6,1.3,120
2021-12-20 01:00:00,455.0,13.7,2.4,120
2021-12-20 02:00:00,507.0,6.8,-2.1,120
2021-12-20 03:00:00,534.0,5.5,-0.3,120
2021-12-20 04:00:00,558.0,4.8,5.9,120
2021-12-20 05:00:00,545.0,5.0,2.6,120
2021-12-20 06:00:00,558.0,4.6,3.1,120
2021-12-20 07:00:00,557.0,5.3,-0.7,120
2021-12-20 08:00:00,562.0,5.6,-3.6,120
2021-12-20 09:00:00,536.0,5.5,3.6,120
2021-12-20 10:00:00,538.0,5.2,6.7,120
2021-12-20 11:00:00,528.0,4.6,5.2,120
2021-12-20 12:00:00,542.0,3.1,5.8,120
2021-12-20 13:00:00,530.0,3.6,3.3,120
2021-12-20 14:00:00,597.0,2.2,-0.5,120
2021-12-20 15:00:00,607.0,1.6,-1.8,120
2021-12-20 16:00:00,616.0,1.6,-1.7,120
2021-12-20 17:00:00,619.0,1.9,3.2,120
2021-12-20 18:00:00,631.0,2.0,2.5,120
2021-12-20 19:00:00,631.0,1.9,-1.0,120
2021-12-20 20:00:00,631.0,1.5,-2.2,120
2021-12-20 21:00:00,645.0,1.4,-0.4,120
2021-12-20 22:00:00,672.0,1.6,0.0,120
2021-12-20 23:00:00,681.0,1.5,-0.8,120
2021-12-21 00:00:00,679.0,1.4,1.4,133
2021-12-21 01:00:00,670.0,1.3,-0.6,133
2021-12-21 02:00:00,653.0,1.1,1.5,133
2021-12-21 03:00:00,661.0,1.2,1.8,133
2021-12-21 04:00:00,666.0,1.2,1.9,133
2021-12-21 05:00:00,649.0,1.2,1.0,133
2021-12-21 06:00:00,676.0,1.2,-2.1,133
2021-12-21 07:00:00,677.0,1.2,-0.8,133
2021-12-21 08:00:00,655.0,1.2,0.4,133
2021-12-21 09:00:00,659.0,1.2,0.5,133
2021-12-21 10:00:00,630.0,1.1,-0.5,133
2021-12-21 11:00:00,,,,133
2021-12-21 12:00:00,,,,133
2021-12-21 13:00:00,,,,133
2021-12-21 14:00:00,,,,133
2021-12-21 15:00:00,,,,133
2021-12-21 16:00:00,,,,133
2021-12-21 17:00:00,,,,133
2021-12-21 18:00:00,,,,133
2021-12-21 19:00:00,,,,133
2021-12-21 20:00:00,,,,133
2021-12-21 21:00:00,587.0,,,133
2021-12-21 22:00:00,585.0,1.5,2.2,133
2021-12-21 23:00:00,592.0,1.6,2.8,133
2021-12-22 00:00:00,587.0,1.5,0.6,152
2021-12-22 01:00:00,561.0,1.6,0.2,152
2021-12-22 02:00:00,580.0,1.7,0.4,152
2021-12-22 03:00:00,592.0,1.6,1.1,152
2021-12-22 04:00:00,585.0,1.7,-2.9,152
2021-12-22 05:00:00,606.0,1.4,1.4,152
2021-12-22 06:00:00,594.0,1.4,-0.7,152
2021-12-22 07:00:00,590.0,1.4,-1.5,152
2021-12-22 08:00:00,580.0,1.3,-1.7,152
2021-12-22 09:00:00,,,,152
2021-12-22 10:00:00,613.0,,,152
2021-12-22 11:00:00,614.0,1.5,1.5,152
2021-12-22 12:00:00,597.0,1.2,-2.0,152
2021-12-22 13:00:00,607.0,1.2,2.1,152
2021-12-22 14:00:00,589.0,1.2,0.0,152
2021-12-22 15:00:00,585.0,1.2,1.7,152
2021-12-22 16:00:00,585.0,1.3,0.3,152
2021-12-22 17:00:00,577.0,1.2,-1.0,152
2021-12-22 18:00:00,564.0,1.2,-0.8,152
2021-12-22 19:00:00,569.0,1.2,-0.8,152
2021-12-22 20:00:00,589.0,1.4,-3.0,152
2021-12-22 21:00:00,563.0,1.1,-0.2,152
2021-12-22 22:00:00,570.0,1.2,0.0,152
2021-12-22 23:00:00,611.0,1.3,2.1,152
2021-12-23 00:00:00,563.0,1.1,0.4,145
2021-12-23 01:00:00,582.0,1.1,1.2,145
2021-12-23 02:00:00,581.0,1.1,2.0,145
2021-12-23 03:00:00,599.0,1.2,2.2,145
2021-12-23 04:00:00,580.0,1.2,0.7,145
2021-12-23 05:00:00,543.0,1.2,1.0,145
2021-12-23 06:00:00,550.0,1.3,1.5,145
2021-12-23 07:00:00,522.0,1.2,0.8,145
2021-12-23 08:00:00,518.0,1.2,1.5,145
2021-12-23 09:00:00,543.0,1.4,0.8,145
2021-12-23 10:00:00,527.0,1.5,-0.1,145
2021-12-23 11:00:00,521.0,1.7,0.4,145
2021-12-23 12:00:00,497.0,1.8,-0.1,145
2021-12-23 13:00:00,500.0,1.8,0.2,145
2021-12-23 14:00:00,496.0,1.8,2.0,145
2021-12-23 15:00:00,494.0,1.8,1.1,145
2021-12-23 16:00:00,479.0,1.8,0.9,145
2021-12-23 17:00:00,482.0,2.0,0.9,145
2021-12-23 18:00:00,499.0,2.1,-1.4,145
2021-12-23 19:00:00,495.0,2.1,-0.7,145
2021-12-23 20:00:00,489.0,2.0,2.3,145
2021-12-23 21:00:00,491.0,2.1,1.4,145
2021-12-23 22:00:00,478.0,2.2,2.0,145
2021-12-23 23:00:00,468.0,2.3,1.5,145
2021-12-24 00:00:00,466.0,2.4,1.1,114
2021-12-24 01:00:00,461.0,2.4,0.6,114
2021-12-24 02:00:00,481.0,2.8,-0.2,114
2021-12-24 03:00:00,465.0,2.6,-0.2,114
2021-12-24 04:00:00,466.0,2.6,0.0,114
2021-12-24 05:00:00,462.0,2.6,0.0,114
2021-12-24 06:00:00,455.0,2.7,0.2,114
2021-12-24 07:00:00,449.0,3.4,3.3,114
2021-12-24 08:00:00,445.0,3.3,1.9,114
2021-12-24 09:00:00,433.0,3.2,0.1,114
2021-12-24 10:00:00,427.0,2.8,0.6,114
2021-12-24 11:00:00,422.0,3.0,2.0,114
2021-12-24 12:00:00,411.0,2.5,1.3,114
2021-12-24 13:00:00,420.0,2.9,2.3,114
2021-12-24 14:00:00,407.0,2.9,0.8,114
2021-12-24 15:00:00,406.0,3.2,-0.8,114
2021-12-24 16:00:00,408.0,3.1,-2.0,114
2021-12-24 17:00:00,402.0,3.0,-1.6,114
2021-12-24 18:00:00,417.0,3.1,-0.3,114
2021-12-24 19:00:00,391.0,2.6,0.2,114
2021-12-24 20:00:00,400.0,2.7,0.6,114
2021-12-24 21:00:00,412.0,3.4,-2.1,114
2021-12-24 22:00:00,414.0,3.4,-2.3,114
2021-12-24 23:00:00,401.0,3.1,-1.3,114
2021-12-25 00:00:00,421.0,3.8,0.7,112
2021-12-25 01:00:00,429.0,3.7,0.8,112
2021-12-25 02:00:00,420.0,3.3,-1.6,112
2021-12-25 03:00:00,413.0,3.3,1.1,112
2021-12-25 04:00:00,429.0,4.0,0.7,112
2021-12-25 05:00:00,431.0,2.9,0.3,112
2021-12-25 06:00:00,437.0,3.2,0.2,112
2021-12-25 07:00:00,465.0,4.2,0.3,112
2021-12-25 08:00:00,467.0,5.4,-4.0,112
2021-12-25 09:00:00,463.0,5.4,-3.5,112
2021-12-25 10:00:00,447.0,4.4,-2.9,112
2021-12-25 11:00:00,434.0,3.6,-2.8,112
2021-12-25 12:00:00,446.0,3.8,-1.2,112
2021-12-25 13:00:00,447.0,3.0,-2.2,112
2021-12-25 14:00:00,443.0,2.6,-2.6,112
2021-12-25 15:00:00,439.0,2.7,-2.7,112
2021-12-25 16:00:00,418.0,1.5,-2.9,112
2021-12-25 17:00:00,416.0,1.2,-1.7,112
2021-12-25 18:00:00,426.0,1.4,-1.8,112
2021-12-25 19:00:00,435.0,1.5,-0.9,112
2021-12-25 20:00:00,424.0,1.1,-1.4,112
2021-12-25 21:00:00,417.0,1.4,-1.9,112
2021-12-25 22:00:00,411.0,1.4,-1.6,112
2021-12-25 23:00:00,402.0,1.3,-1.7,112
2021-12-26 00:00:00,403.0,1.4,-0.6,97
2021-12-26 01:00:00,397.0,1.4,-0.9,97
2021-12-26 02:00:00,395.0,1.5,-1.0,97
2021-12-26 03:00:00,388.0,1.3,-1.4,97
2021-12-26 04:00:00,386.0,2.4,-0.7,97
2021-12-26 05:00:00,394.0,3.4,-0.6,97
2021-12-26 06:00:00,390.0,3.1,2.5,97
2021-12-26 07:00:00,384.0,3.3,1.1,97
2021-12-26 08:00:00,392.0,3.8,1.2,97
2021-12-26 09:00:00,374.0,4.1,-2.1,97
2021-12-26 10:00:00,372.0,3.8,-2.3,97
2021-12-26 11:00:00,364.0,4.0,-0.9,97
2021-12-26 12:00:00,362.0,4.3,-0.3,97
2021-12-26 13:00:00,360.0,4.1,0.5,97
2021-12-26 14:00:00,356.0,5.0,1.7,97
2021-12-26 15:00:00,357.0,5.0,1.2,97
2021-12-26 16:00:00,362.0,4.8,-1.3,97
2021-12-26 17:00:00,354.0,5.1,0.0,97
2021-12-26 18:00:00,355.0,5.1,-1.7,97
2021-12-26 19:00:00,345.0,5.8,-1.0,97
2021-12-26 20:00:00,336.0,5.4,-1.0,97
2021-12-26 21:00:00,324.0,5.3,-1.4,97
2021-12-26 22:00:00,325.0,5.4,-2.0,97
2021-12-26 23:00:00,329.0,5.5,-2.1,97
2021-12-27 00:00:00,337.0,5.6,-3.1,109
2021-12-27 01:00:00,317.0,5.7,-1.6,109
2021-12-27 02:00:00,312.0,6.5,1.0,109
2021-12-27 03:00:00,314.0,6.8,-0.6,109
2021-12-27 04:00:00,325.0,7.2,-1.9,109
2021-12-27 05:00:00,318.0,7.7,-0.2,109
2021-12-27 06:00:00,323.0,7.7,-2.6,109
2021-12-27 07:00:00,329.0,7.7,-3.9,109
2021-12-27 08:00:00,333.0,8.0,-2.9,109
2021-12-27 09:00:00,337.0,10.0,-4.5,109
2021-12-27 10:00:00,371.0,20.4,-3.9,109
2021-12-27 11:00:00,369.0,21.6,-6.0,109
2021-12-27 12:00:00,366.0,29.5,-5.8,109
2021-12-27 13:00:00,382.0,19.7,-1.2,109
2021-12-27 14:00:00,392.0,22.4,5.2,109
2021-12-27 15:00:00,390.0,17.0,6.6,109
2021-12-27 16:00:00,401.0,4.1,1.0,109
2021-12-27 17:00:00,414.0,3.3,-1.4,109
2021-12-27 18:00:00,417.0,2.6,1.5,109
2021-12-27 19:00:00,403.0,4.0,1.0,109
2021-12-27 20:00:00,408.0,3.5,2.1,109
2021-12-27 21:00:00,409.0,3.9,2.4,109
2021-12-27 22:00:00,410.0,3.8,-0.5,109
2021-12-27 23:00:00,400.0,4.4,-2.8,109
2021-12-28 00:00:00,410.0,4.5,-1.8,102
2021-12-28 01:00:00,400.0,4.4,-1.9,102
2021-12-28 02:00:00,393.0,4.4,-0.8,102
2021-12-28 03:00:00,414.0,3.7,-3.7,102
2021-12-28 04:00:00,425.0,2.1,-5.3,102
2021-12-28 05:00:00,426.0,1.5,-5.7,102
2021-12-28 06:00:00,405.0,2.5,-1.5,102
2021-12-28 07:00:00,421.0,2.4,0.8,102
2021-12-28 08:00:00,434.0,2.1,0.5,102
2021-12-28 09:00:00,439.0,1.9,0.6,102
2021-12-28 10:00:00,395.0,1.7,0.7,102
2021-12-28 11:00:00,397.0,1.6,1.1,102
2021-12-28 12:00:00,389.0,1.8,-0.6,102
2021-12-28 13:00:00,364.0,1.6,-1.4,102
2021-12-28 14:00:00,387.0,1.7,-0.3,102
2021-12-28 15:00:00,407.0,1.4,-2.0,102
2021-12-28 16:00:00,405.0,1.4,-2.5,102
2021-12-28 17:00:00,410.0,2.0,2.0,102
2021-12-28 18:00:00,405.0,2.6,0.6,102
2021-12-28 19:00:00,395.0,2.5,-1.3,102
2021-12-28 20:00:00,393.0,2.5,0.1,102
2021-12-28 21:00:00,404.0,2.1,-0.7,102
2021-12-28 22:00:00,419.0,1.6,-0.8,102
2021-12-28 23:00:00,417.0,1.8,-1.6,102
2021-12-29 00:00:00,412.0,1.9,-2.3,87
2021-12-29 01:00:00,401.0,2.1,-0.1,87
2021-12-29 02:00:00,402.0,1.9,-2.0,87
2021-12-29 03:00:00,404.0,2.9,-3.0,87
2021-12-29 04:00:00,398.0,2.9,-2.4,87
2021-12-29 05:00:00,392.0,2.9,-1.7,87
2021-12-29 06:00:00,390.0,3.5,-2.1,87
2021-12-29 07:00:00,389.0,3.3,-1.5,87
2021-12-29 08:00:00,387.0,4.1,-2.4,87
2021-12-29 09:00:00,385.0,5.0,1.1,87
2021-12-29 10:00:00,389.0,5.4,2.0,87
2021-12-29 11:00:00,387.0,6.1,0.7,87
2021-12-29 12:00:00,387.0,5.9,-1.9,87
2021-12-29 13:00:00,381.0,5.9,-1.9,87
2021-12-29 14:00:00,369.0,9.7,-1.7,87
2021-12-29 15:00:00,366.0,8.9,-1.8,87
2021-12-29 16:00:00,363.0,8.1,-0.5,87
2021-12-29 17:00:00,354.0,14.6,0.8,87
2021-12-29 18:00:00,357.0,14.9,-0.4,87
2021-12-29 19:00:00,,,,87
2021-12-29 20:00:00,,,,87
2021-12-29 21:00:00,,,,87
2021-12-29 22:00:00,,,,87
2021-12-29 23:00:00,,,,87
2021-12-30 00:00:00,,,,70
2021-12-30 01:00:00,427.0,,,70
2021-12-30 02:00:00,421.0,4.3,4.9,70
2021-12-30 03:00:00,400.0,9.5,-0.5,70
2021-12-30 04:00:00,422.0,9.8,-0.9,70
2021-12-30 05:00:00,412.0,10.8,2.2,70
2021-12-30 06:00:00,403.0,10.5,-0.1,70
2021-12-30 07:00:00,396.0,10.2,1.2,70
2021-12-30 08:00:00,391.0,7.5,-1.2,70
2021-12-30 09:00:00,403.0,5.6,-5.0,70
2021-12-30 10:00:00,391.0,7.8,2.6,70
2021-12-30 11:00:00,398.0,7.7,-0.9,70
2021-12-30 12:00:00,427.0,6.1,-1.5,70
2021-12-30 13:00:00,485.0,2.4,-0.9,70
2021-12-30 14:00:00,479.0,2.2,-0.6,70
2021-12-30 15:00:00,462.0,2.4,0.3,70
2021-12-30 16:00:00,433.0,2.5,0.2,70
2021-12-30 17:00:00,427.0,2.4,-0.2,70
2021-12-30 18:00:00,428.0,2.6,-0.2,70
2021-12-30 19:00:00,466.0,3.4,1.0,70
2021-12-30 20:00:00,449.0,3.8,1.0,70
2021-12-30 21:00:00,449.0,4.1,0.0,70
2021-12-30 22:00:00,454.0,4.5,1.0,70
2021-12-30 23:00:00,457.0,4.2,1.1,70
2021-12-31 00:00:00,454.0,4.5,0.9,62
2021-12-31 01:00:00,448.0,4.5,0.7,62
2021-12-31 02:00:00,452.0,4.2,1.6,62
2021-12-31 03:00:00,434.0,4.6,0.0,62
2021-12-31 04:00:00,432.0,4.5,0.3,62
2021-12-31 05:00:00,432.0,4.5,-0.7,62
2021-12-31 06:00:00,440.0,4.8,-1.2,62
2021-12-31 07:00:00,437.0,4.9,2.5,62
2021-12-31 08:00:00,437.0,4.8,2.1,62
2021-12-31 09:00:00,437.0,4.7,0.7,62
2021-12-31 10:00:00,442.0,4.6,2.1,62
2021-12-31 11:00:00,438.0,4.6,2.9,62
2021-12-31 12:00:00,427.0,5.3,2.7,62
2021-12-31 13:00:00,420.0,5.4,-0.1,62
2021-12-31 14:00:00,418.0,5.7,-1.5,62
2021-12-31 15:00:00,415.0,6.1,-0.6,62
2021-12-31 16:00:00,416.0,6.1,0.6,62
2021-12-31 17:00:00,423.0,7.1,2.7,62
2021-12-31 18:00:00,426.0,7.5,2.5,62
2021-12-31 19:00:00,426.0,8.4,4.0,62
2021-12-31 20:00:00,418.0,7.8,3.9,62
2021-12-31 21:00:00,423.0,8.6,3.1,62
2021-12-31 22:00:00,414.0,8.1,1.3,62
2021-12-31 23:00:00,388.0,5.0,-4.1,62
2022-01-01 00:00:00,389.0,5.4,-4.6,48
