timestamp,solar_wind_speed,solar_wind_density,bz_component,sunspot_number
2019-01-01 00:00:00,456,3.9,0.8,12
2019-01-01 01:00:00,460,3.9,-1.8,12
2019-01-01 02:00:00,459,4.0,1.2,12
2019-01-01 03:00:00,453,4.5,1.9,12
2019-01-01 04:00:00,446,5.2,-0.6,12
2019-01-01 05:00:00,438,4.6,-3.6,12
2019-01-01 06:00:00,433,4.3,-3.4,12
2019-01-01 07:00:00,430,4.3,-3.1,12
2019-01-01 08:00:00,423,4.7,-3.3,12
2019-01-01 09:00:00,430,4.7,-2.8,12
2019-01-01 10:00:00,427,4.4,-0.6,12
2019-01-01 11:00:00,424,4.2,-1.3,12
2019-01-01 12:00:00,418,3.8,-1.3,12
2019-01-01 13:00:00,404,3.1,0.3,12
2019-01-01 14:00:00,402,2.4,1.5,12
2019-01-01 15:00:00,395,2.8,1.2,12
2019-01-01 16:00:00,392,2.8,0.7,12
2019-01-01 17:00:00,385,2.6,1.0,12
2019-01-01 18:00:00,384,2.3,0.7,12
2019-01-01 19:00:00,386,2.0,0.6,12
2019-01-01 20:00:00,380,1.8,-0.3,12
2019-01-01 21:00:00,379,2.0,-0.1,12
2019-01-01 22:00:00,385,2.0,-0.5,12
2019-01-01 23:00:00,377,2.3,-0.5,12
2019-01-02 00:00:00,377,2.2,-0.7,15
2019-01-02 01:00:00,375,2.0,-0.6,15
2019-01-02 02:00:00,370,2.0,-0.2,15
2019-01-02 03:00:00,369,2.1,-0.2,15
2019-01-02 04:00:00,366,2.2,0.5,15
2019-01-02 05:00:00,364,2.2,0.4,15
2019-01-02 06:00:00,365,1.9,0.8,15
2019-01-02 07:00:00,360,1.7,0.4,15
2019-01-02 08:00:00,355,1.7,-0.2,15
2019-01-02 09:00:00,352,1.6,-0.8,15
2019-01-02 10:00:00,353,1.8,-1.2,15
2019-01-02 11:00:00,346,1.9,-1.0,15
2019-01-02 12:00:00,338,2.2,-0.9,15
2019-01-02 13:00:00,337,2.0,-1.0,15
2019-01-02 14:00:00,336,2.2,-0.7,15
2019-01-02 15:00:00,343,3.7,0.3,15
2019-01-02 16:00:00,343,4.1,-0.7,15
2019-01-02 17:00:00,343,3.9,-1.1,15
2019-01-02 18:00:00,343,4.2,-0.6,15
2019-01-02 19:00:00,353,4.5,0.2,15
2019-01-02 20:00:00,354,4.8,0.1,15
2019-01-02 21:00:00,349,4.9,-0.6,15
2019-01-02 22:00:00,335,4.7,-1.7,15
2019-01-02 23:00:00,334,4.9,-1.5,15
2019-01-03 00:00:00,336,4.8,-1.4,15
2019-01-03 01:00:00,337,4.7,-1.3,15
2019-01-03 02:00:00,328,4.4,-1.1,15
2019-01-03 03:00:00,313,4.1,-1.2,15
2019-01-03 04:00:00,310,4.1,-1.4,15
2019-01-03 05:00:00,308,4.0,-1.0,15
2019-01-03 06:00:00,307,4.0,-1.0,15
2019-01-03 07:00:00,306,3.8,-0.2,15
2019-01-03 08:00:00,304,4.2,-1.9,15
2019-01-03 09:00:00,304,3.8,-0.9,15
2019-01-03 10:00:00,311,4.8,0.2,15
2019-01-03 11:00:00,308,4.9,-1.0,15
2019-01-03 12:00:00,308,5.7,-2.3,15
2019-01-03 13:00:00,307,6.2,-0.8,15
2019-01-03 14:00:00,309,6.5,-0.7,15
2019-01-03 15:00:00,309,6.5,-0.1,15
2019-01-03 16:00:00,301,6.7,-0.6,15
2019-01-03 17:00:00,303,7.2,0.4,15
2019-01-03 18:00:00,303,6.8,-0.5,15
2019-01-03 19:00:00,300,5.1,-2.9,15
2019-01-03 20:00:00,293,4.4,-1.7,15
2019-01-03 21:00:00,308,5.6,0.2,15
2019-01-03 22:00:00,313,6.1,-0.8,15
2019-01-03 23:00:00,312,7.1,-1.0,15
2019-01-04 00:00:00,315,7.5,-2.2,13
2019-01-04 01:00:00,313,8.2,-2.2,13
2019-01-04 02:00:00,316,9.7,0.1,13
2019-01-04 03:00:00,310,9.0,-2.4,13
2019-01-04 04:00:00,314,9.8,-1.9,13
2019-01-04 05:00:00,312,10.6,0.9,13
2019-01-04 06:00:00,315,13.1,-1.5,13
2019-01-04 07:00:00,314,13.9,-3.8,13
2019-01-04 08:00:00,310,14.8,-4.4,13
2019-01-04 09:00:00,312,13.5,-4.3,13
2019-01-04 10:00:00,315,13.0,1.8,13
2019-01-04 11:00:00,330,20.1,0.3,13
2019-01-04 12:00:00,345,27.7,-3.1,13
2019-01-04 13:00:00,343,24.0,0.1,13
2019-01-04 14:00:00,337,24.0,-1.1,13
2019-01-04 15:00:00,335,27.4,-2.3,13
2019-01-04 16:00:00,344,35.7,-3.9,13
2019-01-04 17:00:00,342,36.2,-6.4,13
2019-01-04 18:00:00,353,31.3,-0.3,13
2019-01-04 19:00:00,365,28.0,-1.7,13
2019-01-04 20:00:00,362,33.7,-0.5,13
2019-01-04 21:00:00,353,33.9,-2.3,13
2019-01-04 22:00:00,380,22.6,-1.7,13
2019-01-04 23:00:00,407,19.6,-4.0,13
2019-01-05 00:00:00,416,15.6,3.3,11
2019-01-05 01:00:00,421,11.5,2.6,11
2019-01-05 02:00:00,437,9.5,-7.1,11
2019-01-05 03:00:00,480,6.3,2.1,11
2019-01-05 04:00:00,482,6.1,4.3,11
2019-01-05 05:00:00,484,5.8,4.1,11
2019-01-05 06:00:00,482,6.9,5.4,11
2019-01-05 07:00:00,484,6.0,0.7,11
2019-01-05 08:00:00,480,5.0,1.0,11
2019-01-05 09:00:00,461,5.3,4.1,11
2019-01-05 10:00:00,471,3.9,1.1,11
2019-01-05 11:00:00,508,2.5,-0.2,11
2019-01-05 12:00:00,508,2.6,0.4,11
2019-01-05 13:00:00,511,2.2,1.4,11
2019-01-05 14:00:00,517,2.6,0.3,11
2019-01-05 15:00:00,532,2.9,-1.1,11
2019-01-05 16:00:00,531,2.8,-0.4,11
2019-01-05 17:00:00,512,3.2,2.0,11
2019-01-05 18:00:00,514,3.7,0.3,11
2019-01-05 19:00:00,505,3.3,-0.2,11
2019-01-05 20:00:00,492,3.0,-1.6,11
2019-01-05 21:00:00,491,3.1,-1.2,11
2019-01-05 22:00:00,488,2.8,-1.9,11
2019-01-05 23:00:00,489,3.1,0.0,11
2019-01-06 00:00:00,477,3.3,-0.8,0
2019-01-06 01:00:00,501,4.0,2.4,0
2019-01-06 02:00:00,499,3.9,0.8,0
2019-01-06 03:00:00,492,3.5,0.1,0
2019-01-06 04:00:00,502,4.1,1.6,0
2019-01-06 05:00:00,517,4.4,-0.4,0
2019-01-06 06:00:00,498,3.4,-0.2,0
2019-01-06 07:00:00,503,3.5,-1.7,0
2019-01-06 08:00:00,507,3.5,-1.5,0
2019-01-06 09:00:00,520,3.7,-0.6,0
2019-01-06 10:00:00,519,3.9,0.0,0
2019-01-06 11:00:00,507,2.9,-0.5,0
2019-01-06 12:00:00,515,2.9,-0.5,0
2019-01-06 13:00:00,528,3.4,-0.3,0
2019-01-06 14:00:00,553,3.3,0.8,0
2019-01-06 15:00:00,544,3.9,2.4,0
2019-01-06 16:00:00,547,3.9,0.7,0
2019-01-06 17:00:00,554,3.9,-1.9,0
2019-01-06 18:00:00,544,3.6,-3.4,0
2019-01-06 19:00:00,540,3.7,0.6,0
2019-01-06 20:00:00,543,3.4,0.2,0
2019-01-06 21:00:00,545,3.1,-0.9,0
2019-01-06 22:00:00,549,3.2,1.2,0
2019-01-06 23:00:00,539,2.5,1.3,0
2019-01-07 00:00:00,531,2.4,0.6,0
2019-01-07 01:00:00,532,2.3,0.2,0
2019-01-07 02:00:00,519,2.1,0.5,0
2019-01-07 03:00:00,521,2.4,0.8,0
2019-01-07 04:00:00,523,2.4,0.7,0
2019-01-07 05:00:00,543,3.2,0.1,0
2019-01-07 06:00:00,535,3.3,-1.1,0
2019-01-07 07:00:00,502,2.9,-0.9,0
2019-01-07 08:00:00,502,3.3,0.7,0
2019-01-07 09:00:00,513,3.2,0.8,0
2019-01-07 10:00:00,505,3.4,-2.0,0
2019-01-07 11:00:00,499,3.6,-0.9,0
2019-01-07 12:00:00,495,3.7,0.1,0
2019-01-07 13:00:00,474,3.1,-1.4,0
2019-01-07 14:00:00,486,4.1,0.8,0
2019-01-07 15:00:00,497,4.6,1.5,0
2019-01-07 16:00:00,491,4.2,1.7,0
2019-01-07 17:00:00,476,4.1,2.1,0
2019-01-07 18:00:00,460,3.3,1.2,0
2019-01-07 19:00:00,458,3.7,0.8,0
2019-01-07 20:00:00,470,4.5,1.8,0
2019-01-07 21:00:00,460,4.3,0.7,0
2019-01-07 22:00:00,472,4.9,2.6,0
2019-01-07 23:00:00,467,5.1,1.4,0
2019-01-08 00:00:00,461,5.2,0.0,0
2019-01-08 01:00:00,458,5.0,-2.9,0
2019-01-08 02:00:00,447,4.4,-1.9,0
2019-01-08 03:00:00,435,3.7,0.8,0
2019-01-08 04:00:00,429,3.2,0.2,0
2019-01-08 05:00:00,424,3.1,-0.5,0
2019-01-08 06:00:00,441,4.1,1.0,0
2019-01-08 07:00:00,422,3.3,0.2,0
2019-01-08 08:00:00,418,3.6,-1.4,0
2019-01-08 09:00:00,424,4.1,-1.4,0
2019-01-08 10:00:00,438,5.1,0.1,0
2019-01-08 11:00:00,446,6.3,-1.6,0
2019-01-08 12:00:00,434,6.0,0.8,0
2019-01-08 13:00:00,439,6.0,0.1,0
2019-01-08 14:00:00,442,5.9,2.8,0
2019-01-08 15:00:00,430,5.9,2.9,0
2019-01-08 16:00:00,429,5.6,3.6,0
2019-01-08 17:00:00,414,5.4,2.3,0
2019-01-08 18:00:00,411,5.2,0.6,0
2019-01-08 19:00:00,415,5.1,1.7,0
2019-01-08 20:00:00,427,5.9,2.9,0
2019-01-08 21:00:00,422,6.1,1.5,0
2019-01-08 22:00:00,421,6.1,0.3,0
2019-01-08 23:00:00,422,6.2,2.3,0
2019-01-09 00:00:00,431,6.6,0.6,0
2019-01-09 01:00:00,429,8.1,-0.1,0
2019-01-09 02:00:00,432,7.4,-2.9,0
2019-01-09 03:00:00,429,6.6,1.5,0
2019-01-09 04:00:00,435,6.3,1.7,0
2019-01-09 05:00:00,438,6.9,-0.4,0
2019-01-09 06:00:00,439,5.8,-2.1,0
2019-01-09 07:00:00,424,6.4,-1.3,0
2019-01-09 08:00:00,408,7.2,-1.5,0
2019-01-09 09:00:00,405,7.2,-1.0,0
2019-01-09 10:00:00,405,7.0,-1.4,0
2019-01-09 11:00:00,406,7.0,-4.1,0
2019-01-09 12:00:00,407,7.1,-1.2,0
2019-01-09 13:00:00,399,7.7,1.5,0
2019-01-09 14:00:00,408,4.7,1.4,0
2019-01-09 15:00:00,415,3.1,0.2,0
2019-01-09 16:00:00,432,4.4,0.2,0
2019-01-09 17:00:00,424,4.8,-0.9,0
2019-01-09 18:00:00,422,4.5,-1.0,0
2019-01-09 19:00:00,421,4.7,-0.7,0
2019-01-09 20:00:00,415,5.3,-1.8,0
2019-01-09 21:00:00,406,5.4,-1.2,0
2019-01-09 22:00:00,408,5.6,-1.2,0
2019-01-09 23:00:00,406,4.9,-1.0,0
2019-01-10 00:00:00,403,4.9,0.5,0
2019-01-10 01:00:00,404,4.7,0.2,0
2019-01-10 02:00:00,403,3.9,-0.3,0
2019-01-10 03:00:00,406,4.1,-0.2,0
2019-01-10 04:00:00,384,5.8,0.1,0
2019-01-10 05:00:00,362,6.5,-0.1,0
2019-01-10 06:00:00,360,6.0,-0.6,0
2019-01-10 07:00:00,361,7.9,-1.4,0
2019-01-10 08:00:00,353,7.7,1.6,0
2019-01-10 09:00:00,364,6.5,2.3,0
2019-01-10 10:00:00,365,6.6,-0.3,0
2019-01-10 11:00:00,371,7.4,-1.8,0
2019-01-10 12:00:00,372,8.1,-2.3,0
2019-01-10 13:00:00,381,6.6,-0.4,0
2019-01-10 14:00:00,382,7.0,1.1,0
2019-01-10 15:00:00,375,6.1,1.2,0
2019-01-10 16:00:00,374,6.6,1.1,0
2019-01-10 17:00:00,381,8.2,2.1,0
2019-01-10 18:00:00,374,6.8,1.7,0
2019-01-10 19:00:00,368,6.6,1.9,0
2019-01-10 20:00:00,370,6.6,2.4,0
2019-01-10 21:00:00,378,3.7,2.2,0
2019-01-10 22:00:00,385,2.8,0.8,0
2019-01-10 23:00:00,411,3.3,0.8,0
2019-01-11 00:00:00,439,4.3,0.4,0
2019-01-11 01:00:00,470,5.2,1.3,0
2019-01-11 02:00:00,500,5.3,-1.4,0
2019-01-11 03:00:00,504,5.3,1.1,0
2019-01-11 04:00:00,509,5.5,0.8,0
2019-01-11 05:00:00,509,5.4,-2.2,0
2019-01-11 06:00:00,499,4.5,-3.0,0
2019-01-11 07:00:00,480,5.7,-1.8,0
2019-01-11 08:00:00,470,4.2,1.6,0
2019-01-11 09:00:00,460,4.1,1.3,0
2019-01-11 10:00:00,450,5.3,-1.7,0
2019-01-11 11:00:00,448,4.6,-1.6,0
2019-01-11 12:00:00,442,4.9,-2.1,0
2019-01-11 13:00:00,446,5.2,-1.2,0
2019-01-11 14:00:00,440,3.4,-0.5,0
2019-01-11 15:00:00,412,2.7,0.8,0
2019-01-11 16:00:00,424,4.0,-0.6,0
2019-01-11 17:00:00,422,3.9,0.3,0
2019-01-11 18:00:00,421,3.9,0.9,0
2019-01-11 19:00:00,421,3.3,2.0,0
2019-01-11 20:00:00,424,3.2,1.8,0
2019-01-11 21:00:00,403,2.4,0.5,0
2019-01-11 22:00:00,405,3.0,0.4,0
2019-01-11 23:00:00,403,2.7,0.2,0
2019-01-12 00:00:00,404,2.4,0.4,0
2019-01-12 01:00:00,415,2.8,0.7,0
2019-01-12 02:00:00,412,3.6,0.6,0
2019-01-12 03:00:00,408,3.5,-0.2,0
2019-01-12 04:00:00,415,3.4,-0.8,0
2019-01-12 05:00:00,410,3.5,0.5,0
2019-01-12 06:00:00,405,3.5,-0.3,0
2019-01-12 07:00:00,398,3.5,0.1,0
2019-01-12 08:00:00,391,3.5,0.1,0
2019-01-12 09:00:00,390,3.6,-1.0,0
2019-01-12 10:00:00,386,3.8,-1.1,0
2019-01-12 11:00:00,380,3.3,-0.7,0
2019-01-12 12:00:00,379,3.7,-1.7,0
2019-01-12 13:00:00,378,3.6,-1.2,0
2019-01-12 14:00:00,376,3.5,-1.4,0
2019-01-12 15:00:00,378,3.5,-1.0,0
2019-01-12 16:00:00,375,3.5,-0.8,0
2019-01-12 17:00:00,378,3.5,-0.3,0
2019-01-12 18:00:00,378,2.9,-0.3,0
2019-01-12 19:00:00,364,3.4,-1.2,0
2019-01-12 20:00:00,358,3.2,-0.5,0
2019-01-12 21:00:00,352,3.2,0.0,0
2019-01-12 22:00:00,355,3.2,-1.0,0
2019-01-12 23:00:00,362,3.6,-2.0,0
2019-01-13 00:00:00,362,3.5,-1.3,0
2019-01-13 01:00:00,366,3.4,-1.0,0
2019-01-13 02:00:00,362,3.1,-0.8,0
2019-01-13 03:00:00,352,2.6,-0.7,0
2019-01-13 04:00:00,352,2.4,-0.7,0
2019-01-13 05:00:00,350,3.2,-1.0,0
2019-01-13 06:00:00,345,4.0,-1.4,0
2019-01-13 07:00:00,338,4.1,-0.8,0
2019-01-13 08:00:00,348,6.2,0.0,0
2019-01-13 09:00:00,340,6.2,-0.1,0
2019-01-13 10:00:00,326,5.3,-0.3,0
2019-01-13 11:00:00,307,8.4,0.6,0
2019-01-13 12:00:00,299,9.1,0.7,0
2019-01-13 13:00:00,295,9.8,0.2,0
2019-01-13 14:00:00,294,9.7,-0.4,0
2019-01-13 15:00:00,291,10.0,-1.1,0
2019-01-13 16:00:00,292,10.7,-0.9,0
2019-01-13 17:00:00,292,12.3,0.1,0
2019-01-13 18:00:00,297,12.9,-0.3,0
2019-01-13 19:00:00,296,14.0,0.1,0
2019-01-13 20:00:00,293,14.9,-0.3,0
2019-01-13 21:00:00,297,19.3,0.7,0
2019-01-13 22:00:00,315,22.1,0.3,0
2019-01-13 23:00:00,331,24.2,-0.5,0
2019-01-14 00:00:00,333,14.4,3.9,0
2019-01-14 01:00:00,345,14.3,3.0,0
2019-01-14 02:00:00,350,14.5,0.6,0
2019-01-14 03:00:00,372,12.9,1.5,0
2019-01-14 04:00:00,379,11.8,-3.8,0
2019-01-14 05:00:00,375,11.5,0.5,0
2019-01-14 06:00:00,390,9.9,0.1,0
2019-01-14 07:00:00,393,9.5,-0.6,0
2019-01-14 08:00:00,403,8.0,-2.1,0
2019-01-14 09:00:00,401,8.9,-2.8,0
2019-01-14 10:00:00,394,9.3,-1.9,0
2019-01-14 11:00:00,389,10.2,0.2,0
2019-01-14 12:00:00,389,9.5,0.2,0
2019-01-14 13:00:00,385,8.8,0.3,0
2019-01-14 14:00:00,378,9.0,0.1,0
2019-01-14 15:00:00,377,10.2,0.1,0
2019-01-14 16:00:00,381,11.4,-0.5,0
2019-01-14 17:00:00,386,10.3,0.1,0
2019-01-14 18:00:00,383,10.5,3.4,0
2019-01-14 19:00:00,385,11.7,1.7,0
2019-01-14 20:00:00,375,13.9,1.4,0
2019-01-14 21:00:00,373,13.7,1.5,0
2019-01-14 22:00:00,367,13.1,0.0,0
2019-01-14 23:00:00,350,8.5,1.8,0
2019-01-15 00:00:00,347,11.0,0.1,0
2019-01-15 01:00:00,344,10.3,-3.1,0
2019-01-15 02:00:00,341,9.1,-2.6,0
2019-01-15 03:00:00,333,5.0,0.1,0
2019-01-15 04:00:00,335,6.0,1.1,0
2019-01-15 05:00:00,337,6.0,1.0,0
2019-01-15 06:00:00,328,6.3,1.1,0
2019-01-15 07:00:00,330,7.6,2.0,0
2019-01-15 08:00:00,349,7.0,2.1,0
2019-01-15 09:00:00,346,6.6,2.8,0
2019-01-15 10:00:00,355,3.6,-0.1,0
2019-01-15 11:00:00,356,4.1,-0.1,0
2019-01-15 12:00:00,345,4.1,1.3,0
2019-01-15 13:00:00,349,6.1,1.6,0
2019-01-15 14:00:00,356,6.7,1.8,0
2019-01-15 15:00:00,356,8.3,0.0,0
2019-01-15 16:00:00,389,5.0,0.0,0
2019-01-15 17:00:00,382,6.3,0.2,0
2019-01-15 18:00:00,377,9.1,0.7,0
2019-01-15 19:00:00,384,10.9,-2.6,0
2019-01-15 20:00:00,404,9.6,1.1,0
2019-01-15 21:00:00,410,7.3,1.8,0
2019-01-15 22:00:00,417,7.4,1.4,0
2019-01-15 23:00:00,408,6.3,0.7,0
2019-01-16 00:00:00,405,6.4,1.9,0
2019-01-16 01:00:00,400,6.5,0.8,0
2019-01-16 02:00:00,400,7.1,-1.2,0
2019-01-16 03:00:00,395,6.7,-1.4,0
2019-01-16 04:00:00,391,6.5,-1.0,0
2019-01-16 05:00:00,387,6.6,0.5,0
2019-01-16 06:00:00,383,6.5,-1.3,0
2019-01-16 07:00:00,378,7.3,-2.1,0
2019-01-16 08:00:00,381,7.8,1.4,0
2019-01-16 09:00:00,378,8.2,0.6,0
2019-01-16 10:00:00,370,7.8,-0.7,0
2019-01-16 11:00:00,366,8.4,-0.4,0
2019-01-16 12:00:00,369,7.9,1.1,0
2019-01-16 13:00:00,365,7.7,1.0,0
2019-01-16 14:00:00,362,7.4,0.0,0
2019-01-16 15:00:00,375,9.2,-1.4,0
2019-01-16 16:00:00,377,10.2,-1.8,0
2019-01-16 17:00:00,376,7.6,0.4,0
2019-01-16 18:00:00,376,7.8,-0.3,0
2019-01-16 19:00:00,393,6.7,-4.7,0
2019-01-16 20:00:00,402,6.2,-5.3,0
2019-01-16 21:00:00,400,7.9,-5.4,0
2019-01-16 22:00:00,404,7.9,-5.8,0
2019-01-16 23:00:00,396,8.0,-0.2,0
2019-01-17 00:00:00,387,8.0,-0.9,0
2019-01-17 01:00:00,387,7.9,4.5,0
2019-01-17 02:00:00,385,6.5,4.4,0
2019-01-17 03:00:00,388,6.6,1.1,0
2019-01-17 04:00:00,388,7.3,4.3,0
2019-01-17 05:00:00,394,7.2,4.6,0
2019-01-17 06:00:00,379,5.6,2.5,0
2019-01-17 07:00:00,399,6.5,4.7,0
2019-01-17 08:00:00,393,7.4,4.1,0
2019-01-17 09:00:00,410,9.8,5.4,0
2019-01-17 10:00:00,412,9.1,6.1,0
2019-01-17 11:00:00,403,6.0,5.4,0
2019-01-17 12:00:00,457,5.4,5.9,0
2019-01-17 13:00:00,463,3.3,4.3,0
2019-01-17 14:00:00,460,4.0,1.0,0
2019-01-17 15:00:00,470,4.2,-1.6,0
2019-01-17 16:00:00,491,4.6,1.2,0
2019-01-17 17:00:00,491,4.4,0.7,0
2019-01-17 18:00:00,503,4.3,3.2,0
2019-01-17 19:00:00,493,4.4,4.0,0
2019-01-17 20:00:00,489,4.9,1.2,0
2019-01-17 21:00:00,503,3.5,0.4,0
2019-01-17 22:00:00,497,3.4,-2.1,0
2019-01-17 23:00:00,483,2.9,1.4,0
2019-01-18 00:00:00,484,3.5,3.6,0
2019-01-18 01:00:00,480,4.1,3.0,0
2019-01-18 02:00:00,475,4.1,0.9,0
2019-01-18 03:00:00,477,3.9,2.0,0
2019-01-18 04:00:00,476,4.1,1.5,0
2019-01-18 05:00:00,466,4.3,-0.8,0
2019-01-18 06:00:00,470,4.2,1.5,0
2019-01-18 07:00:00,463,3.6,0.4,0
2019-01-18 08:00:00,459,3.2,0.5,0
2019-01-18 09:00:00,471,3.6,-0.5,0
2019-01-18 10:00:00,467,3.1,-1.8,0
2019-01-18 11:00:00,447,3.1,-1.0,0
2019-01-18 12:00:00,440,3.1,-0.1,0
2019-01-18 13:00:00,444,3.0,-0.5,0
2019-01-18 14:00:00,427,3.0,0.0,0
2019-01-18 15:00:00,435,3.1,-0.9,0
2019-01-18 16:00:00,438,3.4,-0.1,0
2019-01-18 17:00:00,439,3.5,-0.4,0
2019-01-18 18:00:00,436,3.6,-1.3,0
2019-01-18 19:00:00,428,3.4,-1.1,0
2019-01-18 20:00:00,427,3.4,0.0,0
2019-01-18 21:00:00,418,3.4,-0.1,0
2019-01-18 22:00:00,420,3.2,1.4,0
2019-01-18 23:00:00,420,3.4,1.4,0
2019-01-19 00:00:00,415,3.1,1.0,0
2019-01-19 01:00:00,413,3.3,-0.6,0
2019-01-19 02:00:00,409,2.8,-1.2,0
2019-01-19 03:00:00,407,2.6,-1.6,0
2019-01-19 04:00:00,402,2.7,-1.2,0
2019-01-19 05:00:00,402,3.0,-0.4,0
2019-01-19 06:00:00,404,3.6,1.4,0
2019-01-19 07:00:00,402,4.2,-1.7,0
2019-01-19 08:00:00,406,4.6,-2.3,0
2019-01-19 09:00:00,406,5.0,-2.3,0
2019-01-19 10:00:00,401,5.3,-2.0,0
2019-01-19 11:00:00,397,5.2,0.2,0
2019-01-19 12:00:00,392,4.7,1.2,0
2019-01-19 13:00:00,388,4.6,1.8,0
2019-01-19 14:00:00,390,4.6,2.3,0
2019-01-19 15:00:00,394,4.4,-1.0,0
2019-01-19 16:00:00,392,4.7,-1.9,0
2019-01-19 17:00:00,385,4.7,-2.1,0
2019-01-19 18:00:00,383,4.5,-0.8,0
2019-01-19 19:00:00,378,4.8,-1.0,0
2019-01-19 20:00:00,376,5.4,-1.2,0
2019-01-19 21:00:00,373,6.2,-0.8,0
2019-01-19 22:00:00,374,6.2,-1.0,0
2019-01-19 23:00:00,372,6.6,-1.9,0
2019-01-20 00:00:00,365,5.9,-1.8,0
2019-01-20 01:00:00,363,6.3,-1.4,0
2019-01-20 02:00:00,363,6.3,-0.9,0
2019-01-20 03:00:00,359,6.2,0.5,0
2019-01-20 04:00:00,364,6.1,1.2,0
2019-01-20 05:00:00,352,5.6,1.2,0
2019-01-20 06:00:00,353,5.3,0.9,0
2019-01-20 07:00:00,352,5.2,-0.8,0
2019-01-20 08:00:00,351,5.0,-1.5,0
2019-01-20 09:00:00,356,5.2,-1.7,0
2019-01-20 10:00:00,357,5.3,-1.8,0
2019-01-20 11:00:00,353,5.5,-1.7,0
2019-01-20 12:00:00,350,5.5,-0.8,0
2019-01-20 13:00:00,347,5.5,-1.0,0
2019-01-20 14:00:00,345,5.5,-0.9,0
2019-01-20 15:00:00,352,5.6,-1.3,0
2019-01-20 16:00:00,356,6.9,-1.1,0
2019-01-20 17:00:00,359,8.0,0.2,0
2019-01-20 18:00:00,359,8.8,0.1,0
2019-01-20 19:00:00,368,8.6,-1.0,0
2019-01-20 20:00:00,374,7.3,-1.7,0
2019-01-20 21:00:00,355,6.9,0.7,0
2019-01-20 22:00:00,348,6.6,1.8,0
2019-01-20 23:00:00,348,7.4,0.8,0
2019-01-21 00:00:00,346,7.6,0.4,10
2019-01-21 01:00:00,344,7.6,0.0,10
2019-01-21 02:00:00,344,7.9,0.2,10
2019-01-21 03:00:00,338,6.7,0.3,10
2019-01-21 04:00:00,330,6.0,0.1,10
2019-01-21 05:00:00,329,5.8,0.1,10
2019-01-21 06:00:00,332,6.0,0.8,10
2019-01-21 07:00:00,331,6.2,0.8,10
2019-01-21 08:00:00,330,6.9,0.3,10
2019-01-21 09:00:00,330,7.8,-0.2,10
2019-01-21 10:00:00,328,8.1,-0.6,10
2019-01-21 11:00:00,326,7.9,-0.5,10
2019-01-21 12:00:00,323,9.7,-0.6,10
2019-01-21 13:00:00,320,11.4,-0.2,10
2019-01-21 14:00:00,316,11.9,0.0,10
2019-01-21 15:00:00,316,11.5,0.5,10
2019-01-21 16:00:00,318,12.3,0.0,10
2019-01-21 17:00:00,318,13.6,-0.3,10
2019-01-21 18:00:00,317,13.5,0.0,10
2019-01-21 19:00:00,317,13.1,0.1,10
2019-01-21 20:00:00,313,13.5,0.1,10
2019-01-21 21:00:00,314,15.2,-0.2,10
2019-01-21 22:00:00,309,15.5,0.0,10
2019-01-21 23:00:00,306,15.6,-0.1,10
2019-01-22 00:00:00,308,15.8,0.5,16
2019-01-22 01:00:00,307,14.8,0.1,16
2019-01-22 02:00:00,304,14.5,-0.2,16
2019-01-22 03:00:00,307,13.4,0.7,16
2019-01-22 04:00:00,309,11.7,1.7,16
2019-01-22 05:00:00,309,10.3,1.6,16
2019-01-22 06:00:00,308,7.4,2.7,16
2019-01-22 07:00:00,306,5.1,2.9,16
2019-01-22 08:00:00,313,5.5,3.1,16
2019-01-22 09:00:00,304,4.2,1.6,16
2019-01-22 10:00:00,301,3.8,0.5,16
2019-01-22 11:00:00,298,4.6,0.6,16
2019-01-22 12:00:00,303,4.2,0.1,16
2019-01-22 13:00:00,308,4.8,1.3,16
2019-01-22 14:00:00,323,5.5,0.1,16
2019-01-22 15:00:00,320,5.4,1.5,16
2019-01-22 16:00:00,320,6.4,4.0,16
2019-01-22 17:00:00,328,7.5,1.0,16
2019-01-22 18:00:00,351,9.2,-2.7,16
2019-01-22 19:00:00,347,9.2,-3.5,16
2019-01-22 20:00:00,336,7.5,-3.0,16
2019-01-22 21:00:00,309,5.4,1.0,16
2019-01-22 22:00:00,310,5.2,1.4,16
2019-01-22 23:00:00,321,6.5,1.7,16
2019-01-23 00:00:00,340,8.3,-3.5,19
2019-01-23 01:00:00,334,8.6,-1.3,19
2019-01-23 02:00:00,336,8.4,-1.3,19
2019-01-23 03:00:00,330,7.4,2.6,19
2019-01-23 04:00:00,325,6.9,2.2,19
2019-01-23 05:00:00,348,11.9,-4.9,19
2019-01-23 06:00:00,344,10.4,4.3,19
2019-01-23 07:00:00,337,11.6,4.0,19
2019-01-23 08:00:00,348,16.9,2.5,19
2019-01-23 09:00:00,360,8.3,-5.7,19
2019-01-23 10:00:00,365,6.7,-6.8,19
2019-01-23 11:00:00,386,7.3,-5.0,19
2019-01-23 12:00:00,419,10.6,-1.6,19
2019-01-23 13:00:00,437,7.9,-0.5,19
2019-01-23 14:00:00,431,8.0,-0.6,19
2019-01-23 15:00:00,435,8.4,-0.2,19
2019-01-23 16:00:00,440,,-2.0,19
2019-01-23 17:00:00,442,,6.4,19
2019-01-23 18:00:00,442,17.8,4.7,19
2019-01-23 19:00:00,446,13.2,-2.4,19
2019-01-23 20:00:00,471,11.0,-3.4,19
2019-01-23 21:00:00,470,9.0,-2.5,19
2019-01-23 22:00:00,463,8.0,-5.4,19
2019-01-23 23:00:00,471,8.6,-3.1,19
2019-01-24 00:00:00,505,10.7,0.9,21
2019-01-24 01:00:00,531,10.0,3.2,21
2019-01-24 02:00:00,538,8.2,1.5,21
2019-01-24 03:00:00,568,5.9,-3.9,21
2019-01-24 04:00:00,558,5.7,0.5,21
2019-01-24 05:00:00,571,4.2,-3.2,21
2019-01-24 06:00:00,562,3.9,-2.1,21
2019-01-24 07:00:00,558,4.7,-2.2,21
2019-01-24 08:00:00,554,6.1,1.2,21
2019-01-24 09:00:00,567,4.4,2.0,21
2019-01-24 10:00:00,621,4.1,2.5,21
2019-01-24 11:00:00,619,4.8,4.2,21
2019-01-24 12:00:00,609,4.9,3.1,21
2019-01-24 13:00:00,623,5.1,0.4,21
2019-01-24 14:00:00,616,4.4,0.8,21
2019-01-24 15:00:00,614,4.1,-1.8,21
2019-01-24 16:00:00,634,4.4,-3.5,21
2019-01-24 17:00:00,615,4.3,-3.1,21
2019-01-24 18:00:00,613,4.4,-2.8,21
2019-01-24 19:00:00,598,4.3,0.7,21
2019-01-24 20:00:00,613,5.8,-1.5,21
2019-01-24 21:00:00,608,6.0,-2.7,21
2019-01-24 22:00:00,598,5.9,1.8,21
2019-01-24 23:00:00,595,4.9,0.9,21
2019-01-25 00:00:00,607,5.3,0.8,22
2019-01-25 01:00:00,595,4.5,1.0,22
2019-01-25 02:00:00,605,2.9,-0.6,22
2019-01-25 03:00:00,603,2.6,-0.6,22
2019-01-25 04:00:00,599,2.4,-0.1,22
2019-01-25 05:00:00,621,2.9,-1.7,22
2019-01-25 06:00:00,620,3.2,0.4,22
2019-01-25 07:00:00,599,3.2,2.1,22
2019-01-25 08:00:00,606,3.1,2.4,22
2019-01-25 09:00:00,610,3.3,1.6,22
2019-01-25 10:00:00,615,3.4,1.6,22
2019-01-25 11:00:00,606,3.2,-1.6,22
2019-01-25 12:00:00,604,3.0,-1.8,22
2019-01-25 13:00:00,610,3.1,-0.1,22
2019-01-25 14:00:00,609,3.2,-2.2,22
2019-01-25 15:00:00,607,3.5,-1.6,22
2019-01-25 16:00:00,606,3.3,-0.6,22
2019-01-25 17:00:00,588,3.2,-0.2,22
2019-01-25 18:00:00,573,3.3,1.9,22
2019-01-25 19:00:00,585,3.3,-0.7,22
2019-01-25 20:00:00,593,3.2,-1.3,22
2019-01-25 21:00:00,574,3.0,0.3,22
2019-01-25 22:00:00,554,3.4,0.5,22
2019-01-25 23:00:00,550,3.3,-1.5,22
2019-01-26 00:00:00,546,3.1,-0.1,26
2019-01-26 01:00:00,553,3.0,-0.1,26
2019-01-26 02:00:00,549,2.8,0.2,26
2019-01-26 03:00:00,546,2.9,-0.8,26
2019-01-26 04:00:00,540,3.1,-0.9,26
2019-01-26 05:00:00,517,3.8,0.1,26
2019-01-26 06:00:00,494,3.7,0.3,26
2019-01-26 07:00:00,486,4.5,-0.7,26
2019-01-26 08:00:00,481,4.7,0.1,26
2019-01-26 09:00:00,489,5.7,-0.4,26
2019-01-26 10:00:00,485,6.1,-0.4,26
2019-01-26 11:00:00,482,5.9,-0.6,26
2019-01-26 12:00:00,486,5.4,-0.3,26
2019-01-26 13:00:00,477,5.1,-2.5,26
2019-01-26 14:00:00,475,5.5,-1.6,26
2019-01-26 15:00:00,471,5.7,0.5,26
2019-01-26 16:00:00,474,5.3,-0.3,26
2019-01-26 17:00:00,460,5.2,1.0,26
2019-01-26 18:00:00,474,4.6,-0.5,26
2019-01-26 19:00:00,475,4.2,-0.6,26
2019-01-26 20:00:00,468,4.1,-0.3,26
2019-01-26 21:00:00,453,3.3,-0.6,26
2019-01-26 22:00:00,461,3.9,0.0,26
2019-01-26 23:00:00,449,3.2,-2.0,26
2019-01-27 00:00:00,445,3.0,-2.9,19
2019-01-27 01:00:00,444,3.3,-2.3,19
2019-01-27 02:00:00,433,3.1,-2.6,19
2019-01-27 03:00:00,438,3.4,-1.7,19
2019-01-27 04:00:00,438,3.6,-1.6,19
2019-01-27 05:00:00,426,3.4,-1.8,19
2019-01-27 06:00:00,427,3.4,-0.6,19
2019-01-27 07:00:00,431,3.6,-0.9,19
2019-01-27 08:00:00,434,3.7,-1.9,19
2019-01-27 09:00:00,426,3.3,-1.7,19
2019-01-27 10:00:00,435,3.6,0.1,19
2019-01-27 11:00:00,422,3.2,0.1,19
2019-01-27 12:00:00,414,3.3,0.8,19
2019-01-27 13:00:00,417,3.5,1.9,19
2019-01-27 14:00:00,409,3.1,1.0,19
2019-01-27 15:00:00,424,3.0,-0.2,19
2019-01-27 16:00:00,404,2.7,-0.3,19
2019-01-27 17:00:00,387,2.9,-0.4,19
2019-01-27 18:00:00,385,2.7,-1.2,19
2019-01-27 19:00:00,393,2.7,-1.2,19
2019-01-27 20:00:00,399,3.2,-1.2,19
2019-01-27 21:00:00,407,3.3,-2.4,19
2019-01-27 22:00:00,403,3.3,-0.5,19
2019-01-27 23:00:00,407,3.6,-0.4,19
2019-01-28 00:00:00,401,4.0,-0.9,16
2019-01-28 01:00:00,408,4.1,-0.8,16
2019-01-28 02:00:00,420,4.0,-0.2,16
2019-01-28 03:00:00,413,3.9,-0.3,16
2019-01-28 04:00:00,402,3.9,-0.9,16
2019-01-28 05:00:00,410,4.0,-0.2,16
2019-01-28 06:00:00,397,4.0,1.0,16
2019-01-28 07:00:00,389,4.1,-1.9,16
2019-01-28 08:00:00,396,4.5,1.3,16
2019-01-28 09:00:00,396,4.3,-0.6,16
2019-01-28 10:00:00,381,4.3,0.6,16
2019-01-28 11:00:00,381,4.4,0.0,16
2019-01-28 12:00:00,396,4.1,0.9,16
2019-01-28 13:00:00,390,4.5,0.6,16
2019-01-28 14:00:00,385,4.4,-0.6,16
2019-01-28 15:00:00,380,4.5,-1.3,16
2019-01-28 16:00:00,374,4.4,-0.7,16
2019-01-28 17:00:00,372,4.5,0.0,16
2019-01-28 18:00:00,354,3.6,-0.6,16
2019-01-28 19:00:00,371,3.7,-1.9,16
2019-01-28 20:00:00,361,3.3,0.2,16
2019-01-28 21:00:00,356,3.4,-1.1,16
2019-01-28 22:00:00,355,3.4,-0.9,16
2019-01-28 23:00:00,368,3.7,-0.3,16
2019-01-29 00:00:00,368,4.1,-0.7,13
2019-01-29 01:00:00,337,3.0,0.3,13
2019-01-29 02:00:00,339,3.5,0.6,13
2019-01-29 03:00:00,344,3.6,-0.3,13
2019-01-29 04:00:00,357,3.4,-0.3,13
2019-01-29 05:00:00,341,3.4,2.4,13
2019-01-29 06:00:00,341,4.7,1.0,13
2019-01-29 07:00:00,344,4.0,2.0,13
2019-01-29 08:00:00,354,5.8,1.1,13
2019-01-29 09:00:00,358,5.6,0.5,13
2019-01-29 10:00:00,359,6.1,0.2,13
2019-01-29 11:00:00,354,6.2,-0.8,13
2019-01-29 12:00:00,353,6.0,-0.4,13
2019-01-29 13:00:00,355,5.2,-1.3,13
2019-01-29 14:00:00,350,5.1,-0.4,13
2019-01-29 15:00:00,343,4.5,-0.2,13
2019-01-29 16:00:00,333,3.2,0.7,13
2019-01-29 17:00:00,333,3.8,1.2,13
2019-01-29 18:00:00,328,3.4,0.5,13
2019-01-29 19:00:00,325,2.5,-0.3,13
2019-01-29 20:00:00,323,2.7,-0.6,13
2019-01-29 21:00:00,325,2.8,-0.4,13
2019-01-29 22:00:00,319,2.5,-0.3,13
2019-01-29 23:00:00,312,2.5,-0.4,13
2019-01-30 00:00:00,314,2.5,-0.9,11
2019-01-30 01:00:00,313,2.5,-0.8,11
2019-01-30 02:00:00,312,2.6,-1.1,11
2019-01-30 03:00:00,301,3.1,-0.9,11
2019-01-30 04:00:00,303,4.9,0.6,11
2019-01-30 05:00:00,301,5.4,0.0,11
2019-01-30 06:00:00,297,5.9,1.0,11
2019-01-30 07:00:00,296,6.6,0.8,11
2019-01-30 08:00:00,294,7.1,-0.2,11
2019-01-30 09:00:00,294,7.1,0.0,11
2019-01-30 10:00:00,292,7.2,1.1,11
2019-01-30 11:00:00,290,6.7,1.6,11
2019-01-30 12:00:00,286,8.5,0.4,11
2019-01-30 13:00:00,293,7.6,0.4,11
2019-01-30 14:00:00,292,8.0,0.1,11
2019-01-30 15:00:00,292,8.5,-1.2,11
2019-01-30 16:00:00,298,10.0,-1.1,11
2019-01-30 17:00:00,301,11.9,-3.0,11
2019-01-30 18:00:00,307,15.9,-2.0,11
2019-01-30 19:00:00,307,16.8,-0.6,11
2019-01-30 20:00:00,305,17.0,0.4,11
2019-01-30 21:00:00,304,17.1,-1.5,11
2019-01-30 22:00:00,298,16.2,-0.7,11
2019-01-30 23:00:00,295,14.9,1.1,11
2019-01-31 00:00:00,293,13.0,0.6,0
2019-01-31 01:00:00,298,18.5,0.3,0
2019-01-31 02:00:00,308,28.8,0.8,0
2019-01-31 03:00:00,310,33.4,0.0,0
2019-01-31 04:00:00,318,36.9,-0.1,0
2019-01-31 05:00:00,335,20.0,2.1,0
2019-01-31 06:00:00,335,12.4,-0.5,0
2019-01-31 07:00:00,332,13.6,-0.9,0
2019-01-31 08:00:00,329,12.7,-1.3,0
2019-01-31 09:00:00,324,15.0,-3.2,0
2019-01-31 10:00:00,332,15.5,-2.5,0
2019-01-31 11:00:00,341,17.2,-0.3,0
2019-01-31 12:00:00,342,20.3,-4.8,0
2019-01-31 13:00:00,352,24.3,-1.8,0
2019-01-31 14:00:00,365,30.4,-4.9,0
2019-01-31 15:00:00,367,26.0,6.1,0
2019-01-31 16:00:00,404,13.3,2.0,0
2019-01-31 17:00:00,420,13.3,1.1,0
2019-01-31 18:00:00,443,13.7,-7.3,0
2019-01-31 19:00:00,437,21.5,-4.8,0
2019-01-31 20:00:00,428,16.6,-11.0,0
2019-01-31 21:00:00,457,11.4,-8.4,0
2019-01-31 22:00:00,496,12.7,3.5,0
2019-01-31 23:00:00,522,6.9,9.1,0
2019-02-01 00:00:00,534,8.4,2.8,0
2019-02-01 01:00:00,518,8.1,1.8,0
2019-02-01 02:00:00,502,8.2,-4.0,0
2019-02-01 03:00:00,487,6.5,-2.6,0
2019-02-01 04:00:00,468,4.8,-4.7,0
2019-02-01 05:00:00,454,4.3,-0.3,0
2019-02-01 06:00:00,423,5.1,-3.8,0
2019-02-01 07:00:00,452,5.3,-1.5,0
2019-02-01 08:00:00,497,8.0,4.2,0
2019-02-01 09:00:00,558,5.0,1.9,0
2019-02-01 10:00:00,627,3.1,3.0,0
2019-02-01 11:00:00,587,1.9,1.2,0
2019-02-01 12:00:00,591,2.2,-1.9,0
2019-02-01 13:00:00,588,2.2,-0.1,0
2019-02-01 14:00:00,588,2.2,-0.7,0
2019-02-01 15:00:00,570,2.1,-1.9,0
2019-02-01 16:00:00,561,2.2,-0.5,0
2019-02-01 17:00:00,546,2.3,0.3,0
2019-02-01 18:00:00,541,2.3,2.0,0
2019-02-01 19:00:00,563,2.5,2.5,0
2019-02-01 20:00:00,568,3.2,1.8,0
2019-02-01 21:00:00,570,4.0,0.2,0
2019-02-01 22:00:00,567,4.2,1.0,0
2019-02-01 23:00:00,550,4.5,2.5,0
2019-02-02 00:00:00,538,3.8,-0.8,0
2019-02-02 01:00:00,547,3.8,1.6,0
2019-02-02 02:00:00,543,3.6,1.5,0
2019-02-02 03:00:00,561,4.0,0.1,0
2019-02-02 04:00:00,568,4.0,0.5,0
2019-02-02 05:00:00,573,4.1,1.6,0
2019-02-02 06:00:00,567,4.9,1.4,0
2019-02-02 07:00:00,569,4.4,-3.1,0
2019-02-02 08:00:00,577,4.9,-1.3,0
2019-02-02 09:00:00,577,4.2,-0.1,0
2019-02-02 10:00:00,568,4.2,-0.2,0
2019-02-02 11:00:00,564,4.2,-1.0,0
2019-02-02 12:00:00,571,4.1,0.8,0
2019-02-02 13:00:00,575,4.7,1.9,0
2019-02-02 14:00:00,567,4.1,-1.4,0
2019-02-02 15:00:00,581,3.5,0.3,0
2019-02-02 16:00:00,584,4.4,-1.2,0
2019-02-02 17:00:00,597,4.4,-1.6,0
2019-02-02 18:00:00,600,4.2,2.2,0
2019-02-02 19:00:00,596,4.6,-0.5,0
2019-02-02 20:00:00,608,3.8,-0.8,0
2019-02-02 21:00:00,609,2.9,1.8,0
2019-02-02 22:00:00,599,3.2,0.3,0
2019-02-02 23:00:00,590,2.5,-0.8,0
2019-02-03 00:00:00,604,2.7,-1.5,0
2019-02-03 01:00:00,616,2.7,-1.8,0
2019-02-03 02:00:00,617,2.7,-1.7,0
2019-02-03 03:00:00,621,2.4,-2.4,0
2019-02-03 04:00:00,623,2.5,-2.1,0
2019-02-03 05:00:00,605,2.5,-0.5,0
2019-02-03 06:00:00,598,2.5,-0.2,0
2019-02-03 07:00:00,595,2.4,1.0,0
2019-02-03 08:00:00,579,2.4,1.5,0
2019-02-03 09:00:00,573,2.3,1.7,0
2019-02-03 10:00:00,562,2.2,1.2,0
2019-02-03 11:00:00,577,2.5,0.7,0
2019-02-03 12:00:00,558,2.6,1.0,0
2019-02-03 13:00:00,549,2.5,0.2,0
2019-02-03 14:00:00,540,2.6,0.3,0
2019-02-03 15:00:00,538,2.4,-0.1,0
2019-02-03 16:00:00,537,2.3,-0.1,0
2019-02-03 17:00:00,544,2.3,-0.7,0
2019-02-03 18:00:00,532,2.0,-0.8,0
2019-02-03 19:00:00,535,2.4,0.3,0
2019-02-03 20:00:00,519,1.8,-0.9,0
2019-02-03 21:00:00,498,1.5,0.3,0
2019-02-03 22:00:00,489,1.6,0.8,0
2019-02-03 23:00:00,476,1.4,-0.1,0
2019-02-04 00:00:00,468,1.3,-0.5,0
2019-02-04 01:00:00,461,1.2,0.3,0
2019-02-04 02:00:00,461,1.3,0.5,0
2019-02-04 03:00:00,462,1.3,0.3,0
2019-02-04 04:00:00,448,1.0,0.3,0
2019-02-04 05:00:00,447,1.1,1.0,0
2019-02-04 06:00:00,445,1.9,0.7,0
2019-02-04 07:00:00,442,1.8,0.7,0
2019-02-04 08:00:00,443,1.7,0.2,0
2019-02-04 09:00:00,431,2.0,1.7,0
2019-02-04 10:00:00,428,2.6,1.1,0
2019-02-04 11:00:00,427,3.6,-0.3,0
2019-02-04 12:00:00,425,3.6,-2.2,0
2019-02-04 13:00:00,422,2.9,-4.0,0
2019-02-04 14:00:00,420,3.4,-3.3,0
2019-02-04 15:00:00,415,4.2,-1.7,0
2019-02-04 16:00:00,409,4.6,-0.9,0
2019-02-04 17:00:00,402,4.9,-0.1,0
2019-02-04 18:00:00,416,5.3,-1.9,0
2019-02-04 19:00:00,409,5.7,-1.9,0
2019-02-04 20:00:00,405,6.7,1.5,0
2019-02-04 21:00:00,419,6.3,-2.5,0
2019-02-04 22:00:00,416,7.2,-1.2,0
2019-02-04 23:00:00,408,7.9,-0.7,0
2019-02-05 00:00:00,399,8.4,1.2,0
2019-02-05 01:00:00,399,7.9,3.0,0
2019-02-05 02:00:00,395,7.1,2.2,0
2019-02-05 03:00:00,384,5.4,-0.1,0
2019-02-05 04:00:00,360,4.7,0.0,0
2019-02-05 05:00:00,355,4.6,0.8,0
2019-02-05 06:00:00,350,4.2,-0.2,0
2019-02-05 07:00:00,360,4.2,1.5,0
2019-02-05 08:00:00,377,4.7,0.5,0
2019-02-05 09:00:00,375,4.9,-0.5,0
2019-02-05 10:00:00,368,4.8,-0.2,0
2019-02-05 11:00:00,363,4.4,1.1,0
2019-02-05 12:00:00,351,2.5,0.6,0
2019-02-05 13:00:00,351,3.3,-0.7,0
2019-02-05 14:00:00,351,3.6,-1.3,0
2019-02-05 15:00:00,352,3.5,-0.8,0
2019-02-05 16:00:00,368,4.8,-1.7,0
2019-02-05 17:00:00,372,4.2,-1.0,0
2019-02-05 18:00:00,357,3.6,-2.3,0
2019-02-05 19:00:00,347,3.6,-0.2,0
2019-02-05 20:00:00,336,4.3,0.0,0
2019-02-05 21:00:00,331,4.5,-0.3,0
2019-02-05 22:00:00,332,4.1,2.4,0
2019-02-05 23:00:00,334,3.9,3.7,0
2019-02-06 00:00:00,343,3.7,4.4,0
2019-02-06 01:00:00,347,4.0,-2.3,0
2019-02-06 02:00:00,356,4.2,-2.1,0
2019-02-06 03:00:00,362,4.8,1.8,0
2019-02-06 04:00:00,376,6.3,3.1,0
2019-02-06 05:00:00,377,6.7,-0.6,0
2019-02-06 06:00:00,375,7.3,1.5,0
2019-02-06 07:00:00,386,6.3,-0.5,0
2019-02-06 08:00:00,390,5.6,3.6,0
2019-02-06 09:00:00,390,4.7,2.1,0
2019-02-06 10:00:00,383,4.4,-4.1,0
2019-02-06 11:00:00,421,6.0,-5.4,0
2019-02-06 12:00:00,421,6.0,2.6,0
2019-02-06 13:00:00,444,6.8,1.7,0
2019-02-06 14:00:00,438,7.2,-0.1,0
2019-02-06 15:00:00,437,7.1,-0.2,0
2019-02-06 16:00:00,443,6.2,0.4,0
2019-02-06 17:00:00,422,3.8,-0.9,0
2019-02-06 18:00:00,408,3.2,0.9,0
2019-02-06 19:00:00,420,3.3,-0.9,0
2019-02-06 20:00:00,423,3.1,-1.1,0
2019-02-06 21:00:00,425,2.7,-0.7,0
2019-02-06 22:00:00,446,2.6,-0.3,0
2019-02-06 23:00:00,415,2.4,0.3,0
2019-02-07 00:00:00,402,2.7,-0.7,0
2019-02-07 01:00:00,404,2.7,0.6,0
2019-02-07 02:00:00,399,2.7,-1.2,0
2019-02-07 03:00:00,416,2.7,0.0,0
2019-02-07 04:00:00,414,2.7,-0.4,0
2019-02-07 05:00:00,405,2.5,-1.0,0
2019-02-07 06:00:00,399,2.3,0.2,0
2019-02-07 07:00:00,411,2.5,-0.2,0
2019-02-07 08:00:00,443,3.4,2.1,0
2019-02-07 09:00:00,426,2.6,1.3,0
2019-02-07 10:00:00,408,2.1,2.5,0
2019-02-07 11:00:00,410,2.4,2.1,0
2019-02-07 12:00:00,406,2.6,0.7,0
2019-02-07 13:00:00,404,2.8,-0.6,0
2019-02-07 14:00:00,411,2.8,1.0,0
2019-02-07 15:00:00,406,2.8,-0.4,0
2019-02-07 16:00:00,387,2.5,-0.3,0
2019-02-07 17:00:00,380,2.6,-0.2,0
2019-02-07 18:00:00,394,3.4,-0.6,0
2019-02-07 19:00:00,406,3.2,-3.5,0
2019-02-07 20:00:00,409,2.9,-3.4,0
2019-02-07 21:00:00,419,3.5,-3.0,0
2019-02-07 22:00:00,397,3.0,-1.8,0
2019-02-07 23:00:00,382,2.7,-0.6,0
2019-02-08 00:00:00,388,2.8,1.4,0
2019-02-08 01:00:00,386,3.0,0.7,0
2019-02-08 02:00:00,391,2.8,-0.5,0
2019-02-08 03:00:00,381,3.0,1.4,0
2019-02-08 04:00:00,372,3.2,-0.6,0
2019-02-08 05:00:00,368,3.6,-0.6,0
2019-02-08 06:00:00,375,3.4,-1.7,0
2019-02-08 07:00:00,396,3.4,-0.9,0
2019-02-08 08:00:00,441,3.3,-4.7,0
2019-02-08 09:00:00,441,3.5,0.8,0
2019-02-08 10:00:00,453,4.7,0.6,0
2019-02-08 11:00:00,447,4.7,0.8,0
2019-02-08 12:00:00,443,4.6,3.3,0
2019-02-08 13:00:00,417,3.0,-0.3,0
2019-02-08 14:00:00,427,3.4,1.0,0
2019-02-08 15:00:00,446,3.9,-0.1,0
2019-02-08 16:00:00,446,4.2,2.1,0
2019-02-08 17:00:00,446,3.7,3.4,0
2019-02-08 18:00:00,424,3.3,0.5,0
2019-02-08 19:00:00,450,2.5,-2.0,0
2019-02-08 20:00:00,459,4.3,-1.5,0
2019-02-08 21:00:00,458,4.5,-1.2,0
2019-02-08 22:00:00,447,4.4,-0.1,0
2019-02-08 23:00:00,448,4.5,-2.4,0
2019-02-09 00:00:00,455,4.1,-1.5,0
2019-02-09 01:00:00,473,3.5,0.9,0
2019-02-09 02:00:00,433,3.2,1.8,0
2019-02-09 03:00:00,449,3.5,-0.4,0
2019-02-09 04:00:00,461,4.1,3.7,0
2019-02-09 05:00:00,477,4.8,1.6,0
2019-02-09 06:00:00,471,5.0,1.3,0
2019-02-09 07:00:00,441,4.1,0.3,0
2019-02-09 08:00:00,439,4.4,-1.4,0
2019-02-09 09:00:00,428,5.2,0.9,0
2019-02-09 10:00:00,439,5.8,-0.3,0
2019-02-09 11:00:00,440,6.4,2.6,0
2019-02-09 12:00:00,433,5.5,1.0,0
2019-02-09 13:00:00,432,5.7,1.7,0
2019-02-09 14:00:00,439,7.1,3.5,0
2019-02-09 15:00:00,449,6.3,2.2,0
2019-02-09 16:00:00,448,6.0,-1.7,0
2019-02-09 17:00:00,447,4.8,-4.4,0
2019-02-09 18:00:00,441,3.9,-2.8,0
2019-02-09 19:00:00,442,3.5,-1.7,0
2019-02-09 20:00:00,437,3.8,-2.7,0
2019-02-09 21:00:00,439,3.8,-2.0,0
2019-02-09 22:00:00,454,4.1,1.4,0
2019-02-09 23:00:00,455,4.1,2.2,0
2019-02-10 00:00:00,452,4.1,0.1,0
2019-02-10 01:00:00,455,4.3,-1.4,0
2019-02-10 02:00:00,434,3.3,-0.3,0
2019-02-10 03:00:00,455,4.5,-2.7,0
2019-02-10 04:00:00,442,4.4,1.0,0
2019-02-10 05:00:00,445,4.7,-0.1,0
2019-02-10 06:00:00,431,4.0,0.9,0
2019-02-10 07:00:00,424,3.5,1.3,0
2019-02-10 08:00:00,425,3.8,1.7,0
2019-02-10 09:00:00,443,4.9,1.1,0
2019-02-10 10:00:00,452,5.0,2.5,0
2019-02-10 11:00:00,444,4.9,0.9,0
2019-02-10 12:00:00,435,4.3,2.8,0
2019-02-10 13:00:00,430,4.3,2.9,0
2019-02-10 14:00:00,425,3.6,-0.3,0
2019-02-10 15:00:00,403,2.7,-0.7,0
2019-02-10 16:00:00,399,2.7,0.8,0
2019-02-10 17:00:00,395,2.6,-0.2,0
2019-02-10 18:00:00,392,2.5,0.0,0
2019-02-10 19:00:00,395,2.6,0.2,0
2019-02-10 20:00:00,395,2.6,0.6,0
2019-02-10 21:00:00,391,2.4,0.2,0
2019-02-10 22:00:00,382,2.2,0.2,0
2019-02-10 23:00:00,393,2.9,-0.5,0
2019-02-11 00:00:00,378,2.4,-0.8,0
2019-02-11 01:00:00,375,2.7,-1.4,0
2019-02-11 02:00:00,377,2.7,-1.3,0
2019-02-11 03:00:00,366,2.1,-0.9,0
2019-02-11 04:00:00,354,2.0,-1.1,0
2019-02-11 05:00:00,354,2.1,-1.3,0
2019-02-11 06:00:00,364,2.1,-1.4,0
2019-02-11 07:00:00,378,3.7,-0.3,0
2019-02-11 08:00:00,383,4.7,-1.0,0
2019-02-11 09:00:00,378,4.7,0.6,0
2019-02-11 10:00:00,383,5.9,-0.5,0
2019-02-11 11:00:00,372,5.1,1.9,0
2019-02-11 12:00:00,377,6.7,-0.2,0
2019-02-11 13:00:00,379,10.3,-1.1,0
2019-02-11 14:00:00,389,13.1,-5.2,0
2019-02-11 15:00:00,385,10.2,-2.8,0
2019-02-11 16:00:00,387,10.3,3.6,0
2019-02-11 17:00:00,398,9.4,-2.4,0
2019-02-11 18:00:00,406,9.0,0.4,0
2019-02-11 19:00:00,400,7.8,2.6,0
2019-02-11 20:00:00,398,7.3,2.2,0
2019-02-11 21:00:00,394,7.4,1.7,0
2019-02-11 22:00:00,396,7.2,0.7,0
2019-02-11 23:00:00,397,8.0,-0.3,0
2019-02-12 00:00:00,396,8.0,0.4,0
2019-02-12 01:00:00,385,8.0,3.0,0
2019-02-12 02:00:00,386,6.7,0.1,0
2019-02-12 03:00:00,372,5.4,0.4,0
2019-02-12 04:00:00,364,5.1,1.5,0
2019-02-12 05:00:00,356,4.3,0.6,0
2019-02-12 06:00:00,348,3.5,3.2,0
2019-02-12 07:00:00,353,5.0,2.1,0
2019-02-12 08:00:00,349,4.3,2.3,0
2019-02-12 09:00:00,365,4.8,4.3,0
2019-02-12 10:00:00,370,5.7,5.1,0
2019-02-12 11:00:00,387,8.1,1.1,0
2019-02-12 12:00:00,391,7.5,0.1,0
2019-02-12 13:00:00,392,8.0,0.7,0
2019-02-12 14:00:00,369,6.3,0.3,0
2019-02-12 15:00:00,361,7.2,0.8,0
2019-02-12 16:00:00,356,5.3,0.9,0
2019-02-12 17:00:00,367,5.4,1.0,0
2019-02-12 18:00:00,354,3.4,1.0,0
2019-02-12 19:00:00,350,3.0,-0.1,0
2019-02-12 20:00:00,357,4.1,0.7,0
2019-02-12 21:00:00,395,6.2,-1.0,0
2019-02-12 22:00:00,401,7.5,1.2,0
2019-02-12 23:00:00,397,6.3,0.0,0
2019-02-13 00:00:00,381,6.0,0.1,12
2019-02-13 01:00:00,386,6.4,-0.1,12
2019-02-13 02:00:00,395,7.2,0.9,12
2019-02-13 03:00:00,410,6.8,-1.0,12
2019-02-13 04:00:00,419,7.3,-2.2,12
2019-02-13 05:00:00,423,8.0,-2.8,12
2019-02-13 06:00:00,428,8.4,-3.1,12
2019-02-13 07:00:00,432,8.3,-1.3,12
2019-02-13 08:00:00,453,8.0,-2.0,12
2019-02-13 09:00:00,459,8.1,-1.8,12
2019-02-13 10:00:00,456,6.5,0.9,12
2019-02-13 11:00:00,454,5.7,-5.9,12
2019-02-13 12:00:00,446,6.4,-0.7,12
2019-02-13 13:00:00,438,4.9,3.0,12
2019-02-13 14:00:00,459,3.3,3.5,12
2019-02-13 15:00:00,466,4.7,0.8,12
2019-02-13 16:00:00,450,4.2,-1.7,12
2019-02-13 17:00:00,456,4.0,2.4,12
2019-02-13 18:00:00,467,4.5,3.8,12
2019-02-13 19:00:00,472,6.6,2.0,12
2019-02-13 20:00:00,474,6.9,-0.8,12
2019-02-13 21:00:00,473,7.3,1.0,12
2019-02-13 22:00:00,476,6.7,-1.3,12
2019-02-13 23:00:00,474,6.2,-2.2,12
2019-02-14 00:00:00,479,5.7,-0.7,0
2019-02-14 01:00:00,492,5.4,-3.4,0
2019-02-14 02:00:00,483,4.8,0.7,0
2019-02-14 03:00:00,480,4.6,0.2,0
2019-02-14 04:00:00,493,4.7,0.1,0
2019-02-14 05:00:00,512,5.0,0.3,0
2019-02-14 06:00:00,505,4.5,-1.4,0
2019-02-14 07:00:00,500,5.0,-0.7,0
2019-02-14 08:00:00,519,3.7,-1.7,0
2019-02-14 09:00:00,523,2.9,-2.0,0
2019-02-14 10:00:00,523,3.0,1.5,0
2019-02-14 11:00:00,520,2.5,2.3,0
2019-02-14 12:00:00,524,2.9,0.8,0
2019-02-14 13:00:00,523,3.1,1.4,0
2019-02-14 14:00:00,512,2.7,1.7,0
2019-02-14 15:00:00,518,2.6,0.5,0
2019-02-14 16:00:00,522,2.4,0.6,0
2019-02-14 17:00:00,512,2.7,0.1,0
2019-02-14 18:00:00,505,2.7,0.4,0
2019-02-14 19:00:00,507,3.7,-0.3,0
2019-02-14 20:00:00,489,2.7,0.0,0
2019-02-14 21:00:00,489,2.8,0.3,0
2019-02-14 22:00:00,471,2.8,1.1,0
2019-02-14 23:00:00,464,3.4,1.9,0
2019-02-15 00:00:00,471,3.0,1.3,0
2019-02-15 01:00:00,473,3.5,-0.4,0
2019-02-15 02:00:00,466,3.2,-0.1,0
2019-02-15 03:00:00,453,2.6,1.7,0
2019-02-15 04:00:00,445,2.4,1.1,0
2019-02-15 05:00:00,463,1.9,0.1,0
2019-02-15 06:00:00,458,2.0,0.4,0
2019-02-15 07:00:00,457,2.1,0.3,0
2019-02-15 08:00:00,436,2.0,1.3,0
2019-02-15 09:00:00,433,2.9,0.4,0
2019-02-15 10:00:00,448,2.3,0.1,0
2019-02-15 11:00:00,454,1.5,0.4,0
2019-02-15 12:00:00,449,1.4,1.0,0
2019-02-15 13:00:00,442,1.0,0.4,0
2019-02-15 14:00:00,449,1.5,0.4,0
2019-02-15 15:00:00,444,1.7,0.5,0
2019-02-15 16:00:00,439,1.8,1.0,0
2019-02-15 17:00:00,423,1.7,0.3,0
2019-02-15 18:00:00,415,2.0,0.8,0
2019-02-15 19:00:00,414,1.8,1.6,0
2019-02-15 20:00:00,405,1.8,1.6,0
2019-02-15 21:00:00,395,1.9,1.7,0
2019-02-15 22:00:00,392,1.9,2.2,0
2019-02-15 23:00:00,392,1.9,1.5,0
2019-02-16 00:00:00,392,1.8,1.5,0
2019-02-16 01:00:00,379,1.6,1.8,0
2019-02-16 02:00:00,381,2.2,2.2,0
2019-02-16 03:00:00,380,2.6,1.9,0
2019-02-16 04:00:00,381,3.1,-0.6,0
2019-02-16 05:00:00,377,2.7,-0.4,0
2019-02-16 06:00:00,372,2.2,0.8,0
2019-02-16 07:00:00,366,2.0,0.7,0
2019-02-16 08:00:00,362,2.2,0.1,0
2019-02-16 09:00:00,358,2.1,0.4,0
2019-02-16 10:00:00,362,2.9,1.0,0
2019-02-16 11:00:00,354,3.0,0.4,0
2019-02-16 12:00:00,351,2.6,-0.3,0
2019-02-16 13:00:00,355,2.6,-1.6,0
2019-02-16 14:00:00,352,3.7,0.0,0
2019-02-16 15:00:00,360,4.7,-0.3,0
2019-02-16 16:00:00,364,5.3,-3.3,0
2019-02-16 17:00:00,366,5.4,-4.2,0
2019-02-16 18:00:00,364,6.1,-2.1,0
2019-02-16 19:00:00,367,6.2,0.0,0
2019-02-16 20:00:00,364,6.8,-0.5,0
2019-02-16 21:00:00,359,6.3,-0.2,0
2019-02-16 22:00:00,347,5.1,-1.0,0
2019-02-16 23:00:00,358,4.8,-0.6,0
2019-02-17 00:00:00,353,5.6,-0.9,0
2019-02-17 01:00:00,351,6.0,-0.5,0
2019-02-17 02:00:00,348,5.6,-1.5,0
2019-02-17 03:00:00,348,3.9,-0.6,0
2019-02-17 04:00:00,341,3.0,0.1,0
2019-02-17 05:00:00,337,3.4,-0.2,0
2019-02-17 06:00:00,339,4.1,-1.7,0
2019-02-17 07:00:00,340,2.9,-1.3,0
2019-02-17 08:00:00,335,3.1,-1.3,0
2019-02-17 09:00:00,320,3.6,-0.9,0
2019-02-17 10:00:00,316,3.1,-0.7,0
2019-02-17 11:00:00,327,4.0,-0.8,0
2019-02-17 12:00:00,318,3.6,-0.5,0
2019-02-17 13:00:00,317,3.4,-0.5,0
2019-02-17 14:00:00,315,3.1,-0.1,0
2019-02-17 15:00:00,318,5.0,-0.1,0
2019-02-17 16:00:00,317,4.4,0.0,0
2019-02-17 17:00:00,320,4.1,-1.3,0
2019-02-17 18:00:00,337,5.6,-2.6,0
2019-02-17 19:00:00,350,7.4,-2.9,0
2019-02-17 20:00:00,339,7.7,-0.1,0
2019-02-17 21:00:00,354,9.3,-1.7,0
2019-02-17 22:00:00,359,10.7,-2.4,0
2019-02-17 23:00:00,356,12.1,-3.6,0
2019-02-18 00:00:00,356,13.3,-2.4,0
2019-02-18 01:00:00,356,13.9,-1.9,0
2019-02-18 02:00:00,353,12.7,-3.7,0
2019-02-18 03:00:00,351,14.5,-2.1,0
2019-02-18 04:00:00,357,14.4,1.5,0
2019-02-18 05:00:00,354,12.0,4.5,0
2019-02-18 06:00:00,348,12.3,4.3,0
2019-02-18 07:00:00,349,12.4,-1.3,0
2019-02-18 08:00:00,355,12.2,-0.1,0
2019-02-18 09:00:00,354,11.6,-0.7,0
2019-02-18 10:00:00,357,9.2,1.5,0
2019-02-18 11:00:00,364,8.5,-1.6,0
2019-02-18 12:00:00,371,7.4,-2.4,0
2019-02-18 13:00:00,365,6.8,-0.9,0
2019-02-18 14:00:00,362,6.4,-0.5,0
2019-02-18 15:00:00,360,6.6,0.1,0
2019-02-18 16:00:00,366,8.9,-0.6,0
2019-02-18 17:00:00,365,8.2,-0.1,0
2019-02-18 18:00:00,362,7.7,0.9,0
2019-02-18 19:00:00,358,7.2,1.2,0
2019-02-18 20:00:00,357,6.9,1.0,0
2019-02-18 21:00:00,358,6.7,1.2,0
2019-02-18 22:00:00,359,6.5,1.2,0
2019-02-18 23:00:00,357,6.1,0.2,0
2019-02-19 00:00:00,354,5.8,-1.3,0
2019-02-19 01:00:00,350,5.3,0.4,0
2019-02-19 02:00:00,352,5.2,-0.1,0
2019-02-19 03:00:00,347,4.3,0.4,0
2019-02-19 04:00:00,339,4.3,0.9,0
2019-02-19 05:00:00,341,5.0,-0.9,0
2019-02-19 06:00:00,339,4.9,-1.1,0
2019-02-19 07:00:00,330,4.2,0.6,0
2019-02-19 08:00:00,328,3.7,0.6,0
2019-02-19 09:00:00,330,3.1,1.7,0
2019-02-19 10:00:00,328,3.5,-0.8,0
2019-02-19 11:00:00,329,3.1,-1.1,0
2019-02-19 12:00:00,326,3.6,-0.5,0
2019-02-19 13:00:00,329,5.1,-0.3,0
2019-02-19 14:00:00,331,5.5,0.1,0
2019-02-19 15:00:00,333,5.2,-0.5,0
2019-02-19 16:00:00,327,5.2,-0.2,0
2019-02-19 17:00:00,330,5.1,0.3,0
2019-02-19 18:00:00,327,5.2,0.7,0
2019-02-19 19:00:00,316,4.0,0.4,0
2019-02-19 20:00:00,316,4.1,0.0,0
2019-02-19 21:00:00,314,4.7,-0.1,0
2019-02-19 22:00:00,314,5.0,-0.2,0
2019-02-19 23:00:00,314,5.1,0.2,0
2019-02-20 00:00:00,306,4.8,0.5,0
2019-02-20 01:00:00,304,5.6,0.6,0
2019-02-20 02:00:00,313,6.5,1.1,0
2019-02-20 03:00:00,314,6.8,1.1,0
2019-02-20 04:00:00,311,6.7,-1.3,0
2019-02-20 05:00:00,313,7.8,-1.2,0
2019-02-20 06:00:00,325,7.8,0.0,0
2019-02-20 07:00:00,324,10.3,0.3,0
2019-02-20 08:00:00,320,11.0,0.3,0
2019-02-20 09:00:00,315,11.7,0.2,0
2019-02-20 10:00:00,307,11.2,-0.2,0
2019-02-20 11:00:00,303,10.7,-0.5,0
2019-02-20 12:00:00,302,10.4,-0.7,0
2019-02-20 13:00:00,301,10.5,-1.0,0
2019-02-20 14:00:00,302,10.8,-1.5,0
2019-02-20 15:00:00,312,16.5,-1.9,0
2019-02-20 16:00:00,317,23.2,0.0,0
2019-02-20 17:00:00,326,27.0,-1.6,0
2019-02-20 18:00:00,321,28.9,-1.4,0
2019-02-20 19:00:00,314,25.7,-1.0,0
2019-02-20 20:00:00,322,24.9,-5.6,0
2019-02-20 21:00:00,329,27.8,-4.5,0
2019-02-20 22:00:00,345,17.3,-0.6,0
2019-02-20 23:00:00,354,15.4,0.6,0
2019-02-21 00:00:00,368,11.2,-2.5,11
2019-02-21 01:00:00,395,8.1,5.8,11
2019-02-21 02:00:00,404,6.8,4.4,11
2019-02-21 03:00:00,402,4.5,0.4,11
2019-02-21 04:00:00,422,7.6,0.7,11
2019-02-21 05:00:00,402,9.9,-2.2,11
2019-02-21 06:00:00,379,19.7,-4.2,11
2019-02-21 07:00:00,379,18.5,3.6,11
2019-02-21 08:00:00,396,13.6,7.6,11
2019-02-21 09:00:00,424,11.2,0.3,11
2019-02-21 10:00:00,429,9.3,-1.6,11
2019-02-21 11:00:00,442,8.9,-1.8,11
2019-02-21 12:00:00,442,8.3,-1.9,11
2019-02-21 13:00:00,444,7.4,2.8,11
2019-02-21 14:00:00,440,6.0,0.0,11
2019-02-21 15:00:00,447,6.2,-0.7,11
2019-02-21 16:00:00,443,6.3,0.0,11
2019-02-21 17:00:00,445,6.6,-0.3,11
2019-02-21 18:00:00,442,7.0,1.1,11
2019-02-21 19:00:00,440,6.9,-0.6,11
2019-02-21 20:00:00,452,6.2,1.9,11
2019-02-21 21:00:00,459,5.8,-4.5,11
2019-02-21 22:00:00,456,5.0,-4.5,11
2019-02-21 23:00:00,454,4.5,-0.4,11
2019-02-22 00:00:00,466,4.5,0.8,0
2019-02-22 01:00:00,487,4.0,3.1,0
2019-02-22 02:00:00,492,3.8,0.8,0
2019-02-22 03:00:00,458,3.9,0.0,0
2019-02-22 04:00:00,467,4.4,1.8,0
2019-02-22 05:00:00,460,4.0,-0.1,0
2019-02-22 06:00:00,453,4.6,0.7,0
2019-02-22 07:00:00,453,4.0,-0.3,0
2019-02-22 08:00:00,452,3.7,-0.5,0
2019-02-22 09:00:00,449,3.4,-0.3,0
2019-02-22 10:00:00,447,3.5,0.2,0
2019-02-22 11:00:00,444,3.9,-1.2,0
2019-02-22 12:00:00,443,4.1,-0.5,0
2019-02-22 13:00:00,442,4.0,-0.2,0
2019-02-22 14:00:00,435,3.9,0.0,0
2019-02-22 15:00:00,425,4.1,0.4,0
2019-02-22 16:00:00,424,4.0,-0.6,0
2019-02-22 17:00:00,423,3.7,0.3,0
2019-02-22 18:00:00,425,3.5,-0.6,0
2019-02-22 19:00:00,434,3.2,0.2,0
2019-02-22 20:00:00,429,3.4,0.6,0
2019-02-22 21:00:00,422,3.5,-0.7,0
2019-02-22 22:00:00,398,3.8,-1.2,0
2019-02-22 23:00:00,412,3.7,-0.7,0
2019-02-23 00:00:00,417,3.9,1.4,0
2019-02-23 01:00:00,414,3.7,1.1,0
2019-02-23 02:00:00,400,4.2,0.0,0
2019-02-23 03:00:00,400,4.2,1.1,0
2019-02-23 04:00:00,394,4.4,0.5,0
2019-02-23 05:00:00,385,4.9,0.2,0
2019-02-23 06:00:00,377,4.9,0.4,0
2019-02-23 07:00:00,374,4.7,1.1,0
2019-02-23 08:00:00,378,4.6,1.6,0
2019-02-23 09:00:00,372,4.4,1.1,0
2019-02-23 10:00:00,374,4.6,1.4,0
2019-02-23 11:00:00,371,4.7,0.6,0
2019-02-23 12:00:00,370,4.9,0.1,0
2019-02-23 13:00:00,362,4.5,0.3,0
2019-02-23 14:00:00,363,4.4,-0.6,0
2019-02-23 15:00:00,368,4.9,-2.0,0
2019-02-23 16:00:00,355,4.8,-0.2,0
2019-02-23 17:00:00,351,5.1,-1.4,0
2019-02-23 18:00:00,348,5.2,-1.3,0
2019-02-23 19:00:00,348,4.8,-0.9,0
2019-02-23 20:00:00,351,5.0,-1.2,0
2019-02-23 21:00:00,351,5.0,1.2,0
2019-02-23 22:00:00,344,5.3,0.4,0
2019-02-23 23:00:00,342,5.5,0.7,0
2019-02-24 00:00:00,334,5.5,-0.7,0
2019-02-24 01:00:00,335,5.4,1.3,0
2019-02-24 02:00:00,339,5.1,1.6,0
2019-02-24 03:00:00,328,4.5,1.3,0
2019-02-24 04:00:00,329,5.2,0.7,0
2019-02-24 05:00:00,332,5.3,-1.3,0
2019-02-24 06:00:00,329,4.9,-0.3,0
2019-02-24 07:00:00,332,4.6,-1.2,0
2019-02-24 08:00:00,317,2.8,-0.5,0
2019-02-24 09:00:00,318,3.7,-1.1,0
2019-02-24 10:00:00,321,3.8,-1.3,0
2019-02-24 11:00:00,327,4.7,-0.2,0
2019-02-24 12:00:00,322,4.3,-0.4,0
2019-02-24 13:00:00,332,4.8,1.3,0
2019-02-24 14:00:00,329,5.4,-2.2,0
2019-02-24 15:00:00,327,5.6,-1.8,0
2019-02-24 16:00:00,322,5.5,1.2,0
2019-02-24 17:00:00,325,6.0,2.7,0
2019-02-24 18:00:00,328,6.0,0.5,0
2019-02-24 19:00:00,327,5.9,0.2,0
2019-02-24 20:00:00,321,4.8,1.8,0
2019-02-24 21:00:00,318,5.3,1.2,0
2019-02-24 22:00:00,323,5.3,3.1,0
2019-02-24 23:00:00,319,5.2,3.2,0
2019-02-25 00:00:00,308,4.5,2.0,0
2019-02-25 01:00:00,306,6.7,-0.6,0
2019-02-25 02:00:00,307,5.6,-0.8,0
2019-02-25 03:00:00,312,5.8,0.1,0
2019-02-25 04:00:00,309,5.0,-1.0,0
2019-02-25 05:00:00,312,6.6,-3.3,0
2019-02-25 06:00:00,312,5.5,-0.5,0
2019-02-25 07:00:00,312,5.4,0.8,0
2019-02-25 08:00:00,312,5.5,-2.3,0
2019-02-25 09:00:00,318,5.3,0.4,0
2019-02-25 10:00:00,313,4.7,0.8,0
2019-02-25 11:00:00,313,4.8,0.2,0
2019-02-25 12:00:00,319,5.4,2.0,0
2019-02-25 13:00:00,331,7.4,2.7,0
2019-02-25 14:00:00,328,6.7,3.3,0
2019-02-25 15:00:00,320,5.4,0.7,0
2019-02-25 16:00:00,326,6.5,-2.1,0
2019-02-25 17:00:00,332,6.9,0.4,0
2019-02-25 18:00:00,340,7.4,2.1,0
2019-02-25 19:00:00,346,7.4,1.5,0
2019-02-25 20:00:00,345,7.2,-1.9,0
2019-02-25 21:00:00,343,7.1,-2.1,0
2019-02-25 22:00:00,341,6.7,-1.0,0
2019-02-25 23:00:00,339,6.5,-2.2,0
2019-02-26 00:00:00,340,6.3,-1.5,0
2019-02-26 01:00:00,340,6.4,-2.0,0
2019-02-26 02:00:00,338,6.2,-1.5,0
2019-02-26 03:00:00,336,6.0,0.6,0
2019-02-26 04:00:00,335,7.1,2.5,0
2019-02-26 05:00:00,334,7.3,2.7,0
2019-02-26 06:00:00,333,7.8,2.0,0
2019-02-26 07:00:00,334,7.4,-1.9,0
2019-02-26 08:00:00,330,6.9,-2.4,0
2019-02-26 09:00:00,328,7.3,-1.6,0
2019-02-26 10:00:00,327,7.8,2.8,0
2019-02-26 11:00:00,325,7.4,2.9,0
2019-02-26 12:00:00,322,7.5,-0.7,0
2019-02-26 13:00:00,323,7.5,-0.3,0
2019-02-26 14:00:00,324,7.7,-1.2,0
2019-02-26 15:00:00,322,7.8,-2.2,0
2019-02-26 16:00:00,325,7.4,2.2,0
2019-02-26 17:00:00,326,7.9,0.7,0
2019-02-26 18:00:00,321,7.8,1.9,0
2019-02-26 19:00:00,319,7.7,-1.0,0
2019-02-26 20:00:00,314,7.8,1.1,0
2019-02-26 21:00:00,313,7.3,-2.9,0
2019-02-26 22:00:00,311,7.6,-3.1,0
2019-02-26 23:00:00,313,7.7,-2.6,0
2019-02-27 00:00:00,315,8.0,-1.6,0
2019-02-27 01:00:00,313,7.9,-1.4,0
2019-02-27 02:00:00,310,8.1,-1.2,0
2019-02-27 03:00:00,311,8.3,-1.4,0
2019-02-27 04:00:00,314,8.6,-0.4,0
2019-02-27 05:00:00,309,8.8,0.2,0
2019-02-27 06:00:00,308,9.4,1.6,0
2019-02-27 07:00:00,314,12.7,0.5,0
2019-02-27 08:00:00,330,20.2,-2.0,0
2019-02-27 09:00:00,338,29.8,0.6,0
2019-02-27 10:00:00,342,36.1,0.4,0
2019-02-27 11:00:00,345,40.3,-0.6,0
2019-02-27 12:00:00,342,35.5,-4.6,0
2019-02-27 13:00:00,372,25.2,2.6,0
2019-02-27 14:00:00,408,16.4,4.9,0
2019-02-27 15:00:00,407,15.7,-2.0,0
2019-02-27 16:00:00,440,12.6,-2.4,0
2019-02-27 17:00:00,469,10.4,-1.5,0
2019-02-27 18:00:00,463,10.6,0.0,0
2019-02-27 19:00:00,458,10.2,1.9,0
2019-02-27 20:00:00,458,9.5,1.6,0
2019-02-27 21:00:00,482,10.4,-2.7,0
2019-02-27 22:00:00,476,9.2,0.7,0
2019-02-27 23:00:00,470,8.1,5.0,0
2019-02-28 00:00:00,461,7.0,0.1,0
2019-02-28 01:00:00,463,6.9,-1.5,0
2019-02-28 02:00:00,515,6.2,0.9,0
2019-02-28 03:00:00,508,5.3,4.2,0
2019-02-28 04:00:00,510,5.9,3.9,0
2019-02-28 05:00:00,506,5.7,0.4,0
2019-02-28 06:00:00,493,4.5,0.3,0
2019-02-28 07:00:00,505,5.1,3.8,0
2019-02-28 08:00:00,508,4.9,0.1,0
2019-02-28 09:00:00,526,5.8,-2.4,0
2019-02-28 10:00:00,525,6.0,-1.3,0
2019-02-28 11:00:00,520,6.4,-0.9,0
2019-02-28 12:00:00,531,6.1,-1.2,0
2019-02-28 13:00:00,543,5.7,-5.1,0
2019-02-28 14:00:00,531,5.1,-2.0,0
2019-02-28 15:00:00,547,5.1,-0.1,0
2019-02-28 16:00:00,535,4.4,2.4,0
2019-02-28 17:00:00,546,4.6,-3.8,0
2019-02-28 18:00:00,560,5.3,-4.7,0
2019-02-28 19:00:00,547,4.6,-0.1,0
2019-02-28 20:00:00,566,4.6,0.4,0
2019-02-28 21:00:00,559,3.9,1.2,0
2019-02-28 22:00:00,571,3.7,-0.7,0
2019-02-28 23:00:00,562,4.0,0.9,0
2019-03-01 00:00:00,588,4.5,-2.5,0
2019-03-01 01:00:00,580,4.6,0.4,0
2019-03-01 02:00:00,570,4.5,3.2,0
2019-03-01 03:00:00,555,3.3,0.1,0
2019-03-01 04:00:00,579,3.7,-2.1,0
2019-03-01 05:00:00,589,3.7,0.9,0
2019-03-01 06:00:00,570,3.5,0.8,0
2019-03-01 07:00:00,578,3.7,0.6,0
2019-03-01 08:00:00,586,3.8,-0.8,0
2019-03-01 09:00:00,574,4.9,0.7,0
2019-03-01 10:00:00,582,4.1,-3.2,0
2019-03-01 11:00:00,589,4.1,-0.4,0
2019-03-01 12:00:00,576,3.8,3.3,0
2019-03-01 13:00:00,572,4.1,2.0,0
2019-03-01 14:00:00,570,4.2,-1.1,0
2019-03-01 15:00:00,565,3.7,1.0,0
2019-03-01 16:00:00,558,3.6,0.9,0
2019-03-01 17:00:00,560,4.1,2.2,0
2019-03-01 18:00:00,557,3.1,-1.8,0
2019-03-01 19:00:00,570,3.6,2.3,0
2019-03-01 20:00:00,595,3.1,1.7,0
2019-03-01 21:00:00,585,3.2,0.8,0
2019-03-01 22:00:00,580,3.3,-0.5,0
2019-03-01 23:00:00,571,3.0,-1.5,0
2019-03-02 00:00:00,567,3.4,-1.4,0
2019-03-02 01:00:00,560,2.7,-0.1,0
2019-03-02 02:00:00,550,3.1,-0.8,0
2019-03-02 03:00:00,543,3.3,-1.4,0
2019-03-02 04:00:00,549,3.6,-2.9,0
2019-03-02 05:00:00,553,3.5,-1.2,0
2019-03-02 06:00:00,558,3.5,-0.9,0
2019-03-02 07:00:00,556,3.8,0.7,0
2019-03-02 08:00:00,553,3.9,-0.3,0
2019-03-02 09:00:00,555,4.3,1.5,0
2019-03-02 10:00:00,556,4.3,1.0,0
2019-03-02 11:00:00,540,4.4,0.1,0
2019-03-02 12:00:00,553,4.1,-0.7,0
2019-03-02 13:00:00,564,3.9,0.7,0
2019-03-02 14:00:00,563,3.6,0.9,0
2019-03-02 15:00:00,560,3.7,-1.0,0
2019-03-02 16:00:00,549,4.1,-1.2,0
2019-03-02 17:00:00,540,3.7,-2.1,0
2019-03-02 18:00:00,532,3.6,0.0,0
2019-03-02 19:00:00,529,3.5,1.6,0
2019-03-02 20:00:00,533,3.4,3.0,0
2019-03-02 21:00:00,543,3.3,0.9,0
2019-03-02 22:00:00,532,2.8,-0.4,0
2019-03-02 23:00:00,484,2.4,0.6,0
2019-03-03 00:00:00,478,2.5,0.1,0
2019-03-03 01:00:00,468,2.3,0.2,0
2019-03-03 02:00:00,508,3.3,-1.8,0
2019-03-03 03:00:00,485,3.4,-1.1,0
2019-03-03 04:00:00,493,3.5,-0.2,0
2019-03-03 05:00:00,463,3.1,-0.2,0
2019-03-03 06:00:00,454,2.7,-0.1,0
2019-03-03 07:00:00,452,2.3,-0.6,0
2019-03-03 08:00:00,447,2.4,-0.1,0
2019-03-03 09:00:00,458,3.4,0.7,0
2019-03-03 10:00:00,443,2.4,1.2,0
2019-03-03 11:00:00,435,2.0,1.7,0
2019-03-03 12:00:00,454,2.0,0.3,0
2019-03-03 13:00:00,458,2.3,0.9,0
2019-03-03 14:00:00,429,2.0,0.3,0
2019-03-03 15:00:00,431,2.1,1.2,0
2019-03-03 16:00:00,438,2.2,1.7,0
2019-03-03 17:00:00,429,2.2,1.8,0
2019-03-03 18:00:00,433,2.8,1.2,0
2019-03-03 19:00:00,436,2.9,0.8,0
2019-03-03 20:00:00,422,2.9,0.6,0
2019-03-03 21:00:00,435,3.3,-1.4,0
2019-03-03 22:00:00,433,3.6,-0.6,0
2019-03-03 23:00:00,436,3.2,-1.8,0
2019-03-04 00:00:00,428,2.8,-0.6,0
2019-03-04 01:00:00,431,3.1,-1.5,0
2019-03-04 02:00:00,441,3.5,-2.2,0
2019-03-04 03:00:00,410,2.7,-3.1,0
2019-03-04 04:00:00,444,3.8,-1.0,0
2019-03-04 05:00:00,438,4.0,0.1,0
2019-03-04 06:00:00,425,3.4,1.5,0
2019-03-04 07:00:00,390,2.6,-0.8,0
2019-03-04 08:00:00,383,2.3,-1.9,0
2019-03-04 09:00:00,382,2.4,-3.2,0
2019-03-04 10:00:00,405,3.5,-4.1,0
2019-03-04 11:00:00,402,4.1,-3.4,0
2019-03-04 12:00:00,406,4.6,-3.6,0
2019-03-04 13:00:00,414,5.4,-2.2,0
2019-03-04 14:00:00,402,5.0,2.0,0
2019-03-04 15:00:00,391,4.2,-1.1,0
2019-03-04 16:00:00,391,3.8,-1.0,0
2019-03-04 17:00:00,401,4.4,0.4,0
2019-03-04 18:00:00,373,2.6,1.1,0
2019-03-04 19:00:00,409,3.6,2.5,0
2019-03-04 20:00:00,368,2.6,2.5,0
2019-03-04 21:00:00,378,2.7,1.0,0
2019-03-04 22:00:00,384,2.6,-0.7,0
2019-03-04 23:00:00,393,2.4,-2.6,0
2019-03-05 00:00:00,382,2.8,-3.5,14
2019-03-05 01:00:00,411,4.2,-0.5,14
2019-03-05 02:00:00,424,4.3,0.9,14
2019-03-05 03:00:00,420,3.9,1.2,14
2019-03-05 04:00:00,416,4.1,1.3,14
2019-03-05 05:00:00,410,4.4,0.9,14
2019-03-05 06:00:00,403,4.1,0.1,14
2019-03-05 07:00:00,404,4.3,1.2,14
2019-03-05 08:00:00,393,4.0,0.3,14
2019-03-05 09:00:00,390,3.3,0.9,14
2019-03-05 10:00:00,390,3.3,0.8,14
2019-03-05 11:00:00,365,2.6,1.3,14
2019-03-05 12:00:00,343,2.2,-0.9,14
2019-03-05 13:00:00,361,2.6,0.5,14
2019-03-05 14:00:00,366,2.6,-1.2,14
2019-03-05 15:00:00,389,4.6,-0.6,14
2019-03-05 16:00:00,375,3.7,0.7,14
2019-03-05 17:00:00,370,3.7,-0.6,14
2019-03-05 18:00:00,375,3.8,-1.8,14
2019-03-05 19:00:00,386,3.4,-2.7,14
2019-03-05 20:00:00,374,3.3,-1.4,14
2019-03-05 21:00:00,368,3.6,-1.4,14
2019-03-05 22:00:00,365,3.0,-0.2,14
2019-03-05 23:00:00,364,3.4,0.3,14
2019-03-06 00:00:00,360,3.6,-0.2,18
2019-03-06 01:00:00,357,3.7,0.2,18
2019-03-06 02:00:00,360,4.2,0.5,18
2019-03-06 03:00:00,376,5.0,3.3,18
2019-03-06 04:00:00,372,5.1,2.3,18
2019-03-06 05:00:00,384,5.5,2.8,18
2019-03-06 06:00:00,391,6.6,-1.9,18
2019-03-06 07:00:00,391,7.6,4.6,18
2019-03-06 08:00:00,409,9.8,6.3,18
2019-03-06 09:00:00,416,5.3,7.0,18
2019-03-06 10:00:00,441,4.0,4.1,18
2019-03-06 11:00:00,473,5.7,1.3,18
2019-03-06 12:00:00,493,5.1,-1.7,18
2019-03-06 13:00:00,477,3.9,-0.7,18
2019-03-06 14:00:00,461,3.8,0.4,18
2019-03-06 15:00:00,441,3.4,0.6,18
2019-03-06 16:00:00,443,3.6,-0.3,18
2019-03-06 17:00:00,441,3.0,-0.6,18
2019-03-06 18:00:00,430,2.6,-1.1,18
2019-03-06 19:00:00,419,2.4,-0.7,18
2019-03-06 20:00:00,404,2.9,-1.5,18
2019-03-06 21:00:00,400,4.2,-2.1,18
2019-03-06 22:00:00,394,4.0,-1.2,18
2019-03-06 23:00:00,393,4.7,0.7,18
2019-03-07 00:00:00,392,5.1,0.1,16
2019-03-07 01:00:00,385,5.5,-0.9,16
2019-03-07 02:00:00,382,5.3,1.2,16
2019-03-07 03:00:00,387,5.9,-0.7,16
2019-03-07 04:00:00,386,6.8,0.4,16
2019-03-07 05:00:00,371,5.8,1.5,16
2019-03-07 06:00:00,356,5.4,2.1,16
2019-03-07 07:00:00,379,5.8,3.0,16
2019-03-07 08:00:00,388,7.1,2.8,16
2019-03-07 09:00:00,373,6.0,2.0,16
2019-03-07 10:00:00,351,5.6,2.7,16
2019-03-07 11:00:00,365,5.1,3.8,16
2019-03-07 12:00:00,403,2.2,3.4,16
2019-03-07 13:00:00,423,2.9,-0.7,16
2019-03-07 14:00:00,457,4.8,-1.7,16
2019-03-07 15:00:00,484,5.0,-1.7,16
2019-03-07 16:00:00,455,5.1,-0.9,16
2019-03-07 17:00:00,434,5.2,1.8,16
2019-03-07 18:00:00,449,7.5,0.2,16
2019-03-07 19:00:00,449,8.8,1.1,16
2019-03-07 20:00:00,444,8.1,-0.3,16
2019-03-07 21:00:00,433,6.0,0.6,16
2019-03-07 22:00:00,420,4.7,-0.9,16
2019-03-07 23:00:00,413,4.3,0.4,16
2019-03-08 00:00:00,414,4.1,0.9,11
2019-03-08 01:00:00,402,3.5,0.9,11
2019-03-08 02:00:00,406,3.6,1.2,11
2019-03-08 03:00:00,405,3.2,0.8,11
2019-03-08 04:00:00,416,4.2,0.2,11
2019-03-08 05:00:00,421,4.6,1.1,11
2019-03-08 06:00:00,425,4.6,-0.5,11
2019-03-08 07:00:00,423,4.2,-0.3,11
2019-03-08 08:00:00,426,4.6,0.2,11
2019-03-08 09:00:00,417,4.3,-0.7,11
2019-03-08 10:00:00,413,4.0,0.2,11
2019-03-08 11:00:00,412,3.5,1.1,11
2019-03-08 12:00:00,411,3.3,1.6,11
2019-03-08 13:00:00,405,3.2,0.8,11
2019-03-08 14:00:00,401,3.2,0.8,11
2019-03-08 15:00:00,399,2.8,0.4,11
2019-03-08 16:00:00,396,2.8,0.2,11
2019-03-08 17:00:00,390,2.6,0.2,11
2019-03-08 18:00:00,388,2.5,0.4,11
2019-03-08 19:00:00,393,2.7,0.3,11
2019-03-08 20:00:00,398,3.3,0.3,11
2019-03-08 21:00:00,397,3.5,-0.2,11
2019-03-08 22:00:00,388,2.8,-0.1,11
2019-03-08 23:00:00,392,3.5,1.7,11
2019-03-09 00:00:00,404,3.6,2.0,11
2019-03-09 01:00:00,413,4.4,1.8,11
2019-03-09 02:00:00,413,4.6,1.6,11
2019-03-09 03:00:00,423,4.8,1.2,11
2019-03-09 04:00:00,432,4.9,2.7,11
2019-03-09 05:00:00,424,5.1,3.3,11
2019-03-09 06:00:00,416,5.0,2.5,11
2019-03-09 07:00:00,407,4.8,1.9,11
2019-03-09 08:00:00,437,4.8,-1.5,11
2019-03-09 09:00:00,421,3.5,2.6,11
2019-03-09 10:00:00,426,3.2,3.0,11
2019-03-09 11:00:00,424,2.6,2.1,11
2019-03-09 12:00:00,428,2.4,0.4,11
2019-03-09 13:00:00,454,3.5,-2.7,11
2019-03-09 14:00:00,435,3.2,2.4,11
2019-03-09 15:00:00,431,2.7,2.1,11
2019-03-09 16:00:00,428,2.5,1.0,11
2019-03-09 17:00:00,433,2.5,0.9,11
2019-03-09 18:00:00,427,2.3,1.3,11
2019-03-09 19:00:00,431,2.4,-0.2,11
2019-03-09 20:00:00,422,2.1,-0.8,11
2019-03-09 21:00:00,423,1.9,1.2,11
2019-03-09 22:00:00,418,2.1,0.5,11
2019-03-09 23:00:00,436,2.6,-1.1,11
2019-03-10 00:00:00,421,2.0,-0.7,11
2019-03-10 01:00:00,430,2.7,-1.0,11
2019-03-10 02:00:00,435,2.9,-1.9,11
2019-03-10 03:00:00,437,2.9,-1.3,11
2019-03-10 04:00:00,434,3.2,-0.5,11
2019-03-10 05:00:00,423,2.4,-0.9,11
2019-03-10 06:00:00,443,3.0,-1.1,11
2019-03-10 07:00:00,420,1.9,0.1,11
2019-03-10 08:00:00,396,1.4,0.2,11
2019-03-10 09:00:00,372,1.8,-0.1,11
2019-03-10 10:00:00,371,1.7,-0.9,11
2019-03-10 11:00:00,378,1.7,-0.6,11
2019-03-10 12:00:00,392,3.0,-0.7,11
2019-03-10 13:00:00,383,2.4,-0.9,11
2019-03-10 14:00:00,386,3.2,-0.2,11
2019-03-10 15:00:00,382,3.4,0.2,11
2019-03-10 16:00:00,371,3.0,0.6,11
2019-03-10 17:00:00,357,2.3,0.5,11
2019-03-10 18:00:00,360,2.3,0.8,11
2019-03-10 19:00:00,356,2.8,0.8,11
2019-03-10 20:00:00,358,3.2,1.0,11
2019-03-10 21:00:00,350,2.9,0.7,11
2019-03-10 22:00:00,348,4.3,1.1,11
2019-03-10 23:00:00,358,4.4,0.4,11
2019-03-11 00:00:00,358,4.8,0.5,11
2019-03-11 01:00:00,351,4.8,0.7,11
2019-03-11 02:00:00,344,5.0,-1.2,11
2019-03-11 03:00:00,343,5.7,-1.8,11
2019-03-11 04:00:00,335,5.8,-0.7,11
2019-03-11 05:00:00,330,5.3,-0.8,11
2019-03-11 06:00:00,328,5.2,-1.3,11
2019-03-11 07:00:00,326,3.7,-1.6,11
2019-03-11 08:00:00,338,4.4,-1.4,11
2019-03-11 09:00:00,346,4.7,-2.2,11
2019-03-11 10:00:00,361,4.3,-3.1,11
2019-03-11 11:00:00,360,4.8,-3.0,11
2019-03-11 12:00:00,365,4.0,-2.3,11
2019-03-11 13:00:00,340,2.1,0.5,11
2019-03-11 14:00:00,344,2.4,0.2,11
2019-03-11 15:00:00,338,3.0,0.2,11
2019-03-11 16:00:00,338,3.5,0.7,11
2019-03-11 17:00:00,340,3.4,0.1,11
2019-03-11 18:00:00,336,2.8,-1.2,11
2019-03-11 19:00:00,342,3.6,0.2,11
2019-03-11 20:00:00,333,3.2,1.4,11
2019-03-11 21:00:00,328,3.8,0.7,11
2019-03-11 22:00:00,332,4.4,1.2,11
2019-03-11 23:00:00,332,4.3,3.2,11
2019-03-12 00:00:00,320,3.9,3.9,11
2019-03-12 01:00:00,337,5.5,3.0,11
2019-03-12 02:00:00,338,4.7,2.0,11
2019-03-12 03:00:00,341,6.4,2.2,11
2019-03-12 04:00:00,350,7.0,2.5,11
2019-03-12 05:00:00,374,10.2,3.6,11
2019-03-12 06:00:00,371,9.0,0.5,11
2019-03-12 07:00:00,396,6.1,-6.3,11
2019-03-12 08:00:00,389,6.2,-4.6,11
2019-03-12 09:00:00,369,5.2,-1.2,11
2019-03-12 10:00:00,337,5.6,-0.2,11
2019-03-12 11:00:00,350,5.4,-0.1,11
2019-03-12 12:00:00,355,4.9,2.1,11
2019-03-12 13:00:00,346,3.3,2.9,11
2019-03-12 14:00:00,347,3.6,4.0,11
2019-03-12 15:00:00,347,3.1,2.3,11
2019-03-12 16:00:00,351,2.8,1.6,11
2019-03-12 17:00:00,347,3.1,1.4,11
2019-03-12 18:00:00,342,2.9,0.0,11
2019-03-12 19:00:00,353,2.6,0.9,11
2019-03-12 20:00:00,361,2.1,0.1,11
2019-03-12 21:00:00,353,2.7,-1.0,11
2019-03-12 22:00:00,333,2.2,0.4,11
2019-03-12 23:00:00,341,2.4,-0.2,11
2019-03-13 00:00:00,342,2.2,-0.3,0
2019-03-13 01:00:00,346,3.5,-0.8,0
2019-03-13 02:00:00,349,4.1,-2.1,0
2019-03-13 03:00:00,355,4.4,-2.1,0
2019-03-13 04:00:00,352,4.0,-3.0,0
2019-03-13 05:00:00,337,3.7,1.0,0
2019-03-13 06:00:00,333,3.3,0.1,0
2019-03-13 07:00:00,338,3.5,-2.0,0
2019-03-13 08:00:00,340,3.1,-1.1,0
2019-03-13 09:00:00,337,2.6,-0.1,0
2019-03-13 10:00:00,343,3.5,-0.8,0
2019-03-13 11:00:00,341,4.3,-0.6,0
2019-03-13 12:00:00,343,5.3,0.1,0
2019-03-13 13:00:00,344,6.0,1.8,0
2019-03-13 14:00:00,340,6.1,2.0,0
2019-03-13 15:00:00,338,6.0,1.1,0
2019-03-13 16:00:00,338,6.5,0.0,0
2019-03-13 17:00:00,345,7.9,0.2,0
2019-03-13 18:00:00,354,9.3,0.6,0
2019-03-13 19:00:00,363,9.4,-1.2,0
2019-03-13 20:00:00,361,10.1,3.6,0
2019-03-13 21:00:00,357,10.3,3.5,0
2019-03-13 22:00:00,352,9.6,2.9,0
2019-03-13 23:00:00,352,9.3,1.6,0
2019-03-14 00:00:00,351,7.9,2.7,12
2019-03-14 01:00:00,344,6.1,3.9,12
2019-03-14 02:00:00,341,4.5,3.7,12
2019-03-14 03:00:00,334,5.1,2.1,12
2019-03-14 04:00:00,342,6.3,-0.8,12
2019-03-14 05:00:00,347,6.7,-2.6,12
2019-03-14 06:00:00,348,7.1,-1.7,12
2019-03-14 07:00:00,338,8.0,-0.6,12
2019-03-14 08:00:00,327,6.0,3.0,12
2019-03-14 09:00:00,332,8.5,0.3,12
2019-03-14 10:00:00,343,9.3,-3.0,12
2019-03-14 11:00:00,340,9.2,-3.7,12
2019-03-14 12:00:00,340,9.0,-2.3,12
2019-03-14 13:00:00,341,8.8,-1.3,12
2019-03-14 14:00:00,342,10.6,-2.5,12
2019-03-14 15:00:00,335,11.0,-2.2,12
2019-03-14 16:00:00,345,9.7,-2.9,12
2019-03-14 17:00:00,353,9.3,-2.4,12
2019-03-14 18:00:00,354,9.3,-2.9,12
2019-03-14 19:00:00,348,9.5,-3.3,12
2019-03-14 20:00:00,350,9.2,-1.1,12
2019-03-14 21:00:00,348,10.7,-3.3,12
2019-03-14 22:00:00,350,10.8,-4.3,12
2019-03-14 23:00:00,352,11.2,-2.9,12
2019-03-15 00:00:00,353,11.8,-2.6,0
2019-03-15 01:00:00,349,12.8,0.5,0
2019-03-15 02:00:00,351,14.4,-2.5,0
2019-03-15 03:00:00,352,15.1,-2.2,0
2019-03-15 04:00:00,344,13.8,-1.4,0
2019-03-15 05:00:00,341,12.9,0.4,0
2019-03-15 06:00:00,335,11.8,2.0,0
2019-03-15 07:00:00,342,7.6,2.5,0
2019-03-15 08:00:00,382,9.4,2.7,0
2019-03-15 09:00:00,377,8.4,3.9,0
2019-03-15 10:00:00,366,7.2,5.0,0
2019-03-15 11:00:00,383,9.4,1.4,0
2019-03-15 12:00:00,378,5.8,2.5,0
2019-03-15 13:00:00,375,6.0,2.8,0
2019-03-15 14:00:00,379,5.8,1.7,0
2019-03-15 15:00:00,379,4.5,0.1,0
2019-03-15 16:00:00,372,3.8,0.3,0
2019-03-15 17:00:00,362,4.5,-0.3,0
2019-03-15 18:00:00,371,3.7,-0.7,0
2019-03-15 19:00:00,379,4.0,1.6,0
2019-03-15 20:00:00,376,5.2,0.5,0
2019-03-15 21:00:00,373,3.9,2.3,0
2019-03-15 22:00:00,379,5.0,5.3,0
2019-03-15 23:00:00,390,4.8,3.1,0
2019-03-16 00:00:00,376,4.7,3.4,0
2019-03-16 01:00:00,390,4.5,3.7,0
2019-03-16 02:00:00,391,3.5,1.3,0
2019-03-16 03:00:00,393,3.3,1.5,0
2019-03-16 04:00:00,400,3.1,1.5,0
2019-03-16 05:00:00,410,2.7,2.0,0
2019-03-16 06:00:00,408,4.2,0.1,0
2019-03-16 07:00:00,400,4.0,-0.7,0
2019-03-16 08:00:00,399,4.1,-1.6,0
2019-03-16 09:00:00,391,3.7,-3.4,0
2019-03-16 10:00:00,415,4.5,-2.1,0
2019-03-16 11:00:00,409,4.3,0.4,0
2019-03-16 12:00:00,412,5.1,0.8,0
2019-03-16 13:00:00,433,5.1,0.9,0
2019-03-16 14:00:00,443,5.6,-1.5,0
2019-03-16 15:00:00,443,5.4,-2.9,0
2019-03-16 16:00:00,440,5.0,-2.5,0
2019-03-16 17:00:00,419,4.7,-0.4,0
2019-03-16 18:00:00,408,5.0,1.5,0
2019-03-16 19:00:00,419,6.1,1.4,0
2019-03-16 20:00:00,432,7.3,-2.2,0
2019-03-16 21:00:00,437,6.5,-2.8,0
2019-03-16 22:00:00,439,6.1,-2.1,0
2019-03-16 23:00:00,443,4.3,-3.1,0
2019-03-17 00:00:00,440,4.4,-3.6,0
2019-03-17 01:00:00,433,5.7,-3.7,0
2019-03-17 02:00:00,431,5.8,-3.9,0
2019-03-17 03:00:00,429,3.0,-2.8,0
2019-03-17 04:00:00,423,2.7,-2.1,0
2019-03-17 05:00:00,419,3.0,-1.6,0
2019-03-17 06:00:00,410,7.9,-4.9,0
2019-03-17 07:00:00,410,4.8,-5.7,0
2019-03-17 08:00:00,399,8.9,-5.8,0
2019-03-17 09:00:00,389,6.6,-7.1,0
2019-03-17 10:00:00,391,5.6,-6.1,0
2019-03-17 11:00:00,388,5.0,-4.9,0
2019-03-17 12:00:00,384,5.3,-3.9,0
2019-03-17 13:00:00,382,5.0,-3.3,0
2019-03-17 14:00:00,383,5.6,-3.5,0
2019-03-17 15:00:00,382,6.0,-3.1,0
2019-03-17 16:00:00,389,6.0,-1.4,0
2019-03-17 17:00:00,384,6.5,-2.3,0
2019-03-17 18:00:00,392,6.4,-0.9,0
2019-03-17 19:00:00,384,6.0,-1.2,0
2019-03-17 20:00:00,384,6.0,-1.5,0
2019-03-17 21:00:00,371,7.2,-1.1,0
2019-03-17 22:00:00,381,7.1,-1.8,0
2019-03-17 23:00:00,379,7.3,0.0,0
2019-03-18 00:00:00,374,6.8,0.0,13
2019-03-18 01:00:00,362,7.1,-1.4,13
2019-03-18 02:00:00,371,7.1,0.3,13
2019-03-18 03:00:00,364,7.9,-0.1,13
2019-03-18 04:00:00,361,9.3,0.3,13
2019-03-18 05:00:00,357,7.4,-0.7,13
2019-03-18 06:00:00,357,9.0,0.3,13
2019-03-18 07:00:00,352,6.7,1.5,13
2019-03-18 08:00:00,342,5.9,0.8,13
2019-03-18 09:00:00,346,6.8,-0.4,13
2019-03-18 10:00:00,346,6.9,-0.3,13
2019-03-18 11:00:00,345,7.6,0.1,13
2019-03-18 12:00:00,338,6.4,0.0,13
2019-03-18 13:00:00,335,6.6,0.2,13
2019-03-18 14:00:00,337,6.5,-0.3,13
2019-03-18 15:00:00,336,6.4,-0.8,13
2019-03-18 16:00:00,337,6.8,-0.3,13
2019-03-18 17:00:00,344,7.4,-0.2,13
2019-03-18 18:00:00,337,6.5,0.0,13
2019-03-18 19:00:00,340,6.9,1.4,13
2019-03-18 20:00:00,340,6.9,0.9,13
2019-03-18 21:00:00,337,6.8,1.2,13
2019-03-18 22:00:00,337,6.5,1.6,13
2019-03-18 23:00:00,343,6.9,1.7,13
2019-03-19 00:00:00,341,7.0,1.1,15
2019-03-19 01:00:00,339,7.4,-0.6,15
2019-03-19 02:00:00,336,7.3,-0.8,15
2019-03-19 03:00:00,337,7.2,-0.3,15
2019-03-19 04:00:00,342,8.5,1.0,15
2019-03-19 05:00:00,347,11.5,0.1,15
2019-03-19 06:00:00,348,15.5,-0.4,15
2019-03-19 07:00:00,350,17.8,-0.5,15
2019-03-19 08:00:00,352,21.9,1.2,15
2019-03-19 09:00:00,355,20.2,1.9,15
2019-03-19 10:00:00,355,15.6,0.0,15
2019-03-19 11:00:00,354,17.0,-3.2,15
2019-03-19 12:00:00,366,12.1,1.6,15
2019-03-19 13:00:00,371,11.0,-2.7,15
2019-03-19 14:00:00,371,12.3,1.1,15
2019-03-19 15:00:00,387,12.0,4.5,15
2019-03-19 16:00:00,400,10.1,5.6,15
2019-03-19 17:00:00,397,10.6,4.3,15
2019-03-19 18:00:00,403,10.2,-0.4,15
2019-03-19 19:00:00,399,9.0,-2.8,15
2019-03-19 20:00:00,401,8.9,-4.5,15
2019-03-19 21:00:00,402,8.9,-1.9,15
2019-03-19 22:00:00,401,8.3,0.5,15
2019-03-19 23:00:00,402,7.5,-1.5,15
2019-03-20 00:00:00,402,7.0,2.1,32
2019-03-20 01:00:00,399,6.6,0.9,32
2019-03-20 02:00:00,405,6.8,1.1,32
2019-03-20 03:00:00,405,6.8,1.3,32
2019-03-20 04:00:00,405,6.2,-1.9,32
2019-03-20 05:00:00,404,6.0,-1.1,32
2019-03-20 06:00:00,404,5.7,0.2,32
2019-03-20 07:00:00,410,5.5,1.4,32
2019-03-20 08:00:00,404,5.5,1.4,32
2019-03-20 09:00:00,402,5.5,0.9,32
2019-03-20 10:00:00,403,5.2,-0.4,32
2019-03-20 11:00:00,401,5.0,-0.7,32
2019-03-20 12:00:00,399,5.0,-0.5,32
2019-03-20 13:00:00,401,5.1,-1.9,32
2019-03-20 14:00:00,400,5.3,-1.6,32
2019-03-20 15:00:00,403,5.1,-1.2,32
2019-03-20 16:00:00,402,5.0,-2.5,32
2019-03-20 17:00:00,395,5.0,-0.8,32
2019-03-20 18:00:00,393,5.4,-1.1,32
2019-03-20 19:00:00,390,5.3,0.0,32
2019-03-20 20:00:00,387,5.4,-1.0,32
2019-03-20 21:00:00,383,5.5,-1.6,32
2019-03-20 22:00:00,379,5.2,0.8,32
2019-03-20 23:00:00,377,5.1,-0.1,32
2019-03-21 00:00:00,373,5.0,0.2,38
2019-03-21 01:00:00,370,5.0,0.6,38
2019-03-21 02:00:00,366,4.9,0.8,38
2019-03-21 03:00:00,362,4.7,0.0,38
2019-03-21 04:00:00,360,4.8,-0.1,38
2019-03-21 05:00:00,360,5.0,-1.3,38
2019-03-21 06:00:00,358,4.5,0.1,38
2019-03-21 07:00:00,353,4.8,0.4,38
2019-03-21 08:00:00,350,4.9,0.8,38
2019-03-21 09:00:00,348,5.0,-0.5,38
2019-03-21 10:00:00,344,5.0,-0.2,38
2019-03-21 11:00:00,344,5.1,-0.9,38
2019-03-21 12:00:00,339,5.1,-1.0,38
2019-03-21 13:00:00,339,5.0,0.7,38
2019-03-21 14:00:00,335,4.7,-0.5,38
2019-03-21 15:00:00,330,4.4,-0.2,38
2019-03-21 16:00:00,335,5.0,0.2,38
2019-03-21 17:00:00,337,5.0,0.9,38
2019-03-21 18:00:00,331,4.9,1.6,38
2019-03-21 19:00:00,324,4.6,0.2,38
2019-03-21 20:00:00,326,4.6,1.1,38
2019-03-21 21:00:00,324,4.6,0.8,38
2019-03-21 22:00:00,331,5.0,-0.4,38
2019-03-21 23:00:00,332,5.6,0.1,38
2019-03-22 00:00:00,330,5.9,0.5,30
2019-03-22 01:00:00,330,5.9,0.0,30
2019-03-22 02:00:00,329,5.8,1.0,30
2019-03-22 03:00:00,324,5.7,0.8,30
2019-03-22 04:00:00,318,5.9,0.4,30
2019-03-22 05:00:00,315,5.4,-0.7,30
2019-03-22 06:00:00,321,5.1,-1.7,30
2019-03-22 07:00:00,319,5.6,-1.5,30
2019-03-22 08:00:00,318,5.6,-1.7,30
2019-03-22 09:00:00,314,5.5,-0.9,30
2019-03-22 10:00:00,314,5.4,-0.9,30
2019-03-22 11:00:00,321,5.4,0.9,30
2019-03-22 12:00:00,321,5.4,0.5,30
2019-03-22 13:00:00,314,5.6,-1.1,30
2019-03-22 14:00:00,315,5.6,-1.2,30
2019-03-22 15:00:00,314,6.4,0.0,30
2019-03-22 16:00:00,317,7.4,-0.1,30
2019-03-22 17:00:00,312,7.4,-0.7,30
2019-03-22 18:00:00,311,7.4,-0.4,30
2019-03-22 19:00:00,311,7.3,0.0,30
2019-03-22 20:00:00,316,7.8,2.7,30
2019-03-22 21:00:00,307,7.2,0.6,30
2019-03-22 22:00:00,307,7.0,1.1,30
2019-03-22 23:00:00,316,7.1,-0.1,30
2019-03-23 00:00:00,318,6.7,-1.1,22
2019-03-23 01:00:00,302,6.7,-0.2,22
2019-03-23 02:00:00,298,6.9,-0.1,22
2019-03-23 03:00:00,300,6.6,-0.8,22
2019-03-23 04:00:00,301,7.4,-0.9,22
2019-03-23 05:00:00,300,7.5,-0.2,22
2019-03-23 06:00:00,304,8.7,0.6,22
2019-03-23 07:00:00,305,9.4,1.2,22
2019-03-23 08:00:00,297,8.3,-0.2,22
2019-03-23 09:00:00,288,7.3,-1.0,22
2019-03-23 10:00:00,287,7.0,-1.4,22
2019-03-23 11:00:00,284,6.9,-1.3,22
2019-03-23 12:00:00,284,7.2,-1.7,22
2019-03-23 13:00:00,291,7.3,-0.4,22
2019-03-23 14:00:00,288,7.7,-0.6,22
2019-03-23 15:00:00,283,7.7,-1.0,22
2019-03-23 16:00:00,278,7.3,-0.4,22
2019-03-23 17:00:00,272,7.4,0.2,22
2019-03-23 18:00:00,272,7.1,0.6,22
2019-03-23 19:00:00,273,6.6,0.7,22
2019-03-23 20:00:00,270,6.3,0.8,22
2019-03-23 21:00:00,270,6.6,1.3,22
2019-03-23 22:00:00,268,6.4,1.4,22
2019-03-23 23:00:00,265,5.4,1.0,22
2019-03-24 00:00:00,263,4.7,1.0,14
2019-03-24 01:00:00,263,4.8,0.9,14
2019-03-24 02:00:00,261,4.2,0.3,14
2019-03-24 03:00:00,261,4.5,-0.6,14
2019-03-24 04:00:00,262,5.3,-0.2,14
2019-03-24 05:00:00,261,5.2,-0.5,14
2019-03-24 06:00:00,259,4.6,1.1,14
2019-03-24 07:00:00,259,4.8,0.6,14
2019-03-24 08:00:00,268,7.1,-0.7,14
2019-03-24 09:00:00,263,7.6,0.9,14
2019-03-24 10:00:00,264,8.3,1.5,14
2019-03-24 11:00:00,266,9.4,0.6,14
2019-03-24 12:00:00,263,9.3,-0.1,14
2019-03-24 13:00:00,263,9.8,0.5,14
2019-03-24 14:00:00,265,11.0,0.2,14
2019-03-24 15:00:00,265,11.1,0.0,14
2019-03-24 16:00:00,265,11.3,-0.2,14
2019-03-24 17:00:00,266,11.5,1.5,14
2019-03-24 18:00:00,267,12.0,0.8,14
2019-03-24 19:00:00,268,12.8,1.0,14
2019-03-24 20:00:00,269,13.1,0.8,14
2019-03-24 21:00:00,273,14.7,-0.4,14
2019-03-24 22:00:00,296,30.0,-0.6,14
2019-03-24 23:00:00,302,32.1,-0.6,14
2019-03-25 00:00:00,303,34.1,2.3,0
2019-03-25 01:00:00,312,19.1,1.1,0
2019-03-25 02:00:00,312,14.6,-0.6,0
2019-03-25 03:00:00,308,14.2,-3.2,0
2019-03-25 04:00:00,307,14.1,-2.0,0
2019-03-25 05:00:00,311,15.1,-1.5,0
2019-03-25 06:00:00,321,13.4,2.0,0
2019-03-25 07:00:00,331,12.3,2.5,0
2019-03-25 08:00:00,338,11.5,3.3,0
2019-03-25 09:00:00,341,11.6,2.9,0
2019-03-25 10:00:00,339,11.0,1.7,0
2019-03-25 11:00:00,335,10.9,1.4,0
2019-03-25 12:00:00,326,9.8,1.2,0
2019-03-25 13:00:00,324,9.6,0.9,0
2019-03-25 14:00:00,319,11.5,1.1,0
2019-03-25 15:00:00,315,13.4,1.0,0
2019-03-25 16:00:00,316,13.8,0.5,0
2019-03-25 17:00:00,320,14.5,3.5,0
2019-03-25 18:00:00,323,12.1,2.8,0
2019-03-25 19:00:00,321,12.0,2.6,0
2019-03-25 20:00:00,323,14.0,4.2,0
2019-03-25 21:00:00,319,15.0,1.8,0
2019-03-25 22:00:00,322,18.2,1.9,0
2019-03-25 23:00:00,328,14.2,4.6,0
2019-03-26 00:00:00,328,11.7,2.6,0
2019-03-26 01:00:00,329,11.9,2.4,0
2019-03-26 02:00:00,328,14.3,-4.4,0
2019-03-26 03:00:00,332,12.9,-6.6,0
2019-03-26 04:00:00,334,12.8,3.5,0
2019-03-26 05:00:00,332,12.7,6.5,0
2019-03-26 06:00:00,326,13.7,5.1,0
2019-03-26 07:00:00,324,12.9,3.6,0
2019-03-26 08:00:00,325,12.3,3.6,0
2019-03-26 09:00:00,330,11.7,4.8,0
2019-03-26 10:00:00,332,10.4,5.5,0
2019-03-26 11:00:00,335,10.4,3.0,0
2019-03-26 12:00:00,345,9.4,-0.3,0
2019-03-26 13:00:00,351,8.4,2.9,0
2019-03-26 14:00:00,342,7.1,2.7,0
2019-03-26 15:00:00,351,7.3,1.5,0
2019-03-26 16:00:00,350,7.5,0.5,0
2019-03-26 17:00:00,349,6.9,4.1,0
2019-03-26 18:00:00,351,7.2,3.5,0
2019-03-26 19:00:00,351,7.4,3.9,0
2019-03-26 20:00:00,347,7.7,2.8,0
2019-03-26 21:00:00,356,9.3,-1.2,0
2019-03-26 22:00:00,352,7.9,3.3,0
2019-03-26 23:00:00,359,16.5,-0.8,0
2019-03-27 00:00:00,362,19.0,-2.4,0
2019-03-27 01:00:00,358,18.7,-2.1,0
2019-03-27 02:00:00,355,17.4,-0.4,0
2019-03-27 03:00:00,352,18.5,0.2,0
2019-03-27 04:00:00,351,18.1,-1.9,0
2019-03-27 05:00:00,353,8.7,2.1,0
2019-03-27 06:00:00,345,11.2,1.1,0
2019-03-27 07:00:00,350,16.8,-2.9,0
2019-03-27 08:00:00,357,9.3,-1.3,0
2019-03-27 09:00:00,350,7.9,-1.4,0
2019-03-27 10:00:00,356,7.9,-3.4,0
2019-03-27 11:00:00,360,7.1,-2.8,0
2019-03-27 12:00:00,358,7.7,-2.5,0
2019-03-27 13:00:00,354,8.8,-0.8,0
2019-03-27 14:00:00,357,8.7,-2.4,0
2019-03-27 15:00:00,360,8.9,-1.3,0
2019-03-27 16:00:00,361,8.6,1.0,0
2019-03-27 17:00:00,368,8.6,-2.1,0
2019-03-27 18:00:00,366,8.5,-2.0,0
2019-03-27 19:00:00,371,9.3,-1.6,0
2019-03-27 20:00:00,355,8.2,-0.8,0
2019-03-27 21:00:00,347,6.9,-1.1,0
2019-03-27 22:00:00,336,7.0,-0.3,0
2019-03-27 23:00:00,337,7.1,-0.6,0
2019-03-28 00:00:00,340,7.5,0.1,0
2019-03-28 01:00:00,350,10.6,-0.2,0
2019-03-28 02:00:00,360,13.0,0.4,0
2019-03-28 03:00:00,355,13.0,0.3,0
2019-03-28 04:00:00,369,15.6,-0.3,0
2019-03-28 05:00:00,397,10.6,-0.1,0
2019-03-28 06:00:00,409,10.4,0.0,0
2019-03-28 07:00:00,398,13.4,-0.7,0
2019-03-28 08:00:00,399,13.3,2.3,0
2019-03-28 09:00:00,394,9.6,4.9,0
2019-03-28 10:00:00,414,6.6,7.0,0
2019-03-28 11:00:00,429,7.3,3.2,0
2019-03-28 12:00:00,425,6.8,0.1,0
2019-03-28 13:00:00,426,6.9,-1.4,0
2019-03-28 14:00:00,451,7.7,1.6,0
2019-03-28 15:00:00,485,8.0,1.5,0
2019-03-28 16:00:00,481,7.3,-1.3,0
2019-03-28 17:00:00,483,5.1,0.5,0
2019-03-28 18:00:00,484,4.0,1.7,0
2019-03-28 19:00:00,475,3.4,0.5,0
2019-03-28 20:00:00,477,3.4,-0.6,0
2019-03-28 21:00:00,515,4.0,-1.2,0
2019-03-28 22:00:00,520,3.3,0.2,0
2019-03-28 23:00:00,525,3.4,-0.9,0
2019-03-29 00:00:00,512,3.9,0.1,0
2019-03-29 01:00:00,520,3.3,1.5,0
2019-03-29 02:00:00,509,3.4,1.6,0
2019-03-29 03:00:00,510,3.6,0.5,0
2019-03-29 04:00:00,502,3.3,-1.1,0
2019-03-29 05:00:00,499,3.2,-0.5,0
2019-03-29 06:00:00,480,3.4,0.0,0
2019-03-29 07:00:00,470,3.5,0.4,0
2019-03-29 08:00:00,493,3.4,-0.9,0
2019-03-29 09:00:00,484,3.4,-0.1,0
2019-03-29 10:00:00,495,3.1,-0.6,0
2019-03-29 11:00:00,491,2.8,-1.1,0
2019-03-29 12:00:00,495,2.4,0.2,0
2019-03-29 13:00:00,485,2.0,-0.2,0
2019-03-29 14:00:00,470,1.8,-1.6,0
2019-03-29 15:00:00,457,1.8,-1.3,0
2019-03-29 16:00:00,447,2.0,-0.4,0
2019-03-29 17:00:00,443,2.0,-1.4,0
2019-03-29 18:00:00,439,1.3,-0.2,0
2019-03-29 19:00:00,425,1.7,0.3,0
2019-03-29 20:00:00,426,2.5,0.0,0
2019-03-29 21:00:00,414,4.4,-0.2,0
2019-03-29 22:00:00,419,3.9,0.5,0
2019-03-29 23:00:00,416,4.0,0.3,0
2019-03-30 00:00:00,411,2.9,-0.3,0
2019-03-30 01:00:00,412,2.7,0.4,0
2019-03-30 02:00:00,414,2.9,0.1,0
2019-03-30 03:00:00,411,3.3,0.0,0
2019-03-30 04:00:00,403,2.7,0.7,0
2019-03-30 05:00:00,404,3.1,0.6,0
2019-03-30 06:00:00,390,3.1,0.5,0
2019-03-30 07:00:00,402,3.0,0.3,0
2019-03-30 08:00:00,401,3.7,0.7,0
2019-03-30 09:00:00,397,3.9,1.5,0
2019-03-30 10:00:00,393,3.9,1.0,0
2019-03-30 11:00:00,388,4.1,1.3,0
2019-03-30 12:00:00,390,3.8,1.6,0
2019-03-30 13:00:00,385,3.8,1.8,0
2019-03-30 14:00:00,384,3.5,1.0,0
2019-03-30 15:00:00,387,3.5,0.3,0
2019-03-30 16:00:00,384,3.6,0.6,0
2019-03-30 17:00:00,378,3.4,0.7,0
2019-03-30 18:00:00,372,3.2,-0.2,0
2019-03-30 19:00:00,372,3.3,-0.1,0
2019-03-30 20:00:00,370,3.2,-0.2,0
2019-03-30 21:00:00,372,3.7,-0.2,0
2019-03-30 22:00:00,377,4.6,0.3,0
2019-03-30 23:00:00,379,5.8,-0.1,0
2019-03-31 00:00:00,379,8.6,0.4,13
2019-03-31 01:00:00,377,12.1,0.3,13
2019-03-31 02:00:00,381,13.5,-4.2,13
2019-03-31 03:00:00,387,9.1,-3.2,13
2019-03-31 04:00:00,390,9.1,-1.8,13
2019-03-31 05:00:00,389,9.7,2.1,13
2019-03-31 06:00:00,392,9.4,-2.3,13
2019-03-31 07:00:00,394,9.1,-0.3,13
2019-03-31 08:00:00,394,9.8,0.6,13
2019-03-31 09:00:00,394,9.7,4.3,13
2019-03-31 10:00:00,386,9.2,3.6,13
2019-03-31 11:00:00,388,8.6,2.2,13
2019-03-31 12:00:00,401,8.6,-3.9,13
2019-03-31 13:00:00,391,7.5,-2.2,13
2019-03-31 14:00:00,400,6.8,-1.8,13
2019-03-31 15:00:00,404,6.7,-0.2,13
2019-03-31 16:00:00,406,6.6,0.6,13
2019-03-31 17:00:00,414,6.1,1.0,13
2019-03-31 18:00:00,419,5.9,-1.2,13
2019-03-31 19:00:00,412,5.6,-0.4,13
2019-03-31 20:00:00,410,4.9,1.4,13
2019-03-31 21:00:00,405,5.4,1.2,13
2019-03-31 22:00:00,384,3.4,1.2,13
2019-03-31 23:00:00,382,3.0,0.2,13
2019-04-01 00:00:00,401,4.7,-0.3,14
2019-04-01 01:00:00,401,5.1,-1.2,14
2019-04-01 02:00:00,395,4.4,0.2,14
2019-04-01 03:00:00,393,4.8,0.4,14
2019-04-01 04:00:00,397,6.8,0.1,14
2019-04-01 05:00:00,395,6.6,-2.3,14
2019-04-01 06:00:00,393,6.9,-1.7,14
2019-04-01 07:00:00,410,7.4,-2.9,14
2019-04-01 08:00:00,421,7.9,-0.5,14
2019-04-01 09:00:00,409,6.7,-3.3,14
2019-04-01 10:00:00,411,6.9,-3.1,14
2019-04-01 11:00:00,397,7.9,-0.2,14
2019-04-01 12:00:00,400,6.4,-0.5,14
2019-04-01 13:00:00,407,6.7,-3.1,14
2019-04-01 14:00:00,396,6.3,-1.7,14
2019-04-01 15:00:00,391,4.8,-1.2,14
2019-04-01 16:00:00,381,3.9,-1.2,14
2019-04-01 17:00:00,374,4.1,0.0,14
2019-04-01 18:00:00,378,4.6,1.0,14
2019-04-01 19:00:00,378,3.8,1.5,14
2019-04-01 20:00:00,372,4.2,0.7,14
2019-04-01 21:00:00,370,4.4,1.4,14
2019-04-01 22:00:00,368,4.2,1.8,14
2019-04-01 23:00:00,377,3.9,2.1,14
2019-04-02 00:00:00,379,3.5,0.0,17
2019-04-02 01:00:00,377,3.1,0.9,17
2019-04-02 02:00:00,374,3.0,2.1,17
2019-04-02 03:00:00,370,3.2,1.6,17
2019-04-02 04:00:00,368,3.0,1.5,17
2019-04-02 05:00:00,368,2.5,0.7,17
2019-04-02 06:00:00,366,1.7,0.6,17
2019-04-02 07:00:00,372,1.9,1.4,17
2019-04-02 08:00:00,368,1.8,1.5,17
2019-04-02 09:00:00,365,1.7,0.9,17
2019-04-02 10:00:00,358,1.6,0.6,17
2019-04-02 11:00:00,363,1.6,-1.2,17
2019-04-02 12:00:00,358,1.6,0.4,17
2019-04-02 13:00:00,365,1.8,-1.0,17
2019-04-02 14:00:00,362,1.0,-1.1,17
2019-04-02 15:00:00,374,1.6,1.0,17
2019-04-02 16:00:00,357,1.8,-0.2,17
2019-04-02 17:00:00,369,4.0,0.0,17
2019-04-02 18:00:00,373,5.0,0.4,17
2019-04-02 19:00:00,379,6.7,-2.9,17
2019-04-02 20:00:00,376,7.9,-2.5,17
2019-04-02 21:00:00,386,7.1,5.2,17
2019-04-02 22:00:00,381,6.8,2.4,17
2019-04-02 23:00:00,380,6.9,-1.0,17
2019-04-03 00:00:00,383,7.6,0.1,19
2019-04-03 01:00:00,395,8.7,-1.7,19
2019-04-03 02:00:00,400,7.9,-2.9,19
2019-04-03 03:00:00,398,7.8,-1.1,19
2019-04-03 04:00:00,389,6.7,-2.1,19
2019-04-03 05:00:00,381,4.7,0.7,19
2019-04-03 06:00:00,402,7.3,-2.7,19
2019-04-03 07:00:00,403,7.0,-2.3,19
2019-04-03 08:00:00,393,6.6,-3.5,19
2019-04-03 09:00:00,391,5.7,-3.8,19
2019-04-03 10:00:00,386,4.1,-4.8,19
2019-04-03 11:00:00,358,5.6,-3.7,19
2019-04-03 12:00:00,391,5.9,-3.2,19
2019-04-03 13:00:00,390,6.4,-2.3,19
2019-04-03 14:00:00,374,5.8,-0.3,19
2019-04-03 15:00:00,386,6.4,0.2,19
2019-04-03 16:00:00,358,4.8,1.7,19
2019-04-03 17:00:00,370,4.7,1.5,19
2019-04-03 18:00:00,374,5.4,1.9,19
2019-04-03 19:00:00,389,6.4,3.1,19
2019-04-03 20:00:00,413,6.9,-1.4,19
2019-04-03 21:00:00,396,7.2,-4.5,19
2019-04-03 22:00:00,386,7.3,0.0,19
2019-04-03 23:00:00,434,6.6,2.8,19
2019-04-04 00:00:00,469,3.0,0.5,11
2019-04-04 01:00:00,444,1.9,-0.2,11
2019-04-04 02:00:00,424,2.4,-0.7,11
2019-04-04 03:00:00,388,3.0,-1.5,11
2019-04-04 04:00:00,374,3.7,-2.3,11
2019-04-04 05:00:00,365,3.7,-1.5,11
2019-04-04 06:00:00,379,4.7,0.1,11
2019-04-04 07:00:00,386,5.4,0.3,11
2019-04-04 08:00:00,399,7.8,0.5,11
2019-04-04 09:00:00,413,8.9,-1.8,11
2019-04-04 10:00:00,433,7.3,-4.6,11
2019-04-04 11:00:00,410,7.4,-1.3,11
2019-04-04 12:00:00,403,6.8,2.3,11
2019-04-04 13:00:00,423,5.4,4.7,11
2019-04-04 14:00:00,482,5.2,3.1,11
2019-04-04 15:00:00,498,7.0,-3.1,11
2019-04-04 16:00:00,482,6.5,-2.9,11
2019-04-04 17:00:00,484,6.4,1.3,11
2019-04-04 18:00:00,475,5.6,3.1,11
2019-04-04 19:00:00,473,4.2,1.0,11
2019-04-04 20:00:00,475,2.6,-0.7,11
2019-04-04 21:00:00,481,2.8,-1.2,11
2019-04-04 22:00:00,471,2.3,-0.3,11
2019-04-04 23:00:00,471,2.3,1.8,11
2019-04-05 00:00:00,473,2.0,2.1,5
2019-04-05 01:00:00,473,2.4,1.7,5
2019-04-05 02:00:00,491,3.7,-1.4,5
2019-04-05 03:00:00,491,4.3,-0.5,5
2019-04-05 04:00:00,459,3.8,-0.3,5
2019-04-05 05:00:00,441,3.1,-0.1,5
2019-04-05 06:00:00,457,3.7,-2.0,5
2019-04-05 07:00:00,484,4.1,0.3,5
2019-04-05 08:00:00,489,3.3,0.4,5
2019-04-05 09:00:00,477,2.8,1.3,5
2019-04-05 10:00:00,492,2.6,-0.8,5
2019-04-05 11:00:00,494,2.6,1.7,5
2019-04-05 12:00:00,503,3.1,-0.3,5
2019-04-05 13:00:00,508,2.9,-2.1,5
2019-04-05 14:00:00,514,2.9,-0.8,5
2019-04-05 15:00:00,485,2.3,0.5,5
2019-04-05 16:00:00,492,2.2,0.2,5
2019-04-05 17:00:00,487,2.3,0.6,5
2019-04-05 18:00:00,506,2.5,-0.8,5
2019-04-05 19:00:00,519,3.6,-0.7,5
2019-04-05 20:00:00,510,3.2,-1.1,5
2019-04-05 21:00:00,498,2.7,0.9,5
2019-04-05 22:00:00,523,4.1,0.2,5
2019-04-05 23:00:00,521,3.9,-1.0,5
2019-04-06 00:00:00,521,3.8,0.2,0
2019-04-06 01:00:00,517,3.5,0.2,0
2019-04-06 02:00:00,527,3.3,-0.9,0
2019-04-06 03:00:00,526,2.9,-0.2,0
2019-04-06 04:00:00,516,2.8,-1.1,0
2019-04-06 05:00:00,517,2.2,1.1,0
2019-04-06 06:00:00,482,2.2,0.0,0
2019-04-06 07:00:00,469,1.8,0.9,0
2019-04-06 08:00:00,474,2.1,0.9,0
2019-04-06 09:00:00,499,2.2,-1.7,0
2019-04-06 10:00:00,476,2.0,-0.9,0
2019-04-06 11:00:00,463,1.9,-0.7,0
2019-04-06 12:00:00,462,1.6,0.5,0
2019-04-06 13:00:00,456,1.5,0.5,0
2019-04-06 14:00:00,446,1.5,0.5,0
2019-04-06 15:00:00,455,1.6,0.3,0
2019-04-06 16:00:00,445,1.5,0.3,0
2019-04-06 17:00:00,442,1.2,-0.8,0
2019-04-06 18:00:00,444,1.4,-1.4,0
2019-04-06 19:00:00,444,1.6,-1.3,0
2019-04-06 20:00:00,442,1.6,-1.0,0
2019-04-06 21:00:00,415,1.2,-1.4,0
2019-04-06 22:00:00,422,1.7,-1.4,0
2019-04-06 23:00:00,418,2.1,-1.1,0
2019-04-07 00:00:00,414,1.8,0.1,11
2019-04-07 01:00:00,415,1.7,0.9,11
2019-04-07 02:00:00,406,1.7,1.1,11
2019-04-07 03:00:00,423,1.8,-0.6,11
2019-04-07 04:00:00,434,1.8,-1.1,11
2019-04-07 05:00:00,434,2.2,-1.0,11
2019-04-07 06:00:00,428,2.3,0.2,11
2019-04-07 07:00:00,411,1.9,1.2,11
2019-04-07 08:00:00,410,2.1,0.4,11
2019-04-07 09:00:00,405,1.9,-0.7,11
2019-04-07 10:00:00,407,1.8,-1.0,11
2019-04-07 11:00:00,408,2.0,-1.5,11
2019-04-07 12:00:00,399,2.3,-1.7,11
2019-04-07 13:00:00,390,2.3,-0.8,11
2019-04-07 14:00:00,385,2.4,-0.1,11
2019-04-07 15:00:00,377,2.3,2.0,11
2019-04-07 16:00:00,372,2.3,1.9,11
2019-04-07 17:00:00,386,4.4,-1.5,11
2019-04-07 18:00:00,382,4.7,-2.5,11
2019-04-07 19:00:00,381,5.5,-2.0,11
2019-04-07 20:00:00,382,4.4,-1.3,11
2019-04-07 21:00:00,382,5.7,-1.9,11
2019-04-07 22:00:00,383,6.9,-2.1,11
2019-04-07 23:00:00,377,6.5,-1.5,11
2019-04-08 00:00:00,382,6.6,-1.5,12
2019-04-08 01:00:00,383,10.3,0.8,12
2019-04-08 02:00:00,387,10.4,0.6,12
2019-04-08 03:00:00,386,10.1,-0.9,12
2019-04-08 04:00:00,389,10.3,-3.6,12
2019-04-08 05:00:00,385,7.3,-3.1,12
2019-04-08 06:00:00,382,8.0,4.7,12
2019-04-08 07:00:00,415,7.7,4.5,12
2019-04-08 08:00:00,432,10.1,0.2,12
2019-04-08 09:00:00,437,8.9,0.1,12
2019-04-08 10:00:00,443,8.3,2.7,12
2019-04-08 11:00:00,440,6.5,6.5,12
2019-04-08 12:00:00,444,5.6,1.0,12
2019-04-08 13:00:00,458,5.4,-2.7,12
2019-04-08 14:00:00,458,6.4,-0.7,12
2019-04-08 15:00:00,453,5.4,-0.5,12
2019-04-08 16:00:00,438,5.2,-3.1,12
2019-04-08 17:00:00,430,5.4,-0.6,12
2019-04-08 18:00:00,440,5.2,-1.6,12
2019-04-08 19:00:00,436,4.0,-1.4,12
2019-04-08 20:00:00,433,3.8,-0.2,12
2019-04-08 21:00:00,421,3.2,1.2,12
2019-04-08 22:00:00,415,3.5,-1.0,12
2019-04-08 23:00:00,401,3.2,-1.3,12
2019-04-09 00:00:00,404,3.6,-1.1,12
2019-04-09 01:00:00,410,3.8,-1.0,12
2019-04-09 02:00:00,408,4.0,0.3,12
2019-04-09 03:00:00,408,4.2,1.5,12
2019-04-09 04:00:00,402,4.3,1.2,12
2019-04-09 05:00:00,380,3.5,-1.1,12
2019-04-09 06:00:00,396,3.8,0.7,12
2019-04-09 07:00:00,421,4.3,-2.2,12
2019-04-09 08:00:00,420,4.1,-1.1,12
2019-04-09 09:00:00,411,4.0,-0.7,12
2019-04-09 10:00:00,400,4.5,-0.7,12
2019-04-09 11:00:00,414,5.5,0.2,12
2019-04-09 12:00:00,419,5.8,0.9,12
2019-04-09 13:00:00,408,4.8,-2.3,12
2019-04-09 14:00:00,418,7.3,-1.0,12
2019-04-09 15:00:00,414,7.9,-2.5,12
2019-04-09 16:00:00,414,8.8,-1.6,12
2019-04-09 17:00:00,412,9.3,0.2,12
2019-04-09 18:00:00,409,9.7,1.6,12
2019-04-09 19:00:00,405,9.5,0.8,12
2019-04-09 20:00:00,402,9.9,0.6,12
2019-04-09 21:00:00,413,11.0,0.6,12
2019-04-09 22:00:00,414,9.8,3.2,12
2019-04-09 23:00:00,430,9.3,-0.4,12
2019-04-10 00:00:00,443,8.6,-2.6,13
2019-04-10 01:00:00,452,8.8,0.3,13
2019-04-10 02:00:00,458,7.8,-3.8,13
2019-04-10 03:00:00,454,7.1,-1.8,13
2019-04-10 04:00:00,438,6.5,-1.2,13
2019-04-10 05:00:00,433,6.3,0.4,13
2019-04-10 06:00:00,429,6.2,2.2,13
2019-04-10 07:00:00,422,5.9,4.3,13
2019-04-10 08:00:00,436,5.6,3.8,13
2019-04-10 09:00:00,447,5.7,2.6,13
2019-04-10 10:00:00,446,5.5,3.0,13
2019-04-10 11:00:00,456,5.7,2.4,13
2019-04-10 12:00:00,459,5.4,1.3,13
2019-04-10 13:00:00,456,5.5,0.5,13
2019-04-10 14:00:00,459,5.5,-2.1,13
2019-04-10 15:00:00,453,5.4,2.8,13
2019-04-10 16:00:00,452,5.2,2.6,13
2019-04-10 17:00:00,445,4.6,-1.8,13
2019-04-10 18:00:00,448,4.3,-2.5,13
2019-04-10 19:00:00,433,3.7,-0.2,13
2019-04-10 20:00:00,428,3.3,1.0,13
2019-04-10 21:00:00,432,3.2,1.8,13
2019-04-10 22:00:00,427,3.0,1.4,13
2019-04-10 23:00:00,420,2.6,0.4,13
2019-04-11 00:00:00,438,3.4,0.6,12
2019-04-11 01:00:00,426,2.6,2.0,12
2019-04-11 02:00:00,429,2.8,0.7,12
2019-04-11 03:00:00,427,2.9,-0.8,12
2019-04-11 04:00:00,432,3.0,1.7,12
2019-04-11 05:00:00,421,2.8,-0.7,12
2019-04-11 06:00:00,422,2.5,-0.9,12
2019-04-11 07:00:00,434,3.7,-1.3,12
2019-04-11 08:00:00,448,4.4,-2.1,12
2019-04-11 09:00:00,438,4.6,0.9,12
2019-04-11 10:00:00,438,4.6,0.2,12
2019-04-11 11:00:00,444,4.6,0.1,12
2019-04-11 12:00:00,416,3.8,-0.3,12
2019-04-11 13:00:00,422,4.2,-1.1,12
2019-04-11 14:00:00,417,3.9,-1.5,12
2019-04-11 15:00:00,404,2.9,-1.3,12
2019-04-11 16:00:00,407,3.6,-0.5,12
2019-04-11 17:00:00,399,2.9,-0.2,12
2019-04-11 18:00:00,401,3.2,1.1,12
2019-04-11 19:00:00,397,3.1,1.7,12
2019-04-11 20:00:00,395,2.8,1.6,12
2019-04-11 21:00:00,398,3.1,2.4,12
2019-04-11 22:00:00,400,2.7,1.8,12
2019-04-11 23:00:00,422,4.3,1.1,12
2019-04-12 00:00:00,431,4.9,-0.7,13
2019-04-12 01:00:00,417,3.3,-0.6,13
2019-04-12 02:00:00,426,3.4,-1.0,13
2019-04-12 03:00:00,403,2.5,0.7,13
2019-04-12 04:00:00,409,2.8,-0.6,13
2019-04-12 05:00:00,412,3.1,0.2,13
2019-04-12 06:00:00,416,2.9,0.1,13
2019-04-12 07:00:00,414,3.0,-1.0,13
2019-04-12 08:00:00,415,3.3,-1.9,13
2019-04-12 09:00:00,416,3.3,-2.5,13
2019-04-12 10:00:00,421,3.3,-1.4,13
2019-04-12 11:00:00,419,3.4,-2.1,13
2019-04-12 12:00:00,441,3.2,-3.2,13
2019-04-12 13:00:00,443,3.7,-2.7,13
2019-04-12 14:00:00,445,4.2,-2.6,13
2019-04-12 15:00:00,445,3.9,-1.8,13
2019-04-12 16:00:00,434,3.9,-1.5,13
2019-04-12 17:00:00,435,4.8,-2.0,13
2019-04-12 18:00:00,423,4.5,1.4,13
2019-04-12 19:00:00,417,4.5,1.6,13
2019-04-12 20:00:00,417,4.8,1.7,13
2019-04-12 21:00:00,420,4.8,2.0,13
2019-04-12 22:00:00,420,5.1,2.4,13
2019-04-12 23:00:00,422,5.3,0.1,13
2019-04-13 00:00:00,418,5.2,2.2,16
2019-04-13 01:00:00,429,6.0,0.8,16
2019-04-13 02:00:00,448,6.1,-1.9,16
2019-04-13 03:00:00,455,2.9,-2.2,16
2019-04-13 04:00:00,452,3.1,-0.9,16
2019-04-13 05:00:00,435,3.6,0.9,16
2019-04-13 06:00:00,441,4.3,-0.2,16
2019-04-13 07:00:00,436,3.4,0.7,16
2019-04-13 08:00:00,433,3.8,0.4,16
2019-04-13 09:00:00,432,3.1,-0.2,16
2019-04-13 10:00:00,426,3.9,0.4,16
2019-04-13 11:00:00,413,3.6,-0.4,16
2019-04-13 12:00:00,409,3.6,0.8,16
2019-04-13 13:00:00,409,4.1,0.0,16
2019-04-13 14:00:00,410,4.2,0.0,16
2019-04-13 15:00:00,407,4.0,1.4,16
2019-04-13 16:00:00,398,4.5,1.4,16
2019-04-13 17:00:00,398,4.7,-0.3,16
2019-04-13 18:00:00,395,5.0,-0.5,16
2019-04-13 19:00:00,388,5.0,-0.6,16
2019-04-13 20:00:00,391,5.0,-0.7,16
2019-04-13 21:00:00,392,4.7,-0.4,16
2019-04-13 22:00:00,394,4.8,-0.6,16
2019-04-13 23:00:00,388,4.6,-1.0,16
2019-04-14 00:00:00,384,4.5,-0.5,14
2019-04-14 01:00:00,378,4.5,-0.1,14
2019-04-14 02:00:00,369,4.5,-0.1,14
2019-04-14 03:00:00,369,4.5,0.7,14
2019-04-14 04:00:00,365,4.4,0.4,14
2019-04-14 05:00:00,366,4.5,0.8,14
2019-04-14 06:00:00,365,4.8,0.6,14
2019-04-14 07:00:00,359,4.6,0.0,14
2019-04-14 08:00:00,360,5.1,0.2,14
2019-04-14 09:00:00,368,6.0,0.8,14
2019-04-14 10:00:00,369,6.0,1.1,14
2019-04-14 11:00:00,369,6.5,0.5,14
2019-04-14 12:00:00,366,6.1,0.5,14
2019-04-14 13:00:00,365,6.2,-0.4,14
2019-04-14 14:00:00,363,6.2,-0.2,14
2019-04-14 15:00:00,355,6.4,0.6,14
2019-04-14 16:00:00,351,6.5,0.4,14
2019-04-14 17:00:00,349,6.7,-0.2,14
2019-04-14 18:00:00,339,6.7,-0.5,14
2019-04-14 19:00:00,324,6.5,-0.8,14
2019-04-14 20:00:00,314,6.8,-0.9,14
2019-04-14 21:00:00,310,7.0,-0.5,14
2019-04-14 22:00:00,309,6.8,0.2,14
2019-04-14 23:00:00,309,7.0,0.0,14
2019-04-15 00:00:00,319,6.5,-1.7,12
2019-04-15 01:00:00,319,8.4,-0.8,12
2019-04-15 02:00:00,316,8.8,-0.6,12
2019-04-15 03:00:00,322,10.3,-1.8,12
2019-04-15 04:00:00,326,12.9,-1.9,12
2019-04-15 05:00:00,326,15.0,-0.4,12
2019-04-15 06:00:00,339,13.6,3.0,12
2019-04-15 07:00:00,339,16.3,-0.4,12
2019-04-15 08:00:00,358,15.8,-1.5,12
2019-04-15 09:00:00,358,12.2,0.3,12
2019-04-15 10:00:00,352,14.7,2.2,12
2019-04-15 11:00:00,341,13.9,1.0,12
2019-04-15 12:00:00,345,14.1,1.1,12
2019-04-15 13:00:00,356,13.9,0.9,12
2019-04-15 14:00:00,353,15.4,1.0,12
2019-04-15 15:00:00,341,11.2,1.7,12
2019-04-15 16:00:00,349,9.4,-1.8,12
2019-04-15 17:00:00,347,8.6,-0.8,12
2019-04-15 18:00:00,345,9.6,-0.3,12
2019-04-15 19:00:00,348,10.5,-2.0,12
2019-04-15 20:00:00,352,11.1,-4.1,12
2019-04-15 21:00:00,345,11.4,-1.8,12
2019-04-15 22:00:00,336,10.1,0.3,12
2019-04-15 23:00:00,338,9.6,0.7,12
2019-04-16 00:00:00,350,10.1,1.0,11
2019-04-16 01:00:00,348,11.2,-0.3,11
2019-04-16 02:00:00,365,7.9,-0.2,11
2019-04-16 03:00:00,366,8.5,1.7,11
2019-04-16 04:00:00,362,8.9,1.3,11
2019-04-16 05:00:00,363,8.8,0.3,11
2019-04-16 06:00:00,376,9.1,-1.0,11
2019-04-16 07:00:00,372,8.7,-0.8,11
2019-04-16 08:00:00,376,9.8,1.3,11
2019-04-16 09:00:00,379,8.5,-0.9,11
2019-04-16 10:00:00,386,7.2,-2.2,11
2019-04-16 11:00:00,388,5.3,-2.3,11
2019-04-16 12:00:00,384,4.2,-2.3,11
2019-04-16 13:00:00,380,3.5,0.3,11
2019-04-16 14:00:00,379,3.5,-0.1,11
2019-04-16 15:00:00,367,3.8,2.0,11
2019-04-16 16:00:00,373,3.4,2.4,11
2019-04-16 17:00:00,370,3.4,1.5,11
2019-04-16 18:00:00,364,3.4,1.3,11
2019-04-16 19:00:00,360,3.5,-1.4,11
2019-04-16 20:00:00,363,3.3,-1.4,11
2019-04-16 21:00:00,363,3.5,1.0,11
2019-04-16 22:00:00,361,3.6,1.2,11
2019-04-16 23:00:00,351,3.9,0.8,11
2019-04-17 00:00:00,348,3.8,-0.3,16
2019-04-17 01:00:00,355,3.7,-0.4,16
2019-04-17 02:00:00,359,3.8,-0.9,16
2019-04-17 03:00:00,352,4.2,-0.7,16
2019-04-17 04:00:00,353,4.5,-0.4,16
2019-04-17 05:00:00,350,4.5,0.3,16
2019-04-17 06:00:00,352,4.4,-0.2,16
2019-04-17 07:00:00,354,4.9,0.2,16
2019-04-17 08:00:00,351,5.2,0.2,16
2019-04-17 09:00:00,348,5.3,0.0,16
2019-04-17 10:00:00,345,5.5,0.6,16
2019-04-17 11:00:00,340,5.3,0.6,16
2019-04-17 12:00:00,338,5.2,1.4,16
2019-04-17 13:00:00,335,5.1,0.5,16
2019-04-17 14:00:00,337,5.5,-0.3,16
2019-04-17 15:00:00,329,5.2,-1.1,16
2019-04-17 16:00:00,334,5.4,-1.9,16
2019-04-17 17:00:00,328,4.9,-1.4,16
2019-04-17 18:00:00,327,4.9,0.0,16
2019-04-17 19:00:00,337,5.7,-2.6,16
2019-04-17 20:00:00,328,5.7,-1.9,16
2019-04-17 21:00:00,329,8.1,1.3,16
2019-04-17 22:00:00,332,8.2,2.4,16
2019-04-17 23:00:00,333,8.7,2.7,16
2019-04-18 00:00:00,330,8.7,2.7,24
2019-04-18 01:00:00,326,7.7,2.7,24
2019-04-18 02:00:00,324,7.0,2.6,24
2019-04-18 03:00:00,320,7.1,2.3,24
2019-04-18 04:00:00,320,6.3,2.3,24
2019-04-18 05:00:00,319,6.3,2.5,24
2019-04-18 06:00:00,314,4.9,2.1,24
2019-04-18 07:00:00,309,4.2,2.1,24
2019-04-18 08:00:00,314,5.8,2.5,24
2019-04-18 09:00:00,305,4.1,1.8,24
2019-04-18 10:00:00,298,4.4,0.4,24
2019-04-18 11:00:00,300,5.3,0.1,24
2019-04-18 12:00:00,300,5.2,1.6,24
2019-04-18 13:00:00,305,7.3,1.4,24
2019-04-18 14:00:00,301,6.4,2.3,24
2019-04-18 15:00:00,299,,1.9,24
2019-04-18 16:00:00,277,,1.0,24
2019-04-18 17:00:00,279,3.7,0.5,24
2019-04-18 18:00:00,280,4.2,-0.3,24
2019-04-18 19:00:00,291,5.1,-2.0,24
2019-04-18 20:00:00,295,6.4,-0.5,24
2019-04-18 21:00:00,306,8.9,1.5,24
2019-04-18 22:00:00,305,8.8,1.2,24
2019-04-18 23:00:00,306,9.4,1.5,24
2019-04-19 00:00:00,309,9.6,1.5,24
2019-04-19 01:00:00,313,9.5,0.7,24
2019-04-19 02:00:00,319,9.3,1.2,24
2019-04-19 03:00:00,320,10.6,0.5,24
2019-04-19 04:00:00,314,10.8,0.4,24
2019-04-19 05:00:00,307,10.2,-0.3,24
2019-04-19 06:00:00,311,10.1,-1.7,24
2019-04-19 07:00:00,325,9.3,1.1,24
2019-04-19 08:00:00,322,9.3,1.9,24
2019-04-19 09:00:00,321,6.7,3.4,24
2019-04-19 10:00:00,320,9.8,-0.6,24
2019-04-19 11:00:00,327,10.0,-4.5,24
2019-04-19 12:00:00,332,8.0,-3.6,24
2019-04-19 13:00:00,338,7.9,-0.8,24
2019-04-19 14:00:00,332,8.4,1.1,24
2019-04-19 15:00:00,333,11.0,-0.4,24
2019-04-19 16:00:00,328,11.9,0.9,24
2019-04-19 17:00:00,334,10.6,-3.1,24
2019-04-19 18:00:00,336,9.4,-0.5,24
2019-04-19 19:00:00,330,11.0,2.2,24
2019-04-19 20:00:00,329,12.6,3.4,24
2019-04-19 21:00:00,328,9.4,3.6,24
2019-04-19 22:00:00,330,9.7,-3.9,24
2019-04-19 23:00:00,330,11.2,0.8,24
2019-04-20 00:00:00,335,9.9,-2.9,11
2019-04-20 01:00:00,331,11.7,0.6,11
2019-04-20 02:00:00,328,11.5,-0.9,11
2019-04-20 03:00:00,327,11.7,-0.2,11
2019-04-20 04:00:00,324,10.6,-1.1,11
2019-04-20 05:00:00,319,9.3,-0.7,11
2019-04-20 06:00:00,312,8.6,0.3,11
2019-04-20 07:00:00,324,8.0,-0.2,11
2019-04-20 08:00:00,339,7.0,2.5,11
2019-04-20 09:00:00,324,6.5,3.8,11
2019-04-20 10:00:00,318,6.1,-0.2,11
2019-04-20 11:00:00,327,5.8,0.2,11
2019-04-20 12:00:00,331,5.9,0.9,11
2019-04-20 13:00:00,328,8.6,2.9,11
2019-04-20 14:00:00,335,8.8,3.7,11
2019-04-20 15:00:00,341,7.2,-1.1,11
2019-04-20 16:00:00,347,6.1,1.7,11
2019-04-20 17:00:00,336,5.9,2.5,11
2019-04-20 18:00:00,335,5.3,-1.3,11
2019-04-20 19:00:00,335,5.4,-3.5,11
2019-04-20 20:00:00,328,5.1,-0.7,11
2019-04-20 21:00:00,333,5.4,-2.3,11
2019-04-20 22:00:00,335,5.2,-3.7,11
2019-04-20 23:00:00,329,5.2,-0.4,11
2019-04-21 00:00:00,331,5.1,-2.0,5
2019-04-21 01:00:00,323,4.4,-1.3,5
2019-04-21 02:00:00,336,5.1,-2.4,5
2019-04-21 03:00:00,332,5.1,-1.1,5
2019-04-21 04:00:00,326,4.6,-1.1,5
2019-04-21 05:00:00,328,4.8,-0.6,5
2019-04-21 06:00:00,335,5.1,-0.9,5
2019-04-21 07:00:00,330,5.6,-2.2,5
2019-04-21 08:00:00,333,6.9,-2.0,5
2019-04-21 09:00:00,329,7.0,-1.8,5
2019-04-21 10:00:00,335,7.3,-1.7,5
2019-04-21 11:00:00,339,7.3,-1.5,5
2019-04-21 12:00:00,332,6.6,-1.2,5
2019-04-21 13:00:00,326,6.5,1.2,5
2019-04-21 14:00:00,333,7.3,2.0,5
2019-04-21 15:00:00,338,7.5,2.6,5
2019-04-21 16:00:00,339,7.3,2.7,5
2019-04-21 17:00:00,340,6.9,3.5,5
2019-04-21 18:00:00,337,7.5,0.9,5
2019-04-21 19:00:00,336,7.2,-1.5,5
2019-04-21 20:00:00,331,6.3,-1.6,5
2019-04-21 21:00:00,346,6.9,-1.1,5
2019-04-21 22:00:00,351,7.1,-2.4,5
2019-04-21 23:00:00,343,6.9,-0.1,5
2019-04-22 00:00:00,341,6.2,2.7,0
2019-04-22 01:00:00,349,5.9,3.8,0
2019-04-22 02:00:00,344,6.0,3.6,0
2019-04-22 03:00:00,347,4.6,1.5,0
2019-04-22 04:00:00,340,4.1,1.5,0
2019-04-22 05:00:00,339,4.8,1.0,0
2019-04-22 06:00:00,350,5.8,-2.6,0
2019-04-22 07:00:00,353,5.9,-2.0,0
2019-04-22 08:00:00,355,5.6,1.7,0
2019-04-22 09:00:00,353,5.2,0.7,0
2019-04-22 10:00:00,360,5.7,0.6,0
2019-04-22 11:00:00,383,6.4,-0.9,0
2019-04-22 12:00:00,393,6.1,-0.2,0
2019-04-22 13:00:00,382,5.9,0.4,0
2019-04-22 14:00:00,386,6.0,0.6,0
2019-04-22 15:00:00,380,5.7,2.0,0
2019-04-22 16:00:00,384,5.7,1.5,0
2019-04-22 17:00:00,384,5.8,3.1,0
2019-04-22 18:00:00,377,6.0,-0.7,0
2019-04-22 19:00:00,374,5.8,1.1,0
2019-04-22 20:00:00,369,5.5,-1.3,0
2019-04-22 21:00:00,369,5.4,-0.5,0
2019-04-22 22:00:00,361,5.3,0.2,0
2019-04-22 23:00:00,363,5.4,0.5,0
2019-04-23 00:00:00,361,5.5,1.2,0
2019-04-23 01:00:00,348,4.6,0.3,0
2019-04-23 02:00:00,340,3.8,0.8,0
2019-04-23 03:00:00,351,4.7,1.2,0
2019-04-23 04:00:00,368,5.8,1.8,0
2019-04-23 05:00:00,378,6.1,0.3,0
2019-04-23 06:00:00,378,6.0,0.3,0
2019-04-23 07:00:00,381,5.7,-0.2,0
2019-04-23 08:00:00,377,6.0,-1.7,0
2019-04-23 09:00:00,361,7.0,-0.6,0
2019-04-23 10:00:00,358,6.3,1.4,0
2019-04-23 11:00:00,352,5.2,0.2,0
2019-04-23 12:00:00,341,4.7,-1.8,0
2019-04-23 13:00:00,348,4.6,-2.9,0
2019-04-23 14:00:00,352,5.7,-3.6,0
2019-04-23 15:00:00,356,6.5,-1.7,0
2019-04-23 16:00:00,363,8.3,-0.2,0
2019-04-23 17:00:00,364,10.5,-2.5,0
2019-04-23 18:00:00,377,16.6,-1.9,0
2019-04-23 19:00:00,378,17.9,-5.7,0
2019-04-23 20:00:00,377,10.9,-0.7,0
2019-04-23 21:00:00,371,8.1,4.5,0
2019-04-23 22:00:00,378,8.7,-1.4,0
2019-04-23 23:00:00,390,8.6,-2.2,0
2019-04-24 00:00:00,403,7.4,-1.6,0
2019-04-24 01:00:00,414,7.3,-1.1,0
2019-04-24 02:00:00,424,6.4,-1.8,0
2019-04-24 03:00:00,425,5.5,-2.8,0
2019-04-24 04:00:00,415,4.9,-1.4,0
2019-04-24 05:00:00,413,4.7,-0.9,0
2019-04-24 06:00:00,409,4.6,-0.9,0
2019-04-24 07:00:00,409,4.9,-1.6,0
2019-04-24 08:00:00,409,5.5,-0.8,0
2019-04-24 09:00:00,406,5.7,-0.4,0
2019-04-24 10:00:00,405,6.4,-1.7,0
2019-04-24 11:00:00,405,6.1,-2.0,0
2019-04-24 12:00:00,404,6.0,-2.1,0
2019-04-24 13:00:00,401,5.8,-1.1,0
2019-04-24 14:00:00,396,5.8,0.1,0
2019-04-24 15:00:00,374,5.8,-3.5,0
2019-04-24 16:00:00,374,5.5,-0.7,0
2019-04-24 17:00:00,369,4.6,-1.2,0
2019-04-24 18:00:00,366,5.3,-0.5,0
2019-04-24 19:00:00,359,3.9,-0.7,0
2019-04-24 20:00:00,360,6.5,-0.8,0
2019-04-24 21:00:00,361,8.2,-1.5,0
2019-04-24 22:00:00,362,9.2,-1.1,0
2019-04-24 23:00:00,361,11.0,-0.1,0
2019-04-25 00:00:00,357,13.6,0.9,0
2019-04-25 01:00:00,364,14.8,1.1,0
2019-04-25 02:00:00,364,10.0,0.6,0
2019-04-25 03:00:00,361,9.7,1.7,0
2019-04-25 04:00:00,369,10.3,2.6,0
2019-04-25 05:00:00,390,8.1,0.3,0
2019-04-25 06:00:00,410,6.3,0.6,0
2019-04-25 07:00:00,401,6.0,2.4,0
2019-04-25 08:00:00,403,6.9,1.5,0
2019-04-25 09:00:00,410,7.6,-1.0,0
2019-04-25 10:00:00,417,8.0,-0.5,0
2019-04-25 11:00:00,416,7.8,-2.9,0
2019-04-25 12:00:00,416,7.1,-0.6,0
2019-04-25 13:00:00,401,6.6,2.2,0
2019-04-25 14:00:00,389,4.8,1.2,0
2019-04-25 15:00:00,400,4.5,1.3,0
2019-04-25 16:00:00,398,4.6,0.7,0
2019-04-25 17:00:00,404,4.3,0.3,0
2019-04-25 18:00:00,418,5.6,-0.5,0
2019-04-25 19:00:00,415,5.8,-0.4,0
2019-04-25 20:00:00,407,5.9,-0.9,0
2019-04-25 21:00:00,401,6.3,-1.9,0
2019-04-25 22:00:00,407,5.3,0.2,0
2019-04-25 23:00:00,405,5.2,0.3,0
2019-04-26 00:00:00,384,3.1,0.5,0
2019-04-26 01:00:00,392,2.6,1.6,0
2019-04-26 02:00:00,378,2.5,0.2,0
2019-04-26 03:00:00,381,2.7,0.8,0
2019-04-26 04:00:00,388,3.1,1.2,0
2019-04-26 05:00:00,389,2.7,1.3,0
2019-04-26 06:00:00,395,2.9,0.2,0
2019-04-26 07:00:00,394,3.1,0.2,0
2019-04-26 08:00:00,394,2.7,-0.8,0
2019-04-26 09:00:00,389,2.2,-1.3,0
2019-04-26 10:00:00,390,2.4,-1.2,0
2019-04-26 11:00:00,385,3.4,-0.6,0
2019-04-26 12:00:00,386,3.5,-1.0,0
2019-04-26 13:00:00,372,3.3,-1.8,0
2019-04-26 14:00:00,369,3.6,-1.1,0
2019-04-26 15:00:00,362,5.1,-1.3,0
2019-04-26 16:00:00,368,5.7,-1.0,0
2019-04-26 17:00:00,381,5.8,-0.8,0
2019-04-26 18:00:00,365,7.2,0.4,0
2019-04-26 19:00:00,361,7.9,-0.4,0
2019-04-26 20:00:00,358,5.8,-1.0,0
2019-04-26 21:00:00,355,7.4,-2.6,0
2019-04-26 22:00:00,357,9.5,-0.5,0
2019-04-26 23:00:00,356,10.1,-2.4,0
2019-04-27 00:00:00,351,10.0,-0.7,0
2019-04-27 01:00:00,347,9.0,0.5,0
2019-04-27 02:00:00,351,3.4,1.1,0
2019-04-27 03:00:00,346,3.1,0.9,0
2019-04-27 04:00:00,346,3.0,0.1,0
2019-04-27 05:00:00,346,3.5,-0.5,0
2019-04-27 06:00:00,347,3.7,-0.7,0
2019-04-27 07:00:00,366,5.9,-2.1,0
2019-04-27 08:00:00,381,6.3,-2.8,0
2019-04-27 09:00:00,374,7.0,-2.8,0
2019-04-27 10:00:00,373,6.6,-2.4,0
2019-04-27 11:00:00,370,6.0,0.4,0
2019-04-27 12:00:00,368,6.7,0.0,0
2019-04-27 13:00:00,366,5.6,-1.0,0
2019-04-27 14:00:00,368,6.3,-0.3,0
2019-04-27 15:00:00,370,6.7,-0.4,0
2019-04-27 16:00:00,364,6.6,-0.6,0
2019-04-27 17:00:00,358,6.2,-0.1,0
2019-04-27 18:00:00,361,7.6,-1.6,0
2019-04-27 19:00:00,363,5.6,-0.8,0
2019-04-27 20:00:00,360,5.9,-1.0,0
2019-04-27 21:00:00,365,5.1,0.2,0
2019-04-27 22:00:00,373,7.5,-0.7,0
2019-04-27 23:00:00,370,8.0,0.8,0
2019-04-28 00:00:00,366,7.8,-0.2,0
2019-04-28 01:00:00,368,7.7,-0.1,0
2019-04-28 02:00:00,366,6.8,-1.2,0
2019-04-28 03:00:00,364,6.4,-1.6,0
2019-04-28 04:00:00,359,7.4,-1.1,0
2019-04-28 05:00:00,350,8.7,-0.1,0
2019-04-28 06:00:00,348,8.7,-0.3,0
2019-04-28 07:00:00,350,9.9,-0.6,0
2019-04-28 08:00:00,358,9.4,-0.6,0
2019-04-28 09:00:00,357,9.1,-0.1,0
2019-04-28 10:00:00,358,9.2,2.1,0
2019-04-28 11:00:00,360,8.9,1.2,0
2019-04-28 12:00:00,358,9.2,0.9,0
2019-04-28 13:00:00,361,10.4,0.1,0
2019-04-28 14:00:00,363,11.9,-1.0,0
2019-04-28 15:00:00,357,11.2,-0.3,0
2019-04-28 16:00:00,364,10.8,-1.6,0
2019-04-28 17:00:00,363,11.1,-1.7,0
2019-04-28 18:00:00,371,11.1,-2.1,0
2019-04-28 19:00:00,375,11.4,-1.4,0
2019-04-28 20:00:00,371,8.0,0.4,0
2019-04-28 21:00:00,371,5.6,-2.0,0
2019-04-28 22:00:00,376,6.4,-0.3,0
2019-04-28 23:00:00,376,6.1,1.2,0
2019-04-29 00:00:00,377,6.7,0.5,0
2019-04-29 01:00:00,390,7.3,-1.2,0
2019-04-29 02:00:00,378,7.0,-0.6,0
2019-04-29 03:00:00,374,7.0,-0.7,0
2019-04-29 04:00:00,369,6.6,0.9,0
2019-04-29 05:00:00,368,6.1,0.0,0
2019-04-29 06:00:00,364,5.3,-0.4,0
2019-04-29 07:00:00,361,4.7,1.2,0
2019-04-29 08:00:00,364,4.8,0.4,0
2019-04-29 09:00:00,374,5.7,-1.0,0
2019-04-29 10:00:00,374,5.6,-1.2,0
2019-04-29 11:00:00,367,5.3,2.1,0
2019-04-29 12:00:00,371,5.1,-1.1,0
2019-04-29 13:00:00,378,5.3,-1.1,0
2019-04-29 14:00:00,374,5.8,-2.7,0
2019-04-29 15:00:00,365,6.0,-1.4,0
2019-04-29 16:00:00,360,5.8,-0.3,0
2019-04-29 17:00:00,355,4.8,0.1,0
2019-04-29 18:00:00,345,4.1,0.7,0
2019-04-29 19:00:00,342,3.7,-0.1,0
2019-04-29 20:00:00,341,4.0,-1.1,0
2019-04-29 21:00:00,340,3.9,-0.9,0
2019-04-29 22:00:00,341,4.6,-0.2,0
2019-04-29 23:00:00,328,3.4,-1.8,0
2019-04-30 00:00:00,323,2.7,-2.5,0
2019-04-30 01:00:00,323,3.2,-2.3,0
2019-04-30 02:00:00,326,3.8,-1.5,0
2019-04-30 03:00:00,324,4.1,-2.1,0
2019-04-30 04:00:00,322,4.4,-2.5,0
2019-04-30 05:00:00,317,4.6,-1.3,0
2019-04-30 06:00:00,314,5.0,-0.4,0
2019-04-30 07:00:00,304,4.9,0.0,0
2019-04-30 08:00:00,303,5.0,1.2,0
2019-04-30 09:00:00,305,4.9,-0.4,0
2019-04-30 10:00:00,302,4.8,-0.6,0
2019-04-30 11:00:00,308,5.9,0.0,0
2019-04-30 12:00:00,318,7.9,-2.0,0
2019-04-30 13:00:00,325,8.2,-3.2,0
2019-04-30 14:00:00,318,8.8,-2.3,0
2019-04-30 15:00:00,317,8.8,-0.4,0
2019-04-30 16:00:00,313,8.9,0.2,0
2019-04-30 17:00:00,317,9.4,1.2,0
2019-04-30 18:00:00,321,6.7,-0.4,0
2019-04-30 19:00:00,320,7.6,-0.6,0
2019-04-30 20:00:00,319,8.4,-0.6,0
2019-04-30 21:00:00,318,8.1,2.1,0
2019-04-30 22:00:00,312,8.4,2.2,0
2019-04-30 23:00:00,314,8.9,1.9,0
2019-05-01 00:00:00,311,9.4,2.2,0
2019-05-01 01:00:00,306,8.5,-1.8,0
2019-05-01 02:00:00,310,7.9,-0.9,0
2019-05-01 03:00:00,314,7.2,-2.0,0
2019-05-01 04:00:00,334,7.4,0.3,0
2019-05-01 05:00:00,336,7.1,0.8,0
2019-05-01 06:00:00,323,5.3,-0.8,0
2019-05-01 07:00:00,337,8.2,-0.1,0
2019-05-01 08:00:00,338,8.2,-3.5,0
2019-05-01 09:00:00,331,8.5,-2.5,0
2019-05-01 10:00:00,328,8.2,-0.8,0
2019-05-01 11:00:00,346,9.6,-0.1,0
2019-05-01 12:00:00,354,13.4,2.5,0
2019-05-01 13:00:00,336,7.3,-0.4,0
2019-05-01 14:00:00,347,5.4,-0.4,0
2019-05-01 15:00:00,373,8.6,-1.8,0
2019-05-01 16:00:00,381,10.7,4.0,0
2019-05-01 17:00:00,397,10.1,-3.9,0
2019-05-01 18:00:00,414,11.9,-4.0,0
2019-05-01 19:00:00,426,7.2,-4.0,0
2019-05-01 20:00:00,454,5.1,-2.2,0
2019-05-01 21:00:00,472,6.2,1.5,0
2019-05-01 22:00:00,475,6.1,-2.7,0
2019-05-01 23:00:00,476,6.4,-0.4,0
2019-05-02 00:00:00,495,6.6,0.9,0
2019-05-02 01:00:00,484,5.1,-0.9,0
2019-05-02 02:00:00,493,4.2,-1.3,0
2019-05-02 03:00:00,512,4.1,-1.0,0
2019-05-02 04:00:00,554,3.0,-0.7,0
2019-05-02 05:00:00,560,2.3,1.4,0
2019-05-02 06:00:00,550,1.6,0.3,0
2019-05-02 07:00:00,557,1.7,-0.2,0
2019-05-02 08:00:00,569,2.2,-1.3,0
2019-05-02 09:00:00,569,2.2,-1.3,0
2019-05-02 10:00:00,550,1.9,-0.8,0
2019-05-02 11:00:00,553,2.4,-0.1,0
2019-05-02 12:00:00,539,2.2,-0.1,0
2019-05-02 13:00:00,539,2.1,-0.8,0
2019-05-02 14:00:00,525,1.7,-0.7,0
2019-05-02 15:00:00,514,1.5,1.0,0
2019-05-02 16:00:00,551,2.3,1.4,0
2019-05-02 17:00:00,536,1.9,-1.7,0
2019-05-02 18:00:00,498,1.5,0.0,0
2019-05-02 19:00:00,515,2.3,1.5,0
2019-05-02 20:00:00,509,2.7,1.3,0
2019-05-02 21:00:00,501,2.9,0.7,0
2019-05-02 22:00:00,483,2.8,0.0,0
2019-05-02 23:00:00,478,3.3,0.5,0
2019-05-03 00:00:00,466,3.3,-0.5,0
2019-05-03 01:00:00,466,3.2,-3.0,0
2019-05-03 02:00:00,452,2.3,-2.5,0
2019-05-03 03:00:00,441,2.5,-1.9,0
2019-05-03 04:00:00,438,2.8,-0.8,0
2019-05-03 05:00:00,431,2.3,-0.2,0
2019-05-03 06:00:00,446,2.5,0.0,0
2019-05-03 07:00:00,444,2.4,-1.4,0
2019-05-03 08:00:00,440,2.2,-1.0,0
2019-05-03 09:00:00,435,2.4,-0.9,0
2019-05-03 10:00:00,432,2.2,-0.2,0
2019-05-03 11:00:00,413,3.5,-1.4,0
2019-05-03 12:00:00,403,5.5,-0.3,0
2019-05-03 13:00:00,402,5.5,0.8,0
2019-05-03 14:00:00,401,5.3,0.1,0
2019-05-03 15:00:00,383,8.7,0.6,0
2019-05-03 16:00:00,380,11.4,-0.1,0
2019-05-03 17:00:00,370,18.1,0.6,0
2019-05-03 18:00:00,383,13.8,1.9,0
2019-05-03 19:00:00,387,8.2,1.7,0
2019-05-03 20:00:00,397,4.8,0.9,0
2019-05-03 21:00:00,406,4.4,0.0,0
2019-05-03 22:00:00,404,4.9,2.2,0
2019-05-03 23:00:00,399,4.7,3.5,0
2019-05-04 00:00:00,392,3.8,4.2,12
2019-05-04 01:00:00,400,3.6,5.0,12
2019-05-04 02:00:00,392,3.9,4.9,12
2019-05-04 03:00:00,408,6.5,-0.2,12
2019-05-04 04:00:00,405,5.7,2.6,12
2019-05-04 05:00:00,420,6.7,-0.8,12
2019-05-04 06:00:00,424,5.9,-1.5,12
2019-05-04 07:00:00,462,5.0,-2.7,12
2019-05-04 08:00:00,458,4.9,-2.2,12
2019-05-04 09:00:00,455,4.1,-1.7,12
2019-05-04 10:00:00,461,4.4,1.4,12
2019-05-04 11:00:00,472,4.5,0.7,12
2019-05-04 12:00:00,483,4.2,0.7,12
2019-05-04 13:00:00,487,4.4,-0.4,12
2019-05-04 14:00:00,490,4.6,-4.0,12
2019-05-04 15:00:00,484,4.7,1.1,12
2019-05-04 16:00:00,498,3.8,0.8,12
2019-05-04 17:00:00,505,3.4,0.3,12
2019-05-04 18:00:00,502,2.7,-1.9,12
2019-05-04 19:00:00,492,2.0,1.7,12
2019-05-04 20:00:00,496,1.6,0.9,12
2019-05-04 21:00:00,498,0.9,-0.4,12
2019-05-04 22:00:00,496,0.9,-1.2,12
2019-05-04 23:00:00,480,0.7,-1.2,12
2019-05-05 00:00:00,479,1.1,-1.1,12
2019-05-05 01:00:00,467,1.3,-1.2,12
2019-05-05 02:00:00,463,1.2,-0.7,12
2019-05-05 03:00:00,456,1.4,-0.1,12
2019-05-05 04:00:00,455,1.7,0.2,12
2019-05-05 05:00:00,456,1.7,0.5,12
2019-05-05 06:00:00,447,1.8,0.9,12
2019-05-05 07:00:00,438,1.8,1.1,12
2019-05-05 08:00:00,434,1.8,1.7,12
2019-05-05 09:00:00,422,1.6,1.3,12
2019-05-05 10:00:00,426,2.0,1.8,12
2019-05-05 11:00:00,433,2.9,0.6,12
2019-05-05 12:00:00,424,2.9,0.8,12
2019-05-05 13:00:00,438,2.8,-1.0,12
2019-05-05 14:00:00,429,2.9,0.0,12
2019-05-05 15:00:00,429,3.1,1.0,12
2019-05-05 16:00:00,420,2.9,0.8,12
2019-05-05 17:00:00,414,3.3,0.3,12
2019-05-05 18:00:00,405,2.4,2.5,12
2019-05-05 19:00:00,399,2.6,0.7,12
2019-05-05 20:00:00,383,2.8,1.4,12
2019-05-05 21:00:00,386,2.9,-0.1,12
2019-05-05 22:00:00,378,1.8,0.1,12
2019-05-05 23:00:00,363,2.0,1.2,12
2019-05-06 00:00:00,351,2.3,0.9,16
2019-05-06 01:00:00,361,2.6,0.8,16
2019-05-06 02:00:00,362,3.2,1.3,16
2019-05-06 03:00:00,377,3.1,0.8,16
2019-05-06 04:00:00,376,3.4,1.4,16
2019-05-06 05:00:00,370,3.5,2.2,16
2019-05-06 06:00:00,368,3.8,1.4,16
2019-05-06 07:00:00,366,3.9,1.3,16
2019-05-06 08:00:00,361,3.1,0.6,16
2019-05-06 09:00:00,364,4.6,-1.6,16
2019-05-06 10:00:00,376,4.9,-0.5,16
2019-05-06 11:00:00,369,4.4,0.8,16
2019-05-06 12:00:00,384,5.3,-1.2,16
2019-05-06 13:00:00,383,7.1,-1.2,16
2019-05-06 14:00:00,378,7.0,-0.7,16
2019-05-06 15:00:00,375,6.9,-0.5,16
2019-05-06 16:00:00,373,6.5,-1.9,16
2019-05-06 17:00:00,369,6.2,-1.3,16
2019-05-06 18:00:00,361,5.9,0.6,16
2019-05-06 19:00:00,353,4.6,0.6,16
2019-05-06 20:00:00,350,4.5,-0.5,16
2019-05-06 21:00:00,354,5.7,-2.0,16
2019-05-06 22:00:00,330,4.4,-0.3,16
2019-05-06 23:00:00,333,4.1,1.7,16
2019-05-07 00:00:00,361,5.1,-0.5,26
2019-05-07 01:00:00,359,4.9,0.9,26
2019-05-07 02:00:00,356,5.4,0.7,26
2019-05-07 03:00:00,365,6.5,-0.9,26
2019-05-07 04:00:00,358,5.6,-1.5,26
2019-05-07 05:00:00,351,4.8,0.5,26
2019-05-07 06:00:00,355,5.3,2.0,26
2019-05-07 07:00:00,355,5.0,1.8,26
2019-05-07 08:00:00,351,4.7,1.9,26
2019-05-07 09:00:00,346,4.4,0.8,26
2019-05-07 10:00:00,349,4.6,0.8,26
2019-05-07 11:00:00,363,5.1,-0.2,26
2019-05-07 12:00:00,355,5.0,-0.9,26
2019-05-07 13:00:00,356,6.3,-1.6,26
2019-05-07 14:00:00,337,4.1,-2.0,26
2019-05-07 15:00:00,329,4.8,-1.2,26
2019-05-07 16:00:00,328,4.5,-0.6,26
2019-05-07 17:00:00,346,6.5,-1.0,26
2019-05-07 18:00:00,357,9.3,-0.5,26
2019-05-07 19:00:00,350,8.9,0.5,26
2019-05-07 20:00:00,351,11.1,1.6,26
2019-05-07 21:00:00,349,11.6,0.7,26
2019-05-07 22:00:00,348,11.3,-0.4,26
2019-05-07 23:00:00,343,10.3,-0.2,26
2019-05-08 00:00:00,341,10.0,-0.3,25
2019-05-08 01:00:00,339,10.1,-0.2,25
2019-05-08 02:00:00,338,10.6,0.0,25
2019-05-08 03:00:00,337,10.2,0.2,25
2019-05-08 04:00:00,338,9.6,0.4,25
2019-05-08 05:00:00,335,10.3,0.6,25
2019-05-08 06:00:00,332,10.0,0.8,25
2019-05-08 07:00:00,332,10.0,1.3,25
2019-05-08 08:00:00,334,9.9,1.9,25
2019-05-08 09:00:00,330,9.3,1.7,25
2019-05-08 10:00:00,327,9.4,1.6,25
2019-05-08 11:00:00,325,9.8,1.5,25
2019-05-08 12:00:00,326,9.8,1.2,25
2019-05-08 13:00:00,326,9.3,1.3,25
2019-05-08 14:00:00,326,9.0,1.4,25
2019-05-08 15:00:00,323,9.3,1.3,25
2019-05-08 16:00:00,322,9.8,1.2,25
2019-05-08 17:00:00,321,12.3,0.5,25
2019-05-08 18:00:00,323,11.5,1.1,25
2019-05-08 19:00:00,320,12.7,1.5,25
2019-05-08 20:00:00,317,13.4,1.3,25
2019-05-08 21:00:00,315,11.9,1.0,25
2019-05-08 22:00:00,317,8.0,0.0,25
2019-05-08 23:00:00,311,12.0,-0.6,25
2019-05-09 00:00:00,309,13.7,-1.1,26
2019-05-09 01:00:00,313,14.0,-0.4,26
2019-05-09 02:00:00,313,13.1,-0.5,26
2019-05-09 03:00:00,313,13.4,-0.2,26
2019-05-09 04:00:00,314,15.3,-0.3,26
2019-05-09 05:00:00,320,18.3,0.2,26
2019-05-09 06:00:00,323,14.6,-2.1,26
2019-05-09 07:00:00,326,15.5,-4.3,26
2019-05-09 08:00:00,330,20.1,-0.5,26
2019-05-09 09:00:00,347,15.1,-2.6,26
2019-05-09 10:00:00,348,13.3,1.3,26
2019-05-09 11:00:00,350,10.4,3.4,26
2019-05-09 12:00:00,359,9.9,2.4,26
2019-05-09 13:00:00,367,11.7,-0.4,26
2019-05-09 14:00:00,363,10.0,1.0,26
2019-05-09 15:00:00,371,8.3,-0.7,26
2019-05-09 16:00:00,375,8.4,0.9,26
2019-05-09 17:00:00,376,7.9,1.6,26
2019-05-09 18:00:00,373,7.6,0.3,26
2019-05-09 19:00:00,377,7.5,-0.2,26
2019-05-09 20:00:00,379,7.1,-0.3,26
2019-05-09 21:00:00,375,6.1,-2.1,26
2019-05-09 22:00:00,374,4.0,-2.8,26
2019-05-09 23:00:00,370,3.3,-1.5,26
2019-05-10 00:00:00,375,3.8,-2.2,26
2019-05-10 01:00:00,366,3.1,-0.4,26
2019-05-10 02:00:00,369,4.4,-1.1,26
2019-05-10 03:00:00,359,2.5,-0.9,26
2019-05-10 04:00:00,359,2.7,-0.8,26
2019-05-10 05:00:00,361,3.5,-1.3,26
2019-05-10 06:00:00,361,3.7,-1.5,26
2019-05-10 07:00:00,363,4.6,-1.2,26
2019-05-10 08:00:00,356,4.3,-0.9,26
2019-05-10 09:00:00,350,4.5,-0.4,26
2019-05-10 10:00:00,345,4.0,0.0,26
2019-05-10 11:00:00,349,5.5,-0.3,26
2019-05-10 12:00:00,350,5.7,-0.3,26
2019-05-10 13:00:00,343,5.9,0.4,26
2019-05-10 14:00:00,343,7.0,-2.0,26
2019-05-10 15:00:00,340,7.4,-0.9,26
2019-05-10 16:00:00,337,7.4,0.7,26
2019-05-10 17:00:00,337,7.7,-1.4,26
2019-05-10 18:00:00,373,15.7,0.5,26
2019-05-10 19:00:00,380,14.9,1.0,26
2019-05-10 20:00:00,358,14.0,4.1,26
2019-05-10 21:00:00,344,13.5,1.6,26
2019-05-10 22:00:00,349,12.4,-3.0,26
2019-05-10 23:00:00,359,16.6,-3.2,26
2019-05-11 00:00:00,356,17.3,-3.8,27
2019-05-11 01:00:00,364,16.5,-6.0,27
2019-05-11 02:00:00,363,13.0,-2.8,27
2019-05-11 03:00:00,359,12.4,-0.4,27
2019-05-11 04:00:00,359,14.3,3.5,27
2019-05-11 05:00:00,355,21.7,3.4,27
2019-05-11 06:00:00,354,20.1,1.3,27
2019-05-11 07:00:00,355,11.8,-4.7,27
2019-05-11 08:00:00,349,5.1,-10.5,27
2019-05-11 09:00:00,352,2.1,-10.4,27
2019-05-11 10:00:00,353,2.3,-10.0,27
2019-05-11 11:00:00,353,2.4,-9.9,27
2019-05-11 12:00:00,355,11.4,-8.4,27
2019-05-11 13:00:00,353,7.0,-9.0,27
2019-05-11 14:00:00,349,5.9,-8.3,27
2019-05-11 15:00:00,348,2.2,-8.1,27
2019-05-11 16:00:00,346,2.4,-7.1,27
2019-05-11 17:00:00,349,4.2,-5.3,27
2019-05-11 18:00:00,353,3.2,-7.1,27
2019-05-11 19:00:00,358,1.7,-7.9,27
2019-05-11 20:00:00,352,1.7,-8.0,27
2019-05-11 21:00:00,349,2.0,-7.4,27
2019-05-11 22:00:00,343,2.4,-6.2,27
2019-05-11 23:00:00,343,2.7,-5.8,27
2019-05-12 00:00:00,347,2.6,-5.5,26
2019-05-12 01:00:00,346,2.3,-4.7,26
2019-05-12 02:00:00,351,2.7,-3.9,26
2019-05-12 03:00:00,342,2.3,1.4,26
2019-05-12 04:00:00,347,2.1,0.8,26
2019-05-12 05:00:00,351,2.0,0.5,26
2019-05-12 06:00:00,354,2.6,1.0,26
2019-05-12 07:00:00,342,2.4,-1.6,26
2019-05-12 08:00:00,347,2.8,-0.7,26
2019-05-12 09:00:00,352,2.8,0.5,26
2019-05-12 10:00:00,340,2.7,1.2,26
2019-05-12 11:00:00,333,2.5,1.4,26
2019-05-12 12:00:00,340,2.4,2.0,26
2019-05-12 13:00:00,344,2.7,2.1,26
2019-05-12 14:00:00,348,3.0,1.1,26
2019-05-12 15:00:00,350,3.1,0.7,26
2019-05-12 16:00:00,336,3.2,-0.8,26
2019-05-12 17:00:00,336,3.4,-3.3,26
2019-05-12 18:00:00,346,3.4,-0.8,26
2019-05-12 19:00:00,338,3.6,0.9,26
2019-05-12 20:00:00,334,3.6,-2.5,26
2019-05-12 21:00:00,325,3.8,-0.8,26
2019-05-12 22:00:00,330,4.2,-2.3,26
2019-05-12 23:00:00,324,4.1,-2.6,26
2019-05-13 00:00:00,321,3.9,-1.5,24
2019-05-13 01:00:00,322,4.5,-0.9,24
2019-05-13 02:00:00,319,5.0,-0.9,24
2019-05-13 03:00:00,318,4.6,-0.5,24
2019-05-13 04:00:00,317,4.9,0.5,24
2019-05-13 05:00:00,316,6.4,0.2,24
2019-05-13 06:00:00,318,6.7,-0.2,24
2019-05-13 07:00:00,324,5.3,1.5,24
2019-05-13 08:00:00,338,6.3,-0.5,24
2019-05-13 09:00:00,334,7.3,-1.9,24
2019-05-13 10:00:00,345,7.5,-3.6,24
2019-05-13 11:00:00,345,7.7,-1.1,24
2019-05-13 12:00:00,339,7.3,0.0,24
2019-05-13 13:00:00,318,4.6,-1.5,24
2019-05-13 14:00:00,336,5.9,-3.1,24
2019-05-13 15:00:00,352,8.1,-5.0,24
2019-05-13 16:00:00,351,6.7,-3.8,24
2019-05-13 17:00:00,358,8.8,-0.9,24
2019-05-13 18:00:00,365,8.3,-0.4,24
2019-05-13 19:00:00,375,8.2,0.3,24
2019-05-13 20:00:00,374,8.1,2.4,24
2019-05-13 21:00:00,382,7.9,-3.8,24
2019-05-13 22:00:00,378,7.7,-0.2,24
2019-05-13 23:00:00,393,6.7,-0.6,24
2019-05-14 00:00:00,444,10.1,-1.6,24
2019-05-14 01:00:00,435,4.0,1.0,24
2019-05-14 02:00:00,465,4.8,5.2,24
2019-05-14 03:00:00,490,4.3,2.2,24
2019-05-14 04:00:00,537,4.6,-11.1,24
2019-05-14 05:00:00,532,4.8,-13.1,24
2019-05-14 06:00:00,527,6.3,-12.0,24
2019-05-14 07:00:00,515,15.7,-4.6,24
2019-05-14 08:00:00,556,11.2,-0.4,24
2019-05-14 09:00:00,548,4.0,-0.5,24
2019-05-14 10:00:00,539,3.1,-1.7,24
2019-05-14 11:00:00,548,2.9,-0.9,24
2019-05-14 12:00:00,540,3.1,-2.0,24
2019-05-14 13:00:00,528,5.7,-2.7,24
2019-05-14 14:00:00,517,4.7,-3.6,24
2019-05-14 15:00:00,510,3.2,-2.9,24
2019-05-14 16:00:00,515,4.8,-1.4,24
2019-05-14 17:00:00,527,3.4,-0.1,24
2019-05-14 18:00:00,514,2.4,0.1,24
2019-05-14 19:00:00,494,1.9,1.7,24
2019-05-14 20:00:00,486,2.2,3.6,24
2019-05-14 21:00:00,492,2.0,4.8,24
2019-05-14 22:00:00,485,1.9,4.4,24
2019-05-14 23:00:00,475,1.3,5.6,24
2019-05-15 00:00:00,476,1.2,6.6,18
2019-05-15 01:00:00,466,1.5,6.4,18
2019-05-15 02:00:00,466,1.6,6.5,18
2019-05-15 03:00:00,469,3.1,5.9,18
2019-05-15 04:00:00,472,3.3,6.5,18
2019-05-15 05:00:00,456,5.5,7.2,18
2019-05-15 06:00:00,442,10.9,7.7,18
2019-05-15 07:00:00,437,12.2,7.7,18
2019-05-15 08:00:00,435,11.1,7.3,18
2019-05-15 09:00:00,433,8.1,7.4,18
2019-05-15 10:00:00,427,6.9,7.1,18
2019-05-15 11:00:00,426,7.1,6.6,18
2019-05-15 12:00:00,425,7.9,6.4,18
2019-05-15 13:00:00,424,8.2,6.4,18
2019-05-15 14:00:00,423,7.1,6.8,18
2019-05-15 15:00:00,413,10.9,6.7,18
2019-05-15 16:00:00,419,7.9,6.0,18
2019-05-15 17:00:00,428,11.8,3.3,18
2019-05-15 18:00:00,436,9.7,2.7,18
2019-05-15 19:00:00,452,6.1,5.8,18
2019-05-15 20:00:00,441,4.8,6.0,18
2019-05-15 21:00:00,442,5.6,4.5,18
2019-05-15 22:00:00,443,5.2,5.5,18
2019-05-15 23:00:00,437,5.9,4.7,18
2019-05-16 00:00:00,419,6.1,2.8,13
2019-05-16 01:00:00,444,7.5,2.8,13
2019-05-16 02:00:00,438,5.9,2.8,13
2019-05-16 03:00:00,447,4.6,-0.1,13
2019-05-16 04:00:00,448,4.3,-0.3,13
2019-05-16 05:00:00,443,3.9,-1.7,13
2019-05-16 06:00:00,442,3.7,-1.2,13
2019-05-16 07:00:00,422,4.2,-2.8,13
2019-05-16 08:00:00,409,3.8,-2.0,13
2019-05-16 09:00:00,438,3.9,-2.1,13
2019-05-16 10:00:00,454,3.7,2.2,13
2019-05-16 11:00:00,449,3.6,2.7,13
2019-05-16 12:00:00,428,3.6,0.2,13
2019-05-16 13:00:00,421,3.6,-2.4,13
2019-05-16 14:00:00,434,3.8,1.1,13
2019-05-16 15:00:00,452,3.3,1.6,13
2019-05-16 16:00:00,447,3.7,3.2,13
2019-05-16 17:00:00,476,5.1,2.0,13
2019-05-16 18:00:00,469,5.5,-4.0,13
2019-05-16 19:00:00,460,5.2,-0.6,13
2019-05-16 20:00:00,450,5.3,-4.0,13
2019-05-16 21:00:00,455,5.5,-1.5,13
2019-05-16 22:00:00,457,5.7,1.3,13
2019-05-16 23:00:00,472,4.6,1.3,13
2019-05-17 00:00:00,477,5.2,5.5,13
2019-05-17 01:00:00,480,11.0,4.2,13
2019-05-17 02:00:00,479,7.6,4.2,13
2019-05-17 03:00:00,473,6.7,4.1,13
2019-05-17 04:00:00,469,8.9,4.1,13
2019-05-17 05:00:00,467,9.1,4.3,13
2019-05-17 06:00:00,467,7.8,3.1,13
2019-05-17 07:00:00,472,4.6,0.6,13
2019-05-17 08:00:00,475,3.8,0.5,13
2019-05-17 09:00:00,480,3.6,0.9,13
2019-05-17 10:00:00,475,4.1,0.6,13
2019-05-17 11:00:00,471,3.7,0.0,13
2019-05-17 12:00:00,457,3.2,-1.1,13
2019-05-17 13:00:00,456,3.1,-1.3,13
2019-05-17 14:00:00,449,3.9,-1.2,13
2019-05-17 15:00:00,445,4.8,-0.4,13
2019-05-17 16:00:00,445,4.5,0.3,13
2019-05-17 17:00:00,446,4.5,0.4,13
2019-05-17 18:00:00,427,3.8,0.9,13
2019-05-17 19:00:00,423,4.0,1.7,13
2019-05-17 20:00:00,410,4.3,1.8,13
2019-05-17 21:00:00,417,3.5,0.3,13
2019-05-17 22:00:00,423,3.3,0.1,13
2019-05-17 23:00:00,425,3.8,0.5,13
2019-05-18 00:00:00,421,4.3,1.2,12
2019-05-18 01:00:00,416,3.7,1.1,12
2019-05-18 02:00:00,413,2.9,0.5,12
2019-05-18 03:00:00,409,3.2,-1.1,12
2019-05-18 04:00:00,413,3.8,-2.5,12
2019-05-18 05:00:00,416,4.3,-1.8,12
2019-05-18 06:00:00,409,4.7,-1.7,12
2019-05-18 07:00:00,409,4.8,-4.0,12
2019-05-18 08:00:00,409,5.0,-4.0,12
2019-05-18 09:00:00,410,2.5,-1.0,12
2019-05-18 10:00:00,403,2.4,1.5,12
2019-05-18 11:00:00,404,2.4,2.9,12
2019-05-18 12:00:00,402,3.0,2.2,12
2019-05-18 13:00:00,395,3.1,1.5,12
2019-05-18 14:00:00,398,3.1,0.6,12
2019-05-18 15:00:00,415,2.4,-0.3,12
2019-05-18 16:00:00,401,2.6,0.2,12
2019-05-18 17:00:00,397,2.5,0.7,12
2019-05-18 18:00:00,410,2.9,1.9,12
2019-05-18 19:00:00,411,2.8,1.0,12
2019-05-18 20:00:00,418,2.7,-1.2,12
2019-05-18 21:00:00,413,2.9,0.4,12
2019-05-18 22:00:00,414,3.0,0.7,12
2019-05-18 23:00:00,407,3.4,-0.4,12
2019-05-19 00:00:00,399,3.1,0.8,0
2019-05-19 01:00:00,396,2.9,-0.7,0
2019-05-19 02:00:00,373,2.7,0.6,0
2019-05-19 03:00:00,389,3.2,0.9,0
2019-05-19 04:00:00,388,3.2,-0.5,0
2019-05-19 05:00:00,380,3.2,-0.2,0
2019-05-19 06:00:00,387,3.4,-1.6,0
2019-05-19 07:00:00,365,2.9,-1.2,0
2019-05-19 08:00:00,364,2.3,0.4,0
2019-05-19 09:00:00,385,2.3,0.1,0
2019-05-19 10:00:00,371,2.3,-0.2,0
2019-05-19 11:00:00,370,1.9,1.5,0
2019-05-19 12:00:00,360,2.5,1.5,0
2019-05-19 13:00:00,354,2.5,-0.4,0
2019-05-19 14:00:00,359,2.4,-1.9,0
2019-05-19 15:00:00,360,3.1,-1.7,0
2019-05-19 16:00:00,359,3.5,-1.2,0
2019-05-19 17:00:00,362,4.6,-0.5,0
2019-05-19 18:00:00,366,5.6,-0.5,0
2019-05-19 19:00:00,373,7.2,-0.8,0
2019-05-19 20:00:00,376,9.0,0.7,0
2019-05-19 21:00:00,379,11.5,-2.0,0
2019-05-19 22:00:00,381,12.2,-3.0,0
2019-05-19 23:00:00,387,13.0,-4.7,0
2019-05-20 00:00:00,394,14.5,-6.0,0
2019-05-20 01:00:00,391,14.4,-5.5,0
2019-05-20 02:00:00,390,15.1,1.8,0
2019-05-20 03:00:00,390,13.6,1.0,0
2019-05-20 04:00:00,384,9.6,5.8,0
2019-05-20 05:00:00,386,8.6,2.4,0
2019-05-20 06:00:00,394,6.3,-2.0,0
2019-05-20 07:00:00,388,8.0,2.4,0
2019-05-20 08:00:00,390,6.8,5.6,0
2019-05-20 09:00:00,383,5.8,2.3,0
2019-05-20 10:00:00,382,5.3,4.2,0
2019-05-20 11:00:00,384,6.1,2.1,0
2019-05-20 12:00:00,376,6.9,0.5,0
2019-05-20 13:00:00,369,6.9,3.0,0
2019-05-20 14:00:00,378,5.9,-1.3,0
2019-05-20 15:00:00,372,6.4,-0.4,0
2019-05-20 16:00:00,374,6.4,1.4,0
2019-05-20 17:00:00,399,5.2,-0.8,0
2019-05-20 18:00:00,394,4.8,0.1,0
2019-05-20 19:00:00,394,4.0,1.4,0
2019-05-20 20:00:00,398,3.9,1.2,0
2019-05-20 21:00:00,373,3.0,1.4,0
2019-05-20 22:00:00,371,3.0,0.8,0
2019-05-20 23:00:00,389,3.7,0.3,0
2019-05-21 00:00:00,382,3.4,1.0,0
2019-05-21 01:00:00,399,3.3,-1.0,0
2019-05-21 02:00:00,406,3.2,-1.1,0
2019-05-21 03:00:00,412,3.4,-0.1,0
2019-05-21 04:00:00,408,3.4,0.5,0
2019-05-21 05:00:00,409,3.2,-0.1,0
2019-05-21 06:00:00,409,3.1,0.3,0
2019-05-21 07:00:00,411,3.3,0.1,0
2019-05-21 08:00:00,406,3.3,0.6,0
2019-05-21 09:00:00,408,2.7,0.4,0
2019-05-21 10:00:00,394,2.5,0.9,0
2019-05-21 11:00:00,408,3.7,-0.3,0
2019-05-21 12:00:00,414,3.7,-1.5,0
2019-05-21 13:00:00,401,3.3,-0.8,0
2019-05-21 14:00:00,395,4.1,-0.2,0
2019-05-21 15:00:00,385,4.5,0.6,0
2019-05-21 16:00:00,375,4.5,0.3,0
2019-05-21 17:00:00,374,4.6,-0.2,0
2019-05-21 18:00:00,370,3.2,0.3,0
2019-05-21 19:00:00,365,3.1,0.6,0
2019-05-21 20:00:00,353,2.7,1.3,0
2019-05-21 21:00:00,352,2.6,1.4,0
2019-05-21 22:00:00,356,3.1,1.5,0
2019-05-21 23:00:00,366,4.2,1.4,0
2019-05-22 00:00:00,356,3.1,0.9,0
2019-05-22 01:00:00,351,3.3,0.2,0
2019-05-22 02:00:00,348,3.5,0.6,0
2019-05-22 03:00:00,366,5.5,0.0,0
2019-05-22 04:00:00,389,9.0,-0.2,0
2019-05-22 05:00:00,387,8.7,0.3,0
2019-05-22 06:00:00,385,8.3,0.0,0
2019-05-22 07:00:00,385,8.6,-1.0,0
2019-05-22 08:00:00,383,8.7,-1.6,0
2019-05-22 09:00:00,379,9.5,-0.1,0
2019-05-22 10:00:00,373,7.9,0.2,0
2019-05-22 11:00:00,368,9.6,-0.5,0
2019-05-22 12:00:00,368,9.9,-0.7,0
2019-05-22 13:00:00,367,10.1,-1.0,0
2019-05-22 14:00:00,361,10.1,-1.6,0
2019-05-22 15:00:00,359,10.8,-1.0,0
2019-05-22 16:00:00,358,11.7,-0.6,0
2019-05-22 17:00:00,357,11.9,-0.3,0
2019-05-22 18:00:00,356,11.9,0.0,0
2019-05-22 19:00:00,351,8.8,-0.3,0
2019-05-22 20:00:00,352,8.3,0.0,0
2019-05-22 21:00:00,348,8.0,1.6,0
2019-05-22 22:00:00,340,7.0,-0.4,0
2019-05-22 23:00:00,345,8.9,1.1,0
2019-05-23 00:00:00,348,10.9,0.5,0
2019-05-23 01:00:00,344,8.8,0.2,0
2019-05-23 02:00:00,338,7.6,0.7,0
2019-05-23 03:00:00,344,9.2,-0.1,0
2019-05-23 04:00:00,347,9.9,1.8,0
2019-05-23 05:00:00,347,12.5,2.1,0
2019-05-23 06:00:00,333,9.1,0.7,0
2019-05-23 07:00:00,330,8.5,-0.3,0
2019-05-23 08:00:00,338,7.5,0.3,0
2019-05-23 09:00:00,346,12.1,-1.5,0
2019-05-23 10:00:00,347,14.1,-1.9,0
2019-05-23 11:00:00,344,14.4,-1.1,0
2019-05-23 12:00:00,340,15.0,-0.8,0
2019-05-23 13:00:00,338,14.4,1.6,0
2019-05-23 14:00:00,338,8.2,1.7,0
2019-05-23 15:00:00,339,7.9,-2.0,0
2019-05-23 16:00:00,337,6.9,-0.2,0
2019-05-23 17:00:00,344,6.4,-1.5,0
2019-05-23 18:00:00,337,6.1,-1.0,0
2019-05-23 19:00:00,332,6.2,-2.3,0
2019-05-23 20:00:00,350,6.4,-4.0,0
2019-05-23 21:00:00,357,5.5,-3.8,0
2019-05-23 22:00:00,344,3.8,-2.1,0
2019-05-23 23:00:00,348,5.0,1.5,0
2019-05-24 00:00:00,351,7.9,1.3,0
2019-05-24 01:00:00,353,7.2,0.8,0
2019-05-24 02:00:00,354,7.4,1.9,0
2019-05-24 03:00:00,346,7.3,-1.2,0
2019-05-24 04:00:00,346,6.2,0.0,0
2019-05-24 05:00:00,338,4.8,-1.0,0
2019-05-24 06:00:00,332,4.0,1.3,0
2019-05-24 07:00:00,323,3.4,0.8,0
2019-05-24 08:00:00,327,3.3,1.3,0
2019-05-24 09:00:00,331,4.8,0.7,0
2019-05-24 10:00:00,336,6.3,0.6,0
2019-05-24 11:00:00,334,5.0,0.3,0
2019-05-24 12:00:00,338,4.9,-0.2,0
2019-05-24 13:00:00,338,6.1,0.3,0
2019-05-24 14:00:00,343,9.1,0.1,0
2019-05-24 15:00:00,344,10.0,-0.6,0
2019-05-24 16:00:00,346,10.1,-0.7,0
2019-05-24 17:00:00,350,9.5,0.5,0
2019-05-24 18:00:00,336,6.3,-1.0,0
2019-05-24 19:00:00,328,5.2,0.0,0
2019-05-24 20:00:00,326,4.5,0.0,0
2019-05-24 21:00:00,332,6.8,0.9,0
2019-05-24 22:00:00,343,12.4,0.5,0
2019-05-24 23:00:00,346,16.6,0.2,0
2019-05-25 00:00:00,340,13.5,-0.5,0
2019-05-25 01:00:00,343,14.0,-0.6,0
2019-05-25 02:00:00,339,15.1,-0.5,0
2019-05-25 03:00:00,335,14.6,-0.4,0
2019-05-25 04:00:00,329,13.4,-0.3,0
2019-05-25 05:00:00,324,9.9,1.5,0
2019-05-25 06:00:00,308,8.4,0.7,0
2019-05-25 07:00:00,306,8.5,0.7,0
2019-05-25 08:00:00,307,9.0,1.1,0
2019-05-25 09:00:00,301,8.6,-0.2,0
2019-05-25 10:00:00,303,10.6,-0.6,0
2019-05-25 11:00:00,307,10.6,1.1,0
2019-05-25 12:00:00,304,9.9,0.9,0
2019-05-25 13:00:00,301,9.2,0.6,0
2019-05-25 14:00:00,308,10.4,1.3,0
2019-05-25 15:00:00,304,10.9,0.3,0
2019-05-25 16:00:00,302,9.6,-1.7,0
2019-05-25 17:00:00,309,10.0,-0.1,0
2019-05-25 18:00:00,313,6.7,-1.4,0
2019-05-25 19:00:00,325,9.0,0.7,0
2019-05-25 20:00:00,318,8.4,-0.7,0
2019-05-25 21:00:00,319,7.4,0.0,0
2019-05-25 22:00:00,327,5.5,-1.0,0
2019-05-25 23:00:00,333,6.0,0.1,0
2019-05-26 00:00:00,331,6.1,-0.8,0
2019-05-26 01:00:00,326,6.0,-1.2,0
2019-05-26 02:00:00,321,6.8,-1.0,0
2019-05-26 03:00:00,320,7.1,0.4,0
2019-05-26 04:00:00,321,7.3,-0.3,0
2019-05-26 05:00:00,318,7.6,0.0,0
2019-05-26 06:00:00,314,6.2,-0.2,0
2019-05-26 07:00:00,313,6.0,0.0,0
2019-05-26 08:00:00,316,5.7,0.0,0
2019-05-26 09:00:00,326,6.3,0.9,0
2019-05-26 10:00:00,324,5.9,-0.3,0
2019-05-26 11:00:00,324,5.7,0.8,0
2019-05-26 12:00:00,332,4.8,0.7,0
2019-05-26 13:00:00,334,4.6,0.0,0
2019-05-26 14:00:00,324,5.0,-0.8,0
2019-05-26 15:00:00,325,4.9,-0.3,0
2019-05-26 16:00:00,318,4.8,-0.4,0
2019-05-26 17:00:00,314,5.6,-0.8,0
2019-05-26 18:00:00,307,4.5,-0.5,0
2019-05-26 19:00:00,307,4.3,-1.0,0
2019-05-26 20:00:00,305,4.9,0.2,0
2019-05-26 21:00:00,302,4.6,0.2,0
2019-05-26 22:00:00,324,8.8,1.4,0
2019-05-26 23:00:00,352,16.4,3.3,0
2019-05-27 00:00:00,355,18.6,2.7,0
2019-05-27 01:00:00,359,15.6,-3.5,0
2019-05-27 02:00:00,368,12.1,8.0,0
2019-05-27 03:00:00,369,20.0,3.1,0
2019-05-27 04:00:00,362,18.5,7.4,0
2019-05-27 05:00:00,368,19.9,3.1,0
2019-05-27 06:00:00,371,17.7,-2.0,0
2019-05-27 07:00:00,372,13.9,-6.3,0
2019-05-27 08:00:00,367,12.3,-6.2,0
2019-05-27 09:00:00,370,7.1,-5.1,0
2019-05-27 10:00:00,367,6.9,-2.4,0
2019-05-27 11:00:00,353,4.5,-1.3,0
2019-05-27 12:00:00,350,4.0,-0.4,0
2019-05-27 13:00:00,345,4.1,0.3,0
2019-05-27 14:00:00,343,4.4,0.2,0
2019-05-27 15:00:00,340,4.3,1.2,0
2019-05-27 16:00:00,339,4.2,1.9,0
2019-05-27 17:00:00,338,11.2,1.8,0
2019-05-27 18:00:00,335,10.6,2.9,0
2019-05-27 19:00:00,334,9.0,2.0,0
2019-05-27 20:00:00,328,5.2,2.7,0
2019-05-27 21:00:00,318,3.4,5.5,0
2019-05-27 22:00:00,315,4.0,6.7,0
2019-05-27 23:00:00,316,5.4,5.3,0
2019-05-28 00:00:00,320,6.1,5.4,0
2019-05-28 01:00:00,324,5.2,5.9,0
2019-05-28 02:00:00,321,6.2,6.2,0
2019-05-28 03:00:00,320,6.2,4.3,0
2019-05-28 04:00:00,321,6.7,2.2,0
2019-05-28 05:00:00,323,7.5,0.2,0
2019-05-28 06:00:00,323,6.4,1.8,0
2019-05-28 07:00:00,323,5.5,0.3,0
2019-05-28 08:00:00,322,4.8,-2.8,0
2019-05-28 09:00:00,319,5.5,1.4,0
2019-05-28 10:00:00,316,5.8,1.3,0
2019-05-28 11:00:00,320,6.1,0.8,0
2019-05-28 12:00:00,327,6.2,-0.1,0
2019-05-28 13:00:00,344,11.1,0.6,0
2019-05-28 14:00:00,347,6.5,4.3,0
2019-05-28 15:00:00,359,9.1,2.1,0
2019-05-28 16:00:00,366,9.6,5.4,0
2019-05-28 17:00:00,366,12.2,4.0,0
2019-05-28 18:00:00,368,11.5,-4.2,0
2019-05-28 19:00:00,370,10.7,-4.8,0
2019-05-28 20:00:00,369,12.8,-0.1,0
2019-05-28 21:00:00,389,12.4,1.7,0
2019-05-28 22:00:00,411,12.4,4.4,0
2019-05-28 23:00:00,422,9.3,1.9,0
2019-05-29 00:00:00,461,12.1,1.3,7
2019-05-29 01:00:00,477,10.9,-1.9,7
2019-05-29 02:00:00,478,7.0,-2.3,7
2019-05-29 03:00:00,502,6.5,-4.3,7
2019-05-29 04:00:00,513,5.9,-3.0,7
2019-05-29 05:00:00,499,5.9,-2.8,7
2019-05-29 06:00:00,518,6.6,2.2,7
2019-05-29 07:00:00,517,6.1,1.0,7
2019-05-29 08:00:00,532,5.1,-3.6,7
2019-05-29 09:00:00,536,4.6,-3.1,7
2019-05-29 10:00:00,541,4.5,-2.1,7
2019-05-29 11:00:00,542,4.0,-0.3,7
2019-05-29 12:00:00,545,3.9,-0.6,7
2019-05-29 13:00:00,538,3.9,0.6,7
2019-05-29 14:00:00,536,4.4,1.0,7
2019-05-29 15:00:00,528,4.7,1.1,7
2019-05-29 16:00:00,535,5.4,-1.5,7
2019-05-29 17:00:00,538,4.4,-0.2,7
2019-05-29 18:00:00,536,3.4,-1.5,7
2019-05-29 19:00:00,557,3.6,1.7,7
2019-05-29 20:00:00,562,3.6,0.7,7
2019-05-29 21:00:00,559,4.1,0.0,7
2019-05-29 22:00:00,544,3.5,0.2,7
2019-05-29 23:00:00,539,2.8,-0.6,7
2019-05-30 00:00:00,540,3.4,-3.2,0
2019-05-30 01:00:00,547,4.3,0.9,0
2019-05-30 02:00:00,539,3.5,0.0,0
2019-05-30 03:00:00,544,2.9,-1.6,0
2019-05-30 04:00:00,546,3.1,0.1,0
2019-05-30 05:00:00,539,3.0,3.3,0
2019-05-30 06:00:00,540,3.1,2.4,0
2019-05-30 07:00:00,536,3.2,0.5,0
2019-05-30 08:00:00,532,3.4,-0.9,0
2019-05-30 09:00:00,526,4.1,0.7,0
2019-05-30 10:00:00,520,4.8,2.8,0
2019-05-30 11:00:00,514,5.0,0.3,0
2019-05-30 12:00:00,515,4.8,0.1,0
2019-05-30 13:00:00,521,4.1,-1.0,0
2019-05-30 14:00:00,517,3.8,0.9,0
2019-05-30 15:00:00,510,3.7,0.8,0
2019-05-30 16:00:00,506,4.0,1.3,0
2019-05-30 17:00:00,504,4.3,1.1,0
2019-05-30 18:00:00,507,3.9,-1.1,0
2019-05-30 19:00:00,502,3.3,-1.6,0
2019-05-30 20:00:00,497,3.2,-1.1,0
2019-05-30 21:00:00,467,3.1,0.4,0
2019-05-30 22:00:00,484,3.3,0.7,0
2019-05-30 23:00:00,510,3.6,-0.1,0
2019-05-31 00:00:00,497,3.9,-0.8,0
2019-05-31 01:00:00,503,3.6,-1.3,0
2019-05-31 02:00:00,496,4.0,0.4,0
2019-05-31 03:00:00,493,4.1,0.2,0
2019-05-31 04:00:00,487,4.0,-1.2,0
2019-05-31 05:00:00,482,3.8,-1.6,0
2019-05-31 06:00:00,478,2.7,-0.8,0
2019-05-31 07:00:00,459,2.3,0.2,0
2019-05-31 08:00:00,432,2.5,0.0,0
2019-05-31 09:00:00,421,2.2,-1.4,0
2019-05-31 10:00:00,427,1.8,-1.5,0
2019-05-31 11:00:00,427,1.7,-0.9,0
2019-05-31 12:00:00,419,1.5,-1.4,0
2019-05-31 13:00:00,423,2.3,-1.0,0
2019-05-31 14:00:00,407,1.8,0.8,0
2019-05-31 15:00:00,400,1.8,-0.2,0
2019-05-31 16:00:00,406,1.9,0.8,0
2019-05-31 17:00:00,409,2.1,0.5,0
2019-05-31 18:00:00,408,1.9,1.0,0
2019-05-31 19:00:00,401,2.3,-0.3,0
2019-05-31 20:00:00,396,2.8,-0.2,0
2019-05-31 21:00:00,371,1.9,-0.5,0
2019-05-31 22:00:00,362,2.2,0.5,0
2019-05-31 23:00:00,366,1.6,0.1,0
2019-06-01 00:00:00,367,2.0,-0.1,0
2019-06-01 01:00:00,367,2.1,-0.7,0
2019-06-01 02:00:00,362,2.0,-1.1,0
2019-06-01 03:00:00,356,1.2,-0.7,0
2019-06-01 04:00:00,377,2.4,0.2,0
2019-06-01 05:00:00,362,2.2,0.6,0
2019-06-01 06:00:00,359,2.3,-0.7,0
2019-06-01 07:00:00,347,2.0,-0.1,0
2019-06-01 08:00:00,338,2.1,0.1,0
2019-06-01 09:00:00,337,1.9,1.5,0
2019-06-01 10:00:00,340,1.9,0.7,0
2019-06-01 11:00:00,343,1.5,-0.4,0
2019-06-01 12:00:00,341,1.9,0.2,0
2019-06-01 13:00:00,343,2.2,0.0,0
2019-06-01 14:00:00,348,2.6,-0.2,0
2019-06-01 15:00:00,344,2.6,-0.7,0
2019-06-01 16:00:00,339,2.8,-0.5,0
2019-06-01 17:00:00,335,2.6,-0.5,0
2019-06-01 18:00:00,343,3.6,-0.9,0
2019-06-01 19:00:00,340,4.7,-0.9,0
2019-06-01 20:00:00,342,4.8,-0.6,0
2019-06-01 21:00:00,349,6.8,0.8,0
2019-06-01 22:00:00,350,7.0,-1.2,0
2019-06-01 23:00:00,347,7.2,-2.2,0
2019-06-02 00:00:00,340,6.5,-1.2,0
2019-06-02 01:00:00,337,7.2,0.3,0
2019-06-02 02:00:00,330,5.9,1.6,0
2019-06-02 03:00:00,327,6.4,0.6,0
2019-06-02 04:00:00,323,5.6,-0.6,0
2019-06-02 05:00:00,326,6.4,0.6,0
2019-06-02 06:00:00,321,5.7,0.2,0
2019-06-02 07:00:00,320,5.5,0.5,0
2019-06-02 08:00:00,316,5.6,-0.1,0
2019-06-02 09:00:00,322,5.2,-0.5,0
2019-06-02 10:00:00,317,4.9,-1.6,0
2019-06-02 11:00:00,317,4.9,0.4,0
2019-06-02 12:00:00,318,4.8,-0.4,0
2019-06-02 13:00:00,316,4.8,-1.6,0
2019-06-02 14:00:00,314,4.7,-1.6,0
2019-06-02 15:00:00,295,2.9,0.2,0
2019-06-02 16:00:00,297,2.8,0.5,0
2019-06-02 17:00:00,318,5.0,-2.1,0
2019-06-02 18:00:00,318,5.8,-1.3,0
2019-06-02 19:00:00,303,4.4,-0.9,0
2019-06-02 20:00:00,322,6.5,-0.8,0
2019-06-02 21:00:00,320,6.6,-1.1,0
2019-06-02 22:00:00,313,6.9,-0.8,0
2019-06-02 23:00:00,311,7.3,-1.8,0
2019-06-03 00:00:00,311,7.2,-1.7,0
2019-06-03 01:00:00,308,8.0,-0.2,0
2019-06-03 02:00:00,308,10.1,-0.9,0
2019-06-03 03:00:00,305,10.6,-0.8,0
2019-06-03 04:00:00,301,10.4,0.1,0
2019-06-03 05:00:00,300,10.8,0.7,0
2019-06-03 06:00:00,298,11.1,-0.4,0
2019-06-03 07:00:00,300,11.8,-0.5,0
2019-06-03 08:00:00,294,,-0.5,0
2019-06-03 09:00:00,307,,-0.3,0
2019-06-03 10:00:00,309,,-1.9,0
2019-06-03 11:00:00,311,,-1.1,0
2019-06-03 12:00:00,308,,-1.3,0
2019-06-03 13:00:00,309,,0.7,0
2019-06-03 14:00:00,305,,0.3,0
2019-06-03 15:00:00,301,,-0.1,0
2019-06-03 16:00:00,309,,-0.5,0
2019-06-03 17:00:00,315,,-0.1,0
2019-06-03 18:00:00,308,,3.0,0
2019-06-03 19:00:00,315,,3.0,0
2019-06-03 20:00:00,318,,0.0,0
2019-06-03 21:00:00,318,,-0.7,0
2019-06-03 22:00:00,328,,-0.6,0
2019-06-03 23:00:00,324,,-1.8,0
2019-06-04 00:00:00,329,,0.7,0
2019-06-04 01:00:00,337,,-1.6,0
2019-06-04 02:00:00,341,,-1.1,0
2019-06-04 03:00:00,338,,-1.9,0
2019-06-04 04:00:00,330,,-3.1,0
2019-06-04 05:00:00,326,,-2.9,0
2019-06-04 06:00:00,330,,-3.6,0
2019-06-04 07:00:00,328,,-3.4,0
2019-06-04 08:00:00,326,8.8,-1.4,0
2019-06-04 09:00:00,325,8.2,1.5,0
2019-06-04 10:00:00,328,8.5,2.0,0
2019-06-04 11:00:00,332,8.0,2.5,0
2019-06-04 12:00:00,331,8.4,3.2,0
2019-06-04 13:00:00,330,10.0,3.0,0
2019-06-04 14:00:00,328,10.0,-5.2,0
2019-06-04 15:00:00,329,10.0,-6.8,0
2019-06-04 16:00:00,330,10.4,-6.6,0
2019-06-04 17:00:00,336,9.7,-5.9,0
2019-06-04 18:00:00,327,9.5,-2.6,0
2019-06-04 19:00:00,335,7.8,-3.3,0
2019-06-04 20:00:00,331,5.6,-2.8,0
2019-06-04 21:00:00,333,5.5,-0.2,0
2019-06-04 22:00:00,335,7.3,1.0,0
2019-06-04 23:00:00,344,7.4,-0.5,0
2019-06-05 00:00:00,344,7.5,-2.6,0
2019-06-05 01:00:00,341,7.1,-2.0,0
2019-06-05 02:00:00,338,6.3,1.8,0
2019-06-05 03:00:00,336,6.2,0.4,0
2019-06-05 04:00:00,340,6.1,2.2,0
2019-06-05 05:00:00,337,4.3,-0.6,0
2019-06-05 06:00:00,340,5.2,-2.2,0
2019-06-05 07:00:00,338,6.0,0.8,0
2019-06-05 08:00:00,336,6.1,1.1,0
2019-06-05 09:00:00,336,6.0,0.1,0
2019-06-05 10:00:00,338,6.0,1.4,0
2019-06-05 11:00:00,330,5.0,0.5,0
2019-06-05 12:00:00,316,4.3,0.5,0
2019-06-05 13:00:00,327,6.1,-0.7,0
2019-06-05 14:00:00,326,5.5,-0.9,0
2019-06-05 15:00:00,336,5.6,0.8,0
2019-06-05 16:00:00,319,4.9,-0.2,0
2019-06-05 17:00:00,310,4.6,0.0,0
2019-06-05 18:00:00,315,6.5,0.3,0
2019-06-05 19:00:00,313,7.4,0.8,0
2019-06-05 20:00:00,314,7.1,1.5,0
2019-06-05 21:00:00,312,4.9,1.8,0
2019-06-05 22:00:00,320,5.5,1.6,0
2019-06-05 23:00:00,322,5.5,-0.9,0
2019-06-06 00:00:00,326,4.8,-0.1,0
2019-06-06 01:00:00,325,4.2,-1.0,0
2019-06-06 02:00:00,325,4.3,-1.2,0
2019-06-06 03:00:00,324,4.6,-0.8,0
2019-06-06 04:00:00,321,6.1,-1.0,0
2019-06-06 05:00:00,318,6.2,-0.7,0
2019-06-06 06:00:00,315,6.3,-0.1,0
2019-06-06 07:00:00,312,6.2,0.6,0
2019-06-06 08:00:00,307,6.3,0.5,0
2019-06-06 09:00:00,321,3.9,1.4,0
2019-06-06 10:00:00,321,4.1,0.9,0
2019-06-06 11:00:00,321,6.0,0.2,0
2019-06-06 12:00:00,319,5.1,-0.2,0
2019-06-06 13:00:00,317,5.2,0.0,0
2019-06-06 14:00:00,314,4.9,0.2,0
2019-06-06 15:00:00,312,4.8,-0.4,0
2019-06-06 16:00:00,311,4.8,-0.3,0
2019-06-06 17:00:00,311,5.0,-0.5,0
2019-06-06 18:00:00,308,4.2,-1.0,0
2019-06-06 19:00:00,309,4.9,-1.2,0
2019-06-06 20:00:00,314,4.9,-0.6,0
2019-06-06 21:00:00,313,4.9,-0.4,0
2019-06-06 22:00:00,304,4.7,-0.6,0
2019-06-06 23:00:00,297,4.8,-1.3,0
2019-06-07 00:00:00,302,4.6,-0.6,0
2019-06-07 01:00:00,295,4.1,-0.7,0
2019-06-07 02:00:00,296,4.4,-1.0,0
2019-06-07 03:00:00,292,5.0,-0.8,0
2019-06-07 04:00:00,292,5.4,-0.9,0
2019-06-07 05:00:00,297,7.3,-1.1,0
2019-06-07 06:00:00,291,8.7,-1.6,0
2019-06-07 07:00:00,296,9.8,-1.7,0
2019-06-07 08:00:00,302,8.3,-2.4,0
2019-06-07 09:00:00,304,8.7,-2.2,0
2019-06-07 10:00:00,298,11.4,-1.2,0
2019-06-07 11:00:00,296,12.7,-0.6,0
2019-06-07 12:00:00,308,12.0,-1.1,0
2019-06-07 13:00:00,306,11.8,0.0,0
2019-06-07 14:00:00,305,8.5,-0.4,0
2019-06-07 15:00:00,306,8.3,-0.6,0
2019-06-07 16:00:00,310,7.7,-1.1,0
2019-06-07 17:00:00,299,9.2,-2.0,0
2019-06-07 18:00:00,295,8.2,-0.9,0
2019-06-07 19:00:00,289,8.1,-1.3,0
2019-06-07 20:00:00,285,8.1,-1.2,0
2019-06-07 21:00:00,285,7.3,-1.0,0
2019-06-07 22:00:00,289,9.0,-1.3,0
2019-06-07 23:00:00,289,9.0,-0.9,0
2019-06-08 00:00:00,286,7.9,0.1,0
2019-06-08 01:00:00,285,8.2,0.2,0
2019-06-08 02:00:00,284,9.6,1.1,0
2019-06-08 03:00:00,283,9.2,1.4,0
2019-06-08 04:00:00,278,8.3,-0.7,0
2019-06-08 05:00:00,278,9.7,-1.2,0
2019-06-08 06:00:00,277,11.1,-0.1,0
2019-06-08 07:00:00,277,11.8,0.0,0
2019-06-08 08:00:00,275,12.0,0.2,0
2019-06-08 09:00:00,270,14.1,2.0,0
2019-06-08 10:00:00,281,21.5,3.7,0
2019-06-08 11:00:00,294,31.2,3.7,0
2019-06-08 12:00:00,292,29.8,-2.1,0
2019-06-08 13:00:00,302,39.1,-0.6,0
2019-06-08 14:00:00,314,38.2,-1.3,0
2019-06-08 15:00:00,324,41.7,-0.5,0
2019-06-08 16:00:00,342,33.7,2.3,0
2019-06-08 17:00:00,341,32.9,-14.6,0
2019-06-08 18:00:00,345,43.4,-0.4,0
2019-06-08 19:00:00,362,31.5,7.0,0
2019-06-08 20:00:00,391,11.3,-1.6,0
2019-06-08 21:00:00,392,9.6,-2.7,0
2019-06-08 22:00:00,397,9.7,-1.8,0
2019-06-08 23:00:00,393,10.2,-1.0,0
2019-06-09 00:00:00,401,9.4,0.9,0
2019-06-09 01:00:00,403,8.2,-2.2,0
2019-06-09 02:00:00,419,7.9,1.8,0
2019-06-09 03:00:00,431,7.8,-0.1,0
2019-06-09 04:00:00,444,6.5,-3.3,0
2019-06-09 05:00:00,463,4.7,-1.6,0
2019-06-09 06:00:00,444,4.4,-0.6,0
2019-06-09 07:00:00,441,4.2,-1.4,0
2019-06-09 08:00:00,437,3.7,-0.1,0
2019-06-09 09:00:00,439,3.4,1.8,0
2019-06-09 10:00:00,429,3.4,2.2,0
2019-06-09 11:00:00,427,3.5,-0.4,0
2019-06-09 12:00:00,409,3.5,0.8,0
2019-06-09 13:00:00,399,3.3,-2.1,0
2019-06-09 14:00:00,405,3.2,0.1,0
2019-06-09 15:00:00,389,2.9,-0.1,0
2019-06-09 16:00:00,394,3.4,-1.7,0
2019-06-09 17:00:00,390,3.5,0.2,0
2019-06-09 18:00:00,386,3.2,1.2,0
2019-06-09 19:00:00,391,3.4,1.7,0
2019-06-09 20:00:00,381,3.4,0.5,0
2019-06-09 21:00:00,377,3.3,-1.6,0
2019-06-09 22:00:00,368,3.8,0.4,0
2019-06-09 23:00:00,365,4.1,2.5,0
2019-06-10 00:00:00,367,4.5,1.6,0
2019-06-10 01:00:00,364,4.5,0.3,0
2019-06-10 02:00:00,363,4.3,0.1,0
2019-06-10 03:00:00,356,4.0,1.4,0
2019-06-10 04:00:00,348,3.7,2.1,0
2019-06-10 05:00:00,350,3.5,1.9,0
2019-06-10 06:00:00,360,3.6,0.7,0
2019-06-10 07:00:00,361,3.1,1.9,0
2019-06-10 08:00:00,356,3.1,1.7,0
2019-06-10 09:00:00,356,3.0,0.9,0
2019-06-10 10:00:00,338,3.4,0.7,0
2019-06-10 11:00:00,339,3.6,0.6,0
2019-06-10 12:00:00,345,3.8,-1.7,0
2019-06-10 13:00:00,343,4.0,0.0,0
2019-06-10 14:00:00,349,4.0,-2.3,0
2019-06-10 15:00:00,346,4.0,-1.6,0
2019-06-10 16:00:00,339,4.4,-1.0,0
2019-06-10 17:00:00,336,4.4,-0.8,0
2019-06-10 18:00:00,343,4.5,-1.5,0
2019-06-10 19:00:00,331,4.2,-1.2,0
2019-06-10 20:00:00,329,4.3,0.6,0
2019-06-10 21:00:00,346,4.6,-0.5,0
2019-06-10 22:00:00,342,4.6,0.0,0
2019-06-10 23:00:00,339,4.6,0.2,0
2019-06-11 00:00:00,338,4.5,-0.7,0
2019-06-11 01:00:00,340,4.4,-1.1,0
2019-06-11 02:00:00,338,4.5,-1.6,0
2019-06-11 03:00:00,320,4.5,0.1,0
2019-06-11 04:00:00,320,4.9,-1.5,0
2019-06-11 05:00:00,312,4.5,1.3,0
2019-06-11 06:00:00,310,4.5,-0.2,0
2019-06-11 07:00:00,304,4.3,-0.4,0
2019-06-11 08:00:00,304,4.1,-0.5,0
2019-06-11 09:00:00,312,5.6,1.5,0
2019-06-11 10:00:00,313,5.8,1.2,0
2019-06-11 11:00:00,318,6.0,0.1,0
2019-06-11 12:00:00,323,5.7,-0.2,0
2019-06-11 13:00:00,317,5.8,0.6,0
2019-06-11 14:00:00,317,5.8,0.2,0
2019-06-11 15:00:00,314,6.2,1.0,0
2019-06-11 16:00:00,310,6.0,-0.3,0
2019-06-11 17:00:00,310,5.8,-1.3,0
2019-06-11 18:00:00,312,6.0,-1.8,0
2019-06-11 19:00:00,310,6.5,-0.7,0
2019-06-11 20:00:00,311,7.1,-1.5,0
2019-06-11 21:00:00,309,7.3,0.0,0
2019-06-11 22:00:00,309,8.1,-1.2,0
2019-06-11 23:00:00,312,9.5,-2.8,0
2019-06-12 00:00:00,310,9.9,-1.6,0
2019-06-12 01:00:00,307,9.7,0.1,0
2019-06-12 02:00:00,304,10.7,-0.4,0
2019-06-12 03:00:00,307,13.0,1.2,0
2019-06-12 04:00:00,307,14.4,0.9,0
2019-06-12 05:00:00,312,18.4,0.9,0
2019-06-12 06:00:00,312,18.3,-1.2,0
2019-06-12 07:00:00,312,21.8,-2.0,0
2019-06-12 08:00:00,311,23.7,-0.8,0
2019-06-12 09:00:00,308,23.5,1.2,0
2019-06-12 10:00:00,317,19.3,-0.4,0
2019-06-12 11:00:00,326,9.8,-1.7,0
2019-06-12 12:00:00,339,6.1,0.1,0
2019-06-12 13:00:00,361,6.2,-0.6,0
2019-06-12 14:00:00,348,5.7,1.5,0
2019-06-12 15:00:00,338,5.5,1.0,0
2019-06-12 16:00:00,338,5.4,1.5,0
2019-06-12 17:00:00,329,4.8,0.2,0
2019-06-12 18:00:00,323,5.1,0.2,0
2019-06-12 19:00:00,325,4.2,-0.2,0
2019-06-12 20:00:00,332,5.2,-0.6,0
2019-06-12 21:00:00,330,5.6,-0.2,0
2019-06-12 22:00:00,354,3.1,2.2,0
2019-06-12 23:00:00,359,2.7,1.5,0
2019-06-13 00:00:00,388,3.4,1.1,0
2019-06-13 01:00:00,397,4.7,0.5,0
2019-06-13 02:00:00,387,3.8,0.0,0
2019-06-13 03:00:00,398,4.7,0.0,0
2019-06-13 04:00:00,408,3.7,-0.3,0
2019-06-13 05:00:00,417,4.5,0.9,0
2019-06-13 06:00:00,447,7.1,-1.0,0
2019-06-13 07:00:00,438,7.3,-0.7,0
2019-06-13 08:00:00,435,7.3,0.0,0
2019-06-13 09:00:00,434,7.8,3.8,0
2019-06-13 10:00:00,408,7.8,0.8,0
2019-06-13 11:00:00,393,7.0,-1.5,0
2019-06-13 12:00:00,383,6.6,-1.0,0
2019-06-13 13:00:00,381,5.2,0.0,0
2019-06-13 14:00:00,385,6.0,1.9,0
2019-06-13 15:00:00,382,6.1,2.0,0
2019-06-13 16:00:00,394,6.6,0.5,0
2019-06-13 17:00:00,405,6.5,-1.0,0
2019-06-13 18:00:00,418,7.0,0.8,0
2019-06-13 19:00:00,416,6.8,-0.1,0
2019-06-13 20:00:00,438,6.4,0.3,0
2019-06-13 21:00:00,472,7.2,-1.9,0
2019-06-13 22:00:00,477,7.6,-5.4,0
2019-06-13 23:00:00,461,7.0,0.2,0
2019-06-14 00:00:00,467,7.3,4.6,0
2019-06-14 01:00:00,457,7.3,3.3,0
2019-06-14 02:00:00,452,7.5,3.9,0
2019-06-14 03:00:00,453,7.0,1.2,0
2019-06-14 04:00:00,467,6.1,-0.7,0
2019-06-14 05:00:00,446,6.3,-1.8,0
2019-06-14 06:00:00,457,5.8,-0.7,0
2019-06-14 07:00:00,458,5.3,-2.1,0
2019-06-14 08:00:00,467,5.1,-0.8,0
2019-06-14 09:00:00,464,4.9,-1.1,0
2019-06-14 10:00:00,461,4.7,-1.2,0
2019-06-14 11:00:00,472,4.6,-2.1,0
2019-06-14 12:00:00,468,4.5,-0.7,0
2019-06-14 13:00:00,455,4.5,-0.4,0
2019-06-14 14:00:00,463,4.6,0.4,0
2019-06-14 15:00:00,461,4.9,0.5,0
2019-06-14 16:00:00,453,4.6,-1.1,0
2019-06-14 17:00:00,444,5.1,1.0,0
2019-06-14 18:00:00,440,5.8,0.4,0
2019-06-14 19:00:00,441,6.0,0.6,0
2019-06-14 20:00:00,434,5.7,0.3,0
2019-06-14 21:00:00,429,5.7,0.4,0
2019-06-14 22:00:00,427,5.6,-1.2,0
2019-06-14 23:00:00,427,5.9,-0.2,0
2019-06-15 00:00:00,425,6.0,0.8,0
2019-06-15 01:00:00,422,6.2,0.1,0
2019-06-15 02:00:00,421,5.6,-1.1,0
2019-06-15 03:00:00,414,6.4,-1.6,0
2019-06-15 04:00:00,405,6.4,-2.0,0
2019-06-15 05:00:00,391,7.5,-0.8,0
2019-06-15 06:00:00,396,7.3,-0.8,0
2019-06-15 07:00:00,398,7.0,-0.4,0
2019-06-15 08:00:00,396,6.8,-0.6,0
2019-06-15 09:00:00,396,6.5,-0.7,0
2019-06-15 10:00:00,394,6.8,-1.4,0
2019-06-15 11:00:00,389,7.6,-2.1,0
2019-06-15 12:00:00,376,7.4,-0.5,0
2019-06-15 13:00:00,375,7.5,0.7,0
2019-06-15 14:00:00,371,7.6,0.8,0
2019-06-15 15:00:00,358,7.0,1.5,0
2019-06-15 16:00:00,356,4.8,1.2,0
2019-06-15 17:00:00,353,3.1,1.6,0
2019-06-15 18:00:00,346,2.4,1.3,0
2019-06-15 19:00:00,339,2.2,0.9,0
2019-06-15 20:00:00,344,3.0,0.0,0
2019-06-15 21:00:00,358,3.3,0.4,0
2019-06-15 22:00:00,360,4.1,0.1,0
2019-06-15 23:00:00,360,3.8,-0.5,0
2019-06-16 00:00:00,364,3.4,-0.7,0
2019-06-16 01:00:00,368,3.8,-0.8,0
2019-06-16 02:00:00,370,4.2,-1.9,0
2019-06-16 03:00:00,369,4.9,0.0,0
2019-06-16 04:00:00,368,4.9,0.7,0
2019-06-16 05:00:00,359,4.3,0.4,0
2019-06-16 06:00:00,351,3.9,0.7,0
2019-06-16 07:00:00,350,4.0,0.8,0
2019-06-16 08:00:00,346,4.0,1.4,0
2019-06-16 09:00:00,347,4.1,1.8,0
2019-06-16 10:00:00,354,3.9,1.1,0
2019-06-16 11:00:00,345,3.3,1.3,0
2019-06-16 12:00:00,337,3.4,-0.3,0
2019-06-16 13:00:00,341,2.8,-0.9,0
2019-06-16 14:00:00,354,2.2,-0.1,0
2019-06-16 15:00:00,358,2.0,0.5,0
2019-06-16 16:00:00,353,2.4,1.8,0
2019-06-16 17:00:00,356,2.6,0.1,0
2019-06-16 18:00:00,345,2.6,1.0,0
2019-06-16 19:00:00,344,2.6,0.7,0
2019-06-16 20:00:00,340,3.0,0.1,0
2019-06-16 21:00:00,339,3.2,-0.2,0
2019-06-16 22:00:00,338,2.5,-1.5,0
2019-06-16 23:00:00,337,2.2,-1.8,0
2019-06-17 00:00:00,332,2.7,-0.7,0
2019-06-17 01:00:00,334,2.7,-1.0,0
2019-06-17 02:00:00,335,2.8,-0.1,0
2019-06-17 03:00:00,334,3.5,-0.5,0
2019-06-17 04:00:00,338,4.1,-1.3,0
2019-06-17 05:00:00,342,4.4,-1.5,0
2019-06-17 06:00:00,342,5.0,-1.7,0
2019-06-17 07:00:00,336,5.2,-1.6,0
2019-06-17 08:00:00,328,5.9,-1.9,0
2019-06-17 09:00:00,329,6.0,-1.7,0
2019-06-17 10:00:00,330,6.0,-1.1,0
2019-06-17 11:00:00,330,4.5,-3.0,0
2019-06-17 12:00:00,327,5.0,-2.7,0
2019-06-17 13:00:00,328,5.6,-0.9,0
2019-06-17 14:00:00,328,6.0,-0.2,0
2019-06-17 15:00:00,333,6.8,0.4,0
2019-06-17 16:00:00,339,6.6,0.0,0
2019-06-17 17:00:00,338,6.4,0.2,0
2019-06-17 18:00:00,341,7.2,0.9,0
2019-06-17 19:00:00,340,7.7,1.9,0
2019-06-17 20:00:00,331,7.4,2.7,0
2019-06-17 21:00:00,329,6.9,2.8,0
2019-06-17 22:00:00,333,8.0,1.7,0
2019-06-17 23:00:00,336,8.4,1.4,0
2019-06-18 00:00:00,333,8.4,2.4,0
2019-06-18 01:00:00,328,8.1,4.4,0
2019-06-18 02:00:00,327,7.7,3.3,0
2019-06-18 03:00:00,326,8.3,2.9,0
2019-06-18 04:00:00,317,8.7,4.0,0
2019-06-18 05:00:00,309,7.6,2.0,0
2019-06-18 06:00:00,303,6.9,2.4,0
2019-06-18 07:00:00,302,7.3,2.1,0
2019-06-18 08:00:00,305,7.3,1.4,0
2019-06-18 09:00:00,306,9.4,0.4,0
2019-06-18 10:00:00,310,9.3,1.5,0
2019-06-18 11:00:00,305,7.8,1.4,0
2019-06-18 12:00:00,308,6.5,0.8,0
2019-06-18 13:00:00,318,6.6,1.1,0
2019-06-18 14:00:00,306,4.8,2.3,0
2019-06-18 15:00:00,297,3.5,0.1,0
2019-06-18 16:00:00,304,4.9,-1.0,0
2019-06-18 17:00:00,313,6.2,-1.0,0
2019-06-18 18:00:00,316,6.7,-2.1,0
2019-06-18 19:00:00,321,6.7,-1.4,0
2019-06-18 20:00:00,313,6.9,-0.5,0
2019-06-18 21:00:00,316,8.3,-0.8,0
2019-06-18 22:00:00,325,10.4,-0.6,0
2019-06-18 23:00:00,323,12.0,-1.1,0
2019-06-19 00:00:00,315,12.2,3.0,0
2019-06-19 01:00:00,321,13.4,0.4,0
2019-06-19 02:00:00,323,13.7,2.8,0
2019-06-19 03:00:00,323,12.9,3.2,0
2019-06-19 04:00:00,325,14.4,3.2,0
2019-06-19 05:00:00,322,15.1,2.4,0
2019-06-19 06:00:00,327,17.6,-0.8,0
2019-06-19 07:00:00,321,16.6,-1.9,0
2019-06-19 08:00:00,321,17.4,-1.4,0
2019-06-19 09:00:00,319,15.9,-1.9,0
2019-06-19 10:00:00,325,13.6,-2.3,0
2019-06-19 11:00:00,321,11.8,0.0,0
2019-06-19 12:00:00,324,11.3,-0.2,0
2019-06-19 13:00:00,335,11.7,-0.2,0
2019-06-19 14:00:00,334,11.8,-1.2,0
2019-06-19 15:00:00,331,11.9,-0.7,0
2019-06-19 16:00:00,328,11.8,0.9,0
2019-06-19 17:00:00,326,12.6,1.3,0
2019-06-19 18:00:00,330,12.9,0.6,0
2019-06-19 19:00:00,329,12.5,-0.3,0
2019-06-19 20:00:00,328,12.6,-0.6,0
2019-06-19 21:00:00,331,11.4,1.0,0
2019-06-19 22:00:00,336,11.2,1.4,0
2019-06-19 23:00:00,330,10.2,1.2,0
2019-06-20 00:00:00,336,10.8,1.3,0
2019-06-20 01:00:00,344,9.8,1.9,0
2019-06-20 02:00:00,346,9.8,1.2,0
2019-06-20 03:00:00,351,9.6,1.0,0
2019-06-20 04:00:00,359,,-3.5,0
2019-06-20 05:00:00,354,,-0.3,0
2019-06-20 06:00:00,369,,-4.7,0
2019-06-20 07:00:00,366,,-4.2,0
2019-06-20 08:00:00,362,,-2.8,0
2019-06-20 09:00:00,368,,-3.9,0
2019-06-20 10:00:00,354,,-2.0,0
2019-06-20 11:00:00,356,,1.0,0
2019-06-20 12:00:00,371,,-0.8,0
2019-06-20 13:00:00,361,,0.6,0
2019-06-20 14:00:00,359,,0.3,0
2019-06-20 15:00:00,344,,0.1,0
2019-06-20 16:00:00,356,,1.9,0
2019-06-20 17:00:00,357,5.2,0.1,0
2019-06-20 18:00:00,359,5.7,-0.8,0
2019-06-20 19:00:00,367,6.7,-1.4,0
2019-06-20 20:00:00,358,9.9,-1.6,0
2019-06-20 21:00:00,355,9.9,0.7,0
2019-06-20 22:00:00,351,8.8,2.0,0
2019-06-20 23:00:00,350,9.3,2.1,0
2019-06-21 00:00:00,356,11.2,1.0,0
2019-06-21 01:00:00,358,12.3,0.4,0
2019-06-21 02:00:00,350,16.3,-0.2,0
2019-06-21 03:00:00,357,19.8,1.4,0
2019-06-21 04:00:00,364,16.6,1.6,0
2019-06-21 05:00:00,364,12.5,2.0,0
2019-06-21 06:00:00,361,9.5,6.5,0
2019-06-21 07:00:00,363,7.7,1.6,0
2019-06-21 08:00:00,362,7.3,-3.2,0
2019-06-21 09:00:00,367,10.8,-2.4,0
2019-06-21 10:00:00,368,9.7,-1.1,0
2019-06-21 11:00:00,373,6.4,-0.2,0
2019-06-21 12:00:00,392,6.9,-1.1,0
2019-06-21 13:00:00,370,6.1,-1.4,0
2019-06-21 14:00:00,386,6.4,-0.5,0
2019-06-21 15:00:00,387,6.1,-1.1,0
2019-06-21 16:00:00,390,6.6,-0.3,0
2019-06-21 17:00:00,392,6.5,2.0,0
2019-06-21 18:00:00,383,6.9,0.5,0
2019-06-21 19:00:00,398,7.4,1.8,0
2019-06-21 20:00:00,397,8.7,2.6,0
2019-06-21 21:00:00,389,13.2,2.3,0
2019-06-21 22:00:00,385,13.0,1.8,0
2019-06-21 23:00:00,389,5.2,2.0,0
2019-06-22 00:00:00,394,5.0,-2.9,0
2019-06-22 01:00:00,395,5.1,-2.1,0
2019-06-22 02:00:00,404,4.8,-2.0,0
2019-06-22 03:00:00,410,4.5,-1.4,0
2019-06-22 04:00:00,412,5.0,-0.8,0
2019-06-22 05:00:00,396,4.7,-1.0,0
2019-06-22 06:00:00,392,4.3,-0.8,0
2019-06-22 07:00:00,379,4.5,-1.5,0
2019-06-22 08:00:00,388,5.7,0.4,0
2019-06-22 09:00:00,381,4.8,0.3,0
2019-06-22 10:00:00,382,5.3,-0.2,0
2019-06-22 11:00:00,384,6.3,-0.3,0
2019-06-22 12:00:00,383,6.9,-0.1,0
2019-06-22 13:00:00,376,7.0,-0.1,0
2019-06-22 14:00:00,379,7.2,-1.1,0
2019-06-22 15:00:00,384,5.8,-2.1,0
2019-06-22 16:00:00,382,5.6,-1.7,0
2019-06-22 17:00:00,371,5.4,-0.7,0
2019-06-22 18:00:00,364,5.7,-0.3,0
2019-06-22 19:00:00,361,6.7,-0.7,0
2019-06-22 20:00:00,359,6.1,0.4,0
2019-06-22 21:00:00,358,4.7,0.7,0
2019-06-22 22:00:00,355,5.7,1.2,0
2019-06-22 23:00:00,353,6.2,0.5,0
2019-06-23 00:00:00,352,6.9,0.1,0
2019-06-23 01:00:00,348,4.8,1.1,0
2019-06-23 02:00:00,345,4.1,1.1,0
2019-06-23 03:00:00,348,4.6,1.2,0
2019-06-23 04:00:00,345,5.3,0.9,0
2019-06-23 05:00:00,345,5.6,0.0,0
2019-06-23 06:00:00,338,5.4,0.0,0
2019-06-23 07:00:00,338,5.9,0.3,0
2019-06-23 08:00:00,334,5.3,-0.2,0
2019-06-23 09:00:00,335,5.8,-0.9,0
2019-06-23 10:00:00,329,5.6,-0.5,0
2019-06-23 11:00:00,327,5.6,0.2,0
2019-06-23 12:00:00,324,5.7,0.1,0
2019-06-23 13:00:00,322,6.0,-0.3,0
2019-06-23 14:00:00,318,5.1,-0.1,0
2019-06-23 15:00:00,325,4.9,0.3,0
2019-06-23 16:00:00,338,5.7,0.7,0
2019-06-23 17:00:00,341,6.1,0.5,0
2019-06-23 18:00:00,339,7.0,0.7,0
2019-06-23 19:00:00,340,7.3,-0.8,0
2019-06-23 20:00:00,334,6.3,-1.0,0
2019-06-23 21:00:00,335,6.8,0.8,0
2019-06-23 22:00:00,329,9.3,-0.2,0
2019-06-23 23:00:00,331,10.5,-1.4,0
2019-06-24 00:00:00,332,14.9,-0.6,11
2019-06-24 01:00:00,334,15.1,-1.3,11
2019-06-24 02:00:00,331,12.5,-0.9,11
2019-06-24 03:00:00,334,12.9,-0.2,11
2019-06-24 04:00:00,342,9.8,1.6,11
2019-06-24 05:00:00,350,9.4,2.1,11
2019-06-24 06:00:00,347,9.2,1.4,11
2019-06-24 07:00:00,343,9.2,1.9,11
2019-06-24 08:00:00,341,8.7,1.8,11
2019-06-24 09:00:00,340,8.9,0.4,11
2019-06-24 10:00:00,336,8.5,0.2,11
2019-06-24 11:00:00,334,7.6,-1.3,11
2019-06-24 12:00:00,333,6.3,-1.8,11
2019-06-24 13:00:00,328,5.5,0.3,11
2019-06-24 14:00:00,324,4.5,0.4,11
2019-06-24 15:00:00,325,3.8,1.1,11
2019-06-24 16:00:00,329,4.7,0.9,11
2019-06-24 17:00:00,333,4.2,0.9,11
2019-06-24 18:00:00,340,4.2,-1.5,11
2019-06-24 19:00:00,332,4.0,-1.4,11
2019-06-24 20:00:00,330,4.6,-1.4,11
2019-06-24 21:00:00,324,4.5,-1.0,11
2019-06-24 22:00:00,335,7.4,-1.1,11
2019-06-24 23:00:00,331,6.8,-0.3,11
2019-06-25 00:00:00,319,4.2,0.1,12
2019-06-25 01:00:00,317,5.0,0.0,12
2019-06-25 02:00:00,318,5.5,-0.3,12
2019-06-25 03:00:00,319,6.2,-0.1,12
2019-06-25 04:00:00,326,4.8,1.8,12
2019-06-25 05:00:00,333,4.7,2.2,12
2019-06-25 06:00:00,339,5.1,1.0,12
2019-06-25 07:00:00,328,4.4,1.1,12
2019-06-25 08:00:00,336,3.8,1.7,12
2019-06-25 09:00:00,347,5.0,-0.2,12
2019-06-25 10:00:00,351,5.5,-1.6,12
2019-06-25 11:00:00,349,5.5,-1.0,12
2019-06-25 12:00:00,333,5.4,-1.2,12
2019-06-25 13:00:00,339,6.6,-0.3,12
2019-06-25 14:00:00,327,5.3,-0.1,12
2019-06-25 15:00:00,321,4.4,0.4,12
2019-06-25 16:00:00,328,5.0,0.1,12
2019-06-25 17:00:00,334,5.6,0.1,12
2019-06-25 18:00:00,335,5.8,0.4,12
2019-06-25 19:00:00,342,8.8,-0.6,12
2019-06-25 20:00:00,349,11.2,-3.1,12
2019-06-25 21:00:00,350,15.0,-3.1,12
2019-06-25 22:00:00,349,15.5,1.1,12
2019-06-25 23:00:00,352,14.7,-1.6,12
2019-06-26 00:00:00,347,8.3,-0.2,7
2019-06-26 01:00:00,349,6.0,1.6,7
2019-06-26 02:00:00,334,4.0,1.0,7
2019-06-26 03:00:00,332,4.2,-1.2,7
2019-06-26 04:00:00,347,3.8,-2.1,7
2019-06-26 05:00:00,356,6.5,-3.7,7
2019-06-26 06:00:00,359,6.4,-2.6,7
2019-06-26 07:00:00,383,7.5,-3.9,7
2019-06-26 08:00:00,394,7.3,-4.3,7
2019-06-26 09:00:00,388,6.8,-2.1,7
2019-06-26 10:00:00,394,6.1,-1.2,7
2019-06-26 11:00:00,383,7.3,-0.9,7
2019-06-26 12:00:00,381,6.2,1.3,7
2019-06-26 13:00:00,383,5.5,3.8,7
2019-06-26 14:00:00,400,7.1,-0.3,7
2019-06-26 15:00:00,401,5.9,-1.1,7
2019-06-26 16:00:00,398,4.8,-0.6,7
2019-06-26 17:00:00,391,3.3,1.7,7
2019-06-26 18:00:00,402,3.4,1.0,7
2019-06-26 19:00:00,402,3.6,0.4,7
2019-06-26 20:00:00,397,3.9,0.7,7
2019-06-26 21:00:00,399,4.4,0.8,7
2019-06-26 22:00:00,399,4.3,0.9,7
2019-06-26 23:00:00,391,5.6,1.8,7
2019-06-27 00:00:00,388,6.1,0.3,0
2019-06-27 01:00:00,390,6.4,-1.1,0
2019-06-27 02:00:00,390,4.5,-0.4,0
2019-06-27 03:00:00,390,2.4,0.7,0
2019-06-27 04:00:00,378,2.6,0.6,0
2019-06-27 05:00:00,379,2.0,0.5,0
2019-06-27 06:00:00,371,1.5,0.6,0
2019-06-27 07:00:00,367,1.7,1.3,0
2019-06-27 08:00:00,366,2.8,0.6,0
2019-06-27 09:00:00,361,2.9,-0.1,0
2019-06-27 10:00:00,353,2.6,-1.1,0
2019-06-27 11:00:00,365,2.6,-1.7,0
2019-06-27 12:00:00,371,2.7,-2.8,0
2019-06-27 13:00:00,362,2.9,0.0,0
2019-06-27 14:00:00,364,3.2,0.3,0
2019-06-27 15:00:00,358,5.8,1.2,0
2019-06-27 16:00:00,352,7.5,-0.3,0
2019-06-27 17:00:00,360,8.0,-2.5,0
2019-06-27 18:00:00,354,8.7,-2.1,0
2019-06-27 19:00:00,353,10.2,0.2,0
2019-06-27 20:00:00,351,10.8,0.3,0
2019-06-27 21:00:00,352,11.3,1.0,0
2019-06-27 22:00:00,349,11.3,0.2,0
2019-06-27 23:00:00,343,7.1,-0.3,0
2019-06-28 00:00:00,346,8.5,-1.4,0
2019-06-28 01:00:00,349,6.5,-1.0,0
2019-06-28 02:00:00,354,5.9,-1.9,0
2019-06-28 03:00:00,347,6.0,0.6,0
2019-06-28 04:00:00,344,5.6,1.2,0
2019-06-28 05:00:00,338,4.6,2.0,0
2019-06-28 06:00:00,337,5.4,0.3,0
2019-06-28 07:00:00,332,4.7,1.9,0
2019-06-28 08:00:00,336,4.0,0.8,0
2019-06-28 09:00:00,331,3.8,2.3,0
2019-06-28 10:00:00,339,3.4,-0.3,0
2019-06-28 11:00:00,335,3.5,0.2,0
2019-06-28 12:00:00,341,3.6,-1.1,0
2019-06-28 13:00:00,344,3.4,-1.1,0
2019-06-28 14:00:00,341,,-0.4,0
2019-06-28 15:00:00,352,,-2.4,0
2019-06-28 16:00:00,353,2.4,-1.8,0
2019-06-28 17:00:00,343,1.8,-1.2,0
2019-06-28 18:00:00,340,2.9,-1.7,0
2019-06-28 19:00:00,331,2.8,-0.7,0
2019-06-28 20:00:00,337,3.3,-0.8,0
2019-06-28 21:00:00,341,2.8,1.1,0
2019-06-28 22:00:00,334,2.8,0.0,0
2019-06-28 23:00:00,338,3.1,-0.1,0
2019-06-29 00:00:00,340,3.6,0.3,5
2019-06-29 01:00:00,331,3.5,0.7,5
2019-06-29 02:00:00,332,3.0,1.3,5
2019-06-29 03:00:00,329,2.7,0.7,5
2019-06-29 04:00:00,326,2.3,0.5,5
2019-06-29 05:00:00,331,2.6,0.6,5
2019-06-29 06:00:00,328,2.9,-2.3,5
2019-06-29 07:00:00,328,3.1,-2.0,5
2019-06-29 08:00:00,329,3.2,-1.6,5
2019-06-29 09:00:00,332,4.1,-1.9,5
2019-06-29 10:00:00,328,3.9,-1.8,5
2019-06-29 11:00:00,325,4.7,-1.7,5
2019-06-29 12:00:00,313,2.7,0.1,5
2019-06-29 13:00:00,318,3.9,-0.3,5
2019-06-29 14:00:00,320,5.5,2.5,5
2019-06-29 15:00:00,319,7.5,0.7,5
2019-06-29 16:00:00,317,8.0,0.0,5
2019-06-29 17:00:00,316,7.2,0.4,5
2019-06-29 18:00:00,320,8.0,0.6,5
2019-06-29 19:00:00,320,8.0,1.0,5
2019-06-29 20:00:00,314,7.0,0.7,5
2019-06-29 21:00:00,311,7.0,0.0,5
2019-06-29 22:00:00,316,8.5,0.5,5
2019-06-29 23:00:00,325,8.6,-2.2,5
2019-06-30 00:00:00,325,10.4,-2.2,0
2019-06-30 01:00:00,304,7.1,0.8,0
2019-06-30 02:00:00,301,5.5,1.1,0
2019-06-30 03:00:00,304,5.2,1.9,0
2019-06-30 04:00:00,303,6.0,1.7,0
2019-06-30 05:00:00,317,7.7,0.9,0
2019-06-30 06:00:00,310,7.4,2.5,0
2019-06-30 07:00:00,307,6.9,2.3,0
2019-06-30 08:00:00,310,7.3,1.9,0
2019-06-30 09:00:00,310,7.4,1.2,0
2019-06-30 10:00:00,312,7.0,0.2,0
2019-06-30 11:00:00,317,7.6,0.0,0
2019-06-30 12:00:00,321,7.5,-1.7,0
2019-06-30 13:00:00,316,5.8,0.0,0
2019-06-30 14:00:00,312,5.3,-0.9,0
2019-06-30 15:00:00,307,5.1,-1.5,0
2019-06-30 16:00:00,315,5.3,-0.2,0
2019-06-30 17:00:00,322,5.5,-1.1,0
2019-06-30 18:00:00,318,4.8,-0.1,0
2019-06-30 19:00:00,320,4.3,-0.9,0
2019-06-30 20:00:00,322,4.7,-1.2,0
2019-06-30 21:00:00,317,4.8,-1.2,0
2019-06-30 22:00:00,326,7.5,-0.5,0
2019-06-30 23:00:00,333,9.3,-2.5,0
2019-07-01 00:00:00,333,11.2,-3.9,5
2019-07-01 01:00:00,327,12.5,-4.5,5
2019-07-01 02:00:00,329,10.2,-0.2,5
2019-07-01 03:00:00,327,10.3,-4.6,5
2019-07-01 04:00:00,331,14.2,-5.5,5
2019-07-01 05:00:00,338,16.3,-5.9,5
2019-07-01 06:00:00,353,15.8,-4.9,5
2019-07-01 07:00:00,355,17.0,1.0,5
2019-07-01 08:00:00,356,13.0,-0.8,5
2019-07-01 09:00:00,358,11.0,-0.3,5
2019-07-01 10:00:00,355,9.5,1.4,5
2019-07-01 11:00:00,354,8.1,-0.7,5
2019-07-01 12:00:00,353,8.8,0.1,5
2019-07-01 13:00:00,353,8.6,0.6,5
2019-07-01 14:00:00,347,8.1,-2.4,5
2019-07-01 15:00:00,347,8.3,-3.8,5
2019-07-01 16:00:00,347,7.2,-0.5,5
2019-07-01 17:00:00,343,6.9,2.8,5
2019-07-01 18:00:00,340,6.7,0.3,5
2019-07-01 19:00:00,345,6.6,0.3,5
2019-07-01 20:00:00,346,6.1,-2.6,5
2019-07-01 21:00:00,351,6.2,-2.3,5
2019-07-01 22:00:00,357,6.6,-1.5,5
2019-07-01 23:00:00,357,5.6,-2.7,5
2019-07-02 00:00:00,361,5.6,-2.6,0
2019-07-02 01:00:00,363,6.0,-2.0,0
2019-07-02 02:00:00,358,6.1,-2.3,0
2019-07-02 03:00:00,351,5.5,-2.7,0
2019-07-02 04:00:00,349,6.0,-2.0,0
2019-07-02 05:00:00,350,6.6,-3.0,0
2019-07-02 06:00:00,350,7.0,-1.2,0
2019-07-02 07:00:00,345,6.5,-2.5,0
2019-07-02 08:00:00,342,7.8,-3.3,0
2019-07-02 09:00:00,338,8.2,-3.2,0
2019-07-02 10:00:00,335,8.9,-3.5,0
2019-07-02 11:00:00,336,9.9,-4.3,0
2019-07-02 12:00:00,327,9.9,-3.6,0
2019-07-02 13:00:00,326,9.9,-4.3,0
2019-07-02 14:00:00,324,10.3,-4.3,0
2019-07-02 15:00:00,320,10.0,-4.4,0
2019-07-02 16:00:00,327,9.8,-4.6,0
2019-07-02 17:00:00,329,10.1,-3.5,0
2019-07-02 18:00:00,325,10.6,-3.0,0
2019-07-02 19:00:00,319,10.3,-2.5,0
2019-07-02 20:00:00,313,10.5,-1.3,0
2019-07-02 21:00:00,315,10.9,0.8,0
2019-07-02 22:00:00,320,11.2,3.0,0
2019-07-02 23:00:00,319,10.3,2.9,0
2019-07-03 00:00:00,322,9.5,3.7,0
2019-07-03 01:00:00,318,9.7,3.1,0
2019-07-03 02:00:00,314,10.4,2.6,0
2019-07-03 03:00:00,314,10.7,1.7,0
2019-07-03 04:00:00,312,11.3,0.6,0
2019-07-03 05:00:00,311,9.7,-1.9,0
2019-07-03 06:00:00,313,10.1,-2.9,0
2019-07-03 07:00:00,311,9.7,-3.1,0
2019-07-03 08:00:00,321,6.9,-2.8,0
2019-07-03 09:00:00,320,7.3,-1.6,0
2019-07-03 10:00:00,323,16.0,-2.0,0
2019-07-03 11:00:00,335,13.7,1.8,0
2019-07-03 12:00:00,355,9.7,3.0,0
2019-07-03 13:00:00,353,8.1,3.3,0
2019-07-03 14:00:00,353,7.9,1.8,0
2019-07-03 15:00:00,359,7.0,0.6,0
2019-07-03 16:00:00,369,6.4,-2.5,0
2019-07-03 17:00:00,375,5.4,-0.6,0
2019-07-03 18:00:00,372,3.8,0.4,0
2019-07-03 19:00:00,380,3.6,-0.8,0
2019-07-03 20:00:00,378,3.4,-0.2,0
2019-07-03 21:00:00,370,3.7,-0.6,0
2019-07-03 22:00:00,358,3.0,-0.4,0
2019-07-03 23:00:00,357,3.3,-0.3,0
2019-07-04 00:00:00,360,2.4,-0.5,0
2019-07-04 01:00:00,358,2.4,-0.5,0
2019-07-04 02:00:00,360,2.9,0.5,0
2019-07-04 03:00:00,360,3.2,0.2,0
2019-07-04 04:00:00,358,3.3,0.5,0
2019-07-04 05:00:00,358,3.1,1.0,0
2019-07-04 06:00:00,361,3.7,1.7,0
2019-07-04 07:00:00,362,4.3,2.4,0
2019-07-04 08:00:00,358,5.0,2.7,0
2019-07-04 09:00:00,353,5.5,2.4,0
2019-07-04 10:00:00,354,4.9,1.9,0
2019-07-04 11:00:00,369,4.8,-1.0,0
2019-07-04 12:00:00,366,5.4,-0.8,0
2019-07-04 13:00:00,353,4.6,-2.0,0
2019-07-04 14:00:00,352,5.7,-3.1,0
2019-07-04 15:00:00,350,7.2,-1.1,0
2019-07-04 16:00:00,350,6.8,0.1,0
2019-07-04 17:00:00,346,9.5,-0.8,0
2019-07-04 18:00:00,336,13.6,-0.8,0
2019-07-04 19:00:00,340,14.4,-1.1,0
2019-07-04 20:00:00,349,19.0,0.3,0
2019-07-04 21:00:00,345,14.4,0.3,0
2019-07-04 22:00:00,340,15.1,3.6,0
2019-07-04 23:00:00,364,10.5,2.6,0
2019-07-05 00:00:00,378,11.7,1.6,0
2019-07-05 01:00:00,382,11.1,0.0,0
2019-07-05 02:00:00,393,6.2,0.2,0
2019-07-05 03:00:00,400,6.3,3.7,0
2019-07-05 04:00:00,411,7.5,4.1,0
2019-07-05 05:00:00,415,7.7,1.6,0
2019-07-05 06:00:00,423,6.5,1.4,0
2019-07-05 07:00:00,430,5.2,-0.9,0
2019-07-05 08:00:00,422,4.9,-1.2,0
2019-07-05 09:00:00,424,4.7,-1.4,0
2019-07-05 10:00:00,421,4.5,-1.4,0
2019-07-05 11:00:00,411,4.7,1.0,0
2019-07-05 12:00:00,421,4.5,-0.8,0
2019-07-05 13:00:00,419,4.8,-0.5,0
2019-07-05 14:00:00,440,4.8,1.7,0
2019-07-05 15:00:00,441,5.2,2.9,0
2019-07-05 16:00:00,437,4.9,2.4,0
2019-07-05 17:00:00,426,4.0,1.3,0
2019-07-05 18:00:00,418,4.0,0.4,0
2019-07-05 19:00:00,414,3.9,0.7,0
2019-07-05 20:00:00,413,3.7,-0.2,0
2019-07-05 21:00:00,411,3.7,-0.2,0
2019-07-05 22:00:00,412,3.0,-0.1,0
2019-07-05 23:00:00,408,2.9,-0.4,0
2019-07-06 00:00:00,390,3.1,-0.7,0
2019-07-06 01:00:00,367,3.4,0.2,0
2019-07-06 02:00:00,367,4.3,-1.1,0
2019-07-06 03:00:00,371,4.2,-0.4,0
2019-07-06 04:00:00,369,4.3,-1.3,0
2019-07-06 05:00:00,365,4.6,0.9,0
2019-07-06 06:00:00,359,5.4,0.6,0
2019-07-06 07:00:00,357,5.8,0.1,0
2019-07-06 08:00:00,356,6.0,-1.0,0
2019-07-06 09:00:00,357,6.2,-2.2,0
2019-07-06 10:00:00,359,6.2,0.1,0
2019-07-06 11:00:00,360,6.1,-1.6,0
2019-07-06 12:00:00,358,6.6,-1.9,0
2019-07-06 13:00:00,357,7.0,-1.4,0
2019-07-06 14:00:00,356,6.9,-1.4,0
2019-07-06 15:00:00,353,6.9,-0.6,0
2019-07-06 16:00:00,352,6.7,-0.8,0
2019-07-06 17:00:00,346,7.0,-0.5,0
2019-07-06 18:00:00,344,7.1,-0.4,0
2019-07-06 19:00:00,342,7.3,-0.3,0
2019-07-06 20:00:00,343,7.1,0.4,0
2019-07-06 21:00:00,340,7.4,0.9,0
2019-07-06 22:00:00,335,7.9,1.6,0
2019-07-06 23:00:00,344,7.9,-0.3,0
2019-07-07 00:00:00,344,8.4,-0.5,9
2019-07-07 01:00:00,347,10.7,-0.9,9
2019-07-07 02:00:00,345,11.4,-0.7,9
2019-07-07 03:00:00,348,10.0,0.6,9
2019-07-07 04:00:00,346,10.6,0.7,9
2019-07-07 05:00:00,345,9.1,-0.5,9
2019-07-07 06:00:00,344,8.2,-2.7,9
2019-07-07 07:00:00,344,8.3,-3.2,9
2019-07-07 08:00:00,342,8.1,-1.6,9
2019-07-07 09:00:00,345,7.6,-0.6,9
2019-07-07 10:00:00,344,7.5,-1.2,9
2019-07-07 11:00:00,343,7.2,-1.7,9
2019-07-07 12:00:00,345,6.9,-2.0,9
2019-07-07 13:00:00,344,7.2,-1.1,9
2019-07-07 14:00:00,349,6.9,-2.1,9
2019-07-07 15:00:00,350,7.1,-1.4,9
2019-07-07 16:00:00,347,7.4,-1.6,9
2019-07-07 17:00:00,345,6.9,-2.3,9
2019-07-07 18:00:00,345,6.7,-1.1,9
2019-07-07 19:00:00,339,7.0,-1.0,9
2019-07-07 20:00:00,334,7.0,-2.6,9
2019-07-07 21:00:00,331,7.2,-3.2,9
2019-07-07 22:00:00,331,7.3,-1.8,9
2019-07-07 23:00:00,331,7.0,-1.2,9
2019-07-08 00:00:00,334,5.7,-3.9,5
2019-07-08 01:00:00,332,5.8,-3.5,5
2019-07-08 02:00:00,330,6.0,-1.9,5
2019-07-08 03:00:00,326,6.9,-2.1,5
2019-07-08 04:00:00,323,6.0,-3.5,5
2019-07-08 05:00:00,323,5.7,-2.9,5
2019-07-08 06:00:00,320,5.3,-2.7,5
2019-07-08 07:00:00,319,4.5,-2.2,5
2019-07-08 08:00:00,319,4.8,-2.2,5
2019-07-08 09:00:00,316,4.4,-1.1,5
2019-07-08 10:00:00,315,5.1,-0.5,5
2019-07-08 11:00:00,315,4.3,-1.1,5
2019-07-08 12:00:00,315,4.8,-1.0,5
2019-07-08 13:00:00,312,5.4,-0.9,5
2019-07-08 14:00:00,310,6.0,-1.2,5
2019-07-08 15:00:00,310,5.7,-0.3,5
2019-07-08 16:00:00,306,5.5,-0.3,5
2019-07-08 17:00:00,304,7.4,0.0,5
2019-07-08 18:00:00,301,6.1,-0.4,5
2019-07-08 19:00:00,318,10.3,0.4,5
2019-07-08 20:00:00,382,38.1,-0.7,5
2019-07-08 21:00:00,385,50.9,4.6,5
2019-07-08 22:00:00,375,58.1,3.9,5
2019-07-08 23:00:00,375,33.2,14.2,5
2019-07-09 00:00:00,391,17.3,5.9,0
2019-07-09 01:00:00,401,10.9,-1.3,0
2019-07-09 02:00:00,402,11.1,-2.2,0
2019-07-09 03:00:00,394,12.4,-5.3,0
2019-07-09 04:00:00,390,10.9,-4.7,0
2019-07-09 05:00:00,390,8.9,-3.7,0
2019-07-09 06:00:00,396,7.9,0.5,0
2019-07-09 07:00:00,382,8.7,1.7,0
2019-07-09 08:00:00,395,7.8,-4.3,0
2019-07-09 09:00:00,399,7.8,-3.1,0
2019-07-09 10:00:00,402,5.9,-2.8,0
2019-07-09 11:00:00,419,8.2,-2.1,0
2019-07-09 12:00:00,441,12.3,-1.2,0
2019-07-09 13:00:00,463,9.5,-0.3,0
2019-07-09 14:00:00,459,8.1,1.1,0
2019-07-09 15:00:00,481,8.1,-1.7,0
2019-07-09 16:00:00,474,8.1,4.6,0
2019-07-09 17:00:00,476,7.1,7.9,0
2019-07-09 18:00:00,482,9.3,0.6,0
2019-07-09 19:00:00,495,9.1,-5.5,0
2019-07-09 20:00:00,536,7.9,2.2,0
2019-07-09 21:00:00,586,6.1,0.0,0
2019-07-09 22:00:00,620,5.3,-0.1,0
2019-07-09 23:00:00,612,4.9,2.7,0
2019-07-10 00:00:00,611,5.3,1.0,0
2019-07-10 01:00:00,590,5.3,1.6,0
2019-07-10 02:00:00,576,5.6,1.1,0
2019-07-10 03:00:00,585,5.9,-4.4,0
2019-07-10 04:00:00,584,6.3,-0.3,0
2019-07-10 05:00:00,573,6.0,-1.3,0
2019-07-10 06:00:00,556,5.6,-1.2,0
2019-07-10 07:00:00,573,5.0,-0.4,0
2019-07-10 08:00:00,627,2.9,-3.0,0
2019-07-10 09:00:00,646,2.7,-1.7,0
2019-07-10 10:00:00,642,2.4,-1.6,0
2019-07-10 11:00:00,626,2.6,-0.2,0
2019-07-10 12:00:00,644,2.8,-1.4,0
2019-07-10 13:00:00,621,3.0,0.1,0
2019-07-10 14:00:00,617,2.7,0.0,0
2019-07-10 15:00:00,588,2.8,1.7,0
2019-07-10 16:00:00,587,3.0,1.5,0
2019-07-10 17:00:00,599,4.3,-1.7,0
2019-07-10 18:00:00,590,4.3,1.0,0
2019-07-10 19:00:00,600,4.0,3.3,0
2019-07-10 20:00:00,598,4.1,1.8,0
2019-07-10 21:00:00,580,3.5,-1.0,0
2019-07-10 22:00:00,573,3.1,1.4,0
2019-07-10 23:00:00,569,2.8,-1.8,0
2019-07-11 00:00:00,589,3.0,-1.5,0
2019-07-11 01:00:00,575,2.9,1.9,0
2019-07-11 02:00:00,566,3.2,2.1,0
2019-07-11 03:00:00,584,3.4,2.0,0
2019-07-11 04:00:00,588,3.4,2.4,0
2019-07-11 05:00:00,583,3.6,-0.7,0
2019-07-11 06:00:00,577,3.7,0.4,0
2019-07-11 07:00:00,593,3.2,-2.1,0
2019-07-11 08:00:00,585,3.2,0.9,0
2019-07-11 09:00:00,571,2.8,3.5,0
2019-07-11 10:00:00,556,2.7,1.8,0
2019-07-11 11:00:00,551,2.5,0.0,0
2019-07-11 12:00:00,529,2.1,0.1,0
2019-07-11 13:00:00,532,2.0,1.0,0
2019-07-11 14:00:00,519,1.9,0.3,0
2019-07-11 15:00:00,511,1.8,0.4,0
2019-07-11 16:00:00,515,2.1,0.7,0
2019-07-11 17:00:00,509,1.9,0.9,0
2019-07-11 18:00:00,502,2.3,0.9,0
2019-07-11 19:00:00,503,2.2,0.1,0
2019-07-11 20:00:00,495,2.0,-0.9,0
2019-07-11 21:00:00,495,1.7,0.3,0
2019-07-11 22:00:00,476,1.8,0.5,0
2019-07-11 23:00:00,479,1.7,-0.4,0
2019-07-12 00:00:00,471,1.7,-0.1,0
2019-07-12 01:00:00,475,1.7,0.3,0
2019-07-12 02:00:00,482,1.9,0.0,0
2019-07-12 03:00:00,472,1.6,-0.7,0
2019-07-12 04:00:00,458,1.2,-0.3,0
2019-07-12 05:00:00,489,1.5,-1.9,0
2019-07-12 06:00:00,500,1.6,-2.6,0
2019-07-12 07:00:00,496,1.6,-2.3,0
2019-07-12 08:00:00,487,2.0,-2.0,0
2019-07-12 09:00:00,489,2.2,-0.8,0
2019-07-12 10:00:00,486,2.3,-0.1,0
2019-07-12 11:00:00,475,2.5,0.4,0
2019-07-12 12:00:00,462,2.4,2.1,0
2019-07-12 13:00:00,448,2.1,2.8,0
2019-07-12 14:00:00,453,2.4,3.7,0
2019-07-12 15:00:00,451,2.0,2.1,0
2019-07-12 16:00:00,447,1.9,2.0,0
2019-07-12 17:00:00,453,2.1,-0.1,0
2019-07-12 18:00:00,451,2.3,0.8,0
2019-07-12 19:00:00,456,2.1,-0.8,0
2019-07-12 20:00:00,456,2.6,0.0,0
2019-07-12 21:00:00,453,3.3,0.2,0
2019-07-12 22:00:00,440,3.2,1.6,0
2019-07-12 23:00:00,439,3.5,2.2,0
2019-07-13 00:00:00,427,3.5,1.9,0
2019-07-13 01:00:00,436,4.0,3.0,0
2019-07-13 02:00:00,440,4.4,3.7,0
2019-07-13 03:00:00,438,4.5,2.6,0
2019-07-13 04:00:00,435,4.0,2.8,0
2019-07-13 05:00:00,452,6.1,1.2,0
2019-07-13 06:00:00,457,6.2,-0.7,0
2019-07-13 07:00:00,459,6.0,-1.6,0
2019-07-13 08:00:00,461,5.9,-0.4,0
2019-07-13 09:00:00,450,5.6,1.3,0
2019-07-13 10:00:00,446,5.4,-1.9,0
2019-07-13 11:00:00,451,5.0,-3.2,0
2019-07-13 12:00:00,449,5.0,-3.6,0
2019-07-13 13:00:00,441,4.9,-2.4,0
2019-07-13 14:00:00,438,4.5,-1.0,0
2019-07-13 15:00:00,435,4.7,0.9,0
2019-07-13 16:00:00,435,4.3,2.1,0
2019-07-13 17:00:00,435,4.3,0.3,0
2019-07-13 18:00:00,437,4.8,-0.7,0
2019-07-13 19:00:00,439,4.9,2.0,0
2019-07-13 20:00:00,447,5.3,1.8,0
2019-07-13 21:00:00,450,5.8,0.9,0
2019-07-13 22:00:00,450,6.2,-0.4,0
2019-07-13 23:00:00,441,6.6,-0.7,0
2019-07-14 00:00:00,432,5.9,0.1,0
2019-07-14 01:00:00,431,4.5,0.9,0
2019-07-14 02:00:00,426,4.3,1.1,0
2019-07-14 03:00:00,439,3.4,0.3,0
2019-07-14 04:00:00,434,3.0,0.3,0
2019-07-14 05:00:00,443,3.4,0.5,0
2019-07-14 06:00:00,452,4.1,-0.3,0
2019-07-14 07:00:00,443,4.5,-0.4,0
2019-07-14 08:00:00,439,5.0,-1.6,0
2019-07-14 09:00:00,429,4.0,0.9,0
2019-07-14 10:00:00,442,4.1,0.7,0
2019-07-14 11:00:00,437,4.1,0.8,0
2019-07-14 12:00:00,434,4.4,0.5,0
2019-07-14 13:00:00,433,4.7,1.1,0
2019-07-14 14:00:00,453,4.0,0.8,0
2019-07-14 15:00:00,456,4.4,0.2,0
2019-07-14 16:00:00,451,4.8,0.1,0
2019-07-14 17:00:00,440,4.8,0.3,0
2019-07-14 18:00:00,438,4.7,-1.3,0
2019-07-14 19:00:00,442,5.6,-2.0,0
2019-07-14 20:00:00,441,6.9,-1.7,0
2019-07-14 21:00:00,448,6.8,-1.3,0
2019-07-14 22:00:00,442,6.4,-2.0,0
2019-07-14 23:00:00,436,6.7,-0.6,0
2019-07-15 00:00:00,434,5.9,1.4,0
2019-07-15 01:00:00,432,6.3,0.2,0
2019-07-15 02:00:00,432,6.6,0.4,0
2019-07-15 03:00:00,432,6.5,1.7,0
2019-07-15 04:00:00,434,6.8,2.8,0
2019-07-15 05:00:00,435,6.8,1.7,0
2019-07-15 06:00:00,435,6.7,2.0,0
2019-07-15 07:00:00,447,5.8,3.0,0
2019-07-15 08:00:00,444,5.0,4.1,0
2019-07-15 09:00:00,460,5.7,-1.4,0
2019-07-15 10:00:00,455,8.3,2.2,0
2019-07-15 11:00:00,450,8.9,0.8,0
2019-07-15 12:00:00,460,,1.5,0
2019-07-15 13:00:00,477,,-1.6,0
2019-07-15 14:00:00,475,6.3,-1.5,0
2019-07-15 15:00:00,460,6.2,-0.5,0
2019-07-15 16:00:00,443,5.9,-0.3,0
2019-07-15 17:00:00,444,5.6,0.0,0
2019-07-15 18:00:00,440,5.0,0.4,0
2019-07-15 19:00:00,435,5.8,-0.7,0
2019-07-15 20:00:00,433,5.9,-1.5,0
2019-07-15 21:00:00,416,5.3,0.2,0
2019-07-15 22:00:00,410,5.9,0.0,0
2019-07-15 23:00:00,402,5.7,-0.7,0
2019-07-16 00:00:00,414,5.5,-1.7,0
2019-07-16 01:00:00,422,4.5,-0.1,0
2019-07-16 02:00:00,426,3.9,-0.2,0
2019-07-16 03:00:00,425,3.3,0.6,0
2019-07-16 04:00:00,425,3.4,-0.8,0
2019-07-16 05:00:00,408,4.2,-0.4,0
2019-07-16 06:00:00,404,4.3,-0.8,0
2019-07-16 07:00:00,405,4.4,-0.7,0
2019-07-16 08:00:00,394,5.0,-0.8,0
2019-07-16 09:00:00,388,5.1,-1.1,0
2019-07-16 10:00:00,382,5.3,-1.2,0
2019-07-16 11:00:00,377,5.6,-0.3,0
2019-07-16 12:00:00,382,5.5,-2.0,0
2019-07-16 13:00:00,370,,-0.4,0
2019-07-16 14:00:00,374,,0.2,0
2019-07-16 15:00:00,370,,-1.0,0
2019-07-16 16:00:00,371,,0.1,0
2019-07-16 17:00:00,369,,0.1,0
2019-07-16 18:00:00,374,,-0.7,0
2019-07-16 19:00:00,373,,0.0,0
2019-07-16 20:00:00,369,,0.6,0
2019-07-16 21:00:00,370,,-0.5,0
2019-07-16 22:00:00,367,,0.2,0
2019-07-16 23:00:00,364,,0.0,0
2019-07-17 00:00:00,373,,0.1,0
2019-07-17 01:00:00,385,,-1.1,0
2019-07-17 02:00:00,393,,-2.1,0
2019-07-17 03:00:00,413,,-1.2,0
2019-07-17 04:00:00,406,3.2,-0.1,0
2019-07-17 05:00:00,426,4.1,0.7,0
2019-07-17 06:00:00,432,4.4,-0.8,0
2019-07-17 07:00:00,454,3.3,1.3,0
2019-07-17 08:00:00,471,3.2,0.2,0
2019-07-17 09:00:00,456,3.0,1.9,0
2019-07-17 10:00:00,444,2.6,2.1,0
2019-07-17 11:00:00,446,2.1,-0.3,0
2019-07-17 12:00:00,448,1.9,0.0,0
2019-07-17 13:00:00,444,1.5,0.8,0
2019-07-17 14:00:00,437,1.6,1.2,0
2019-07-17 15:00:00,438,1.9,1.9,0
2019-07-17 16:00:00,431,1.9,1.2,0
2019-07-17 17:00:00,425,2.1,0.4,0
2019-07-17 18:00:00,427,2.8,0.0,0
2019-07-17 19:00:00,425,2.9,-0.5,0
2019-07-17 20:00:00,417,3.3,-0.9,0
2019-07-17 21:00:00,418,3.7,-0.4,0
2019-07-17 22:00:00,412,4.8,-1.7,0
2019-07-17 23:00:00,412,4.6,-0.5,0
2019-07-18 00:00:00,417,4.9,-0.1,0
2019-07-18 01:00:00,400,5.4,0.0,0
2019-07-18 02:00:00,399,4.8,0.3,0
2019-07-18 03:00:00,395,2.7,-0.3,0
2019-07-18 04:00:00,392,3.3,-0.4,0
2019-07-18 05:00:00,392,3.6,-0.8,0
2019-07-18 06:00:00,383,5.7,0.0,0
2019-07-18 07:00:00,380,6.2,-0.3,0
2019-07-18 08:00:00,376,6.1,-0.5,0
2019-07-18 09:00:00,370,7.1,-1.2,0
2019-07-18 10:00:00,379,5.8,-0.4,0
2019-07-18 11:00:00,379,6.0,1.5,0
2019-07-18 12:00:00,381,5.1,0.8,0
2019-07-18 13:00:00,389,6.9,0.2,0
2019-07-18 14:00:00,383,7.8,0.5,0
2019-07-18 15:00:00,372,7.8,1.0,0
2019-07-18 16:00:00,376,4.4,2.3,0
2019-07-18 17:00:00,366,4.2,3.1,0
2019-07-18 18:00:00,366,4.6,2.1,0
2019-07-18 19:00:00,372,4.3,-0.2,0
2019-07-18 20:00:00,387,3.5,0.0,0
2019-07-18 21:00:00,379,3.8,0.0,0
2019-07-18 22:00:00,380,3.2,-1.1,0
2019-07-18 23:00:00,370,3.9,-1.3,0
2019-07-19 00:00:00,360,3.7,0.6,0
2019-07-19 01:00:00,361,3.4,0.6,0
2019-07-19 02:00:00,368,3.5,0.6,0
2019-07-19 03:00:00,362,3.5,0.8,0
2019-07-19 04:00:00,363,4.6,0.1,0
2019-07-19 05:00:00,353,3.3,0.3,0
2019-07-19 06:00:00,342,2.7,-1.6,0
2019-07-19 07:00:00,349,2.9,-1.2,0
2019-07-19 08:00:00,359,3.5,-0.4,0
2019-07-19 09:00:00,358,3.0,-1.6,0
2019-07-19 10:00:00,359,3.3,-2.5,0
2019-07-19 11:00:00,354,3.8,-0.9,0
2019-07-19 12:00:00,349,4.5,-1.0,0
2019-07-19 13:00:00,353,4.9,-0.9,0
2019-07-19 14:00:00,350,5.0,-0.9,0
2019-07-19 15:00:00,345,5.0,0.2,0
2019-07-19 16:00:00,343,4.2,1.0,0
2019-07-19 17:00:00,342,3.9,-0.1,0
2019-07-19 18:00:00,344,4.4,0.0,0
2019-07-19 19:00:00,346,4.5,-1.6,0
2019-07-19 20:00:00,342,4.5,-1.2,0
2019-07-19 21:00:00,337,4.5,-1.1,0
2019-07-19 22:00:00,335,5.5,-0.8,0
2019-07-19 23:00:00,333,5.8,-0.9,0
2019-07-20 00:00:00,334,5.3,-0.8,0
2019-07-20 01:00:00,335,5.0,-0.6,0
2019-07-20 02:00:00,330,5.2,-0.4,0
2019-07-20 03:00:00,327,5.5,-0.2,0
2019-07-20 04:00:00,323,5.9,0.3,0
2019-07-20 05:00:00,323,7.3,0.6,0
2019-07-20 06:00:00,328,5.4,-0.4,0
2019-07-20 07:00:00,333,4.8,-1.5,0
2019-07-20 08:00:00,333,5.9,-1.3,0
2019-07-20 09:00:00,330,5.8,-1.2,0
2019-07-20 10:00:00,331,6.1,-1.1,0
2019-07-20 11:00:00,331,7.4,-1.8,0
2019-07-20 12:00:00,334,5.7,-1.4,0
2019-07-20 13:00:00,334,6.6,-0.5,0
2019-07-20 14:00:00,331,8.7,0.0,0
2019-07-20 15:00:00,328,8.8,1.5,0
2019-07-20 16:00:00,327,7.8,2.0,0
2019-07-20 17:00:00,325,8.9,2.4,0
2019-07-20 18:00:00,322,8.6,2.3,0
2019-07-20 19:00:00,325,6.2,2.3,0
2019-07-20 20:00:00,336,4.5,2.0,0
2019-07-20 21:00:00,341,5.2,1.6,0
2019-07-20 22:00:00,334,5.9,-0.2,0
2019-07-20 23:00:00,326,6.6,-0.9,0
2019-07-21 00:00:00,324,6.7,0.3,0
2019-07-21 01:00:00,322,6.6,0.8,0
2019-07-21 02:00:00,333,6.0,1.2,0
2019-07-21 03:00:00,338,5.2,1.5,0
2019-07-21 04:00:00,339,6.0,1.2,0
2019-07-21 05:00:00,330,5.4,1.2,0
2019-07-21 06:00:00,328,5.5,0.6,0
2019-07-21 07:00:00,331,6.1,0.1,0
2019-07-21 08:00:00,340,8.1,0.8,0
2019-07-21 09:00:00,349,8.7,-1.5,0
2019-07-21 10:00:00,344,8.6,-2.1,0
2019-07-21 11:00:00,341,8.8,-2.0,0
2019-07-21 12:00:00,315,8.0,-2.2,0
2019-07-21 13:00:00,305,8.0,-0.2,0
2019-07-21 14:00:00,314,8.9,0.7,0
2019-07-21 15:00:00,320,10.2,0.5,0
2019-07-21 16:00:00,323,12.1,-1.0,0
2019-07-21 17:00:00,315,13.5,0.6,0
2019-07-21 18:00:00,325,14.0,-2.3,0
2019-07-21 19:00:00,342,19.6,-2.3,0
2019-07-21 20:00:00,348,24.2,-2.2,0
2019-07-21 21:00:00,337,15.3,-2.6,0
2019-07-21 22:00:00,351,26.3,-2.2,0
2019-07-21 23:00:00,363,41.2,0.4,0
2019-07-22 00:00:00,360,40.0,0.9,8
2019-07-22 01:00:00,355,35.4,1.9,8
2019-07-22 02:00:00,350,34.8,6.4,8
2019-07-22 03:00:00,349,25.5,7.0,8
2019-07-22 04:00:00,333,18.9,5.4,8
2019-07-22 05:00:00,329,19.1,-1.8,8
2019-07-22 06:00:00,337,19.7,-0.9,8
2019-07-22 07:00:00,353,19.5,-4.8,8
2019-07-22 08:00:00,353,15.9,-5.6,8
2019-07-22 09:00:00,365,11.4,-3.3,8
2019-07-22 10:00:00,382,11.4,1.5,8
2019-07-22 11:00:00,391,11.2,-0.9,8
2019-07-22 12:00:00,384,8.5,0.1,8
2019-07-22 13:00:00,396,9.1,1.4,8
2019-07-22 14:00:00,417,14.7,2.1,8
2019-07-22 15:00:00,423,12.0,0.4,8
2019-07-22 16:00:00,416,11.7,0.5,8
2019-07-22 17:00:00,409,8.1,1.3,8
2019-07-22 18:00:00,397,5.4,0.5,8
2019-07-22 19:00:00,402,3.0,-1.9,8
2019-07-22 20:00:00,366,2.6,0.8,8
2019-07-22 21:00:00,370,3.1,-0.2,8
2019-07-22 22:00:00,372,3.1,-0.4,8
2019-07-22 23:00:00,372,2.8,-0.3,8
2019-07-23 00:00:00,359,2.5,-0.6,0
2019-07-23 01:00:00,374,2.6,0.0,0
2019-07-23 02:00:00,390,4.7,-0.9,0
2019-07-23 03:00:00,389,5.3,-0.8,0
2019-07-23 04:00:00,393,7.2,0.0,0
2019-07-23 05:00:00,388,7.4,-2.2,0
2019-07-23 06:00:00,378,5.6,-2.1,0
2019-07-23 07:00:00,370,4.7,1.2,0
2019-07-23 08:00:00,367,4.6,-1.6,0
2019-07-23 09:00:00,378,5.5,-2.1,0
2019-07-23 10:00:00,388,7.3,-1.1,0
2019-07-23 11:00:00,397,13.8,0.3,0
2019-07-23 12:00:00,373,6.0,2.1,0
2019-07-23 13:00:00,384,5.3,0.4,0
2019-07-23 14:00:00,394,4.9,0.0,0
2019-07-23 15:00:00,417,4.9,1.0,0
2019-07-23 16:00:00,411,4.0,1.6,0
2019-07-23 17:00:00,403,3.9,1.7,0
2019-07-23 18:00:00,400,4.4,0.7,0
2019-07-23 19:00:00,414,4.3,-0.8,0
2019-07-23 20:00:00,413,5.1,-2.0,0
2019-07-23 21:00:00,414,5.2,-0.7,0
2019-07-23 22:00:00,424,5.0,-2.3,0
2019-07-23 23:00:00,420,4.4,-0.4,0
2019-07-24 00:00:00,411,4.3,-0.2,0
2019-07-24 01:00:00,401,4.1,0.9,0
2019-07-24 02:00:00,399,4.2,-0.6,0
2019-07-24 03:00:00,394,4.5,1.0,0
2019-07-24 04:00:00,385,5.9,1.7,0
2019-07-24 05:00:00,382,5.3,0.4,0
2019-07-24 06:00:00,376,5.2,0.4,0
2019-07-24 07:00:00,368,5.0,0.0,0
2019-07-24 08:00:00,379,4.6,-0.6,0
2019-07-24 09:00:00,377,4.5,-1.3,0
2019-07-24 10:00:00,380,5.1,-1.6,0
2019-07-24 11:00:00,390,6.0,-1.8,0
2019-07-24 12:00:00,394,7.1,-1.3,0
2019-07-24 13:00:00,390,8.4,-0.6,0
2019-07-24 14:00:00,397,8.6,-2.8,0
2019-07-24 15:00:00,397,8.7,-2.7,0
2019-07-24 16:00:00,385,9.6,-0.6,0
2019-07-24 17:00:00,381,8.0,0.8,0
2019-07-24 18:00:00,387,8.1,-3.2,0
2019-07-24 19:00:00,378,6.4,-1.7,0
2019-07-24 20:00:00,366,5.7,1.2,0
2019-07-24 21:00:00,368,5.3,1.0,0
2019-07-24 22:00:00,367,2.6,-0.3,0
2019-07-24 23:00:00,360,2.7,0.3,0
2019-07-25 00:00:00,356,2.5,1.4,0
2019-07-25 01:00:00,358,4.7,1.2,0
2019-07-25 02:00:00,361,5.1,0.6,0
2019-07-25 03:00:00,368,4.9,1.2,0
2019-07-25 04:00:00,369,5.2,0.7,0
2019-07-25 05:00:00,365,5.5,-0.6,0
2019-07-25 06:00:00,360,5.6,-1.4,0
2019-07-25 07:00:00,357,4.8,1.8,0
2019-07-25 08:00:00,363,5.0,-0.8,0
2019-07-25 09:00:00,367,4.9,0.2,0
2019-07-25 10:00:00,363,4.8,0.7,0
2019-07-25 11:00:00,356,5.3,-0.8,0
2019-07-25 12:00:00,355,5.6,-1.2,0
2019-07-25 13:00:00,348,4.9,-0.4,0
2019-07-25 14:00:00,347,4.9,-1.4,0
2019-07-25 15:00:00,344,4.8,-0.3,0
2019-07-25 16:00:00,345,5.2,0.0,0
2019-07-25 17:00:00,346,5.3,0.0,0
2019-07-25 18:00:00,344,5.2,0.2,0
2019-07-25 19:00:00,348,4.6,0.1,0
2019-07-25 20:00:00,350,3.7,0.1,0
2019-07-25 21:00:00,352,3.6,0.1,0
2019-07-25 22:00:00,364,4.1,0.0,0
2019-07-25 23:00:00,361,4.2,-0.2,0
2019-07-26 00:00:00,351,4.1,1.6,0
2019-07-26 01:00:00,343,3.7,1.5,0
2019-07-26 02:00:00,337,3.2,2.0,0
2019-07-26 03:00:00,340,3.7,1.3,0
2019-07-26 04:00:00,340,3.8,1.0,0
2019-07-26 05:00:00,347,3.9,0.8,0
2019-07-26 06:00:00,345,4.1,0.4,0
2019-07-26 07:00:00,337,3.8,-0.4,0
2019-07-26 08:00:00,331,4.7,-0.3,0
2019-07-26 09:00:00,333,4.6,0.5,0
2019-07-26 10:00:00,332,5.2,-0.6,0
2019-07-26 11:00:00,329,5.5,-1.7,0
2019-07-26 12:00:00,335,5.9,-0.4,0
2019-07-26 13:00:00,337,6.1,0.5,0
2019-07-26 14:00:00,336,6.5,0.2,0
2019-07-26 15:00:00,340,6.6,0.8,0
2019-07-26 16:00:00,338,6.4,0.8,0
2019-07-26 17:00:00,334,7.0,-0.3,0
2019-07-26 18:00:00,332,7.4,-0.2,0
2019-07-26 19:00:00,321,6.9,1.1,0
2019-07-26 20:00:00,328,7.1,0.4,0
2019-07-26 21:00:00,315,6.1,-0.6,0
2019-07-26 22:00:00,314,6.4,0.5,0
2019-07-26 23:00:00,320,6.4,-1.1,0
2019-07-27 00:00:00,320,6.3,-1.1,0
2019-07-27 01:00:00,314,6.3,0.2,0
2019-07-27 02:00:00,314,6.1,-0.2,0
2019-07-27 03:00:00,309,6.5,-0.3,0
2019-07-27 04:00:00,317,6.4,-0.4,0
2019-07-27 05:00:00,308,7.1,-0.9,0
2019-07-27 06:00:00,305,6.8,-0.5,0
2019-07-27 07:00:00,303,6.9,-0.7,0
2019-07-27 08:00:00,291,6.2,-0.5,0
2019-07-27 09:00:00,307,10.3,-2.1,0
2019-07-27 10:00:00,312,13.1,0.9,0
2019-07-27 11:00:00,320,16.3,-1.2,0
2019-07-27 12:00:00,316,16.8,-2.7,0
2019-07-27 13:00:00,312,14.3,-0.9,0
2019-07-27 14:00:00,312,14.9,-1.2,0
2019-07-27 15:00:00,309,16.1,-1.3,0
2019-07-27 16:00:00,309,17.1,-2.4,0
2019-07-27 17:00:00,315,15.2,-2.3,0
2019-07-27 18:00:00,322,9.0,-3.4,0
2019-07-27 19:00:00,320,7.7,-4.6,0
2019-07-27 20:00:00,323,6.2,-3.4,0
2019-07-27 21:00:00,324,5.5,-3.0,0
2019-07-27 22:00:00,326,6.4,-1.9,0
2019-07-27 23:00:00,332,6.6,-2.3,0
2019-07-28 00:00:00,337,10.3,-2.3,0
2019-07-28 01:00:00,340,13.2,1.2,0
2019-07-28 02:00:00,344,13.6,0.8,0
2019-07-28 03:00:00,344,12.3,-1.4,0
2019-07-28 04:00:00,356,10.0,-2.0,0
2019-07-28 05:00:00,359,10.3,-1.7,0
2019-07-28 06:00:00,347,14.5,1.6,0
2019-07-28 07:00:00,349,12.4,1.3,0
2019-07-28 08:00:00,350,11.2,1.3,0
2019-07-28 09:00:00,348,10.0,0.4,0
2019-07-28 10:00:00,346,10.7,-0.1,0
2019-07-28 11:00:00,344,10.9,0.4,0
2019-07-28 12:00:00,342,11.1,1.6,0
2019-07-28 13:00:00,348,9.9,2.1,0
2019-07-28 14:00:00,347,11.8,2.0,0
2019-07-28 15:00:00,347,15.6,1.9,0
2019-07-28 16:00:00,341,17.4,0.6,0
2019-07-28 17:00:00,337,15.3,0.7,0
2019-07-28 18:00:00,336,11.0,0.7,0
2019-07-28 19:00:00,336,9.1,1.2,0
2019-07-28 20:00:00,343,7.4,1.5,0
2019-07-28 21:00:00,349,6.0,1.9,0
2019-07-28 22:00:00,352,6.9,-0.1,0
2019-07-28 23:00:00,351,7.0,-1.5,0
2019-07-29 00:00:00,347,7.4,-0.9,0
2019-07-29 01:00:00,353,6.2,-2.1,0
2019-07-29 02:00:00,354,7.1,-1.1,0
2019-07-29 03:00:00,347,7.7,-1.4,0
2019-07-29 04:00:00,352,7.9,-0.4,0
2019-07-29 05:00:00,361,8.5,-1.6,0
2019-07-29 06:00:00,362,9.4,-0.3,0
2019-07-29 07:00:00,371,7.0,2.0,0
2019-07-29 08:00:00,368,7.3,0.4,0
2019-07-29 09:00:00,374,7.9,2.4,0
2019-07-29 10:00:00,369,8.3,1.2,0
2019-07-29 11:00:00,369,7.6,1.0,0
2019-07-29 12:00:00,372,7.4,-1.0,0
2019-07-29 13:00:00,368,7.0,1.7,0
2019-07-29 14:00:00,365,7.2,0.0,0
2019-07-29 15:00:00,364,6.6,-2.1,0
2019-07-29 16:00:00,359,5.9,-0.9,0
2019-07-29 17:00:00,355,5.9,-0.7,0
2019-07-29 18:00:00,361,5.6,1.0,0
2019-07-29 19:00:00,360,5.3,-0.4,0
2019-07-29 20:00:00,356,4.6,1.4,0
2019-07-29 21:00:00,357,4.1,1.9,0
2019-07-29 22:00:00,355,4.1,1.2,0
2019-07-29 23:00:00,357,4.0,-1.6,0
2019-07-30 00:00:00,351,3.7,-0.7,0
2019-07-30 01:00:00,337,3.5,-0.9,0
2019-07-30 02:00:00,337,3.7,-0.8,0
2019-07-30 03:00:00,335,3.8,-0.8,0
2019-07-30 04:00:00,329,3.5,-0.6,0
2019-07-30 05:00:00,324,3.7,0.2,0
2019-07-30 06:00:00,328,4.1,0.8,0
2019-07-30 07:00:00,321,3.8,0.6,0
2019-07-30 08:00:00,332,5.4,0.4,0
2019-07-30 09:00:00,353,7.9,0.1,0
2019-07-30 10:00:00,353,11.0,1.7,0
2019-07-30 11:00:00,348,10.7,0.5,0
2019-07-30 12:00:00,350,12.9,-1.8,0
2019-07-30 13:00:00,359,9.6,0.1,0
2019-07-30 14:00:00,363,16.8,1.2,0
2019-07-30 15:00:00,360,16.1,-4.5,0
2019-07-30 16:00:00,366,6.8,-1.7,0
2019-07-30 17:00:00,371,7.4,-3.1,0
2019-07-30 18:00:00,379,7.2,-2.2,0
2019-07-30 19:00:00,388,8.1,-3.1,0
2019-07-30 20:00:00,403,11.3,-3.1,0
2019-07-30 21:00:00,402,12.4,4.9,0
2019-07-30 22:00:00,416,17.5,3.6,0
2019-07-30 23:00:00,426,11.3,-0.2,0
2019-07-31 00:00:00,453,6.1,6.4,0
2019-07-31 01:00:00,451,7.7,3.6,0
2019-07-31 02:00:00,452,6.9,-1.5,0
2019-07-31 03:00:00,464,5.9,-0.1,0
2019-07-31 04:00:00,461,5.1,0.2,0
2019-07-31 05:00:00,450,5.1,0.6,0
2019-07-31 06:00:00,458,6.3,1.0,0
2019-07-31 07:00:00,464,5.3,-3.8,0
2019-07-31 08:00:00,465,6.4,0.3,0
2019-07-31 09:00:00,461,5.5,-0.8,0
2019-07-31 10:00:00,464,6.2,0.4,0
2019-07-31 11:00:00,470,5.2,1.0,0
2019-07-31 12:00:00,464,6.2,0.0,0
2019-07-31 13:00:00,458,4.2,0.4,0
2019-07-31 14:00:00,454,6.7,4.1,0
2019-07-31 15:00:00,460,6.3,3.3,0
2019-07-31 16:00:00,473,6.3,4.8,0
2019-07-31 17:00:00,484,6.8,3.8,0
2019-07-31 18:00:00,482,7.3,0.7,0
2019-07-31 19:00:00,496,6.9,3.0,0
2019-07-31 20:00:00,493,6.4,0.5,0
2019-07-31 21:00:00,491,6.5,2.9,0
2019-07-31 22:00:00,478,6.1,1.2,0
2019-07-31 23:00:00,478,6.0,-2.1,0
2019-08-01 00:00:00,476,5.8,-1.8,0
2019-08-01 01:00:00,528,2.9,-1.0,0
2019-08-01 02:00:00,526,2.4,-0.7,0
2019-08-01 03:00:00,526,2.2,-0.3,0
2019-08-01 04:00:00,550,2.3,0.7,0
2019-08-01 05:00:00,548,2.2,-0.9,0
2019-08-01 06:00:00,553,2.4,0.4,0
2019-08-01 07:00:00,542,2.4,1.3,0
2019-08-01 08:00:00,540,2.3,0.2,0
2019-08-01 09:00:00,542,2.3,0.4,0
2019-08-01 10:00:00,543,2.6,-0.5,0
2019-08-01 11:00:00,534,2.5,-0.8,0
2019-08-01 12:00:00,523,2.5,-0.8,0
2019-08-01 13:00:00,522,2.7,-0.1,0
2019-08-01 14:00:00,519,2.9,1.0,0
2019-08-01 15:00:00,511,3.4,0.0,0
2019-08-01 16:00:00,513,3.9,0.9,0
2019-08-01 17:00:00,502,4.0,-2.1,0
2019-08-01 18:00:00,494,3.5,1.4,0
2019-08-01 19:00:00,497,3.3,2.1,0
2019-08-01 20:00:00,492,3.4,-1.1,0
2019-08-01 21:00:00,495,3.2,-2.7,0
2019-08-01 22:00:00,493,3.3,-1.4,0
2019-08-01 23:00:00,492,3.0,1.2,0
2019-08-02 00:00:00,493,2.8,0.2,0
2019-08-02 01:00:00,489,2.5,-0.9,0
2019-08-02 02:00:00,489,2.2,-0.7,0
2019-08-02 03:00:00,470,1.9,-0.7,0
2019-08-02 04:00:00,474,2.0,-1.2,0
2019-08-02 05:00:00,478,1.9,-0.5,0
2019-08-02 06:00:00,478,1.9,-0.8,0
2019-08-02 07:00:00,469,1.9,-0.8,0
2019-08-02 08:00:00,456,2.3,-1.5,0
2019-08-02 09:00:00,456,2.1,-0.8,0
2019-08-02 10:00:00,470,1.4,0.1,0
2019-08-02 11:00:00,457,1.9,-0.1,0
2019-08-02 12:00:00,443,2.4,0.0,0
2019-08-02 13:00:00,433,3.3,0.5,0
2019-08-02 14:00:00,427,5.1,0.3,0
2019-08-02 15:00:00,424,5.5,0.1,0
2019-08-02 16:00:00,421,5.7,0.1,0
2019-08-02 17:00:00,417,5.7,0.1,0
2019-08-02 18:00:00,411,6.0,0.2,0
2019-08-02 19:00:00,408,5.7,0.3,0
2019-08-02 20:00:00,410,5.4,1.6,0
2019-08-02 21:00:00,406,6.5,1.6,0
2019-08-02 22:00:00,401,6.6,1.3,0
2019-08-02 23:00:00,396,5.3,-0.5,0
2019-08-03 00:00:00,394,5.3,0.2,0
2019-08-03 01:00:00,392,4.2,0.8,0
2019-08-03 02:00:00,388,4.1,1.5,0
2019-08-03 03:00:00,386,4.0,1.6,0
2019-08-03 04:00:00,386,3.7,-0.1,0
2019-08-03 05:00:00,384,3.7,-0.6,0
2019-08-03 06:00:00,383,3.6,1.1,0
2019-08-03 07:00:00,380,3.6,0.3,0
2019-08-03 08:00:00,377,3.8,0.6,0
2019-08-03 09:00:00,379,3.6,-0.2,0
2019-08-03 10:00:00,375,3.9,-1.3,0
2019-08-03 11:00:00,369,4.2,0.0,0
2019-08-03 12:00:00,365,4.1,1.5,0
2019-08-03 13:00:00,366,4.2,1.8,0
2019-08-03 14:00:00,364,4.2,1.7,0
2019-08-03 15:00:00,364,4.5,0.2,0
2019-08-03 16:00:00,366,4.6,-2.3,0
2019-08-03 17:00:00,364,4.7,-2.2,0
2019-08-03 18:00:00,359,4.9,-0.9,0
2019-08-03 19:00:00,357,5.0,0.7,0
2019-08-03 20:00:00,355,5.1,1.6,0
2019-08-03 21:00:00,352,5.4,0.8,0
2019-08-03 22:00:00,350,6.2,0.2,0
2019-08-03 23:00:00,345,6.2,-0.2,0
2019-08-04 00:00:00,343,6.5,-0.1,0
2019-08-04 01:00:00,344,6.7,-0.9,0
2019-08-04 02:00:00,348,7.2,-0.2,0
2019-08-04 03:00:00,349,8.1,0.7,0
2019-08-04 04:00:00,345,7.2,0.4,0
2019-08-04 05:00:00,342,6.6,-0.3,0
2019-08-04 06:00:00,342,6.6,0.1,0
2019-08-04 07:00:00,345,7.6,0.0,0
2019-08-04 08:00:00,369,16.8,-0.1,0
2019-08-04 09:00:00,368,12.0,-0.5,0
2019-08-04 10:00:00,356,12.5,-0.2,0
2019-08-04 11:00:00,353,8.5,1.3,0
2019-08-04 12:00:00,345,6.7,-0.1,0
2019-08-04 13:00:00,345,7.2,1.4,0
2019-08-04 14:00:00,345,7.8,-1.1,0
2019-08-04 15:00:00,343,8.8,-1.6,0
2019-08-04 16:00:00,344,11.0,-1.4,0
2019-08-04 17:00:00,338,13.2,-0.7,0
2019-08-04 18:00:00,334,12.8,0.0,0
2019-08-04 19:00:00,330,13.4,0.5,0
2019-08-04 20:00:00,329,11.7,0.6,0
2019-08-04 21:00:00,329,13.0,0.9,0
2019-08-04 22:00:00,327,14.4,0.7,0
2019-08-04 23:00:00,322,14.8,0.5,0
2019-08-05 00:00:00,324,21.7,0.5,8
2019-08-05 01:00:00,324,22.2,0.9,8
2019-08-05 02:00:00,345,21.9,0.7,8
2019-08-05 03:00:00,387,23.6,-0.4,8
2019-08-05 04:00:00,451,18.0,-5.1,8
2019-08-05 05:00:00,453,15.4,4.6,8
2019-08-05 06:00:00,486,19.9,-2.2,8
2019-08-05 07:00:00,489,19.1,-3.8,8
2019-08-05 08:00:00,512,19.3,-3.8,8
2019-08-05 09:00:00,539,14.0,0.3,8
2019-08-05 10:00:00,597,11.5,1.0,8
2019-08-05 11:00:00,632,8.0,-0.9,8
2019-08-05 12:00:00,633,7.2,0.7,8
2019-08-05 13:00:00,667,6.6,4.8,8
2019-08-05 14:00:00,653,5.2,2.7,8
2019-08-05 15:00:00,667,5.2,-2.5,8
2019-08-05 16:00:00,667,5.6,2.7,8
2019-08-05 17:00:00,670,5.0,3.7,8
2019-08-05 18:00:00,687,3.5,1.4,8
2019-08-05 19:00:00,676,2.3,0.5,8
2019-08-05 20:00:00,685,2.4,0.7,8
2019-08-05 21:00:00,706,2.4,-1.1,8
2019-08-05 22:00:00,707,2.2,-0.1,8
2019-08-05 23:00:00,708,2.2,-0.8,8
2019-08-06 00:00:00,705,2.2,-1.8,0
2019-08-06 01:00:00,722,2.2,0.6,0
2019-08-06 02:00:00,717,2.1,-0.1,0
2019-08-06 03:00:00,712,2.0,2.0,0
2019-08-06 04:00:00,715,2.1,1.7,0
2019-08-06 05:00:00,712,1.9,0.9,0
2019-08-06 06:00:00,705,1.8,1.6,0
2019-08-06 07:00:00,663,1.6,0.1,0
2019-08-06 08:00:00,654,1.8,-0.9,0
2019-08-06 09:00:00,682,2.2,-0.8,0
2019-08-06 10:00:00,659,1.8,-0.2,0
2019-08-06 11:00:00,644,1.8,-0.8,0
2019-08-06 12:00:00,641,2.1,0.0,0
2019-08-06 13:00:00,655,2.2,0.4,0
2019-08-06 14:00:00,645,2.0,0.4,0
2019-08-06 15:00:00,615,1.8,-0.3,0
2019-08-06 16:00:00,622,2.1,-0.7,0
2019-08-06 17:00:00,612,2.4,1.1,0
2019-08-06 18:00:00,599,2.8,-0.3,0
2019-08-06 19:00:00,602,2.7,-0.6,0
2019-08-06 20:00:00,611,2.6,0.8,0
2019-08-06 21:00:00,637,2.3,-0.2,0
2019-08-06 22:00:00,627,2.3,-1.3,0
2019-08-06 23:00:00,622,2.5,1.3,0
2019-08-07 00:00:00,601,2.4,-1.1,7
2019-08-07 01:00:00,592,2.3,-0.5,7
2019-08-07 02:00:00,585,2.3,-0.1,7
2019-08-07 03:00:00,572,2.1,-0.1,7
2019-08-07 04:00:00,559,1.8,0.1,7
2019-08-07 05:00:00,560,2.1,-0.5,7
2019-08-07 06:00:00,551,1.9,-0.1,7
2019-08-07 07:00:00,541,1.6,0.2,7
2019-08-07 08:00:00,541,1.7,0.8,7
2019-08-07 09:00:00,518,1.9,0.6,7
2019-08-07 10:00:00,524,2.3,0.2,7
2019-08-07 11:00:00,514,2.4,-0.1,7
2019-08-07 12:00:00,507,2.6,0.6,7
2019-08-07 13:00:00,514,3.0,1.4,7
2019-08-07 14:00:00,485,2.3,0.4,7
2019-08-07 15:00:00,478,2.3,-0.1,7
2019-08-07 16:00:00,475,2.3,-0.2,7
2019-08-07 17:00:00,479,2.6,0.2,7
2019-08-07 18:00:00,488,2.6,0.8,7
2019-08-07 19:00:00,484,2.8,0.4,7
2019-08-07 20:00:00,495,2.9,-2.1,7
2019-08-07 21:00:00,482,2.6,-1.0,7
2019-08-07 22:00:00,466,2.4,-1.1,7
2019-08-07 23:00:00,473,2.9,-2.5,7
2019-08-08 00:00:00,447,2.3,-1.5,0
2019-08-08 01:00:00,457,3.3,0.2,0
2019-08-08 02:00:00,454,3.2,0.5,0
2019-08-08 03:00:00,449,3.4,1.6,0
2019-08-08 04:00:00,459,3.7,2.8,0
2019-08-08 05:00:00,461,2.7,-2.6,0
2019-08-08 06:00:00,438,2.6,0.4,0
2019-08-08 07:00:00,425,2.3,-0.1,0
2019-08-08 08:00:00,422,2.3,-0.5,0
2019-08-08 09:00:00,440,2.5,2.1,0
2019-08-08 10:00:00,435,2.2,1.6,0
2019-08-08 11:00:00,460,2.6,1.1,0
2019-08-08 12:00:00,506,2.4,0.4,0
2019-08-08 13:00:00,544,2.8,-2.2,0
2019-08-08 14:00:00,544,2.6,-0.6,0
2019-08-08 15:00:00,542,2.3,1.5,0
2019-08-08 16:00:00,550,2.3,1.7,0
2019-08-08 17:00:00,543,2.0,1.5,0
2019-08-08 18:00:00,524,1.9,2.1,0
2019-08-08 19:00:00,532,1.8,0.2,0
2019-08-08 20:00:00,534,1.7,0.5,0
2019-08-08 21:00:00,527,1.9,0.4,0
2019-08-08 22:00:00,520,2.0,0.8,0
2019-08-08 23:00:00,521,1.6,1.6,0
2019-08-09 00:00:00,519,1.5,2.2,0
2019-08-09 01:00:00,534,1.4,2.4,0
2019-08-09 02:00:00,516,2.3,3.5,0
2019-08-09 03:00:00,501,2.1,4.0,0
2019-08-09 04:00:00,504,2.2,2.5,0
2019-08-09 05:00:00,497,2.5,1.5,0
2019-08-09 06:00:00,499,2.9,1.7,0
2019-08-09 07:00:00,492,2.5,0.3,0
2019-08-09 08:00:00,485,2.7,-1.4,0
2019-08-09 09:00:00,483,2.8,1.1,0
2019-08-09 10:00:00,492,2.1,0.9,0
2019-08-09 11:00:00,480,2.7,0.6,0
2019-08-09 12:00:00,476,2.4,0.5,0
2019-08-09 13:00:00,479,2.4,1.6,0
2019-08-09 14:00:00,490,,2.8,0
2019-08-09 15:00:00,492,,0.0,0
2019-08-09 16:00:00,500,2.5,3.4,0
2019-08-09 17:00:00,545,4.1,2.4,0
2019-08-09 18:00:00,546,3.2,0.8,0
2019-08-09 19:00:00,546,3.2,0.9,0
2019-08-09 20:00:00,562,3.7,1.6,0
2019-08-09 21:00:00,608,4.2,-0.7,0
2019-08-09 22:00:00,627,3.5,-1.5,0
2019-08-09 23:00:00,624,3.8,1.1,0
2019-08-10 00:00:00,630,3.1,-1.7,0
2019-08-10 01:00:00,628,2.2,-0.6,0
2019-08-10 02:00:00,618,2.1,0.0,0
2019-08-10 03:00:00,603,1.6,-0.7,0
2019-08-10 04:00:00,594,1.6,-0.8,0
2019-08-10 05:00:00,575,1.5,-0.9,0
2019-08-10 06:00:00,563,1.5,-0.4,0
2019-08-10 07:00:00,544,1.4,-0.4,0
2019-08-10 08:00:00,530,1.5,-0.4,0
2019-08-10 09:00:00,523,1.5,0.0,0
2019-08-10 10:00:00,511,1.6,0.3,0
2019-08-10 11:00:00,520,1.7,0.4,0
2019-08-10 12:00:00,512,1.3,0.0,0
2019-08-10 13:00:00,515,1.8,0.0,0
2019-08-10 14:00:00,496,1.8,-0.8,0
2019-08-10 15:00:00,479,1.9,-1.1,0
2019-08-10 16:00:00,471,1.8,0.1,0
2019-08-10 17:00:00,469,2.2,0.4,0
2019-08-10 18:00:00,486,2.8,0.7,0
2019-08-10 19:00:00,503,3.3,-0.6,0
2019-08-10 20:00:00,505,3.1,-0.7,0
2019-08-10 21:00:00,491,3.2,-0.7,0
2019-08-10 22:00:00,510,2.8,0.3,0
2019-08-10 23:00:00,498,2.4,1.2,0
2019-08-11 00:00:00,478,2.2,0.6,0
2019-08-11 01:00:00,469,2.1,0.0,0
2019-08-11 02:00:00,455,2.6,-0.6,0
2019-08-11 03:00:00,446,2.7,-0.1,0
2019-08-11 04:00:00,450,2.9,0.0,0
2019-08-11 05:00:00,448,3.0,0.3,0
2019-08-11 06:00:00,434,3.2,-0.5,0
2019-08-11 07:00:00,427,3.5,0.2,0
2019-08-11 08:00:00,442,3.6,0.3,0
2019-08-11 09:00:00,450,3.8,0.5,0
2019-08-11 10:00:00,471,5.2,-2.6,0
2019-08-11 11:00:00,462,5.4,-3.2,0
2019-08-11 12:00:00,455,6.4,-1.8,0
2019-08-11 13:00:00,446,6.0,-0.3,0
2019-08-11 14:00:00,459,5.4,0.8,0
2019-08-11 15:00:00,462,4.7,2.1,0
2019-08-11 16:00:00,449,4.8,1.0,0
2019-08-11 17:00:00,450,5.2,1.6,0
2019-08-11 18:00:00,441,3.3,1.4,0
2019-08-11 19:00:00,430,3.8,-0.3,0
2019-08-11 20:00:00,428,3.9,-0.3,0
2019-08-11 21:00:00,422,6.4,0.7,0
2019-08-11 22:00:00,403,5.6,0.5,0
2019-08-11 23:00:00,410,5.4,-0.5,0
2019-08-12 00:00:00,393,5.9,0.4,0
2019-08-12 01:00:00,388,7.2,0.3,0
2019-08-12 02:00:00,397,9.6,-0.6,0
2019-08-12 03:00:00,388,12.8,-1.7,0
2019-08-12 04:00:00,381,12.9,-0.4,0
2019-08-12 05:00:00,377,13.5,-0.7,0
2019-08-12 06:00:00,379,13.7,-0.7,0
2019-08-12 07:00:00,376,13.7,1.3,0
2019-08-12 08:00:00,384,12.7,-0.2,0
2019-08-12 09:00:00,399,8.1,0.3,0
2019-08-12 10:00:00,434,8.6,-1.9,0
2019-08-12 11:00:00,440,7.4,-1.0,0
2019-08-12 12:00:00,448,5.8,0.8,0
2019-08-12 13:00:00,457,5.8,0.7,0
2019-08-12 14:00:00,457,5.4,0.5,0
2019-08-12 15:00:00,467,4.5,-0.2,0
2019-08-12 16:00:00,464,4.5,0.1,0
2019-08-12 17:00:00,461,4.8,-0.5,0
2019-08-12 18:00:00,469,5.8,1.0,0
2019-08-12 19:00:00,464,5.7,0.0,0
2019-08-12 20:00:00,461,6.2,0.3,0
2019-08-12 21:00:00,458,6.4,-0.5,0
2019-08-12 22:00:00,455,7.6,-0.2,0
2019-08-12 23:00:00,456,9.6,0.3,0
2019-08-13 00:00:00,457,10.1,0.3,0
2019-08-13 01:00:00,448,6.1,1.3,0
2019-08-13 02:00:00,432,4.7,0.8,0
2019-08-13 03:00:00,430,5.2,0.0,0
2019-08-13 04:00:00,428,4.8,1.1,0
2019-08-13 05:00:00,427,4.7,1.7,0
2019-08-13 06:00:00,422,4.4,1.9,0
2019-08-13 07:00:00,427,4.9,2.1,0
2019-08-13 08:00:00,430,5.4,2.1,0
2019-08-13 09:00:00,450,5.2,-1.1,0
2019-08-13 10:00:00,452,4.4,0.0,0
2019-08-13 11:00:00,453,3.7,3.3,0
2019-08-13 12:00:00,455,4.3,0.7,0
2019-08-13 13:00:00,475,4.5,1.8,0
2019-08-13 14:00:00,469,4.6,-1.9,0
2019-08-13 15:00:00,480,4.0,-2.1,0
2019-08-13 16:00:00,474,3.7,-2.7,0
2019-08-13 17:00:00,482,3.2,-1.4,0
2019-08-13 18:00:00,491,3.3,-1.3,0
2019-08-13 19:00:00,481,3.3,-1.0,0
2019-08-13 20:00:00,490,3.1,0.0,0
2019-08-13 21:00:00,481,3.1,-0.2,0
2019-08-13 22:00:00,465,3.4,-1.2,0
2019-08-13 23:00:00,461,3.4,0.5,0
2019-08-14 00:00:00,461,3.5,0.5,0
2019-08-14 01:00:00,478,2.7,1.1,0
2019-08-14 02:00:00,485,1.9,0.7,0
2019-08-14 03:00:00,484,1.7,-0.2,0
2019-08-14 04:00:00,459,1.3,-0.2,0
2019-08-14 05:00:00,461,1.7,-0.4,0
2019-08-14 06:00:00,456,1.8,-0.2,0
2019-08-14 07:00:00,458,2.0,-0.3,0
2019-08-14 08:00:00,464,3.4,-0.5,0
2019-08-14 09:00:00,464,3.2,-0.2,0
2019-08-14 10:00:00,456,2.6,-0.2,0
2019-08-14 11:00:00,449,2.5,0.0,0
2019-08-14 12:00:00,446,2.7,0.5,0
2019-08-14 13:00:00,444,2.5,0.6,0
2019-08-14 14:00:00,452,2.7,0.1,0
2019-08-14 15:00:00,447,2.7,0.5,0
2019-08-14 16:00:00,441,2.6,0.1,0
2019-08-14 17:00:00,443,2.8,0.1,0
2019-08-14 18:00:00,442,3.0,0.9,0
2019-08-14 19:00:00,451,2.8,1.3,0
2019-08-14 20:00:00,450,2.7,0.6,0
2019-08-14 21:00:00,463,2.3,1.5,0
2019-08-14 22:00:00,464,2.3,0.7,0
2019-08-14 23:00:00,459,2.3,1.0,0
2019-08-15 00:00:00,467,2.8,1.6,0
2019-08-15 01:00:00,454,2.4,0.5,0
2019-08-15 02:00:00,455,2.3,0.7,0
2019-08-15 03:00:00,455,2.3,0.1,0
2019-08-15 04:00:00,446,2.4,0.6,0
2019-08-15 05:00:00,447,2.6,0.2,0
2019-08-15 06:00:00,440,2.6,0.6,0
2019-08-15 07:00:00,435,3.0,0.7,0
2019-08-15 08:00:00,432,2.9,0.9,0
2019-08-15 09:00:00,429,3.3,-0.2,0
2019-08-15 10:00:00,423,3.4,1.0,0
2019-08-15 11:00:00,419,3.5,0.6,0
2019-08-15 12:00:00,416,3.3,0.1,0
2019-08-15 13:00:00,417,3.3,1.2,0
2019-08-15 14:00:00,428,3.6,2.9,0
2019-08-15 15:00:00,423,3.7,1.5,0
2019-08-15 16:00:00,428,4.2,1.3,0
2019-08-15 17:00:00,428,4.2,0.8,0
2019-08-15 18:00:00,427,4.3,1.2,0
2019-08-15 19:00:00,428,4.7,0.2,0
2019-08-15 20:00:00,429,5.2,-0.1,0
2019-08-15 21:00:00,426,5.9,2.4,0
2019-08-15 22:00:00,424,6.2,1.5,0
2019-08-15 23:00:00,423,5.8,-1.7,0
2019-08-16 00:00:00,425,5.2,-0.8,0
2019-08-16 01:00:00,411,5.1,0.6,0
2019-08-16 02:00:00,407,5.3,1.6,0
2019-08-16 03:00:00,408,4.9,1.5,0
2019-08-16 04:00:00,408,5.1,2.3,0
2019-08-16 05:00:00,425,4.7,0.8,0
2019-08-16 06:00:00,418,4.5,-0.1,0
2019-08-16 07:00:00,424,5.2,-0.4,0
2019-08-16 08:00:00,431,5.0,-1.5,0
2019-08-16 09:00:00,424,4.3,-2.8,0
2019-08-16 10:00:00,410,4.6,-0.9,0
2019-08-16 11:00:00,404,4.3,-1.0,0
2019-08-16 12:00:00,401,4.3,-0.3,0
2019-08-16 13:00:00,399,4.5,-0.8,0
2019-08-16 14:00:00,394,4.3,-0.6,0
2019-08-16 15:00:00,392,3.6,-1.3,0
2019-08-16 16:00:00,385,3.3,-0.8,0
2019-08-16 17:00:00,383,3.2,-0.5,0
2019-08-16 18:00:00,381,3.2,-0.2,0
2019-08-16 19:00:00,370,3.1,-0.3,0
2019-08-16 20:00:00,369,3.3,-0.7,0
2019-08-16 21:00:00,368,3.4,-0.8,0
2019-08-16 22:00:00,377,3.9,0.5,0
2019-08-16 23:00:00,367,3.9,0.6,0
2019-08-17 00:00:00,366,4.2,0.8,0
2019-08-17 01:00:00,370,5.2,-0.1,0
2019-08-17 02:00:00,368,5.5,-0.8,0
2019-08-17 03:00:00,365,6.1,-2.9,0
2019-08-17 04:00:00,362,7.1,-1.4,0
2019-08-17 05:00:00,362,9.7,0.3,0
2019-08-17 06:00:00,361,8.7,1.4,0
2019-08-17 07:00:00,364,7.7,0.9,0
2019-08-17 08:00:00,374,7.5,-0.6,0
2019-08-17 09:00:00,363,7.2,0.6,0
2019-08-17 10:00:00,360,7.5,-0.1,0
2019-08-17 11:00:00,354,7.4,-0.1,0
2019-08-17 12:00:00,350,7.5,-0.7,0
2019-08-17 13:00:00,349,7.2,-0.8,0
2019-08-17 14:00:00,346,7.5,-1.2,0
2019-08-17 15:00:00,346,7.1,-1.4,0
2019-08-17 16:00:00,341,8.6,-0.8,0
2019-08-17 17:00:00,335,9.3,-0.4,0
2019-08-17 18:00:00,335,9.6,0.7,0
2019-08-17 19:00:00,340,7.2,1.6,0
2019-08-17 20:00:00,346,7.2,2.0,0
2019-08-17 21:00:00,356,7.5,2.3,0
2019-08-17 22:00:00,356,7.8,2.7,0
2019-08-17 23:00:00,354,9.3,1.7,0
2019-08-18 00:00:00,358,11.0,-2.0,0
2019-08-18 01:00:00,355,12.4,-3.0,0
2019-08-18 02:00:00,352,13.7,0.5,0
2019-08-18 03:00:00,344,14.4,0.1,0
2019-08-18 04:00:00,352,11.5,0.5,0
2019-08-18 05:00:00,359,11.5,-0.4,0
2019-08-18 06:00:00,354,11.2,3.3,0
2019-08-18 07:00:00,350,10.1,-1.8,0
2019-08-18 08:00:00,349,8.4,-1.9,0
2019-08-18 09:00:00,339,5.6,-0.7,0
2019-08-18 10:00:00,357,5.0,-1.0,0
2019-08-18 11:00:00,364,5.0,0.0,0
2019-08-18 12:00:00,367,5.1,0.0,0
2019-08-18 13:00:00,362,5.5,-0.8,0
2019-08-18 14:00:00,360,5.5,-2.1,0
2019-08-18 15:00:00,361,5.6,-0.6,0
2019-08-18 16:00:00,364,5.4,-1.7,0
2019-08-18 17:00:00,362,5.5,-1.4,0
2019-08-18 18:00:00,360,5.4,-1.9,0
2019-08-18 19:00:00,359,5.4,-1.5,0
2019-08-18 20:00:00,359,5.6,0.1,0
2019-08-18 21:00:00,361,5.1,-2.5,0
2019-08-18 22:00:00,361,5.6,-3.3,0
2019-08-18 23:00:00,361,6.3,-2.0,0
2019-08-19 00:00:00,361,7.0,-1.8,0
2019-08-19 01:00:00,363,7.0,1.2,0
2019-08-19 02:00:00,368,6.9,1.4,0
2019-08-19 03:00:00,369,6.5,-0.9,0
2019-08-19 04:00:00,375,7.0,0.8,0
2019-08-19 05:00:00,376,6.8,1.8,0
2019-08-19 06:00:00,371,9.2,1.3,0
2019-08-19 07:00:00,366,10.1,0.9,0
2019-08-19 08:00:00,364,9.8,-0.7,0
2019-08-19 09:00:00,363,10.1,-1.8,0
2019-08-19 10:00:00,361,10.9,-1.0,0
2019-08-19 11:00:00,358,10.2,0.0,0
2019-08-19 12:00:00,358,10.0,0.4,0
2019-08-19 13:00:00,363,9.9,0.5,0
2019-08-19 14:00:00,363,10.3,-0.1,0
2019-08-19 15:00:00,361,9.8,0.0,0
2019-08-19 16:00:00,350,6.5,1.3,0
2019-08-19 17:00:00,348,5.4,-0.6,0
2019-08-19 18:00:00,343,5.2,0.1,0
2019-08-19 19:00:00,345,6.0,1.0,0
2019-08-19 20:00:00,344,6.0,3.1,0
2019-08-19 21:00:00,341,7.0,3.1,0
2019-08-19 22:00:00,337,6.7,-2.0,0
2019-08-19 23:00:00,330,5.5,-1.6,0
2019-08-20 00:00:00,328,5.4,-0.3,0
2019-08-20 01:00:00,319,4.9,2.8,0
2019-08-20 02:00:00,344,7.7,-0.5,0
2019-08-20 03:00:00,365,12.1,-2.7,0
2019-08-20 04:00:00,372,13.8,1.3,0
2019-08-20 05:00:00,368,10.9,3.6,0
2019-08-20 06:00:00,365,10.2,1.0,0
2019-08-20 07:00:00,365,10.0,1.2,0
2019-08-20 08:00:00,382,3.9,2.5,0
2019-08-20 09:00:00,388,4.9,0.6,0
2019-08-20 10:00:00,392,5.3,0.1,0
2019-08-20 11:00:00,398,5.8,-0.6,0
2019-08-20 12:00:00,404,5.2,0.8,0
2019-08-20 13:00:00,402,4.9,0.8,0
2019-08-20 14:00:00,397,5.6,-1.1,0
2019-08-20 15:00:00,406,3.3,0.6,0
2019-08-20 16:00:00,409,4.2,0.1,0
2019-08-20 17:00:00,408,4.3,-1.0,0
2019-08-20 18:00:00,409,4.3,-1.3,0
2019-08-20 19:00:00,408,4.1,-0.2,0
2019-08-20 20:00:00,415,4.1,-0.1,0
2019-08-20 21:00:00,408,4.3,0.0,0
2019-08-20 22:00:00,407,4.5,0.0,0
2019-08-20 23:00:00,414,5.5,-2.2,0
2019-08-21 00:00:00,404,5.2,-0.5,0
2019-08-21 01:00:00,399,5.9,-2.3,0
2019-08-21 02:00:00,392,5.8,-0.2,0
2019-08-21 03:00:00,391,7.0,-1.5,0
2019-08-21 04:00:00,388,7.3,-1.3,0
2019-08-21 05:00:00,386,6.7,-0.8,0
2019-08-21 06:00:00,387,7.5,-0.3,0
2019-08-21 07:00:00,386,8.6,0.7,0
2019-08-21 08:00:00,381,9.7,0.5,0
2019-08-21 09:00:00,375,9.3,0.0,0
2019-08-21 10:00:00,372,9.1,-0.2,0
2019-08-21 11:00:00,365,9.1,-0.5,0
2019-08-21 12:00:00,362,8.9,-0.2,0
2019-08-21 13:00:00,362,9.2,-0.1,0
2019-08-21 14:00:00,358,8.0,0.5,0
2019-08-21 15:00:00,360,8.7,0.5,0
2019-08-21 16:00:00,361,9.4,0.3,0
2019-08-21 17:00:00,357,10.1,-0.3,0
2019-08-21 18:00:00,358,11.0,0.2,0
2019-08-21 19:00:00,354,9.8,0.7,0
2019-08-21 20:00:00,350,8.8,0.5,0
2019-08-21 21:00:00,347,8.4,0.2,0
2019-08-21 22:00:00,347,7.7,-0.3,0
2019-08-21 23:00:00,349,8.3,-0.5,0
2019-08-22 00:00:00,352,10.9,-0.4,0
2019-08-22 01:00:00,354,12.0,0.7,0
2019-08-22 02:00:00,348,11.5,0.8,0
2019-08-22 03:00:00,346,11.4,1.3,0
2019-08-22 04:00:00,346,11.8,1.6,0
2019-08-22 05:00:00,347,10.4,1.2,0
2019-08-22 06:00:00,347,8.7,-0.2,0
2019-08-22 07:00:00,346,11.2,-0.7,0
2019-08-22 08:00:00,347,12.2,0.4,0
2019-08-22 09:00:00,349,14.2,0.3,0
2019-08-22 10:00:00,356,15.0,-0.1,0
2019-08-22 11:00:00,360,11.5,1.6,0
2019-08-22 12:00:00,359,10.0,1.2,0
2019-08-22 13:00:00,359,10.0,0.2,0
2019-08-22 14:00:00,359,9.8,0.9,0
2019-08-22 15:00:00,355,8.5,1.0,0
2019-08-22 16:00:00,354,9.0,-1.5,0
2019-08-22 17:00:00,350,9.3,-2.8,0
2019-08-22 18:00:00,349,10.7,-1.2,0
2019-08-22 19:00:00,355,14.6,0.9,0
2019-08-22 20:00:00,351,12.5,-0.5,0
2019-08-22 21:00:00,359,12.6,0.1,0
2019-08-22 22:00:00,360,12.5,0.8,0
2019-08-22 23:00:00,365,12.9,-0.1,0
2019-08-23 00:00:00,362,12.9,2.4,0
2019-08-23 01:00:00,367,12.0,1.2,0
2019-08-23 02:00:00,377,12.2,0.6,0
2019-08-23 03:00:00,375,11.7,-3.2,0
2019-08-23 04:00:00,371,12.5,0.6,0
2019-08-23 05:00:00,369,9.8,0.6,0
2019-08-23 06:00:00,370,7.0,0.2,0
2019-08-23 07:00:00,372,5.9,-1.0,0
2019-08-23 08:00:00,369,5.4,-2.1,0
2019-08-23 09:00:00,368,4.0,-0.8,0
2019-08-23 10:00:00,364,3.8,-1.6,0
2019-08-23 11:00:00,377,2.9,-0.8,0
2019-08-23 12:00:00,370,2.8,-0.1,0
2019-08-23 13:00:00,363,3.1,0.3,0
2019-08-23 14:00:00,367,3.1,0.1,0
2019-08-23 15:00:00,379,3.7,-0.3,0
2019-08-23 16:00:00,366,4.8,-0.1,0
2019-08-23 17:00:00,365,5.1,0.9,0
2019-08-23 18:00:00,361,6.0,0.5,0
2019-08-23 19:00:00,358,6.5,-0.9,0
2019-08-23 20:00:00,356,6.3,-1.0,0
2019-08-23 21:00:00,356,6.6,-0.4,0
2019-08-23 22:00:00,359,9.0,-0.6,0
2019-08-23 23:00:00,360,9.2,-0.4,0
2019-08-24 00:00:00,359,7.6,0.0,0
2019-08-24 01:00:00,353,6.8,0.6,0
2019-08-24 02:00:00,355,6.4,-1.1,0
2019-08-24 03:00:00,354,6.0,-0.8,0
2019-08-24 04:00:00,350,6.6,-0.7,0
2019-08-24 05:00:00,352,7.0,-0.6,0
2019-08-24 06:00:00,351,7.0,-0.8,0
2019-08-24 07:00:00,349,6.7,-1.5,0
2019-08-24 08:00:00,344,7.2,-0.9,0
2019-08-24 09:00:00,345,6.6,-2.0,0
2019-08-24 10:00:00,342,6.3,-0.1,0
2019-08-24 11:00:00,342,6.1,0.5,0
2019-08-24 12:00:00,341,5.7,0.8,0
2019-08-24 13:00:00,340,5.5,1.6,0
2019-08-24 14:00:00,337,5.9,1.2,0
2019-08-24 15:00:00,335,6.2,-1.1,0
2019-08-24 16:00:00,338,6.7,-1.2,0
2019-08-24 17:00:00,341,7.1,-1.6,0
2019-08-24 18:00:00,330,6.7,-0.4,0
2019-08-24 19:00:00,332,6.6,-0.6,0
2019-08-24 20:00:00,335,5.5,0.4,0
2019-08-24 21:00:00,334,5.4,0.4,0
2019-08-24 22:00:00,336,5.5,0.9,0
2019-08-24 23:00:00,336,6.4,-0.2,0
2019-08-25 00:00:00,333,6.7,-0.7,0
2019-08-25 01:00:00,337,7.0,-0.9,0
2019-08-25 02:00:00,336,6.8,-1.1,0
2019-08-25 03:00:00,334,6.8,-1.5,0
2019-08-25 04:00:00,333,6.8,-2.6,0
2019-08-25 05:00:00,332,7.0,-3.3,0
2019-08-25 06:00:00,329,7.3,-1.2,0
2019-08-25 07:00:00,331,7.0,-0.3,0
2019-08-25 08:00:00,330,7.3,-0.5,0
2019-08-25 09:00:00,328,6.8,0.3,0
2019-08-25 10:00:00,325,6.7,2.0,0
2019-08-25 11:00:00,324,8.3,-1.3,0
2019-08-25 12:00:00,324,7.1,-1.3,0
2019-08-25 13:00:00,321,7.0,-1.4,0
2019-08-25 14:00:00,318,7.2,-0.9,0
2019-08-25 15:00:00,313,7.7,0.1,0
2019-08-25 16:00:00,317,7.2,-1.0,0
2019-08-25 17:00:00,314,7.8,-0.6,0
2019-08-25 18:00:00,315,8.3,-1.1,0
2019-08-25 19:00:00,319,8.3,-2.8,0
2019-08-25 20:00:00,319,7.9,-1.9,0
2019-08-25 21:00:00,319,9.4,-0.2,0
2019-08-25 22:00:00,325,12.4,0.6,0
2019-08-25 23:00:00,329,11.2,-3.1,0
2019-08-26 00:00:00,325,11.8,-1.7,0
2019-08-26 01:00:00,322,11.9,0.5,0
2019-08-26 02:00:00,319,12.3,-0.2,0
2019-08-26 03:00:00,323,13.3,1.3,0
2019-08-26 04:00:00,319,14.3,2.9,0
2019-08-26 05:00:00,319,13.2,1.3,0
2019-08-26 06:00:00,316,13.9,-0.2,0
2019-08-26 07:00:00,317,12.6,0.0,0
2019-08-26 08:00:00,323,10.6,-2.3,0
2019-08-26 09:00:00,331,6.9,-1.5,0
2019-08-26 10:00:00,328,4.9,-3.6,0
2019-08-26 11:00:00,328,5.9,-2.9,0
2019-08-26 12:00:00,325,8.0,-2.3,0
2019-08-26 13:00:00,319,8.3,-1.5,0
2019-08-26 14:00:00,319,8.1,-1.0,0
2019-08-26 15:00:00,314,8.2,-0.4,0
2019-08-26 16:00:00,312,8.0,-0.2,0
2019-08-26 17:00:00,313,11.1,1.5,0
2019-08-26 18:00:00,334,17.5,0.9,0
2019-08-26 19:00:00,336,16.4,-1.1,0
2019-08-26 20:00:00,340,14.1,-1.5,0
2019-08-26 21:00:00,340,15.4,-0.7,0
2019-08-26 22:00:00,343,16.5,-3.1,0
2019-08-26 23:00:00,341,19.0,-2.3,0
2019-08-27 00:00:00,345,25.0,-3.4,0
2019-08-27 01:00:00,345,27.7,-1.6,0
2019-08-27 02:00:00,358,38.1,5.8,0
2019-08-27 03:00:00,358,48.5,6.3,0
2019-08-27 04:00:00,353,31.7,-4.7,0
2019-08-27 05:00:00,374,18.0,2.4,0
2019-08-27 06:00:00,455,8.6,2.9,0
2019-08-27 07:00:00,473,6.7,4.8,0
2019-08-27 08:00:00,493,5.5,2.9,0
2019-08-27 09:00:00,502,3.0,-3.1,0
2019-08-27 10:00:00,514,3.8,-4.7,0
2019-08-27 11:00:00,496,4.4,-3.9,0
2019-08-27 12:00:00,480,5.7,-3.6,0
2019-08-27 13:00:00,473,6.3,0.3,0
2019-08-27 14:00:00,450,9.1,2.3,0
2019-08-27 15:00:00,444,10.8,0.4,0
2019-08-27 16:00:00,445,11.9,0.7,0
2019-08-27 17:00:00,442,9.2,0.6,0
2019-08-27 18:00:00,442,8.3,-1.3,0
2019-08-27 19:00:00,432,8.0,1.8,0
2019-08-27 20:00:00,440,6.5,1.2,0
2019-08-27 21:00:00,449,6.0,-0.4,0
2019-08-27 22:00:00,451,5.4,-1.7,0
2019-08-27 23:00:00,443,4.9,-1.8,0
2019-08-28 00:00:00,443,4.7,-0.4,0
2019-08-28 01:00:00,455,4.5,0.9,0
2019-08-28 02:00:00,470,3.7,-1.8,0
2019-08-28 03:00:00,469,3.2,1.3,0
2019-08-28 04:00:00,487,3.4,-0.1,0
2019-08-28 05:00:00,493,3.5,-0.7,0
2019-08-28 06:00:00,496,3.5,1.9,0
2019-08-28 07:00:00,500,3.6,-1.4,0
2019-08-28 08:00:00,493,3.0,2.0,0
2019-08-28 09:00:00,489,2.8,1.9,0
2019-08-28 10:00:00,489,2.5,2.0,0
2019-08-28 11:00:00,495,2.3,2.4,0
2019-08-28 12:00:00,485,2.0,1.6,0
2019-08-28 13:00:00,481,2.2,1.8,0
2019-08-28 14:00:00,467,2.1,2.5,0
2019-08-28 15:00:00,449,1.9,0.9,0
2019-08-28 16:00:00,442,1.9,0.3,0
2019-08-28 17:00:00,455,2.1,-0.3,0
2019-08-28 18:00:00,454,1.9,-0.2,0
2019-08-28 19:00:00,446,1.9,-0.2,0
2019-08-28 20:00:00,446,2.0,-0.1,0
2019-08-28 21:00:00,440,1.9,0.0,0
2019-08-28 22:00:00,429,1.7,0.0,0
2019-08-28 23:00:00,421,1.7,-0.8,0
2019-08-29 00:00:00,420,1.5,-0.3,0
2019-08-29 01:00:00,408,1.6,-0.7,0
2019-08-29 02:00:00,401,1.7,-0.8,0
2019-08-29 03:00:00,395,2.2,-0.7,0
2019-08-29 04:00:00,389,2.6,-0.9,0
2019-08-29 05:00:00,382,2.8,-0.4,0
2019-08-29 06:00:00,371,3.4,-0.6,0
2019-08-29 07:00:00,369,3.8,-0.5,0
2019-08-29 08:00:00,357,4.5,-0.6,0
2019-08-29 09:00:00,352,5.6,-0.8,0
2019-08-29 10:00:00,349,6.5,-0.1,0
2019-08-29 11:00:00,351,6.7,-0.4,0
2019-08-29 12:00:00,358,9.0,-1.6,0
2019-08-29 13:00:00,357,11.8,-0.1,0
2019-08-29 14:00:00,358,13.3,0.6,0
2019-08-29 15:00:00,359,12.7,2.0,0
2019-08-29 16:00:00,374,8.3,0.4,0
2019-08-29 17:00:00,374,7.1,3.8,0
2019-08-29 18:00:00,376,7.1,2.2,0
2019-08-29 19:00:00,374,6.9,1.7,0
2019-08-29 20:00:00,380,6.7,2.0,0
2019-08-29 21:00:00,381,7.2,1.3,0
2019-08-29 22:00:00,373,7.8,1.5,0
2019-08-29 23:00:00,377,6.7,2.1,0
2019-08-30 00:00:00,383,6.5,1.2,0
2019-08-30 01:00:00,389,6.3,-0.7,0
2019-08-30 02:00:00,388,6.1,-1.6,0
2019-08-30 03:00:00,388,6.1,-0.7,0
2019-08-30 04:00:00,386,5.0,0.5,0
2019-08-30 05:00:00,384,5.4,-0.5,0
2019-08-30 06:00:00,386,5.6,-1.0,0
2019-08-30 07:00:00,383,5.5,-1.2,0
2019-08-30 08:00:00,379,5.9,0.6,0
2019-08-30 09:00:00,379,6.3,-0.1,0
2019-08-30 10:00:00,386,7.8,0.3,0
2019-08-30 11:00:00,390,10.5,-1.3,0
2019-08-30 12:00:00,394,13.0,-1.6,0
2019-08-30 13:00:00,394,19.1,-2.7,0
2019-08-30 14:00:00,414,14.7,1.4,0
2019-08-30 15:00:00,426,10.2,2.5,0
2019-08-30 16:00:00,442,7.8,-1.5,0
2019-08-30 17:00:00,446,9.6,-3.7,0
2019-08-30 18:00:00,465,8.1,1.1,0
2019-08-30 19:00:00,487,8.0,3.3,0
2019-08-30 20:00:00,486,9.5,4.0,0
2019-08-30 21:00:00,489,9.0,0.4,0
2019-08-30 22:00:00,540,8.3,0.3,0
2019-08-30 23:00:00,563,8.6,1.2,0
2019-08-31 00:00:00,555,9.0,0.3,0
2019-08-31 01:00:00,556,9.1,-4.0,0
2019-08-31 02:00:00,564,8.7,-2.9,0
2019-08-31 03:00:00,581,8.1,3.3,0
2019-08-31 04:00:00,588,6.3,1.7,0
2019-08-31 05:00:00,634,5.8,-1.2,0
2019-08-31 06:00:00,657,4.6,0.3,0
2019-08-31 07:00:00,651,5.6,3.6,0
2019-08-31 08:00:00,629,5.5,2.5,0
2019-08-31 09:00:00,640,6.6,-1.2,0
2019-08-31 10:00:00,620,7.3,1.1,0
2019-08-31 11:00:00,632,7.4,-4.4,0
2019-08-31 12:00:00,661,4.9,0.0,0
2019-08-31 13:00:00,704,5.1,-1.0,0
2019-08-31 14:00:00,721,3.9,-2.9,0
2019-08-31 15:00:00,715,3.6,1.2,0
2019-08-31 16:00:00,707,3.4,0.1,0
2019-08-31 17:00:00,720,2.9,0.0,0
2019-08-31 18:00:00,710,2.8,-1.3,0
2019-08-31 19:00:00,700,2.8,0.5,0
2019-08-31 20:00:00,692,2.6,-0.2,0
2019-08-31 21:00:00,692,2.4,-1.3,0
2019-08-31 22:00:00,694,2.5,-3.2,0
2019-08-31 23:00:00,679,2.5,-1.7,0
2019-09-01 00:00:00,681,2.8,-1.5,14
2019-09-01 01:00:00,722,3.2,-1.5,14
2019-09-01 02:00:00,752,3.3,2.2,14
2019-09-01 03:00:00,739,3.1,-2.2,14
2019-09-01 04:00:00,746,3.0,-3.1,14
2019-09-01 05:00:00,743,2.7,-2.5,14
2019-09-01 06:00:00,743,2.7,-0.7,14
2019-09-01 07:00:00,727,2.8,-0.8,14
2019-09-01 08:00:00,723,3.2,-1.2,14
2019-09-01 09:00:00,726,3.4,-3.3,14
2019-09-01 10:00:00,673,3.6,0.7,14
2019-09-01 11:00:00,679,3.7,-1.6,14
2019-09-01 12:00:00,666,4.1,0.0,14
2019-09-01 13:00:00,643,4.2,1.4,14
2019-09-01 14:00:00,648,4.4,-0.3,14
2019-09-01 15:00:00,637,4.6,1.2,14
2019-09-01 16:00:00,667,3.6,0.7,14
2019-09-01 17:00:00,682,3.5,0.1,14
2019-09-01 18:00:00,692,3.4,-2.7,14
2019-09-01 19:00:00,697,3.5,-2.4,14
2019-09-01 20:00:00,660,3.6,3.0,14
2019-09-01 21:00:00,670,3.6,2.6,14
2019-09-01 22:00:00,688,3.5,0.5,14
2019-09-01 23:00:00,728,2.8,-3.9,14
2019-09-02 00:00:00,716,2.9,-2.6,14
2019-09-02 01:00:00,686,3.1,-1.3,14
2019-09-02 02:00:00,700,3.1,0.7,14
2019-09-02 03:00:00,681,3.2,1.5,14
2019-09-02 04:00:00,691,3.1,0.9,14
2019-09-02 05:00:00,689,2.7,1.0,14
2019-09-02 06:00:00,702,2.5,2.0,14
2019-09-02 07:00:00,709,2.1,0.3,14
2019-09-02 08:00:00,703,1.8,1.3,14
2019-09-02 09:00:00,695,1.8,1.1,14
2019-09-02 10:00:00,677,2.0,0.4,14
2019-09-02 11:00:00,675,2.1,0.8,14
2019-09-02 12:00:00,672,2.2,0.6,14
2019-09-02 13:00:00,677,2.1,0.9,14
2019-09-02 14:00:00,679,2.2,0.3,14
2019-09-02 15:00:00,673,2.1,0.7,14
2019-09-02 16:00:00,660,1.9,0.9,14
2019-09-02 17:00:00,661,1.9,-2.0,14
2019-09-02 18:00:00,667,2.2,-1.6,14
2019-09-02 19:00:00,670,2.3,-1.0,14
2019-09-02 20:00:00,668,2.5,-0.9,14
2019-09-02 21:00:00,664,2.8,2.3,14
2019-09-02 22:00:00,667,2.6,2.0,14
2019-09-02 23:00:00,660,2.5,2.0,14
2019-09-03 00:00:00,659,2.3,1.0,5
2019-09-03 01:00:00,656,2.2,-0.6,5
2019-09-03 02:00:00,662,2.2,-1.9,5
2019-09-03 03:00:00,664,2.0,0.5,5
2019-09-03 04:00:00,654,1.9,1.2,5
2019-09-03 05:00:00,657,1.8,0.7,5
2019-09-03 06:00:00,637,1.9,-0.2,5
2019-09-03 07:00:00,611,1.7,-0.4,5
2019-09-03 08:00:00,607,1.7,-0.5,5
2019-09-03 09:00:00,609,1.9,0.8,5
2019-09-03 10:00:00,608,1.9,0.5,5
2019-09-03 11:00:00,610,1.9,1.3,5
2019-09-03 12:00:00,612,2.1,1.8,5
2019-09-03 13:00:00,621,2.2,2.3,5
2019-09-03 14:00:00,610,2.0,1.8,5
2019-09-03 15:00:00,612,2.1,0.0,5
2019-09-03 16:00:00,594,1.7,-0.1,5
2019-09-03 17:00:00,593,2.0,0.3,5
2019-09-03 18:00:00,600,2.2,-0.3,5
2019-09-03 19:00:00,582,2.5,1.3,5
2019-09-03 20:00:00,580,2.8,3.1,5
2019-09-03 21:00:00,582,2.6,1.3,5
2019-09-03 22:00:00,578,2.5,0.4,5
2019-09-03 23:00:00,586,2.4,2.1,5
2019-09-04 00:00:00,585,2.6,0.3,0
2019-09-04 01:00:00,581,2.7,-0.6,0
2019-09-04 02:00:00,545,2.7,1.3,0
2019-09-04 03:00:00,538,2.5,-0.8,0
2019-09-04 04:00:00,546,2.8,0.1,0
2019-09-04 05:00:00,551,2.8,0.0,0
2019-09-04 06:00:00,550,2.8,-0.7,0
2019-09-04 07:00:00,547,2.7,-0.8,0
2019-09-04 08:00:00,575,2.5,-0.9,0
2019-09-04 09:00:00,501,1.8,0.1,0
2019-09-04 10:00:00,478,1.9,0.9,0
2019-09-04 11:00:00,475,1.7,0.7,0
2019-09-04 12:00:00,462,2.2,0.8,0
2019-09-04 13:00:00,437,2.2,2.3,0
2019-09-04 14:00:00,449,2.8,2.8,0
2019-09-04 15:00:00,474,3.6,1.3,0
2019-09-04 16:00:00,489,3.4,1.5,0
2019-09-04 17:00:00,516,2.9,-2.3,0
2019-09-04 18:00:00,519,3.5,-1.6,0
2019-09-04 19:00:00,521,3.4,0.0,0
2019-09-04 20:00:00,554,4.1,-1.0,0
2019-09-04 21:00:00,555,4.2,0.1,0
2019-09-04 22:00:00,541,4.0,1.6,0
2019-09-04 23:00:00,543,4.3,2.9,0
2019-09-05 00:00:00,548,4.3,1.7,0
2019-09-05 01:00:00,545,3.7,-2.1,0
2019-09-05 02:00:00,538,3.6,-3.5,0
2019-09-05 03:00:00,539,3.6,-1.7,0
2019-09-05 04:00:00,540,3.4,-4.2,0
2019-09-05 05:00:00,537,2.5,-3.5,0
2019-09-05 06:00:00,526,2.2,-3.6,0
2019-09-05 07:00:00,517,2.0,-0.6,0
2019-09-05 08:00:00,518,2.0,1.8,0
2019-09-05 09:00:00,520,1.6,-0.1,0
2019-09-05 10:00:00,520,1.8,-1.3,0
2019-09-05 11:00:00,520,2.8,-0.1,0
2019-09-05 12:00:00,527,2.5,-2.9,0
2019-09-05 13:00:00,528,3.2,-1.3,0
2019-09-05 14:00:00,526,2.3,-1.3,0
2019-09-05 15:00:00,489,1.5,0.1,0
2019-09-05 16:00:00,504,3.0,0.8,0
2019-09-05 17:00:00,493,4.9,-0.7,0
2019-09-05 18:00:00,494,5.2,-0.8,0
2019-09-05 19:00:00,478,5.2,0.7,0
2019-09-05 20:00:00,501,4.3,0.1,0
2019-09-05 21:00:00,522,4.1,-0.8,0
2019-09-05 22:00:00,484,3.8,0.2,0
2019-09-05 23:00:00,492,3.5,0.8,0
2019-09-06 00:00:00,472,3.4,1.0,0
2019-09-06 01:00:00,485,3.8,-0.6,0
2019-09-06 02:00:00,496,4.7,-0.5,0
2019-09-06 03:00:00,514,3.3,-0.6,0
2019-09-06 04:00:00,541,3.1,-1.0,0
2019-09-06 05:00:00,528,3.2,0.5,0
2019-09-06 06:00:00,524,3.7,-2.7,0
2019-09-06 07:00:00,516,3.5,0.1,0
2019-09-06 08:00:00,506,3.4,0.3,0
2019-09-06 09:00:00,497,3.5,-0.3,0
2019-09-06 10:00:00,498,3.2,0.1,0
2019-09-06 11:00:00,501,2.5,0.4,0
2019-09-06 12:00:00,503,2.1,1.0,0
2019-09-06 13:00:00,501,2.1,1.7,0
2019-09-06 14:00:00,502,2.5,2.1,0
2019-09-06 15:00:00,481,1.5,0.2,0
2019-09-06 16:00:00,482,1.8,0.1,0
2019-09-06 17:00:00,493,2.5,0.0,0
2019-09-06 18:00:00,479,1.7,1.2,0
2019-09-06 19:00:00,486,1.4,1.2,0
2019-09-06 20:00:00,478,1.5,0.8,0
2019-09-06 21:00:00,469,2.3,0.5,0
2019-09-06 22:00:00,481,2.7,1.7,0
2019-09-06 23:00:00,491,2.2,1.1,0
2019-09-07 00:00:00,487,2.2,-0.8,0
2019-09-07 01:00:00,488,2.2,0.0,0
2019-09-07 02:00:00,491,2.5,-1.7,0
2019-09-07 03:00:00,475,2.0,-0.4,0
2019-09-07 04:00:00,469,2.3,0.6,0
2019-09-07 05:00:00,472,3.0,0.9,0
2019-09-07 06:00:00,476,3.2,-0.9,0
2019-09-07 07:00:00,457,2.9,0.8,0
2019-09-07 08:00:00,461,2.8,-0.3,0
2019-09-07 09:00:00,477,2.9,-0.8,0
2019-09-07 10:00:00,486,3.1,-1.3,0
2019-09-07 11:00:00,470,3.0,2.1,0
2019-09-07 12:00:00,475,3.2,-0.2,0
2019-09-07 13:00:00,474,3.4,1.4,0
2019-09-07 14:00:00,482,3.3,1.5,0
2019-09-07 15:00:00,472,3.3,2.6,0
2019-09-07 16:00:00,453,3.1,-0.2,0
2019-09-07 17:00:00,453,3.6,-1.6,0
2019-09-07 18:00:00,446,3.8,0.0,0
2019-09-07 19:00:00,452,4.3,-0.1,0
2019-09-07 20:00:00,445,4.0,0.0,0
2019-09-07 21:00:00,442,4.2,-0.6,0
2019-09-07 22:00:00,435,4.3,-0.8,0
2019-09-07 23:00:00,427,4.4,-0.5,0
2019-09-08 00:00:00,421,5.2,-2.6,0
2019-09-08 01:00:00,419,5.7,0.8,0
2019-09-08 02:00:00,422,5.6,1.9,0
2019-09-08 03:00:00,425,6.2,1.4,0
2019-09-08 04:00:00,430,6.6,-0.3,0
2019-09-08 05:00:00,430,7.1,-1.4,0
2019-09-08 06:00:00,428,6.6,-1.3,0
2019-09-08 07:00:00,421,6.0,-2.7,0
2019-09-08 08:00:00,417,5.6,-1.1,0
2019-09-08 09:00:00,410,4.8,-0.6,0
2019-09-08 10:00:00,416,3.8,0.1,0
2019-09-08 11:00:00,428,3.9,0.9,0
2019-09-08 12:00:00,443,4.1,-0.5,0
2019-09-08 13:00:00,466,3.2,-0.8,0
2019-09-08 14:00:00,464,3.4,-1.3,0
2019-09-08 15:00:00,454,3.2,-1.2,0
2019-09-08 16:00:00,456,3.3,0.3,0
2019-09-08 17:00:00,450,2.6,1.2,0
2019-09-08 18:00:00,426,3.3,0.8,0
2019-09-08 19:00:00,421,3.9,-1.9,0
2019-09-08 20:00:00,421,3.9,-2.6,0
2019-09-08 21:00:00,407,4.2,-0.3,0
2019-09-08 22:00:00,399,3.0,-0.2,0
2019-09-08 23:00:00,406,4.5,-2.5,0
2019-09-09 00:00:00,405,4.4,-1.6,0
2019-09-09 01:00:00,401,4.2,-1.2,0
2019-09-09 02:00:00,400,4.0,-1.4,0
2019-09-09 03:00:00,401,3.8,-0.1,0
2019-09-09 04:00:00,423,6.0,-0.8,0
2019-09-09 05:00:00,431,6.6,-0.7,0
2019-09-09 06:00:00,446,6.7,-2.1,0
2019-09-09 07:00:00,438,6.6,-0.1,0
2019-09-09 08:00:00,470,5.7,1.1,0
2019-09-09 09:00:00,515,5.5,-0.2,0
2019-09-09 10:00:00,519,5.7,-4.6,0
2019-09-09 11:00:00,512,4.9,-1.8,0
2019-09-09 12:00:00,508,4.7,0.0,0
2019-09-09 13:00:00,517,4.6,-1.4,0
2019-09-09 14:00:00,505,4.6,-0.6,0
2019-09-09 15:00:00,503,4.2,-0.5,0
2019-09-09 16:00:00,505,4.0,-2.1,0
2019-09-09 17:00:00,500,4.2,-2.1,0
2019-09-09 18:00:00,491,3.8,-0.2,0
2019-09-09 19:00:00,494,3.4,-0.4,0
2019-09-09 20:00:00,490,3.9,-1.1,0
2019-09-09 21:00:00,486,3.4,-2.4,0
2019-09-09 22:00:00,478,2.4,-2.2,0
2019-09-09 23:00:00,475,2.7,-1.3,0
2019-09-10 00:00:00,456,2.3,-0.1,0
2019-09-10 01:00:00,447,2.4,0.4,0
2019-09-10 02:00:00,464,2.2,1.0,0
2019-09-10 03:00:00,489,2.1,0.3,0
2019-09-10 04:00:00,487,2.2,0.3,0
2019-09-10 05:00:00,499,2.0,1.4,0
2019-09-10 06:00:00,501,2.7,3.6,0
2019-09-10 07:00:00,489,2.6,3.0,0
2019-09-10 08:00:00,486,2.4,1.1,0
2019-09-10 09:00:00,491,2.9,1.1,0
2019-09-10 10:00:00,484,2.2,1.4,0
2019-09-10 11:00:00,500,2.8,0.2,0
2019-09-10 12:00:00,509,2.8,-1.5,0
2019-09-10 13:00:00,496,2.2,0.0,0
2019-09-10 14:00:00,494,2.0,1.0,0
2019-09-10 15:00:00,485,1.5,0.9,0
2019-09-10 16:00:00,479,1.7,0.6,0
2019-09-10 17:00:00,474,1.5,0.6,0
2019-09-10 18:00:00,476,1.7,0.3,0
2019-09-10 19:00:00,473,1.7,-0.1,0
2019-09-10 20:00:00,468,1.3,0.4,0
2019-09-10 21:00:00,464,1.3,0.4,0
2019-09-10 22:00:00,461,1.3,0.7,0
2019-09-10 23:00:00,455,1.1,0.1,0
2019-09-11 00:00:00,449,1.2,0.6,0
2019-09-11 01:00:00,455,1.7,0.4,0
2019-09-11 02:00:00,453,2.1,-0.1,0
2019-09-11 03:00:00,452,2.1,0.2,0
2019-09-11 04:00:00,447,2.4,-0.6,0
2019-09-11 05:00:00,440,2.6,-0.7,0
2019-09-11 06:00:00,441,2.4,-0.9,0
2019-09-11 07:00:00,444,2.1,0.1,0
2019-09-11 08:00:00,440,1.9,0.1,0
2019-09-11 09:00:00,444,2.4,0.0,0
2019-09-11 10:00:00,448,2.8,-0.3,0
2019-09-11 11:00:00,450,2.4,0.0,0
2019-09-11 12:00:00,450,2.6,-0.8,0
2019-09-11 13:00:00,441,2.5,-1.9,0
2019-09-11 14:00:00,441,2.4,-1.1,0
2019-09-11 15:00:00,437,2.2,-0.4,0
2019-09-11 16:00:00,433,2.2,0.1,0
2019-09-11 17:00:00,430,2.0,0.4,0
2019-09-11 18:00:00,419,2.1,0.1,0
2019-09-11 19:00:00,415,2.0,-0.3,0
2019-09-11 20:00:00,401,2.0,0.5,0
2019-09-11 21:00:00,393,2.1,0.7,0
2019-09-11 22:00:00,400,2.3,-0.4,0
2019-09-11 23:00:00,399,2.4,-0.4,0
2019-09-12 00:00:00,398,2.6,-0.7,0
2019-09-12 01:00:00,392,2.7,0.3,0
2019-09-12 02:00:00,397,3.3,0.3,0
2019-09-12 03:00:00,404,3.4,0.1,0
2019-09-12 04:00:00,396,3.4,1.1,0
2019-09-12 05:00:00,401,3.9,-0.1,0
2019-09-12 06:00:00,394,4.1,0.2,0
2019-09-12 07:00:00,400,4.0,-1.0,0
2019-09-12 08:00:00,411,4.5,-0.5,0
2019-09-12 09:00:00,410,4.5,-2.6,0
2019-09-12 10:00:00,413,5.1,0.2,0
2019-09-12 11:00:00,412,5.4,2.2,0
2019-09-12 12:00:00,416,5.4,1.8,0
2019-09-12 13:00:00,413,5.2,3.3,0
2019-09-12 14:00:00,415,6.3,0.0,0
2019-09-12 15:00:00,410,6.5,-0.7,0
2019-09-12 16:00:00,411,6.4,1.1,0
2019-09-12 17:00:00,404,8.0,-1.8,0
2019-09-12 18:00:00,404,10.3,-1.2,0
2019-09-12 19:00:00,402,11.1,1.2,0
2019-09-12 20:00:00,408,9.4,2.3,0
2019-09-12 21:00:00,419,6.7,3.8,0
2019-09-12 22:00:00,426,8.0,3.9,0
2019-09-12 23:00:00,438,9.6,4.7,0
2019-09-13 00:00:00,453,7.5,4.2,0
2019-09-13 01:00:00,453,5.5,0.5,0
2019-09-13 02:00:00,450,6.7,2.0,0
2019-09-13 03:00:00,464,6.9,0.8,0
2019-09-13 04:00:00,471,7.3,-0.3,0
2019-09-13 05:00:00,469,7.6,2.1,0
2019-09-13 06:00:00,467,7.5,1.2,0
2019-09-13 07:00:00,477,6.8,3.5,0
2019-09-13 08:00:00,467,6.1,3.5,0
2019-09-13 09:00:00,481,6.2,4.7,0
2019-09-13 10:00:00,475,5.8,2.6,0
2019-09-13 11:00:00,480,4.2,5.0,0
2019-09-13 12:00:00,479,5.1,1.2,0
2019-09-13 13:00:00,476,4.2,3.6,0
2019-09-13 14:00:00,472,4.8,1.9,0
2019-09-13 15:00:00,470,4.1,4.3,0
2019-09-13 16:00:00,469,3.8,0.3,0
2019-09-13 17:00:00,467,2.0,1.5,0
2019-09-13 18:00:00,481,1.3,-0.2,0
2019-09-13 19:00:00,501,1.4,0.8,0
2019-09-13 20:00:00,524,1.7,2.0,0
2019-09-13 21:00:00,541,1.7,2.9,0
2019-09-13 22:00:00,518,1.6,2.3,0
2019-09-13 23:00:00,514,1.5,2.3,0
2019-09-14 00:00:00,506,1.4,1.7,0
2019-09-14 01:00:00,495,1.4,1.3,0
2019-09-14 02:00:00,483,1.3,0.2,0
2019-09-14 03:00:00,478,1.2,-1.0,0
2019-09-14 04:00:00,486,1.5,-1.2,0
2019-09-14 05:00:00,489,1.7,-2.7,0
2019-09-14 06:00:00,479,1.6,-2.2,0
2019-09-14 07:00:00,474,1.7,-1.0,0
2019-09-14 08:00:00,476,2.0,-1.4,0
2019-09-14 09:00:00,465,2.2,-0.3,0
2019-09-14 10:00:00,465,2.4,0.3,0
2019-09-14 11:00:00,456,2.6,-1.4,0
2019-09-14 12:00:00,461,3.3,-1.3,0
2019-09-14 13:00:00,457,3.3,-0.5,0
2019-09-14 14:00:00,451,3.3,0.2,0
2019-09-14 15:00:00,452,3.9,1.1,0
2019-09-14 16:00:00,447,3.6,0.6,0
2019-09-14 17:00:00,445,3.4,0.6,0
2019-09-14 18:00:00,454,2.9,-0.1,0
2019-09-14 19:00:00,441,2.9,-0.1,0
2019-09-14 20:00:00,434,3.4,-0.6,0
2019-09-14 21:00:00,429,3.7,-1.5,0
2019-09-14 22:00:00,427,3.7,-0.2,0
2019-09-14 23:00:00,421,3.5,0.4,0
2019-09-15 00:00:00,421,3.9,-0.7,0
2019-09-15 01:00:00,425,4.6,-0.8,0
2019-09-15 02:00:00,423,4.5,0.3,0
2019-09-15 03:00:00,423,5.1,-0.5,0
2019-09-15 04:00:00,426,5.6,-0.3,0
2019-09-15 05:00:00,420,5.9,-0.4,0
2019-09-15 06:00:00,425,6.9,0.2,0
2019-09-15 07:00:00,425,7.3,0.1,0
2019-09-15 08:00:00,428,5.5,2.0,0
2019-09-15 09:00:00,445,4.6,1.4,0
2019-09-15 10:00:00,446,5.1,1.3,0
2019-09-15 11:00:00,441,5.2,1.5,0
2019-09-15 12:00:00,438,5.6,1.6,0
2019-09-15 13:00:00,442,6.1,0.3,0
2019-09-15 14:00:00,461,6.5,0.4,0
2019-09-15 15:00:00,470,7.1,0.8,0
2019-09-15 16:00:00,468,7.6,0.1,0
2019-09-15 17:00:00,464,7.3,-3.4,0
2019-09-15 18:00:00,455,5.8,-3.1,0
2019-09-15 19:00:00,450,5.2,-0.3,0
2019-09-15 20:00:00,461,6.6,0.4,0
2019-09-15 21:00:00,466,7.1,1.3,0
2019-09-15 22:00:00,459,6.6,-0.8,0
2019-09-15 23:00:00,452,6.1,-2.2,0
2019-09-16 00:00:00,462,6.1,0.2,0
2019-09-16 01:00:00,470,6.9,-2.9,0
2019-09-16 02:00:00,472,7.1,-2.2,0
2019-09-16 03:00:00,455,5.8,0.3,0
2019-09-16 04:00:00,451,6.0,0.0,0
2019-09-16 05:00:00,436,5.6,2.6,0
2019-09-16 06:00:00,434,6.2,2.2,0
2019-09-16 07:00:00,450,6.5,1.0,0
2019-09-16 08:00:00,452,6.2,0.9,0
2019-09-16 09:00:00,449,6.2,-0.2,0
2019-09-16 10:00:00,450,5.3,-0.4,0
2019-09-16 11:00:00,453,7.0,-0.5,0
2019-09-16 12:00:00,447,5.9,-0.1,0
2019-09-16 13:00:00,456,6.7,0.0,0
2019-09-16 14:00:00,460,6.2,0.2,0
2019-09-16 15:00:00,454,5.3,-0.1,0
2019-09-16 16:00:00,449,5.7,0.3,0
2019-09-16 17:00:00,445,4.5,0.0,0
2019-09-16 18:00:00,447,5.5,-0.5,0
2019-09-16 19:00:00,435,8.5,-0.1,0
2019-09-16 20:00:00,440,6.5,-0.6,0
2019-09-16 21:00:00,437,6.8,2.0,0
2019-09-16 22:00:00,429,6.8,1.7,0
2019-09-16 23:00:00,424,6.5,0.0,0
2019-09-17 00:00:00,423,8.3,-1.7,0
2019-09-17 01:00:00,414,11.9,0.1,0
2019-09-17 02:00:00,408,12.2,-0.4,0
2019-09-17 03:00:00,407,15.3,0.0,0
2019-09-17 04:00:00,403,14.8,-0.3,0
2019-09-17 05:00:00,391,13.9,-1.0,0
2019-09-17 06:00:00,386,11.7,-0.8,0
2019-09-17 07:00:00,386,5.7,-1.4,0
2019-09-17 08:00:00,378,7.3,-1.1,0
2019-09-17 09:00:00,384,8.5,2.6,0
2019-09-17 10:00:00,380,6.3,-0.2,0
2019-09-17 11:00:00,380,7.9,0.4,0
2019-09-17 12:00:00,379,7.3,0.6,0
2019-09-17 13:00:00,358,5.2,1.0,0
2019-09-17 14:00:00,353,4.8,1.7,0
2019-09-17 15:00:00,359,5.0,0.2,0
2019-09-17 16:00:00,350,4.5,-1.8,0
2019-09-17 17:00:00,353,3.6,-1.0,0
2019-09-17 18:00:00,392,6.3,-1.7,0
2019-09-17 19:00:00,403,8.4,-2.7,0
2019-09-17 20:00:00,413,15.9,2.5,0
2019-09-17 21:00:00,409,3.3,-3.4,0
2019-09-17 22:00:00,433,5.5,-0.1,0
2019-09-17 23:00:00,431,5.3,0.5,0
2019-09-18 00:00:00,436,4.9,-2.0,0
2019-09-18 01:00:00,446,4.7,-0.5,0
2019-09-18 02:00:00,434,4.5,0.0,0
2019-09-18 03:00:00,420,5.4,0.6,0
2019-09-18 04:00:00,408,6.8,-0.5,0
2019-09-18 05:00:00,402,7.3,-1.1,0
2019-09-18 06:00:00,398,11.8,-1.2,0
2019-09-18 07:00:00,397,8.8,-1.5,0
2019-09-18 08:00:00,411,5.7,-1.4,0
2019-09-18 09:00:00,414,6.3,2.1,0
2019-09-18 10:00:00,419,5.6,-0.8,0
2019-09-18 11:00:00,417,5.0,-3.4,0
2019-09-18 12:00:00,412,4.9,-1.3,0
2019-09-18 13:00:00,413,4.8,0.8,0
2019-09-18 14:00:00,412,4.5,0.1,0
2019-09-18 15:00:00,412,4.4,0.0,0
2019-09-18 16:00:00,407,4.2,-0.5,0
2019-09-18 17:00:00,401,4.0,-0.3,0
2019-09-18 18:00:00,394,3.6,0.7,0
2019-09-18 19:00:00,388,3.3,0.0,0
2019-09-18 20:00:00,389,3.5,-0.7,0
2019-09-18 21:00:00,388,3.7,-1.2,0
2019-09-18 22:00:00,387,3.7,0.1,0
2019-09-18 23:00:00,389,3.4,0.7,0
2019-09-19 00:00:00,388,3.2,1.9,0
2019-09-19 01:00:00,390,3.1,1.4,0
2019-09-19 02:00:00,384,2.9,-0.4,0
2019-09-19 03:00:00,376,2.7,0.0,0
2019-09-19 04:00:00,377,2.8,0.9,0
2019-09-19 05:00:00,373,3.0,0.9,0
2019-09-19 06:00:00,372,3.3,0.0,0
2019-09-19 07:00:00,377,3.5,-0.4,0
2019-09-19 08:00:00,380,3.8,-0.1,0
2019-09-19 09:00:00,379,4.0,-0.2,0
2019-09-19 10:00:00,374,4.0,0.7,0
2019-09-19 11:00:00,375,4.1,0.0,0
2019-09-19 12:00:00,377,4.6,0.5,0
2019-09-19 13:00:00,374,5.4,-0.8,0
2019-09-19 14:00:00,375,5.2,-0.4,0
2019-09-19 15:00:00,364,5.5,-0.6,0
2019-09-19 16:00:00,362,4.8,-0.8,0
2019-09-19 17:00:00,356,4.4,0.2,0
2019-09-19 18:00:00,352,4.9,0.1,0
2019-09-19 19:00:00,351,5.0,-0.2,0
2019-09-19 20:00:00,350,4.7,0.4,0
2019-09-19 21:00:00,349,4.6,0.7,0
2019-09-19 22:00:00,347,4.5,-0.5,0
2019-09-19 23:00:00,350,4.6,-1.5,0
2019-09-20 00:00:00,359,4.8,-2.4,0
2019-09-20 01:00:00,354,4.8,-1.7,0
2019-09-20 02:00:00,343,4.5,-0.3,0
2019-09-20 03:00:00,343,4.3,-1.2,0
2019-09-20 04:00:00,340,4.5,-1.3,0
2019-09-20 05:00:00,339,5.0,-1.2,0
2019-09-20 06:00:00,341,5.2,-1.7,0
2019-09-20 07:00:00,337,5.4,-1.6,0
2019-09-20 08:00:00,333,5.8,-1.0,0
2019-09-20 09:00:00,329,5.6,-0.8,0
2019-09-20 10:00:00,321,6.1,-1.5,0
2019-09-20 11:00:00,321,6.6,-0.9,0
2019-09-20 12:00:00,315,7.3,-0.6,0
2019-09-20 13:00:00,315,8.1,-0.7,0
2019-09-20 14:00:00,310,7.8,-0.1,0
2019-09-20 15:00:00,310,7.0,-0.2,0
2019-09-20 16:00:00,314,8.2,-1.0,0
2019-09-20 17:00:00,313,9.9,-0.7,0
2019-09-20 18:00:00,306,10.5,-0.2,0
2019-09-20 19:00:00,305,10.4,-0.6,0
2019-09-20 20:00:00,304,10.9,-0.7,0
2019-09-20 21:00:00,304,11.5,-1.7,0
2019-09-20 22:00:00,302,10.9,-1.7,0
2019-09-20 23:00:00,298,10.3,-1.3,0
2019-09-21 00:00:00,295,10.9,-0.4,0
2019-09-21 01:00:00,296,12.3,-1.1,0
2019-09-21 02:00:00,295,12.9,-1.1,0
2019-09-21 03:00:00,300,13.7,-2.5,0
2019-09-21 04:00:00,300,14.9,-2.3,0
2019-09-21 05:00:00,304,15.9,-3.6,0
2019-09-21 06:00:00,318,20.0,0.0,0
2019-09-21 07:00:00,353,11.7,-4.9,0
2019-09-21 08:00:00,344,9.3,-3.5,0
2019-09-21 09:00:00,347,8.9,-3.7,0
2019-09-21 10:00:00,346,8.6,-2.1,0
2019-09-21 11:00:00,339,7.8,1.4,0
2019-09-21 12:00:00,337,8.0,2.2,0
2019-09-21 13:00:00,337,8.5,1.3,0
2019-09-21 14:00:00,334,8.4,1.3,0
2019-09-21 15:00:00,332,7.3,-1.3,0
2019-09-21 16:00:00,335,7.2,-1.5,0
2019-09-21 17:00:00,340,7.0,-1.2,0
2019-09-21 18:00:00,345,6.3,-1.8,0
2019-09-21 19:00:00,344,6.1,-3.6,0
2019-09-21 20:00:00,342,5.7,-1.8,0
2019-09-21 21:00:00,341,5.5,-2.0,0
2019-09-21 22:00:00,342,5.8,-2.7,0
2019-09-21 23:00:00,341,5.2,-2.6,0
2019-09-22 00:00:00,339,4.7,-1.1,0
2019-09-22 01:00:00,336,4.8,-0.7,0
2019-09-22 02:00:00,337,4.9,-0.3,0
2019-09-22 03:00:00,338,4.9,-0.5,0
2019-09-22 04:00:00,336,4.6,-0.1,0
2019-09-22 05:00:00,338,4.7,1.6,0
2019-09-22 06:00:00,343,4.6,2.0,0
2019-09-22 07:00:00,347,4.9,2.4,0
2019-09-22 08:00:00,343,4.6,2.6,0
2019-09-22 09:00:00,342,5.6,2.5,0
2019-09-22 10:00:00,344,6.7,2.5,0
2019-09-22 11:00:00,348,8.6,2.4,0
2019-09-22 12:00:00,344,8.4,2.8,0
2019-09-22 13:00:00,350,9.6,3.3,0
2019-09-22 14:00:00,349,10.1,3.2,0
2019-09-22 15:00:00,347,10.7,3.0,0
2019-09-22 16:00:00,346,8.4,0.6,0
2019-09-22 17:00:00,347,10.6,1.3,0
2019-09-22 18:00:00,343,10.0,2.1,0
2019-09-22 19:00:00,339,10.6,0.4,0
2019-09-22 20:00:00,333,10.4,-0.8,0
2019-09-22 21:00:00,328,9.1,-0.2,0
2019-09-22 22:00:00,325,9.5,-1.2,0
2019-09-22 23:00:00,331,6.1,2.2,0
2019-09-23 00:00:00,324,6.6,0.1,0
2019-09-23 01:00:00,321,6.4,0.3,0
2019-09-23 02:00:00,320,6.3,0.3,0
2019-09-23 03:00:00,320,5.2,-0.8,0
2019-09-23 04:00:00,314,6.2,-1.3,0
2019-09-23 05:00:00,312,6.3,-1.4,0
2019-09-23 06:00:00,303,,-2.0,0
2019-09-23 07:00:00,308,,-1.9,0
2019-09-23 08:00:00,308,7.2,-2.4,0
2019-09-23 09:00:00,312,5.4,-1.1,0
2019-09-23 10:00:00,307,6.4,-0.7,0
2019-09-23 11:00:00,309,4.9,-0.4,0
2019-09-23 12:00:00,309,7.8,1.2,0
2019-09-23 13:00:00,312,7.0,-0.4,0
2019-09-23 14:00:00,310,6.3,-2.0,0
2019-09-23 15:00:00,309,6.4,-3.4,0
2019-09-23 16:00:00,311,6.0,-4.0,0
2019-09-23 17:00:00,312,6.3,-3.5,0
2019-09-23 18:00:00,314,7.6,-1.2,0
2019-09-23 19:00:00,313,7.8,1.2,0
2019-09-23 20:00:00,313,8.0,1.4,0
2019-09-23 21:00:00,314,8.9,1.3,0
2019-09-23 22:00:00,322,10.9,0.4,0
2019-09-23 23:00:00,327,14.4,-1.4,0
2019-09-24 00:00:00,322,12.3,-4.3,0
2019-09-24 01:00:00,319,13.9,-3.4,0
2019-09-24 02:00:00,319,14.1,-4.3,0
2019-09-24 03:00:00,319,10.2,-5.9,0
2019-09-24 04:00:00,316,9.6,-5.2,0
2019-09-24 05:00:00,315,7.9,-4.1,0
2019-09-24 06:00:00,312,7.3,-4.2,0
2019-09-24 07:00:00,307,7.1,-3.9,0
2019-09-24 08:00:00,307,7.8,-1.7,0
2019-09-24 09:00:00,310,9.0,-1.0,0
2019-09-24 10:00:00,308,9.4,-0.1,0
2019-09-24 11:00:00,299,8.2,0.2,0
2019-09-24 12:00:00,298,7.8,0.3,0
2019-09-24 13:00:00,330,12.9,-0.9,0
2019-09-24 14:00:00,363,23.2,4.9,0
2019-09-24 15:00:00,369,21.0,6.1,0
2019-09-24 16:00:00,374,21.3,7.1,0
2019-09-24 17:00:00,402,23.9,8.7,0
2019-09-24 18:00:00,444,9.9,8.8,0
2019-09-24 19:00:00,460,12.7,4.3,0
2019-09-24 20:00:00,460,12.6,1.0,0
2019-09-24 21:00:00,448,11.0,4.1,0
2019-09-24 22:00:00,451,9.8,5.4,0
2019-09-24 23:00:00,499,4.8,4.0,0
2019-09-25 00:00:00,497,4.1,3.0,0
2019-09-25 01:00:00,496,4.4,2.5,0
2019-09-25 02:00:00,488,4.8,1.8,0
2019-09-25 03:00:00,481,3.9,2.1,0
2019-09-25 04:00:00,482,4.3,0.4,0
2019-09-25 05:00:00,492,4.3,-0.5,0
2019-09-25 06:00:00,475,4.2,-0.1,0
2019-09-25 07:00:00,468,4.0,0.3,0
2019-09-25 08:00:00,465,3.5,-0.9,0
2019-09-25 09:00:00,463,3.7,-1.2,0
2019-09-25 10:00:00,455,3.8,0.3,0
2019-09-25 11:00:00,442,3.5,-0.1,0
2019-09-25 12:00:00,428,3.6,-0.5,0
2019-09-25 13:00:00,435,4.3,0.0,0
2019-09-25 14:00:00,422,5.1,0.1,0
2019-09-25 15:00:00,415,5.8,-0.2,0
2019-09-25 16:00:00,398,6.7,-0.5,0
2019-09-25 17:00:00,399,6.4,0.4,0
2019-09-25 18:00:00,395,6.3,-0.9,0
2019-09-25 19:00:00,391,6.2,-0.5,0
2019-09-25 20:00:00,385,5.9,-1.0,0
2019-09-25 21:00:00,384,6.2,-0.8,0
2019-09-25 22:00:00,384,6.3,-1.0,0
2019-09-25 23:00:00,380,6.5,-2.0,0
2019-09-26 00:00:00,387,5.7,-2.7,0
2019-09-26 01:00:00,379,5.2,-0.7,0
2019-09-26 02:00:00,373,5.2,-0.3,0
2019-09-26 03:00:00,386,5.6,-0.5,0
2019-09-26 04:00:00,384,5.4,0.3,0
2019-09-26 05:00:00,391,4.6,-0.7,0
2019-09-26 06:00:00,395,5.3,1.0,0
2019-09-26 07:00:00,392,4.2,1.9,0
2019-09-26 08:00:00,391,3.9,1.7,0
2019-09-26 09:00:00,386,3.5,0.5,0
2019-09-26 10:00:00,390,3.7,-0.3,0
2019-09-26 11:00:00,391,3.7,-0.8,0
2019-09-26 12:00:00,387,3.7,0.4,0
2019-09-26 13:00:00,383,3.6,0.1,0
2019-09-26 14:00:00,386,3.7,-1.3,0
2019-09-26 15:00:00,384,3.6,0.3,0
2019-09-26 16:00:00,382,3.3,0.2,0
2019-09-26 17:00:00,379,3.4,-0.2,0
2019-09-26 18:00:00,369,3.9,0.1,0
2019-09-26 19:00:00,367,4.3,-0.2,0
2019-09-26 20:00:00,360,4.6,1.4,0
2019-09-26 21:00:00,355,5.0,0.7,0
2019-09-26 22:00:00,353,5.0,-1.2,0
2019-09-26 23:00:00,351,5.4,-0.6,0
2019-09-27 00:00:00,348,5.6,0.1,0
2019-09-27 01:00:00,345,5.8,-0.2,0
2019-09-27 02:00:00,343,5.5,0.0,0
2019-09-27 03:00:00,342,5.4,-1.0,0
2019-09-27 04:00:00,341,5.5,-1.0,0
2019-09-27 05:00:00,341,5.7,-0.5,0
2019-09-27 06:00:00,357,10.9,-1.7,0
2019-09-27 07:00:00,366,17.7,-0.6,0
2019-09-27 08:00:00,366,19.1,-0.4,0
2019-09-27 09:00:00,362,20.0,1.2,0
2019-09-27 10:00:00,371,30.6,0.8,0
2019-09-27 11:00:00,370,35.0,1.4,0
2019-09-27 12:00:00,414,14.3,5.6,0
2019-09-27 13:00:00,484,9.3,-4.3,0
2019-09-27 14:00:00,554,7.8,-4.2,0
2019-09-27 15:00:00,587,8.8,-1.7,0
2019-09-27 16:00:00,580,8.7,1.4,0
2019-09-27 17:00:00,605,7.8,-0.7,0
2019-09-27 18:00:00,594,6.9,-3.2,0
2019-09-27 19:00:00,601,7.3,-1.6,0
2019-09-27 20:00:00,610,6.3,-0.6,0
2019-09-27 21:00:00,666,4.5,-3.7,0
2019-09-27 22:00:00,678,4.8,-2.2,0
2019-09-27 23:00:00,691,3.2,0.7,0
2019-09-28 00:00:00,695,3.1,0.5,0
2019-09-28 01:00:00,676,3.1,0.2,0
2019-09-28 02:00:00,655,3.2,1.5,0
2019-09-28 03:00:00,662,3.0,1.3,0
2019-09-28 04:00:00,642,2.8,1.0,0
2019-09-28 05:00:00,638,2.6,1.1,0
2019-09-28 06:00:00,661,3.0,-0.1,0
2019-09-28 07:00:00,633,2.7,0.3,0
2019-09-28 08:00:00,640,3.3,-2.2,0
2019-09-28 09:00:00,662,3.3,0.0,0
2019-09-28 10:00:00,647,3.4,2.5,0
2019-09-28 11:00:00,640,3.0,0.5,0
2019-09-28 12:00:00,624,2.6,-0.4,0
2019-09-28 13:00:00,625,2.5,-0.1,0
2019-09-28 14:00:00,658,2.6,2.3,0
2019-09-28 15:00:00,653,2.5,1.8,0
2019-09-28 16:00:00,653,2.5,0.2,0
2019-09-28 17:00:00,662,2.4,0.9,0
2019-09-28 18:00:00,651,2.4,0.8,0
2019-09-28 19:00:00,630,2.3,-1.7,0
2019-09-28 20:00:00,641,2.3,0.6,0
2019-09-28 21:00:00,642,2.1,1.4,0
2019-09-28 22:00:00,634,2.2,-0.3,0
2019-09-28 23:00:00,622,2.2,-1.8,0
2019-09-29 00:00:00,584,2.5,-0.7,0
2019-09-29 01:00:00,588,2.2,1.5,0
2019-09-29 02:00:00,580,2.4,1.2,0
2019-09-29 03:00:00,567,2.7,-0.7,0
2019-09-29 04:00:00,560,2.9,-1.2,0
2019-09-29 05:00:00,561,2.9,-0.7,0
2019-09-29 06:00:00,539,2.4,-0.6,0
2019-09-29 07:00:00,545,3.0,1.0,0
2019-09-29 08:00:00,546,3.3,-0.8,0
2019-09-29 09:00:00,519,2.1,-0.8,0
2019-09-29 10:00:00,522,2.4,-1.4,0
2019-09-29 11:00:00,526,2.6,-0.6,0
2019-09-29 12:00:00,526,2.5,-1.1,0
2019-09-29 13:00:00,513,2.3,0.1,0
2019-09-29 14:00:00,511,2.8,0.0,0
2019-09-29 15:00:00,508,2.7,-0.3,0
2019-09-29 16:00:00,514,3.2,-1.5,0
2019-09-29 17:00:00,516,3.7,-1.5,0
2019-09-29 18:00:00,519,3.8,-2.3,0
2019-09-29 19:00:00,496,2.7,-0.7,0
2019-09-29 20:00:00,488,2.9,-1.2,0
2019-09-29 21:00:00,492,3.1,-0.8,0
2019-09-29 22:00:00,477,3.0,-1.8,0
2019-09-29 23:00:00,482,3.1,-3.0,0
2019-09-30 00:00:00,473,2.9,-0.5,0
2019-09-30 01:00:00,468,2.8,-2.1,0
2019-09-30 02:00:00,476,3.5,-1.8,0
2019-09-30 03:00:00,456,2.7,-2.2,0
2019-09-30 04:00:00,462,2.6,1.6,0
2019-09-30 05:00:00,456,2.5,-1.1,0
2019-09-30 06:00:00,472,3.3,-0.8,0
2019-09-30 07:00:00,472,3.7,-0.9,0
2019-09-30 08:00:00,460,3.1,0.5,0
2019-09-30 09:00:00,453,2.6,-0.2,0
2019-09-30 10:00:00,461,2.7,0.9,0
2019-09-30 11:00:00,457,3.0,0.4,0
2019-09-30 12:00:00,449,3.1,-1.3,0
2019-09-30 13:00:00,439,3.3,-1.1,0
2019-09-30 14:00:00,450,4.5,1.0,0
2019-09-30 15:00:00,436,3.3,0.6,0
2019-09-30 16:00:00,437,3.6,2.3,0
2019-09-30 17:00:00,446,3.9,4.8,0
2019-09-30 18:00:00,459,7.0,2.3,0
2019-09-30 19:00:00,453,7.3,2.2,0
2019-09-30 20:00:00,444,7.6,0.8,0
2019-09-30 21:00:00,442,7.1,0.7,0
2019-09-30 22:00:00,437,6.1,3.1,0
2019-09-30 23:00:00,428,4.4,3.5,0
2019-10-01 00:00:00,470,5.5,4.1,7
2019-10-01 01:00:00,474,4.6,-1.2,7
2019-10-01 02:00:00,465,4.0,-4.3,7
2019-10-01 03:00:00,461,3.5,-3.8,7
2019-10-01 04:00:00,477,4.0,-1.5,7
2019-10-01 05:00:00,492,3.8,-2.1,7
2019-10-01 06:00:00,482,3.6,-0.1,7
2019-10-01 07:00:00,474,3.5,1.5,7
2019-10-01 08:00:00,483,3.1,0.1,7
2019-10-01 09:00:00,480,2.2,1.5,7
2019-10-01 10:00:00,474,2.2,-1.0,7
2019-10-01 11:00:00,472,2.0,0.6,7
2019-10-01 12:00:00,470,1.8,0.5,7
2019-10-01 13:00:00,469,1.8,0.5,7
2019-10-01 14:00:00,482,1.9,-0.1,7
2019-10-01 15:00:00,497,1.5,-0.5,7
2019-10-01 16:00:00,495,1.4,-0.2,7
2019-10-01 17:00:00,489,1.6,0.0,7
2019-10-01 18:00:00,488,1.8,-0.7,7
2019-10-01 19:00:00,490,2.5,-2.1,7
2019-10-01 20:00:00,466,2.1,-1.1,7
2019-10-01 21:00:00,473,2.1,-1.5,7
2019-10-01 22:00:00,488,2.7,-2.0,7
2019-10-01 23:00:00,490,3.0,-0.9,7
2019-10-02 00:00:00,485,3.2,-2.0,6
2019-10-02 01:00:00,449,2.1,-0.9,6
2019-10-02 02:00:00,466,2.3,0.3,6
2019-10-02 03:00:00,467,1.6,0.7,6
2019-10-02 04:00:00,461,1.6,0.3,6
2019-10-02 05:00:00,457,1.3,0.6,6
2019-10-02 06:00:00,459,1.6,0.9,6
2019-10-02 07:00:00,466,1.8,1.2,6
2019-10-02 08:00:00,468,2.1,1.4,6
2019-10-02 09:00:00,456,1.7,1.5,6
2019-10-02 10:00:00,459,2.1,0.5,6
2019-10-02 11:00:00,502,3.2,-1.4,6
2019-10-02 12:00:00,501,4.0,-1.7,6
2019-10-02 13:00:00,504,4.3,-1.8,6
2019-10-02 14:00:00,499,3.6,2.3,6
2019-10-02 15:00:00,490,3.2,0.5,6
2019-10-02 16:00:00,471,2.2,0.8,6
2019-10-02 17:00:00,478,2.5,1.7,6
2019-10-02 18:00:00,475,2.6,1.3,6
2019-10-02 19:00:00,472,2.2,1.3,6
2019-10-02 20:00:00,486,3.1,-0.6,6
2019-10-02 21:00:00,471,3.1,0.7,6
2019-10-02 22:00:00,475,3.8,0.7,6
2019-10-02 23:00:00,479,3.7,-1.4,6
2019-10-03 00:00:00,460,3.9,0.8,0
2019-10-03 01:00:00,475,3.4,-0.4,0
2019-10-03 02:00:00,476,3.4,1.2,0
2019-10-03 03:00:00,461,3.1,1.0,0
2019-10-03 04:00:00,498,2.2,-0.7,0
2019-10-03 05:00:00,463,2.3,-0.8,0
2019-10-03 06:00:00,450,2.5,-0.5,0
2019-10-03 07:00:00,425,3.0,-0.7,0
2019-10-03 08:00:00,418,3.0,0.4,0
2019-10-03 09:00:00,417,2.8,0.3,0
2019-10-03 10:00:00,412,2.8,-0.3,0
2019-10-03 11:00:00,406,3.1,-0.1,0
2019-10-03 12:00:00,401,3.2,0.1,0
2019-10-03 13:00:00,399,3.6,0.8,0
2019-10-03 14:00:00,402,3.5,1.1,0
2019-10-03 15:00:00,407,4.0,1.5,0
2019-10-03 16:00:00,402,4.5,1.2,0
2019-10-03 17:00:00,401,4.7,0.5,0
2019-10-03 18:00:00,403,4.8,0.9,0
2019-10-03 19:00:00,413,5.1,1.2,0
2019-10-03 20:00:00,421,11.0,0.9,0
2019-10-03 21:00:00,421,10.8,0.6,0
2019-10-03 22:00:00,417,9.9,0.1,0
2019-10-03 23:00:00,414,9.6,-0.8,0
2019-10-04 00:00:00,408,9.7,-0.7,0
2019-10-04 01:00:00,405,9.8,-0.6,0
2019-10-04 02:00:00,399,11.6,-0.3,0
2019-10-04 03:00:00,399,13.6,-0.1,0
2019-10-04 04:00:00,391,17.5,0.6,0
2019-10-04 05:00:00,385,20.5,1.7,0
2019-10-04 06:00:00,394,26.8,-2.4,0
2019-10-04 07:00:00,393,20.1,-0.8,0
2019-10-04 08:00:00,388,16.7,0.2,0
2019-10-04 09:00:00,390,13.3,2.5,0
2019-10-04 10:00:00,391,20.0,2.1,0
2019-10-04 11:00:00,386,28.5,0.7,0
2019-10-04 12:00:00,383,23.8,1.2,0
2019-10-04 13:00:00,386,16.5,0.6,0
2019-10-04 14:00:00,406,8.2,0.4,0
2019-10-04 15:00:00,404,7.7,-0.2,0
2019-10-04 16:00:00,427,6.6,-0.1,0
2019-10-04 17:00:00,424,6.6,-1.4,0
2019-10-04 18:00:00,422,6.1,0.7,0
2019-10-04 19:00:00,418,4.6,1.1,0
2019-10-04 20:00:00,416,4.1,0.7,0
2019-10-04 21:00:00,414,3.9,0.6,0
2019-10-04 22:00:00,406,4.1,0.1,0
2019-10-04 23:00:00,404,3.8,0.5,0
2019-10-05 00:00:00,403,3.8,0.3,0
2019-10-05 01:00:00,400,3.9,-1.5,0
2019-10-05 02:00:00,401,3.7,-0.5,0
2019-10-05 03:00:00,397,3.8,-1.2,0
2019-10-05 04:00:00,385,4.1,-0.5,0
2019-10-05 05:00:00,374,4.2,-1.2,0
2019-10-05 06:00:00,372,4.8,-0.7,0
2019-10-05 07:00:00,384,7.8,0.0,0
2019-10-05 08:00:00,400,8.4,-0.9,0
2019-10-05 09:00:00,391,8.2,-0.5,0
2019-10-05 10:00:00,375,9.4,-0.6,0
2019-10-05 11:00:00,382,9.7,0.4,0
2019-10-05 12:00:00,377,9.4,0.4,0
2019-10-05 13:00:00,381,9.1,-0.8,0
2019-10-05 14:00:00,382,8.7,1.5,0
2019-10-05 15:00:00,377,9.2,2.5,0
2019-10-05 16:00:00,378,9.1,0.0,0
2019-10-05 17:00:00,380,9.2,1.7,0
2019-10-05 18:00:00,390,8.0,3.3,0
2019-10-05 19:00:00,387,8.9,-1.0,0
2019-10-05 20:00:00,388,9.5,-2.5,0
2019-10-05 21:00:00,385,11.0,1.2,0
2019-10-05 22:00:00,383,11.5,0.6,0
2019-10-05 23:00:00,380,10.0,2.1,0
2019-10-06 00:00:00,399,7.7,1.3,0
2019-10-06 01:00:00,416,7.8,-1.0,0
2019-10-06 02:00:00,429,5.4,1.3,0
2019-10-06 03:00:00,437,3.9,1.1,0
2019-10-06 04:00:00,445,3.3,1.9,0
2019-10-06 05:00:00,440,3.3,0.5,0
2019-10-06 06:00:00,429,3.3,0.6,0
2019-10-06 07:00:00,413,3.9,-0.5,0
2019-10-06 08:00:00,410,3.5,-2.1,0
2019-10-06 09:00:00,391,6.0,-0.5,0
2019-10-06 10:00:00,387,5.2,1.2,0
2019-10-06 11:00:00,395,3.5,-0.1,0
2019-10-06 12:00:00,394,2.9,-0.8,0
2019-10-06 13:00:00,398,2.8,0.0,0
2019-10-06 14:00:00,391,3.0,-0.1,0
2019-10-06 15:00:00,383,2.7,-0.1,0
2019-10-06 16:00:00,381,3.0,0.2,0
2019-10-06 17:00:00,376,2.6,0.0,0
2019-10-06 18:00:00,370,2.1,-0.2,0
2019-10-06 19:00:00,363,1.9,-0.2,0
2019-10-06 20:00:00,362,2.1,-0.2,0
2019-10-06 21:00:00,373,2.5,-0.2,0
2019-10-06 22:00:00,378,2.1,-0.5,0
2019-10-06 23:00:00,357,2.6,-0.7,0
2019-10-07 00:00:00,359,2.7,0.2,0
2019-10-07 01:00:00,355,3.1,-0.4,0
2019-10-07 02:00:00,352,3.5,-0.7,0
2019-10-07 03:00:00,354,3.9,-0.5,0
2019-10-07 04:00:00,356,4.7,-0.6,0
2019-10-07 05:00:00,355,4.9,0.9,0
2019-10-07 06:00:00,355,4.4,1.7,0
2019-10-07 07:00:00,354,4.7,0.8,0
2019-10-07 08:00:00,354,5.3,0.5,0
2019-10-07 09:00:00,357,6.3,-0.2,0
2019-10-07 10:00:00,352,6.7,-0.7,0
2019-10-07 11:00:00,350,6.9,0.3,0
2019-10-07 12:00:00,353,7.4,-2.4,0
2019-10-07 13:00:00,359,8.1,-3.4,0
2019-10-07 14:00:00,365,8.9,-3.2,0
2019-10-07 15:00:00,360,7.1,-1.7,0
2019-10-07 16:00:00,357,7.5,-0.7,0
2019-10-07 17:00:00,374,8.1,-3.1,0
2019-10-07 18:00:00,368,9.3,-1.4,0
2019-10-07 19:00:00,383,9.3,-1.3,0
2019-10-07 20:00:00,373,7.7,0.2,0
2019-10-07 21:00:00,380,6.9,1.8,0
2019-10-07 22:00:00,374,6.6,-0.5,0
2019-10-07 23:00:00,380,5.6,-1.4,0
2019-10-08 00:00:00,382,5.7,0.0,0
2019-10-08 01:00:00,398,5.4,-0.7,0
2019-10-08 02:00:00,399,5.3,-1.1,0
2019-10-08 03:00:00,406,6.2,1.3,0
2019-10-08 04:00:00,410,6.6,1.4,0
2019-10-08 05:00:00,398,6.3,1.1,0
2019-10-08 06:00:00,379,6.9,0.4,0
2019-10-08 07:00:00,376,6.9,1.3,0
2019-10-08 08:00:00,387,7.1,0.5,0
2019-10-08 09:00:00,392,6.2,-3.2,0
2019-10-08 10:00:00,395,6.1,-1.7,0
2019-10-08 11:00:00,390,5.5,-1.8,0
2019-10-08 12:00:00,388,4.6,-0.4,0
2019-10-08 13:00:00,386,4.4,1.2,0
2019-10-08 14:00:00,385,4.2,1.1,0
2019-10-08 15:00:00,390,4.2,-0.3,0
2019-10-08 16:00:00,390,3.9,-1.2,0
2019-10-08 17:00:00,384,4.1,0.2,0
2019-10-08 18:00:00,387,3.9,-0.8,0
2019-10-08 19:00:00,385,4.0,-0.6,0
2019-10-08 20:00:00,383,4.1,-0.5,0
2019-10-08 21:00:00,381,4.0,-0.8,0
2019-10-08 22:00:00,382,4.7,-0.4,0
2019-10-08 23:00:00,380,4.7,0.2,0
2019-10-09 00:00:00,379,4.2,-0.1,0
2019-10-09 01:00:00,378,3.5,0.6,0
2019-10-09 02:00:00,379,5.0,-0.1,0
2019-10-09 03:00:00,377,5.4,0.4,0
2019-10-09 04:00:00,380,6.2,0.5,0
2019-10-09 05:00:00,385,7.7,-0.2,0
2019-10-09 06:00:00,389,8.4,-2.3,0
2019-10-09 07:00:00,386,7.3,-5.2,0
2019-10-09 08:00:00,396,8.9,-3.6,0
2019-10-09 09:00:00,403,7.9,-6.6,0
2019-10-09 10:00:00,412,6.1,-6.4,0
2019-10-09 11:00:00,412,7.0,-5.1,0
2019-10-09 12:00:00,407,8.9,-2.4,0
2019-10-09 13:00:00,404,7.2,-0.3,0
2019-10-09 14:00:00,394,9.6,0.9,0
2019-10-09 15:00:00,392,12.1,1.5,0
2019-10-09 16:00:00,391,15.8,3.2,0
2019-10-09 17:00:00,387,16.1,2.9,0
2019-10-09 18:00:00,384,15.7,3.5,0
2019-10-09 19:00:00,382,17.3,3.2,0
2019-10-09 20:00:00,376,8.3,3.6,0
2019-10-09 21:00:00,363,6.5,2.2,0
2019-10-09 22:00:00,381,7.7,3.2,0
2019-10-09 23:00:00,380,15.0,3.5,0
2019-10-10 00:00:00,389,11.7,6.1,0
2019-10-10 01:00:00,385,11.4,6.2,0
2019-10-10 02:00:00,412,11.3,4.0,0
2019-10-10 03:00:00,433,7.3,4.3,0
2019-10-10 04:00:00,425,5.9,-3.2,0
2019-10-10 05:00:00,442,6.7,-1.2,0
2019-10-10 06:00:00,464,6.5,-2.4,0
2019-10-10 07:00:00,489,4.6,-1.1,0
2019-10-10 08:00:00,478,4.5,0.3,0
2019-10-10 09:00:00,461,3.5,1.7,0
2019-10-10 10:00:00,465,3.0,0.5,0
2019-10-10 11:00:00,469,2.9,0.8,0
2019-10-10 12:00:00,465,2.7,0.9,0
2019-10-10 13:00:00,477,3.1,0.3,0
2019-10-10 14:00:00,484,3.5,0.1,0
2019-10-10 15:00:00,477,3.1,-2.2,0
2019-10-10 16:00:00,466,2.5,1.8,0
2019-10-10 17:00:00,472,2.4,2.0,0
2019-10-10 18:00:00,482,3.4,1.1,0
2019-10-10 19:00:00,492,4.2,0.8,0
2019-10-10 20:00:00,492,3.9,0.6,0
2019-10-10 21:00:00,516,3.4,-1.5,0
2019-10-10 22:00:00,483,3.0,0.1,0
2019-10-10 23:00:00,474,3.1,0.0,0
2019-10-11 00:00:00,477,3.3,0.2,0
2019-10-11 01:00:00,474,3.3,0.6,0
2019-10-11 02:00:00,478,3.1,1.1,0
2019-10-11 03:00:00,468,3.1,0.9,0
2019-10-11 04:00:00,460,3.5,0.4,0
2019-10-11 05:00:00,472,3.6,-0.1,0
2019-10-11 06:00:00,467,3.9,-0.9,0
2019-10-11 07:00:00,459,3.6,-1.4,0
2019-10-11 08:00:00,467,3.6,-2.3,0
2019-10-11 09:00:00,455,3.1,-0.8,0
2019-10-11 10:00:00,438,2.5,0.8,0
2019-10-11 11:00:00,454,2.8,1.1,0
2019-10-11 12:00:00,475,3.2,0.7,0
2019-10-11 13:00:00,481,3.5,-1.5,0
2019-10-11 14:00:00,481,3.5,-2.0,0
2019-10-11 15:00:00,479,3.3,-0.5,0
2019-10-11 16:00:00,465,3.1,0.6,0
2019-10-11 17:00:00,459,2.8,-0.3,0
2019-10-11 18:00:00,458,2.8,0.1,0
2019-10-11 19:00:00,457,2.9,-0.3,0
2019-10-11 20:00:00,449,2.6,-0.1,0
2019-10-11 21:00:00,447,2.5,-0.4,0
2019-10-11 22:00:00,445,2.7,-0.1,0
2019-10-11 23:00:00,445,2.9,-0.1,0
2019-10-12 00:00:00,435,2.8,0.2,0
2019-10-12 01:00:00,441,3.0,-0.4,0
2019-10-12 02:00:00,426,3.3,-0.3,0
2019-10-12 03:00:00,418,3.0,-0.2,0
2019-10-12 04:00:00,416,3.3,0.3,0
2019-10-12 05:00:00,408,3.0,-0.6,0
2019-10-12 06:00:00,405,3.1,-0.3,0
2019-10-12 07:00:00,420,3.5,-0.5,0
2019-10-12 08:00:00,407,3.3,0.4,0
2019-10-12 09:00:00,395,3.2,0.2,0
2019-10-12 10:00:00,409,4.0,0.7,0
2019-10-12 11:00:00,414,4.4,-0.1,0
2019-10-12 12:00:00,404,4.1,-1.0,0
2019-10-12 13:00:00,393,3.4,1.3,0
2019-10-12 14:00:00,389,3.2,1.7,0
2019-10-12 15:00:00,384,3.3,1.4,0
2019-10-12 16:00:00,382,3.2,1.6,0
2019-10-12 17:00:00,379,3.4,0.8,0
2019-10-12 18:00:00,382,3.7,0.0,0
2019-10-12 19:00:00,378,4.2,0.0,0
2019-10-12 20:00:00,377,4.3,-0.2,0
2019-10-12 21:00:00,375,4.3,-0.5,0
2019-10-12 22:00:00,373,4.5,-0.1,0
2019-10-12 23:00:00,376,5.0,-0.7,0
2019-10-13 00:00:00,377,5.0,-0.5,0
2019-10-13 01:00:00,376,5.2,-0.1,0
2019-10-13 02:00:00,372,5.5,-0.3,0
2019-10-13 03:00:00,367,5.8,-0.6,0
2019-10-13 04:00:00,365,6.1,-1.2,0
2019-10-13 05:00:00,361,6.9,-0.3,0
2019-10-13 06:00:00,343,5.1,0.4,0
2019-10-13 07:00:00,337,4.9,0.4,0
2019-10-13 08:00:00,333,3.8,0.8,0
2019-10-13 09:00:00,336,3.6,-0.1,0
2019-10-13 10:00:00,342,4.9,0.9,0
2019-10-13 11:00:00,353,6.6,0.9,0
2019-10-13 12:00:00,349,6.9,0.4,0
2019-10-13 13:00:00,345,7.2,0.3,0
2019-10-13 14:00:00,346,7.2,0.6,0
2019-10-13 15:00:00,349,6.7,0.7,0
2019-10-13 16:00:00,347,6.8,0.8,0
2019-10-13 17:00:00,341,6.5,0.7,0
2019-10-13 18:00:00,340,6.8,0.5,0
2019-10-13 19:00:00,337,6.2,0.6,0
2019-10-13 20:00:00,333,5.8,0.6,0
2019-10-13 21:00:00,330,6.0,0.5,0
2019-10-13 22:00:00,329,6.1,0.2,0
2019-10-13 23:00:00,326,6.2,-0.2,0
2019-10-14 00:00:00,323,6.0,-1.2,0
2019-10-14 01:00:00,323,5.8,2.0,0
2019-10-14 02:00:00,325,7.7,1.1,0
2019-10-14 03:00:00,326,8.8,-0.3,0
2019-10-14 04:00:00,327,9.1,-1.5,0
2019-10-14 05:00:00,325,10.0,-3.1,0
2019-10-14 06:00:00,326,6.0,-2.0,0
2019-10-14 07:00:00,331,4.9,-0.8,0
2019-10-14 08:00:00,329,6.8,-1.1,0
2019-10-14 09:00:00,328,8.5,-0.7,0
2019-10-14 10:00:00,328,11.1,-1.2,0
2019-10-14 11:00:00,328,10.8,4.0,0
2019-10-14 12:00:00,326,10.5,3.4,0
2019-10-14 13:00:00,330,8.7,1.0,0
2019-10-14 14:00:00,339,8.0,-5.3,0
2019-10-14 15:00:00,344,6.8,-4.3,0
2019-10-14 16:00:00,351,10.0,-3.6,0
2019-10-14 17:00:00,352,10.2,-2.2,0
2019-10-14 18:00:00,359,11.2,-2.7,0
2019-10-14 19:00:00,352,8.3,-4.2,0
2019-10-14 20:00:00,343,8.2,-3.3,0
2019-10-14 21:00:00,340,7.8,-2.8,0
2019-10-14 22:00:00,332,8.5,-0.2,0
2019-10-14 23:00:00,337,12.6,2.8,0
2019-10-15 00:00:00,335,11.3,5.5,0
2019-10-15 01:00:00,336,11.1,3.9,0
2019-10-15 02:00:00,338,9.8,0.1,0
2019-10-15 03:00:00,335,11.6,1.2,0
2019-10-15 04:00:00,328,8.9,2.0,0
2019-10-15 05:00:00,330,6.1,3.5,0
2019-10-15 06:00:00,331,6.8,3.8,0
2019-10-15 07:00:00,339,9.2,1.8,0
2019-10-15 08:00:00,349,7.9,1.6,0
2019-10-15 09:00:00,360,7.7,2.4,0
2019-10-15 10:00:00,370,10.0,0.0,0
2019-10-15 11:00:00,356,7.8,2.1,0
2019-10-15 12:00:00,360,9.2,2.7,0
2019-10-15 13:00:00,355,8.6,2.2,0
2019-10-15 14:00:00,351,8.9,2.8,0
2019-10-15 15:00:00,349,8.0,3.4,0
2019-10-15 16:00:00,347,8.3,2.5,0
2019-10-15 17:00:00,348,10.8,2.7,0
2019-10-15 18:00:00,352,10.6,-0.4,0
2019-10-15 19:00:00,354,8.6,4.2,0
2019-10-15 20:00:00,356,13.6,3.6,0
2019-10-15 21:00:00,361,18.0,3.2,0
2019-10-15 22:00:00,365,21.7,2.4,0
2019-10-15 23:00:00,365,27.4,4.0,0
2019-10-16 00:00:00,360,26.7,2.8,0
2019-10-16 01:00:00,349,20.4,3.3,0
2019-10-16 02:00:00,347,14.3,3.7,0
2019-10-16 03:00:00,355,9.1,1.3,0
2019-10-16 04:00:00,359,6.1,-2.3,0
2019-10-16 05:00:00,359,9.2,-0.4,0
2019-10-16 06:00:00,353,9.7,-0.3,0
2019-10-16 07:00:00,353,9.7,-0.6,0
2019-10-16 08:00:00,352,9.5,-1.2,0
2019-10-16 09:00:00,356,9.5,1.8,0
2019-10-16 10:00:00,372,7.7,0.4,0
2019-10-16 11:00:00,384,8.7,-2.1,0
2019-10-16 12:00:00,395,10.8,-0.2,0
2019-10-16 13:00:00,392,6.5,1.5,0
2019-10-16 14:00:00,398,4.3,1.7,0
2019-10-16 15:00:00,393,4.6,1.8,0
2019-10-16 16:00:00,405,3.7,1.6,0
2019-10-16 17:00:00,405,3.5,1.0,0
2019-10-16 18:00:00,411,2.5,0.5,0
2019-10-16 19:00:00,409,3.4,0.7,0
2019-10-16 20:00:00,417,3.5,0.5,0
2019-10-16 21:00:00,425,3.9,1.0,0
2019-10-16 22:00:00,423,4.1,0.4,0
2019-10-16 23:00:00,414,3.9,0.1,0
2019-10-17 00:00:00,398,4.5,-0.8,0
2019-10-17 01:00:00,401,4.1,0.2,0
2019-10-17 02:00:00,414,4.0,0.0,0
2019-10-17 03:00:00,421,3.9,-1.3,0
2019-10-17 04:00:00,418,4.4,-1.0,0
2019-10-17 05:00:00,427,4.2,0.9,0
2019-10-17 06:00:00,412,4.5,2.8,0
2019-10-17 07:00:00,414,5.2,0.8,0
2019-10-17 08:00:00,416,5.2,1.4,0
2019-10-17 09:00:00,420,4.4,1.1,0
2019-10-17 10:00:00,418,4.2,0.4,0
2019-10-17 11:00:00,405,5.9,-1.9,0
2019-10-17 12:00:00,404,5.7,-1.7,0
2019-10-17 13:00:00,392,5.4,0.0,0
2019-10-17 14:00:00,384,5.5,-0.8,0
2019-10-17 15:00:00,386,5.3,-1.1,0
2019-10-17 16:00:00,387,5.3,-0.7,0
2019-10-17 17:00:00,382,5.0,-1.4,0
2019-10-17 18:00:00,375,4.7,0.5,0
2019-10-17 19:00:00,375,4.2,0.9,0
2019-10-17 20:00:00,374,3.9,0.7,0
2019-10-17 21:00:00,382,4.5,-0.4,0
2019-10-17 22:00:00,384,3.8,0.1,0
2019-10-17 23:00:00,372,4.2,-1.2,0
2019-10-18 00:00:00,362,4.5,-0.4,0
2019-10-18 01:00:00,363,4.8,-0.9,0
2019-10-18 02:00:00,371,5.9,-1.1,0
2019-10-18 03:00:00,380,7.0,-2.6,0
2019-10-18 04:00:00,382,7.3,-1.1,0
2019-10-18 05:00:00,381,7.0,0.1,0
2019-10-18 06:00:00,376,6.7,0.7,0
2019-10-18 07:00:00,357,6.5,0.4,0
2019-10-18 08:00:00,352,6.5,0.6,0
2019-10-18 09:00:00,353,7.4,0.4,0
2019-10-18 10:00:00,348,6.4,0.6,0
2019-10-18 11:00:00,348,6.3,0.1,0
2019-10-18 12:00:00,343,7.1,-0.6,0
2019-10-18 13:00:00,341,9.2,-0.9,0
2019-10-18 14:00:00,342,10.7,-0.6,0
2019-10-18 15:00:00,347,10.3,0.5,0
2019-10-18 16:00:00,346,9.6,0.9,0
2019-10-18 17:00:00,344,8.9,0.9,0
2019-10-18 18:00:00,351,7.8,1.2,0
2019-10-18 19:00:00,353,8.3,0.6,0
2019-10-18 20:00:00,342,8.8,-2.0,0
2019-10-18 21:00:00,342,8.3,-0.9,0
2019-10-18 22:00:00,336,7.5,-0.4,0
2019-10-18 23:00:00,332,6.9,-0.2,0
2019-10-19 00:00:00,327,7.7,-0.3,0
2019-10-19 01:00:00,323,6.8,0.2,0
2019-10-19 02:00:00,331,5.8,0.7,0
2019-10-19 03:00:00,331,6.0,1.7,0
2019-10-19 04:00:00,333,6.7,1.3,0
2019-10-19 05:00:00,345,7.6,-1.3,0
2019-10-19 06:00:00,364,8.6,-0.2,0
2019-10-19 07:00:00,363,9.0,0.9,0
2019-10-19 08:00:00,359,7.9,-0.3,0
2019-10-19 09:00:00,365,7.0,-2.3,0
2019-10-19 10:00:00,365,6.9,-2.8,0
2019-10-19 11:00:00,355,7.3,-1.9,0
2019-10-19 12:00:00,361,8.1,-1.6,0
2019-10-19 13:00:00,362,9.7,-1.1,0
2019-10-19 14:00:00,365,9.8,-2.1,0
2019-10-19 15:00:00,363,8.9,-2.8,0
2019-10-19 16:00:00,363,7.8,-3.2,0
2019-10-19 17:00:00,359,7.7,-2.6,0
2019-10-19 18:00:00,361,7.6,-1.7,0
2019-10-19 19:00:00,359,7.5,-0.6,0
2019-10-19 20:00:00,352,7.1,-0.6,0
2019-10-19 21:00:00,351,6.5,-0.8,0
2019-10-19 22:00:00,345,6.7,-1.4,0
2019-10-19 23:00:00,339,5.5,0.2,0
2019-10-20 00:00:00,334,5.7,-1.0,0
2019-10-20 01:00:00,328,6.5,-0.2,0
2019-10-20 02:00:00,335,6.3,0.2,0
2019-10-20 03:00:00,343,6.5,0.8,0
2019-10-20 04:00:00,345,7.2,0.5,0
2019-10-20 05:00:00,346,8.0,1.5,0
2019-10-20 06:00:00,346,8.8,-1.6,0
2019-10-20 07:00:00,343,8.1,0.0,0
2019-10-20 08:00:00,345,9.0,-1.2,0
2019-10-20 09:00:00,343,7.9,0.8,0
2019-10-20 10:00:00,340,7.8,1.2,0
2019-10-20 11:00:00,339,8.1,-1.5,0
2019-10-20 12:00:00,337,7.8,-3.1,0
2019-10-20 13:00:00,335,8.3,-1.6,0
2019-10-20 14:00:00,335,8.6,-0.7,0
2019-10-20 15:00:00,336,9.8,-0.4,0
2019-10-20 16:00:00,338,11.8,0.1,0
2019-10-20 17:00:00,339,13.2,0.3,0
2019-10-20 18:00:00,347,18.0,-0.5,0
2019-10-20 19:00:00,350,16.3,-1.5,0
2019-10-20 20:00:00,347,14.8,-4.5,0
2019-10-20 21:00:00,348,14.6,-4.1,0
2019-10-20 22:00:00,347,13.7,-1.3,0
2019-10-20 23:00:00,343,11.8,-1.7,0
2019-10-21 00:00:00,339,7.9,-2.3,0
2019-10-21 01:00:00,339,16.1,-0.3,0
2019-10-21 02:00:00,339,18.3,-0.9,0
2019-10-21 03:00:00,342,19.3,-0.4,0
2019-10-21 04:00:00,342,13.6,2.0,0
2019-10-21 05:00:00,348,10.9,2.8,0
2019-10-21 06:00:00,341,8.3,1.3,0
2019-10-21 07:00:00,336,9.0,1.1,0
2019-10-21 08:00:00,345,10.1,0.7,0
2019-10-21 09:00:00,341,10.2,0.5,0
2019-10-21 10:00:00,344,19.6,0.3,0
2019-10-21 11:00:00,341,16.7,0.3,0
2019-10-21 12:00:00,349,15.7,2.0,0
2019-10-21 13:00:00,351,12.1,1.9,0
2019-10-21 14:00:00,342,7.8,1.5,0
2019-10-21 15:00:00,345,7.8,-0.2,0
2019-10-21 16:00:00,344,7.1,0.0,0
2019-10-21 17:00:00,342,6.8,-0.3,0
2019-10-21 18:00:00,338,6.8,-0.4,0
2019-10-21 19:00:00,337,6.9,0.3,0
2019-10-21 20:00:00,337,6.9,0.4,0
2019-10-21 21:00:00,339,7.3,0.1,0
2019-10-21 22:00:00,342,7.8,0.3,0
2019-10-21 23:00:00,339,9.0,-1.2,0
2019-10-22 00:00:00,342,9.1,-0.8,0
2019-10-22 01:00:00,348,8.6,1.0,0
2019-10-22 02:00:00,349,10.3,1.8,0
2019-10-22 03:00:00,352,10.6,1.5,0
2019-10-22 04:00:00,355,9.3,1.5,0
2019-10-22 05:00:00,355,10.4,1.3,0
2019-10-22 06:00:00,357,10.2,0.6,0
2019-10-22 07:00:00,356,10.9,-0.8,0
2019-10-22 08:00:00,351,11.1,-1.3,0
2019-10-22 09:00:00,354,10.7,-1.9,0
2019-10-22 10:00:00,357,10.5,-0.9,0
2019-10-22 11:00:00,361,8.7,3.3,0
2019-10-22 12:00:00,359,9.0,2.7,0
2019-10-22 13:00:00,358,9.4,0.2,0
2019-10-22 14:00:00,358,9.4,-1.6,0
2019-10-22 15:00:00,354,9.1,-1.5,0
2019-10-22 16:00:00,348,8.8,-0.9,0
2019-10-22 17:00:00,355,7.8,-1.1,0
2019-10-22 18:00:00,352,7.4,-2.3,0
2019-10-22 19:00:00,351,7.2,-0.4,0
2019-10-22 20:00:00,352,6.6,1.4,0
2019-10-22 21:00:00,352,6.2,1.7,0
2019-10-22 22:00:00,351,5.7,0.2,0
2019-10-22 23:00:00,354,6.5,0.2,0
2019-10-23 00:00:00,343,7.0,1.3,0
2019-10-23 01:00:00,338,6.9,1.5,0
2019-10-23 02:00:00,343,6.8,0.7,0
2019-10-23 03:00:00,358,5.5,0.4,0
2019-10-23 04:00:00,355,5.5,0.1,0
2019-10-23 05:00:00,357,4.7,0.6,0
2019-10-23 06:00:00,362,4.2,0.4,0
2019-10-23 07:00:00,365,4.2,0.0,0
2019-10-23 08:00:00,352,3.6,0.9,0
2019-10-23 09:00:00,351,3.5,0.9,0
2019-10-23 10:00:00,346,3.2,0.2,0
2019-10-23 11:00:00,350,3.2,0.5,0
2019-10-23 12:00:00,339,5.7,0.0,0
2019-10-23 13:00:00,336,5.7,-0.3,0
2019-10-23 14:00:00,331,5.8,-0.1,0
2019-10-23 15:00:00,332,6.5,0.1,0
2019-10-23 16:00:00,330,6.9,0.0,0
2019-10-23 17:00:00,329,7.1,0.0,0
2019-10-23 18:00:00,326,7.7,-0.2,0
2019-10-23 19:00:00,328,8.5,0.3,0
2019-10-23 20:00:00,333,8.3,-0.1,0
2019-10-23 21:00:00,333,8.2,0.6,0
2019-10-23 22:00:00,330,8.2,0.7,0
2019-10-23 23:00:00,329,7.6,0.3,0
2019-10-24 00:00:00,332,7.2,-1.3,0
2019-10-24 01:00:00,333,7.6,-0.4,0
2019-10-24 02:00:00,336,9.3,-0.4,0
2019-10-24 03:00:00,343,11.5,-0.8,0
2019-10-24 04:00:00,341,11.5,-1.7,0
2019-10-24 05:00:00,344,12.5,-1.3,0
2019-10-24 06:00:00,355,20.9,0.7,0
2019-10-24 07:00:00,351,20.2,-0.1,0
2019-10-24 08:00:00,362,29.1,4.2,0
2019-10-24 09:00:00,367,32.4,-5.1,0
2019-10-24 10:00:00,358,18.9,-9.1,0
2019-10-24 11:00:00,382,17.4,-3.3,0
2019-10-24 12:00:00,463,9.7,-5.8,0
2019-10-24 13:00:00,491,11.0,0.8,0
2019-10-24 14:00:00,482,11.0,1.4,0
2019-10-24 15:00:00,470,10.4,-2.3,0
2019-10-24 16:00:00,494,11.7,-1.0,0
2019-10-24 17:00:00,516,10.9,-0.3,0
2019-10-24 18:00:00,507,9.9,1.8,0
2019-10-24 19:00:00,547,8.1,0.0,0
2019-10-24 20:00:00,566,7.1,1.3,0
2019-10-24 21:00:00,570,6.9,0.2,0
2019-10-24 22:00:00,567,6.4,-0.1,0
2019-10-24 23:00:00,583,6.8,0.7,0
2019-10-25 00:00:00,580,7.1,2.8,0
2019-10-25 01:00:00,554,7.4,-0.5,0
2019-10-25 02:00:00,566,6.0,-1.7,0
2019-10-25 03:00:00,580,5.7,-1.9,0
2019-10-25 04:00:00,580,5.7,-0.5,0
2019-10-25 05:00:00,593,5.8,0.6,0
2019-10-25 06:00:00,605,5.1,1.4,0
2019-10-25 07:00:00,606,3.9,-3.4,0
2019-10-25 08:00:00,612,4.2,-3.5,0
2019-10-25 09:00:00,589,4.2,0.2,0
2019-10-25 10:00:00,597,4.4,-1.4,0
2019-10-25 11:00:00,609,4.9,-0.2,0
2019-10-25 12:00:00,612,5.0,-0.7,0
2019-10-25 13:00:00,606,4.3,0.7,0
2019-10-25 14:00:00,617,3.7,-1.3,0
2019-10-25 15:00:00,643,3.6,-1.0,0
2019-10-25 16:00:00,650,2.9,-0.9,0
2019-10-25 17:00:00,649,2.8,0.3,0
2019-10-25 18:00:00,630,3.0,0.2,0
2019-10-25 19:00:00,620,3.3,-0.7,0
2019-10-25 20:00:00,616,2.9,-0.3,0
2019-10-25 21:00:00,633,2.8,1.1,0
2019-10-25 22:00:00,597,2.6,1.0,0
2019-10-25 23:00:00,583,2.3,0.2,0
2019-10-26 00:00:00,577,2.8,1.5,0
2019-10-26 01:00:00,579,2.7,-0.3,0
2019-10-26 02:00:00,584,3.5,1.0,0
2019-10-26 03:00:00,596,4.4,-0.1,0
2019-10-26 04:00:00,574,4.6,-0.8,0
2019-10-26 05:00:00,577,5.9,-0.1,0
2019-10-26 06:00:00,596,6.6,2.4,0
2019-10-26 07:00:00,584,6.5,0.9,0
2019-10-26 08:00:00,586,5.8,-0.4,0
2019-10-26 09:00:00,588,6.5,-2.9,0
2019-10-26 10:00:00,592,6.3,0.0,0
2019-10-26 11:00:00,596,5.9,0.4,0
2019-10-26 12:00:00,594,5.1,-2.7,0
2019-10-26 13:00:00,596,4.7,-2.7,0
2019-10-26 14:00:00,606,4.7,-1.3,0
2019-10-26 15:00:00,625,3.7,2.1,0
2019-10-26 16:00:00,633,3.5,0.4,0
2019-10-26 17:00:00,650,2.9,-1.8,0
2019-10-26 18:00:00,641,3.4,-1.8,0
2019-10-26 19:00:00,647,3.5,-1.8,0
2019-10-26 20:00:00,638,3.8,1.3,0
2019-10-26 21:00:00,631,3.5,-0.3,0
2019-10-26 22:00:00,638,3.3,-0.8,0
2019-10-26 23:00:00,631,2.9,-1.3,0
2019-10-27 00:00:00,624,2.8,-1.2,0
2019-10-27 01:00:00,608,2.3,-1.0,0
2019-10-27 02:00:00,614,2.1,0.3,0
2019-10-27 03:00:00,620,2.4,-0.8,0
2019-10-27 04:00:00,613,2.3,-0.7,0
2019-10-27 05:00:00,589,1.6,0.5,0
2019-10-27 06:00:00,614,2.2,0.6,0
2019-10-27 07:00:00,585,1.9,-1.0,0
2019-10-27 08:00:00,574,1.8,0.5,0
2019-10-27 09:00:00,599,2.1,1.2,0
2019-10-27 10:00:00,586,2.0,0.3,0
2019-10-27 11:00:00,576,2.0,0.5,0
2019-10-27 12:00:00,566,2.3,1.6,0
2019-10-27 13:00:00,565,2.1,2.1,0
2019-10-27 14:00:00,567,2.7,1.9,0
2019-10-27 15:00:00,559,1.9,2.3,0
2019-10-27 16:00:00,570,2.2,-3.0,0
2019-10-27 17:00:00,578,2.7,-1.5,0
2019-10-27 18:00:00,593,2.6,-1.3,0
2019-10-27 19:00:00,604,2.6,-0.3,0
2019-10-27 20:00:00,604,2.6,1.4,0
2019-10-27 21:00:00,599,2.6,-0.9,0
2019-10-27 22:00:00,592,2.5,1.5,0
2019-10-27 23:00:00,588,2.5,2.1,0
2019-10-28 00:00:00,579,2.4,1.4,0
2019-10-28 01:00:00,582,2.1,-1.0,0
2019-10-28 02:00:00,562,2.8,1.2,0
2019-10-28 03:00:00,558,3.1,-0.5,0
2019-10-28 04:00:00,561,2.7,-1.7,0
2019-10-28 05:00:00,549,2.7,-1.8,0
2019-10-28 06:00:00,558,3.0,-2.1,0
2019-10-28 07:00:00,544,2.5,-1.0,0
2019-10-28 08:00:00,526,2.1,-0.3,0
2019-10-28 09:00:00,530,2.5,-0.3,0
2019-10-28 10:00:00,504,2.8,-2.0,0
2019-10-28 11:00:00,502,2.9,-2.9,0
2019-10-28 12:00:00,495,3.0,-2.5,0
2019-10-28 13:00:00,493,2.8,-1.7,0
2019-10-28 14:00:00,481,3.2,-2.5,0
2019-10-28 15:00:00,487,3.4,-2.4,0
2019-10-28 16:00:00,489,3.7,-2.6,0
2019-10-28 17:00:00,496,3.3,-2.5,0
2019-10-28 18:00:00,476,3.7,-1.9,0
2019-10-28 19:00:00,462,3.7,-1.0,0
2019-10-28 20:00:00,463,3.6,-1.4,0
2019-10-28 21:00:00,456,4.6,0.6,0
2019-10-28 22:00:00,453,4.9,-1.0,0
2019-10-28 23:00:00,454,5.7,-2.0,0
2019-10-29 00:00:00,453,5.5,-2.3,0
2019-10-29 01:00:00,446,6.1,-3.0,0
2019-10-29 02:00:00,438,7.7,-2.6,0
2019-10-29 03:00:00,435,7.8,-2.4,0
2019-10-29 04:00:00,433,10.3,-0.4,0
2019-10-29 05:00:00,424,8.5,0.4,0
2019-10-29 06:00:00,418,6.5,0.2,0
2019-10-29 07:00:00,413,4.9,0.5,0
2019-10-29 08:00:00,411,3.5,-0.1,0
2019-10-29 09:00:00,411,3.6,-0.6,0
2019-10-29 10:00:00,410,3.9,-1.2,0
2019-10-29 11:00:00,406,4.1,-1.6,0
2019-10-29 12:00:00,403,4.2,-1.9,0
2019-10-29 13:00:00,399,5.0,-2.1,0
2019-10-29 14:00:00,396,5.6,-2.6,0
2019-10-29 15:00:00,393,6.5,-3.2,0
2019-10-29 16:00:00,390,6.8,-2.2,0
2019-10-29 17:00:00,395,5.6,-1.4,0
2019-10-29 18:00:00,412,7.5,1.0,0
2019-10-29 19:00:00,412,10.1,1.8,0
2019-10-29 20:00:00,399,10.0,1.8,0
2019-10-29 21:00:00,396,8.2,3.2,0
2019-10-29 22:00:00,399,11.4,1.4,0
2019-10-29 23:00:00,396,10.5,1.1,0
2019-10-30 00:00:00,387,11.4,1.8,0
2019-10-30 01:00:00,391,12.7,2.0,0
2019-10-30 02:00:00,393,12.6,0.9,0
2019-10-30 03:00:00,402,8.2,1.8,0
2019-10-30 04:00:00,400,6.4,3.0,0
2019-10-30 05:00:00,395,8.2,2.3,0
2019-10-30 06:00:00,380,14.3,-2.0,0
2019-10-30 07:00:00,385,5.9,-0.9,0
2019-10-30 08:00:00,386,5.3,-4.2,0
2019-10-30 09:00:00,384,6.1,-3.6,0
2019-10-30 10:00:00,380,4.9,-6.5,0
2019-10-30 11:00:00,378,5.6,-6.8,0
2019-10-30 12:00:00,377,9.4,-6.2,0
2019-10-30 13:00:00,373,13.7,-6.0,0
2019-10-30 14:00:00,368,17.2,-5.8,0
2019-10-30 15:00:00,366,23.7,-6.1,0
2019-10-30 16:00:00,363,21.8,-5.4,0
2019-10-30 17:00:00,360,22.5,-5.0,0
2019-10-30 18:00:00,355,19.9,-4.5,0
2019-10-30 19:00:00,352,9.9,-3.0,0
2019-10-30 20:00:00,349,24.0,-3.2,0
2019-10-30 21:00:00,364,27.5,-3.5,0
2019-10-30 22:00:00,384,32.8,-2.0,0
2019-10-30 23:00:00,381,40.2,-0.9,0
2019-10-31 00:00:00,375,22.5,3.5,0
2019-10-31 01:00:00,374,9.6,11.0,0
2019-10-31 02:00:00,398,30.3,4.5,0
2019-10-31 03:00:00,413,28.7,3.1,0
2019-10-31 04:00:00,427,23.8,0.9,0
2019-10-31 05:00:00,433,17.6,-0.4,0
2019-10-31 06:00:00,425,16.6,-0.6,0
2019-10-31 07:00:00,425,15.3,-0.2,0
2019-10-31 08:00:00,426,12.5,0.1,0
2019-10-31 09:00:00,415,8.6,3.1,0
2019-10-31 10:00:00,408,6.2,3.0,0
2019-10-31 11:00:00,421,5.1,2.9,0
2019-10-31 12:00:00,421,4.3,1.7,0
2019-10-31 13:00:00,428,4.8,-0.2,0
2019-10-31 14:00:00,441,4.7,-0.9,0
2019-10-31 15:00:00,432,5.1,-0.6,0
2019-10-31 16:00:00,438,5.2,0.3,0
2019-10-31 17:00:00,432,4.4,0.9,0
2019-10-31 18:00:00,431,4.4,0.3,0
2019-10-31 19:00:00,437,5.3,-0.8,0
2019-10-31 20:00:00,426,4.8,-0.7,0
2019-10-31 21:00:00,418,4.4,-1.6,0
2019-10-31 22:00:00,407,4.1,-1.0,0
2019-10-31 23:00:00,410,4.3,-0.9,0
2019-11-01 00:00:00,412,5.1,-0.1,6
2019-11-01 01:00:00,411,5.8,-1.0,6
2019-11-01 02:00:00,411,6.0,-1.7,6
2019-11-01 03:00:00,407,6.2,-0.5,6
2019-11-01 04:00:00,406,6.6,0.4,6
2019-11-01 05:00:00,413,7.0,1.6,6
2019-11-01 06:00:00,416,7.3,2.6,6
2019-11-01 07:00:00,408,11.1,2.4,6
2019-11-01 08:00:00,406,10.2,2.1,6
2019-11-01 09:00:00,407,7.8,1.9,6
2019-11-01 10:00:00,412,4.5,1.9,6
2019-11-01 11:00:00,422,3.9,0.8,6
2019-11-01 12:00:00,413,3.1,-0.5,6
2019-11-01 13:00:00,415,4.2,2.0,6
2019-11-01 14:00:00,403,3.7,0.2,6
2019-11-01 15:00:00,398,2.9,-0.1,6
2019-11-01 16:00:00,407,3.8,-0.3,6
2019-11-01 17:00:00,408,3.4,-0.5,6
2019-11-01 18:00:00,393,2.6,1.5,6
2019-11-01 19:00:00,385,2.9,0.9,6
2019-11-01 20:00:00,380,3.0,0.3,6
2019-11-01 21:00:00,377,2.6,1.6,6
2019-11-01 22:00:00,375,2.4,1.4,6
2019-11-01 23:00:00,372,2.7,0.2,6
2019-11-02 00:00:00,370,2.5,0.3,2
2019-11-02 01:00:00,372,3.1,-0.2,2
2019-11-02 02:00:00,373,2.6,0.4,2
2019-11-02 03:00:00,365,3.2,0.3,2
2019-11-02 04:00:00,366,3.0,0.8,2
2019-11-02 05:00:00,366,2.7,1.1,2
2019-11-02 06:00:00,364,3.7,1.3,2
2019-11-02 07:00:00,358,3.1,-0.5,2
2019-11-02 08:00:00,358,4.0,0.2,2
2019-11-02 09:00:00,365,4.4,0.7,2
2019-11-02 10:00:00,361,4.5,-0.2,2
2019-11-02 11:00:00,361,4.3,0.0,2
2019-11-02 12:00:00,356,4.3,0.7,2
2019-11-02 13:00:00,348,4.6,0.1,2
2019-11-02 14:00:00,344,4.8,0.5,2
2019-11-02 15:00:00,342,5.5,1.6,2
2019-11-02 16:00:00,342,5.6,0.7,2
2019-11-02 17:00:00,336,4.1,1.0,2
2019-11-02 18:00:00,333,4.1,-0.5,2
2019-11-02 19:00:00,347,5.8,-0.9,2
2019-11-02 20:00:00,349,6.2,-0.8,2
2019-11-02 21:00:00,347,8.3,-1.6,2
2019-11-02 22:00:00,347,8.9,-2.7,2
2019-11-02 23:00:00,342,8.5,-1.6,2
2019-11-03 00:00:00,342,9.5,-2.5,0
2019-11-03 01:00:00,341,9.8,0.8,0
2019-11-03 02:00:00,337,10.6,2.6,0
2019-11-03 03:00:00,335,12.4,3.8,0
2019-11-03 04:00:00,332,13.6,3.6,0
2019-11-03 05:00:00,331,10.6,3.2,0
2019-11-03 06:00:00,329,9.1,2.4,0
2019-11-03 07:00:00,332,7.7,1.7,0
2019-11-03 08:00:00,331,7.1,1.2,0
2019-11-03 09:00:00,328,7.4,1.4,0
2019-11-03 10:00:00,326,7.5,1.2,0
2019-11-03 11:00:00,327,7.7,0.8,0
2019-11-03 12:00:00,326,8.5,1.0,0
2019-11-03 13:00:00,326,8.9,0.4,0
2019-11-03 14:00:00,322,9.7,0.3,0
2019-11-03 15:00:00,321,9.6,0.4,0
2019-11-03 16:00:00,317,9.8,0.4,0
2019-11-03 17:00:00,316,9.8,1.3,0
2019-11-03 18:00:00,320,8.9,1.4,0
2019-11-03 19:00:00,316,8.0,1.9,0
2019-11-03 20:00:00,316,8.1,0.8,0
2019-11-03 21:00:00,318,7.7,-0.4,0
2019-11-03 22:00:00,317,7.9,-0.4,0
2019-11-03 23:00:00,315,8.3,-1.9,0
2019-11-04 00:00:00,313,8.1,-2.1,4
2019-11-04 01:00:00,310,8.6,-1.7,4
2019-11-04 02:00:00,305,9.2,-1.5,4
2019-11-04 03:00:00,304,10.3,-1.7,4
2019-11-04 04:00:00,299,10.0,-1.1,4
2019-11-04 05:00:00,301,10.4,-0.6,4
2019-11-04 06:00:00,312,13.8,-0.9,4
2019-11-04 07:00:00,337,33.2,4.3,4
2019-11-04 08:00:00,339,27.6,0.6,4
2019-11-04 09:00:00,334,26.3,6.3,4
2019-11-04 10:00:00,332,25.9,-1.5,4
2019-11-04 11:00:00,333,22.0,-0.1,4
2019-11-04 12:00:00,337,20.6,1.7,4
2019-11-04 13:00:00,345,24.0,2.9,4
2019-11-04 14:00:00,342,18.1,3.2,4
2019-11-04 15:00:00,333,14.1,3.8,4
2019-11-04 16:00:00,331,11.3,3.0,4
2019-11-04 17:00:00,351,9.4,1.2,4
2019-11-04 18:00:00,352,7.9,1.8,4
2019-11-04 19:00:00,355,6.7,1.7,4
2019-11-04 20:00:00,359,5.9,0.7,4
2019-11-04 21:00:00,346,5.8,-1.4,4
2019-11-04 22:00:00,365,5.8,-0.8,4
2019-11-04 23:00:00,383,6.4,-0.2,4
2019-11-05 00:00:00,381,7.0,-0.4,0
2019-11-05 01:00:00,372,7.6,-1.3,0
2019-11-05 02:00:00,367,6.9,-0.9,0
2019-11-05 03:00:00,356,6.8,-0.3,0
2019-11-05 04:00:00,364,6.7,0.6,0
2019-11-05 05:00:00,377,5.7,0.9,0
2019-11-05 06:00:00,374,5.6,1.5,0
2019-11-05 07:00:00,375,6.0,2.0,0
2019-11-05 08:00:00,389,4.9,2.8,0
2019-11-05 09:00:00,395,3.6,0.4,0
2019-11-05 10:00:00,400,4.1,1.0,0
2019-11-05 11:00:00,405,4.4,0.6,0
2019-11-05 12:00:00,416,6.6,-1.8,0
2019-11-05 13:00:00,409,5.7,0.5,0
2019-11-05 14:00:00,408,5.0,0.1,0
2019-11-05 15:00:00,411,6.2,-0.5,0
2019-11-05 16:00:00,386,6.3,1.7,0
2019-11-05 17:00:00,396,5.8,-1.5,0
2019-11-05 18:00:00,403,5.1,-1.3,0
2019-11-05 19:00:00,398,5.8,0.3,0
2019-11-05 20:00:00,399,5.9,1.2,0
2019-11-05 21:00:00,414,5.6,-0.4,0
2019-11-05 22:00:00,413,5.6,-0.1,0
2019-11-05 23:00:00,411,5.9,-1.6,0
2019-11-06 00:00:00,413,5.5,-1.1,0
2019-11-06 01:00:00,410,5.4,-1.0,0
2019-11-06 02:00:00,403,5.0,0.9,0
2019-11-06 03:00:00,396,5.2,0.8,0
2019-11-06 04:00:00,391,5.2,1.1,0
2019-11-06 05:00:00,389,5.1,1.2,0
2019-11-06 06:00:00,393,4.7,1.8,0
2019-11-06 07:00:00,390,4.9,1.5,0
2019-11-06 08:00:00,391,4.4,-0.2,0
2019-11-06 09:00:00,394,4.2,-0.1,0
2019-11-06 10:00:00,395,4.0,-0.5,0
2019-11-06 11:00:00,394,3.9,-0.1,0
2019-11-06 12:00:00,395,4.1,-0.7,0
2019-11-06 13:00:00,392,4.6,-0.6,0
2019-11-06 14:00:00,399,5.0,-1.1,0
2019-11-06 15:00:00,392,5.1,-1.0,0
2019-11-06 16:00:00,388,5.0,-0.2,0
2019-11-06 17:00:00,385,5.0,-0.2,0
2019-11-06 18:00:00,381,5.5,-0.2,0
2019-11-06 19:00:00,381,5.8,-0.2,0
2019-11-06 20:00:00,379,6.4,1.1,0
2019-11-06 21:00:00,405,7.4,-1.4,0
2019-11-06 22:00:00,410,6.4,-2.7,0
2019-11-06 23:00:00,426,8.1,-0.6,0
2019-11-07 00:00:00,423,8.9,-1.7,0
2019-11-07 01:00:00,427,6.4,-2.5,0
2019-11-07 02:00:00,419,6.2,-2.4,0
2019-11-07 03:00:00,411,6.7,-0.6,0
2019-11-07 04:00:00,405,5.3,1.4,0
2019-11-07 05:00:00,405,3.5,1.9,0
2019-11-07 06:00:00,409,3.1,1.2,0
2019-11-07 07:00:00,400,4.0,1.7,0
2019-11-07 08:00:00,398,4.2,0.9,0
2019-11-07 09:00:00,397,3.9,-0.8,0
2019-11-07 10:00:00,396,3.4,0.3,0
2019-11-07 11:00:00,394,3.2,1.0,0
2019-11-07 12:00:00,388,3.0,0.8,0
2019-11-07 13:00:00,390,2.9,0.6,0
2019-11-07 14:00:00,386,2.9,-0.4,0
2019-11-07 15:00:00,384,2.5,0.3,0
2019-11-07 16:00:00,385,3.0,0.1,0
2019-11-07 17:00:00,377,4.0,-0.4,0
2019-11-07 18:00:00,371,3.6,-0.2,0
2019-11-07 19:00:00,368,3.4,-0.1,0
2019-11-07 20:00:00,365,3.6,-0.4,0
2019-11-07 21:00:00,365,3.7,-0.9,0
2019-11-07 22:00:00,363,4.4,-1.1,0
2019-11-07 23:00:00,357,6.3,0.5,0
2019-11-08 00:00:00,353,6.4,-0.6,0
2019-11-08 01:00:00,347,6.1,-1.0,0
2019-11-08 02:00:00,340,6.5,-0.5,0
2019-11-08 03:00:00,343,6.3,-0.1,0
2019-11-08 04:00:00,341,8.1,0.2,0
2019-11-08 05:00:00,335,9.7,0.6,0
2019-11-08 06:00:00,330,8.8,0.8,0
2019-11-08 07:00:00,332,8.4,1.4,0
2019-11-08 08:00:00,332,8.7,1.0,0
2019-11-08 09:00:00,336,9.2,-0.9,0
2019-11-08 10:00:00,339,10.8,-0.9,0
2019-11-08 11:00:00,330,8.6,1.1,0
2019-11-08 12:00:00,319,6.8,0.5,0
2019-11-08 13:00:00,319,7.0,0.2,0
2019-11-08 14:00:00,316,6.2,0.1,0
2019-11-08 15:00:00,316,6.9,-0.3,0
2019-11-08 16:00:00,315,6.6,-0.7,0
2019-11-08 17:00:00,316,6.9,-1.4,0
2019-11-08 18:00:00,316,7.4,-1.9,0
2019-11-08 19:00:00,319,8.0,-1.7,0
2019-11-08 20:00:00,322,10.9,-1.0,0
2019-11-08 21:00:00,309,9.8,1.9,0
2019-11-08 22:00:00,311,8.5,1.6,0
2019-11-08 23:00:00,332,8.7,-0.9,0
2019-11-09 00:00:00,326,8.4,-0.8,0
2019-11-09 01:00:00,327,9.6,-1.9,0
2019-11-09 02:00:00,325,11.1,-2.1,0
2019-11-09 03:00:00,316,12.5,0.7,0
2019-11-09 04:00:00,322,12.2,0.4,0
2019-11-09 05:00:00,318,8.6,1.5,0
2019-11-09 06:00:00,317,6.8,2.8,0
2019-11-09 07:00:00,321,6.7,2.1,0
2019-11-09 08:00:00,322,6.8,0.1,0
2019-11-09 09:00:00,322,6.7,-0.3,0
2019-11-09 10:00:00,322,6.1,-0.9,0
2019-11-09 11:00:00,323,5.8,0.4,0
2019-11-09 12:00:00,330,6.0,-0.6,0
2019-11-09 13:00:00,325,5.9,-0.7,0
2019-11-09 14:00:00,330,7.1,-0.7,0
2019-11-09 15:00:00,343,7.6,-0.6,0
2019-11-09 16:00:00,336,7.0,1.0,0
2019-11-09 17:00:00,333,7.0,1.1,0
2019-11-09 18:00:00,330,7.3,0.9,0
2019-11-09 19:00:00,334,7.1,-0.4,0
2019-11-09 20:00:00,332,6.0,-0.5,0
2019-11-09 21:00:00,341,6.2,-1.4,0
2019-11-09 22:00:00,339,6.4,-2.0,0
2019-11-09 23:00:00,340,6.0,-0.9,0
2019-11-10 00:00:00,339,6.0,-1.1,0
2019-11-10 01:00:00,321,5.3,-0.3,0
2019-11-10 02:00:00,333,5.6,-0.6,0
2019-11-10 03:00:00,331,5.6,0.3,0
2019-11-10 04:00:00,315,5.7,-1.9,0
2019-11-10 05:00:00,316,8.3,-1.1,0
2019-11-10 06:00:00,312,10.5,-0.8,0
2019-11-10 07:00:00,313,10.6,-1.4,0
2019-11-10 08:00:00,312,10.3,-1.4,0
2019-11-10 09:00:00,307,7.0,-0.7,0
2019-11-10 10:00:00,319,5.7,-2.5,0
2019-11-10 11:00:00,312,7.0,-1.4,0
2019-11-10 12:00:00,313,6.8,-1.5,0
2019-11-10 13:00:00,311,6.3,-0.8,0
2019-11-10 14:00:00,309,7.2,0.2,0
2019-11-10 15:00:00,310,8.3,1.2,0
2019-11-10 16:00:00,307,7.8,1.2,0
2019-11-10 17:00:00,304,6.6,1.2,0
2019-11-10 18:00:00,307,6.2,0.8,0
2019-11-10 19:00:00,308,7.4,2.0,0
2019-11-10 20:00:00,311,8.3,1.1,0
2019-11-10 21:00:00,313,9.2,0.5,0
2019-11-10 22:00:00,314,8.5,0.4,0
2019-11-10 23:00:00,315,8.3,-0.1,0
2019-11-11 00:00:00,315,8.4,-0.6,0
2019-11-11 01:00:00,308,7.8,-0.9,0
2019-11-11 02:00:00,310,7.6,-1.4,0
2019-11-11 03:00:00,312,8.5,-2.1,0
2019-11-11 04:00:00,317,10.6,-2.2,0
2019-11-11 05:00:00,320,13.1,0.0,0
2019-11-11 06:00:00,328,16.2,0.4,0
2019-11-11 07:00:00,337,16.3,-0.4,0
2019-11-11 08:00:00,338,16.4,1.0,0
2019-11-11 09:00:00,349,21.7,-1.8,0
2019-11-11 10:00:00,359,13.1,-7.9,0
2019-11-11 11:00:00,360,8.3,-9.9,0
2019-11-11 12:00:00,363,8.4,-9.0,0
2019-11-11 13:00:00,366,8.8,-8.0,0
2019-11-11 14:00:00,374,9.9,-8.4,0
2019-11-11 15:00:00,373,13.7,-8.3,0
2019-11-11 16:00:00,368,13.7,-5.3,0
2019-11-11 17:00:00,363,15.7,0.2,0
2019-11-11 18:00:00,362,14.1,1.1,0
2019-11-11 19:00:00,364,9.2,0.4,0
2019-11-11 20:00:00,365,9.4,-2.2,0
2019-11-11 21:00:00,364,11.2,-3.3,0
2019-11-11 22:00:00,367,19.0,0.0,0
2019-11-11 23:00:00,365,15.6,-0.2,0
2019-11-12 00:00:00,361,21.8,-1.3,0
2019-11-12 01:00:00,359,18.8,0.8,0
2019-11-12 02:00:00,355,10.2,3.4,0
2019-11-12 03:00:00,352,8.8,3.3,0
2019-11-12 04:00:00,348,5.1,3.8,0
2019-11-12 05:00:00,348,7.6,3.7,0
2019-11-12 06:00:00,346,5.1,4.2,0
2019-11-12 07:00:00,335,3.5,4.4,0
2019-11-12 08:00:00,336,4.0,3.3,0
2019-11-12 09:00:00,346,3.4,5.2,0
2019-11-12 10:00:00,342,4.8,5.7,0
2019-11-12 11:00:00,344,7.0,4.2,0
2019-11-12 12:00:00,338,9.1,2.1,0
2019-11-12 13:00:00,330,10.5,5.4,0
2019-11-12 14:00:00,333,8.5,6.8,0
2019-11-12 15:00:00,336,10.8,5.5,0
2019-11-12 16:00:00,327,9.2,4.9,0
2019-11-12 17:00:00,318,4.7,6.4,0
2019-11-12 18:00:00,309,2.7,5.9,0
2019-11-12 19:00:00,311,2.5,6.5,0
2019-11-12 20:00:00,314,2.8,5.2,0
2019-11-12 21:00:00,308,2.9,5.5,0
2019-11-12 22:00:00,300,3.2,4.7,0
2019-11-12 23:00:00,303,4.1,4.0,0
2019-11-13 00:00:00,294,4.0,3.3,3
2019-11-13 01:00:00,291,3.4,-0.2,3
2019-11-13 02:00:00,312,3.5,2.2,3
2019-11-13 03:00:00,320,3.2,1.9,3
2019-11-13 04:00:00,326,3.4,1.3,3
2019-11-13 05:00:00,335,4.2,3.4,3
2019-11-13 06:00:00,340,4.9,3.5,3
2019-11-13 07:00:00,340,5.2,2.9,3
2019-11-13 08:00:00,337,4.6,3.1,3
2019-11-13 09:00:00,339,3.6,3.3,3
2019-11-13 10:00:00,335,3.1,2.5,3
2019-11-13 11:00:00,328,3.0,1.3,3
2019-11-13 12:00:00,324,3.7,0.4,3
2019-11-13 13:00:00,323,3.1,1.8,3
2019-11-13 14:00:00,323,2.6,1.4,3
2019-11-13 15:00:00,322,3.0,-0.1,3
2019-11-13 16:00:00,318,3.4,-0.2,3
2019-11-13 17:00:00,321,3.6,-2.3,3
2019-11-13 18:00:00,335,4.9,0.1,3
2019-11-13 19:00:00,351,6.2,0.6,3
2019-11-13 20:00:00,349,6.0,-0.1,3
2019-11-13 21:00:00,342,6.2,-2.0,3
2019-11-13 22:00:00,340,6.6,-0.9,3
2019-11-13 23:00:00,341,6.3,-1.0,3
2019-11-14 00:00:00,340,5.7,-2.1,0
2019-11-14 01:00:00,340,7.7,-2.5,0
2019-11-14 02:00:00,343,9.9,0.6,0
2019-11-14 03:00:00,347,13.2,1.5,0
2019-11-14 04:00:00,344,11.1,1.1,0
2019-11-14 05:00:00,336,9.4,-0.4,0
2019-11-14 06:00:00,337,7.7,1.6,0
2019-11-14 07:00:00,339,8.3,0.3,0
2019-11-14 08:00:00,343,11.5,1.6,0
2019-11-14 09:00:00,340,12.1,1.1,0
2019-11-14 10:00:00,343,9.3,-0.5,0
2019-11-14 11:00:00,347,10.0,-1.5,0
2019-11-14 12:00:00,345,9.5,-1.9,0
2019-11-14 13:00:00,345,7.7,-1.3,0
2019-11-14 14:00:00,343,8.1,0.2,0
2019-11-14 15:00:00,341,7.4,-0.5,0
2019-11-14 16:00:00,336,7.0,-0.5,0
2019-11-14 17:00:00,337,7.9,0.5,0
2019-11-14 18:00:00,337,7.8,0.0,0
2019-11-14 19:00:00,339,7.2,-0.1,0
2019-11-14 20:00:00,341,8.3,0.4,0
2019-11-14 21:00:00,344,8.6,0.6,0
2019-11-14 22:00:00,343,8.6,0.7,0
2019-11-14 23:00:00,340,9.0,0.7,0
2019-11-15 00:00:00,339,9.7,0.6,0
2019-11-15 01:00:00,340,9.8,-0.5,0
2019-11-15 02:00:00,337,9.5,-0.7,0
2019-11-15 03:00:00,332,8.6,1.2,0
2019-11-15 04:00:00,330,8.2,2.1,0
2019-11-15 05:00:00,327,8.5,0.8,0
2019-11-15 06:00:00,329,8.2,1.1,0
2019-11-15 07:00:00,332,8.9,1.4,0
2019-11-15 08:00:00,334,7.5,1.8,0
2019-11-15 09:00:00,336,8.9,0.4,0
2019-11-15 10:00:00,337,9.2,0.1,0
2019-11-15 11:00:00,337,9.2,0.4,0
2019-11-15 12:00:00,335,9.1,-0.8,0
2019-11-15 13:00:00,337,10.6,0.2,0
2019-11-15 14:00:00,344,14.2,-0.3,0
2019-11-15 15:00:00,349,17.2,0.6,0
2019-11-15 16:00:00,347,17.7,1.9,0
2019-11-15 17:00:00,356,16.2,-0.4,0
2019-11-15 18:00:00,366,12.0,-1.1,0
2019-11-15 19:00:00,364,10.2,1.3,0
2019-11-15 20:00:00,361,7.8,4.3,0
2019-11-15 21:00:00,366,6.6,3.9,0
2019-11-15 22:00:00,371,6.8,0.1,0
2019-11-15 23:00:00,375,5.8,1.0,0
2019-11-16 00:00:00,366,5.6,-1.5,0
2019-11-16 01:00:00,370,4.9,-1.7,0
2019-11-16 02:00:00,376,4.9,-1.3,0
2019-11-16 03:00:00,370,4.5,-1.4,0
2019-11-16 04:00:00,356,3.0,-0.2,0
2019-11-16 05:00:00,353,3.0,-0.1,0
2019-11-16 06:00:00,350,3.3,0.4,0
2019-11-16 07:00:00,351,3.0,0.9,0
2019-11-16 08:00:00,355,3.7,-0.3,0
2019-11-16 09:00:00,349,4.1,-0.6,0
2019-11-16 10:00:00,346,5.4,-0.6,0
2019-11-16 11:00:00,346,6.2,-0.1,0
2019-11-16 12:00:00,350,6.3,-1.6,0
2019-11-16 13:00:00,378,12.9,-1.2,0
2019-11-16 14:00:00,382,13.3,1.5,0
2019-11-16 15:00:00,384,17.4,0.0,0
2019-11-16 16:00:00,373,18.8,1.5,0
2019-11-16 17:00:00,378,20.4,2.1,0
2019-11-16 18:00:00,374,10.5,-3.1,0
2019-11-16 19:00:00,384,7.1,5.8,0
2019-11-16 20:00:00,395,9.5,5.1,0
2019-11-16 21:00:00,382,11.0,2.6,0
2019-11-16 22:00:00,401,7.1,-4.3,0
2019-11-16 23:00:00,410,7.6,-3.9,0
2019-11-17 00:00:00,413,8.5,0.1,0
2019-11-17 01:00:00,419,7.3,-1.0,0
2019-11-17 02:00:00,431,5.6,-1.8,0
2019-11-17 03:00:00,442,4.4,-0.2,0
2019-11-17 04:00:00,444,4.2,0.1,0
2019-11-17 05:00:00,443,4.6,-1.2,0
2019-11-17 06:00:00,445,4.3,-1.3,0
2019-11-17 07:00:00,457,3.6,-1.0,0
2019-11-17 08:00:00,446,3.5,0.4,0
2019-11-17 09:00:00,442,3.2,1.5,0
2019-11-17 10:00:00,441,3.0,1.4,0
2019-11-17 11:00:00,440,3.3,0.9,0
2019-11-17 12:00:00,435,3.1,1.0,0
2019-11-17 13:00:00,431,3.2,0.2,0
2019-11-17 14:00:00,428,3.5,-0.4,0
2019-11-17 15:00:00,416,2.7,-0.4,0
2019-11-17 16:00:00,404,4.3,1.7,0
2019-11-17 17:00:00,396,4.9,0.8,0
2019-11-17 18:00:00,383,5.5,0.1,0
2019-11-17 19:00:00,384,5.3,-1.1,0
2019-11-17 20:00:00,383,6.4,-2.5,0
2019-11-17 21:00:00,380,6.4,-2.1,0
2019-11-17 22:00:00,373,6.9,0.2,0
2019-11-17 23:00:00,364,6.1,1.5,0
2019-11-18 00:00:00,355,6.1,1.1,0
2019-11-18 01:00:00,354,6.1,0.7,0
2019-11-18 02:00:00,356,6.6,0.7,0
2019-11-18 03:00:00,358,6.4,-0.6,0
2019-11-18 04:00:00,363,6.2,-1.0,0
2019-11-18 05:00:00,368,6.4,0.2,0
2019-11-18 06:00:00,367,6.6,-0.4,0
2019-11-18 07:00:00,369,6.7,-0.9,0
2019-11-18 08:00:00,369,6.3,0.1,0
2019-11-18 09:00:00,367,6.7,0.2,0
2019-11-18 10:00:00,366,6.9,-0.3,0
2019-11-18 11:00:00,365,7.0,1.1,0
2019-11-18 12:00:00,365,6.9,1.1,0
2019-11-18 13:00:00,369,7.6,1.0,0
2019-11-18 14:00:00,368,7.6,0.5,0
2019-11-18 15:00:00,366,7.7,1.2,0
2019-11-18 16:00:00,369,7.2,1.1,0
2019-11-18 17:00:00,363,7.0,-0.9,0
2019-11-18 18:00:00,362,7.0,1.0,0
2019-11-18 19:00:00,365,7.0,-0.4,0
2019-11-18 20:00:00,361,6.4,1.1,0
2019-11-18 21:00:00,359,6.4,-0.3,0
2019-11-18 22:00:00,352,6.3,1.3,0
2019-11-18 23:00:00,349,6.2,2.1,0
2019-11-19 00:00:00,356,6.1,0.5,0
2019-11-19 01:00:00,345,5.9,0.3,0
2019-11-19 02:00:00,348,6.2,-0.4,0
2019-11-19 03:00:00,345,6.1,-0.4,0
2019-11-19 04:00:00,337,5.0,-0.2,0
2019-11-19 05:00:00,336,5.2,0.0,0
2019-11-19 06:00:00,339,5.0,0.6,0
2019-11-19 07:00:00,342,5.1,0.8,0
2019-11-19 08:00:00,338,5.1,1.1,0
2019-11-19 09:00:00,332,5.7,0.1,0
2019-11-19 10:00:00,330,5.7,0.8,0
2019-11-19 11:00:00,335,6.0,1.0,0
2019-11-19 12:00:00,341,6.0,1.0,0
2019-11-19 13:00:00,347,6.5,-0.5,0
2019-11-19 14:00:00,341,6.9,0.8,0
2019-11-19 15:00:00,352,7.6,0.0,0
2019-11-19 16:00:00,351,9.1,-0.4,0
2019-11-19 17:00:00,348,8.8,-1.5,0
2019-11-19 18:00:00,347,8.6,-0.6,0
2019-11-19 19:00:00,339,7.7,-0.7,0
2019-11-19 20:00:00,338,8.1,-0.1,0
2019-11-19 21:00:00,333,7.2,0.8,0
2019-11-19 22:00:00,335,7.4,0.5,0
2019-11-19 23:00:00,333,6.6,0.8,0
2019-11-20 00:00:00,336,6.6,0.1,0
2019-11-20 01:00:00,338,7.1,0.1,0
2019-11-20 02:00:00,332,7.9,-1.4,0
2019-11-20 03:00:00,335,10.0,-0.9,0
2019-11-20 04:00:00,333,10.7,0.5,0
2019-11-20 05:00:00,332,9.2,1.4,0
2019-11-20 06:00:00,331,8.1,0.1,0
2019-11-20 07:00:00,331,8.0,0.7,0
2019-11-20 08:00:00,329,8.1,0.4,0
2019-11-20 09:00:00,325,8.1,0.0,0
2019-11-20 10:00:00,325,7.2,-0.1,0
2019-11-20 11:00:00,317,5.7,1.0,0
2019-11-20 12:00:00,316,5.8,0.6,0
2019-11-20 13:00:00,322,6.0,0.4,0
2019-11-20 14:00:00,317,6.2,0.9,0
2019-11-20 15:00:00,331,9.9,1.6,0
2019-11-20 16:00:00,338,12.9,0.0,0
2019-11-20 17:00:00,347,16.5,2.2,0
2019-11-20 18:00:00,341,19.4,2.3,0
2019-11-20 19:00:00,338,20.0,1.5,0
2019-11-20 20:00:00,337,20.4,-2.6,0
2019-11-20 21:00:00,331,21.4,0.0,0
2019-11-20 22:00:00,337,15.4,-1.7,0
2019-11-20 23:00:00,363,8.5,-0.8,0
2019-11-21 00:00:00,369,8.2,5.7,0
2019-11-21 01:00:00,392,8.1,6.0,0
2019-11-21 02:00:00,438,6.9,1.0,0
2019-11-21 03:00:00,459,6.2,0.3,0
2019-11-21 04:00:00,468,9.3,3.0,0
2019-11-21 05:00:00,463,9.3,1.9,0
2019-11-21 06:00:00,476,9.1,1.6,0
2019-11-21 07:00:00,476,7.4,3.7,0
2019-11-21 08:00:00,472,7.1,1.8,0
2019-11-21 09:00:00,483,8.3,-1.3,0
2019-11-21 10:00:00,473,9.6,-2.3,0
2019-11-21 11:00:00,471,9.1,-1.5,0
2019-11-21 12:00:00,432,6.5,-2.4,0
2019-11-21 13:00:00,437,8.8,-4.1,0
2019-11-21 14:00:00,435,7.5,-2.1,0
2019-11-21 15:00:00,447,7.6,-0.8,0
2019-11-21 16:00:00,443,9.8,-1.6,0
2019-11-21 17:00:00,478,7.9,1.3,0
2019-11-21 18:00:00,532,4.9,-1.5,0
2019-11-21 19:00:00,564,6.4,-0.4,0
2019-11-21 20:00:00,576,6.4,-1.4,0
2019-11-21 21:00:00,594,5.2,-0.8,0
2019-11-21 22:00:00,586,5.8,1.8,0
2019-11-21 23:00:00,575,6.4,-0.6,0
2019-11-22 00:00:00,569,6.1,-0.3,0
2019-11-22 01:00:00,564,6.8,-1.1,0
2019-11-22 02:00:00,597,3.8,0.2,0
2019-11-22 03:00:00,570,3.1,0.3,0
2019-11-22 04:00:00,526,2.6,0.4,0
2019-11-22 05:00:00,508,2.0,-0.5,0
2019-11-22 06:00:00,510,2.0,0.3,0
2019-11-22 07:00:00,511,2.5,-2.4,0
2019-11-22 08:00:00,513,2.2,-0.7,0
2019-11-22 09:00:00,534,2.4,-0.8,0
2019-11-22 10:00:00,549,2.6,0.2,0
2019-11-22 11:00:00,572,2.8,0.3,0
2019-11-22 12:00:00,587,3.2,1.2,0
2019-11-22 13:00:00,579,3.5,1.1,0
2019-11-22 14:00:00,566,3.4,0.4,0
2019-11-22 15:00:00,555,3.5,-1.3,0
2019-11-22 16:00:00,553,3.5,0.4,0
2019-11-22 17:00:00,553,3.6,-0.4,0
2019-11-22 18:00:00,554,3.5,-0.9,0
2019-11-22 19:00:00,547,3.7,-0.3,0
2019-11-22 20:00:00,536,3.6,-1.2,0
2019-11-22 21:00:00,537,3.3,-1.7,0
2019-11-22 22:00:00,518,3.2,-1.0,0
2019-11-22 23:00:00,479,2.9,-1.4,0
2019-11-23 00:00:00,475,2.9,-0.5,0
2019-11-23 01:00:00,456,2.5,0.6,0
2019-11-23 02:00:00,422,2.6,0.2,0
2019-11-23 03:00:00,423,5.2,-0.2,0
2019-11-23 04:00:00,422,5.5,0.4,0
2019-11-23 05:00:00,437,4.0,-0.4,0
2019-11-23 06:00:00,448,2.5,-1.5,0
2019-11-23 07:00:00,448,2.8,-1.9,0
2019-11-23 08:00:00,484,3.3,-0.1,0
2019-11-23 09:00:00,489,3.5,-0.5,0
2019-11-23 10:00:00,478,3.4,-0.3,0
2019-11-23 11:00:00,463,3.1,-1.1,0
2019-11-23 12:00:00,444,2.6,-2.2,0
2019-11-23 13:00:00,478,3.4,-1.9,0
2019-11-23 14:00:00,463,3.9,-1.8,0
2019-11-23 15:00:00,460,4.0,0.1,0
2019-11-23 16:00:00,472,4.7,2.8,0
2019-11-23 17:00:00,468,4.5,0.0,0
2019-11-23 18:00:00,433,3.6,-1.6,0
2019-11-23 19:00:00,442,3.9,-1.6,0
2019-11-23 20:00:00,461,4.3,-0.8,0
2019-11-23 21:00:00,461,5.1,2.8,0
2019-11-23 22:00:00,505,4.2,1.1,0
2019-11-23 23:00:00,527,3.8,-0.9,0
2019-11-24 00:00:00,524,3.7,0.1,0
2019-11-24 01:00:00,516,3.8,-0.5,0
2019-11-24 02:00:00,507,3.1,-1.5,0
2019-11-24 03:00:00,524,3.7,-1.4,0
2019-11-24 04:00:00,515,3.1,-1.5,0
2019-11-24 05:00:00,491,3.2,-0.8,0
2019-11-24 06:00:00,456,3.0,-0.2,0
2019-11-24 07:00:00,442,2.8,-0.2,0
2019-11-24 08:00:00,456,2.7,0.5,0
2019-11-24 09:00:00,466,3.1,0.5,0
2019-11-24 10:00:00,471,3.7,0.5,0
2019-11-24 11:00:00,478,3.9,-0.5,0
2019-11-24 12:00:00,478,3.5,-0.9,0
2019-11-24 13:00:00,474,3.4,-0.7,0
2019-11-24 14:00:00,476,3.5,0.2,0
2019-11-24 15:00:00,487,3.6,-0.7,0
2019-11-24 16:00:00,478,3.4,-0.7,0
2019-11-24 17:00:00,475,3.5,-0.7,0
2019-11-24 18:00:00,473,3.4,-1.1,0
2019-11-24 19:00:00,465,3.5,-0.4,0
2019-11-24 20:00:00,447,3.3,-0.3,0
2019-11-24 21:00:00,445,3.5,-0.5,0
2019-11-24 22:00:00,454,3.4,-0.7,0
2019-11-24 23:00:00,461,3.3,-0.8,0
2019-11-25 00:00:00,430,3.1,0.1,0
2019-11-25 01:00:00,424,3.5,0.7,0
2019-11-25 02:00:00,428,3.6,-0.2,0
2019-11-25 03:00:00,426,4.0,0.2,0
2019-11-25 04:00:00,418,3.9,-0.8,0
2019-11-25 05:00:00,417,3.6,-0.5,0
2019-11-25 06:00:00,413,3.6,0.0,0
2019-11-25 07:00:00,411,4.0,-0.7,0
2019-11-25 08:00:00,410,3.6,-0.3,0
2019-11-25 09:00:00,411,3.7,-0.4,0
2019-11-25 10:00:00,404,4.2,-0.5,0
2019-11-25 11:00:00,403,2.9,0.6,0
2019-11-25 12:00:00,409,3.4,0.3,0
2019-11-25 13:00:00,410,3.7,0.4,0
2019-11-25 14:00:00,410,3.6,-0.6,0
2019-11-25 15:00:00,411,3.8,0.3,0
2019-11-25 16:00:00,407,3.4,1.1,0
2019-11-25 17:00:00,412,2.9,1.0,0
2019-11-25 18:00:00,407,2.3,1.1,0
2019-11-25 19:00:00,411,2.4,2.5,0
2019-11-25 20:00:00,438,3.3,1.4,0
2019-11-25 21:00:00,449,3.3,0.6,0
2019-11-25 22:00:00,447,3.6,-0.4,0
2019-11-25 23:00:00,451,3.7,-1.4,0
2019-11-26 00:00:00,446,3.4,0.6,0
2019-11-26 01:00:00,428,3.0,0.3,0
2019-11-26 02:00:00,410,2.8,-0.6,0
2019-11-26 03:00:00,398,2.3,-0.5,0
2019-11-26 04:00:00,392,2.2,-0.3,0
2019-11-26 05:00:00,388,2.3,-0.2,0
2019-11-26 06:00:00,405,3.2,1.7,0
2019-11-26 07:00:00,404,3.2,1.5,0
2019-11-26 08:00:00,389,3.0,0.9,0
2019-11-26 09:00:00,378,2.5,0.5,0
2019-11-26 10:00:00,370,1.9,-0.6,0
2019-11-26 11:00:00,369,2.4,0.3,0
2019-11-26 12:00:00,376,2.8,1.3,0
2019-11-26 13:00:00,383,3.7,2.1,0
2019-11-26 14:00:00,389,4.5,2.2,0
2019-11-26 15:00:00,397,5.5,-0.1,0
2019-11-26 16:00:00,405,5.0,1.2,0
2019-11-26 17:00:00,407,5.5,1.2,0
2019-11-26 18:00:00,401,5.2,2.0,0
2019-11-26 19:00:00,396,5.3,1.8,0
2019-11-26 20:00:00,393,5.1,1.5,0
2019-11-26 21:00:00,392,5.1,3.1,0
2019-11-26 22:00:00,402,4.9,1.1,0
2019-11-26 23:00:00,409,5.5,-1.6,0
2019-11-27 00:00:00,410,4.9,-0.4,0
2019-11-27 01:00:00,407,4.8,-0.8,0
2019-11-27 02:00:00,390,5.1,0.2,0
2019-11-27 03:00:00,395,5.3,-0.6,0
2019-11-27 04:00:00,398,5.7,1.5,0
2019-11-27 05:00:00,399,5.5,0.3,0
2019-11-27 06:00:00,395,5.0,1.1,0
2019-11-27 07:00:00,395,4.1,0.2,0
2019-11-27 08:00:00,396,4.5,-0.9,0
2019-11-27 09:00:00,394,4.6,-1.9,0
2019-11-27 10:00:00,378,4.6,-0.8,0
2019-11-27 11:00:00,376,4.5,0.1,0
2019-11-27 12:00:00,385,5.5,0.3,0
2019-11-27 13:00:00,384,5.3,0.1,0
2019-11-27 14:00:00,394,5.5,-1.2,0
2019-11-27 15:00:00,391,5.6,1.6,0
2019-11-27 16:00:00,388,5.0,2.7,0
2019-11-27 17:00:00,384,5.2,0.0,0
2019-11-27 18:00:00,402,5.3,-2.7,0
2019-11-27 19:00:00,398,5.9,-1.1,0
2019-11-27 20:00:00,404,6.5,-1.9,0
2019-11-27 21:00:00,395,6.1,-0.2,0
2019-11-27 22:00:00,383,5.8,1.8,0
2019-11-27 23:00:00,375,6.9,0.1,0
2019-11-28 00:00:00,376,7.8,-1.1,0
2019-11-28 01:00:00,373,8.8,-0.4,0
2019-11-28 02:00:00,366,9.1,2.4,0
2019-11-28 03:00:00,353,9.5,1.0,0
2019-11-28 04:00:00,355,10.0,2.1,0
2019-11-28 05:00:00,352,9.9,1.2,0
2019-11-28 06:00:00,345,10.2,1.1,0
2019-11-28 07:00:00,343,10.3,2.5,0
2019-11-28 08:00:00,337,10.2,1.5,0
2019-11-28 09:00:00,332,9.4,2.1,0
2019-11-28 10:00:00,328,9.6,2.3,0
2019-11-28 11:00:00,326,9.7,0.7,0
2019-11-28 12:00:00,330,10.0,-1.0,0
2019-11-28 13:00:00,318,10.0,-1.9,0
2019-11-28 14:00:00,326,11.1,-1.9,0
2019-11-28 15:00:00,330,9.8,1.4,0
2019-11-28 16:00:00,328,8.4,1.7,0
2019-11-28 17:00:00,326,9.7,-2.6,0
2019-11-28 18:00:00,327,9.0,-2.2,0
2019-11-28 19:00:00,323,9.0,0.1,0
2019-11-28 20:00:00,325,11.5,0.9,0
2019-11-28 21:00:00,329,15.8,2.1,0
2019-11-28 22:00:00,324,17.7,-0.9,0
2019-11-28 23:00:00,326,18.7,1.7,0
2019-11-29 00:00:00,342,15.4,1.7,0
2019-11-29 01:00:00,347,15.4,-0.6,0
2019-11-29 02:00:00,348,11.6,-0.2,0
2019-11-29 03:00:00,353,8.8,2.8,0
2019-11-29 04:00:00,346,8.1,2.4,0
2019-11-29 05:00:00,346,9.2,3.2,0
2019-11-29 06:00:00,347,7.4,0.7,0
2019-11-29 07:00:00,351,7.3,0.1,0
2019-11-29 08:00:00,350,5.4,-0.8,0
2019-11-29 09:00:00,352,5.5,-1.1,0
2019-11-29 10:00:00,344,6.0,0.0,0
2019-11-29 11:00:00,344,5.6,-0.2,0
2019-11-29 12:00:00,343,5.0,-2.0,0
2019-11-29 13:00:00,334,3.7,-0.3,0
2019-11-29 14:00:00,330,2.5,0.1,0
2019-11-29 15:00:00,346,3.6,-0.6,0
2019-11-29 16:00:00,361,4.5,0.7,0
2019-11-29 17:00:00,356,4.6,-2.2,0
2019-11-29 18:00:00,372,6.9,-3.0,0
2019-11-29 19:00:00,373,7.5,-2.9,0
2019-11-29 20:00:00,371,8.0,-4.1,0
2019-11-29 21:00:00,372,8.0,-4.0,0
2019-11-29 22:00:00,367,7.1,-3.8,0
2019-11-29 23:00:00,363,6.1,-1.4,0
2019-11-30 00:00:00,359,8.0,-0.5,0
2019-11-30 01:00:00,354,9.9,-0.2,0
2019-11-30 02:00:00,354,9.0,0.5,0
2019-11-30 03:00:00,350,10.1,-0.3,0
2019-11-30 04:00:00,336,7.8,1.1,0
2019-11-30 05:00:00,362,8.5,1.6,0
2019-11-30 06:00:00,360,8.2,1.6,0
2019-11-30 07:00:00,370,8.7,0.7,0
2019-11-30 08:00:00,386,4.9,1.6,0
2019-11-30 09:00:00,373,4.3,3.3,0
2019-11-30 10:00:00,388,8.0,4.0,0
2019-11-30 11:00:00,397,8.9,2.1,0
2019-11-30 12:00:00,394,11.9,0.7,0
2019-11-30 13:00:00,390,11.0,-3.3,0
2019-11-30 14:00:00,388,11.4,-0.7,0
2019-11-30 15:00:00,393,12.3,0.5,0
2019-11-30 16:00:00,398,14.1,1.0,0
2019-11-30 17:00:00,401,14.4,1.5,0
2019-11-30 18:00:00,401,14.1,0.9,0
2019-11-30 19:00:00,401,14.2,-0.2,0
2019-11-30 20:00:00,398,14.0,-0.2,0
2019-11-30 21:00:00,397,13.5,-0.8,0
2019-11-30 22:00:00,393,11.7,-0.6,0
2019-11-30 23:00:00,391,12.3,-0.3,0
2019-12-01 00:00:00,385,11.9,0.2,0
2019-12-01 01:00:00,384,13.9,0.6,0
2019-12-01 02:00:00,380,14.6,0.8,0
2019-12-01 03:00:00,375,15.6,1.2,0
2019-12-01 04:00:00,373,11.5,0.6,0
2019-12-01 05:00:00,368,10.1,0.8,0
2019-12-01 06:00:00,365,9.5,1.7,0
2019-12-01 07:00:00,365,10.7,2.7,0
2019-12-01 08:00:00,361,10.0,0.6,0
2019-12-01 09:00:00,361,9.0,0.5,0
2019-12-01 10:00:00,359,8.5,0.9,0
2019-12-01 11:00:00,358,7.9,0.9,0
2019-12-01 12:00:00,356,7.6,0.3,0
2019-12-01 13:00:00,358,7.8,0.0,0
2019-12-01 14:00:00,358,7.6,0.9,0
2019-12-01 15:00:00,347,6.3,-0.5,0
2019-12-01 16:00:00,354,7.6,0.5,0
2019-12-01 17:00:00,353,8.1,1.4,0
2019-12-01 18:00:00,353,7.9,0.2,0
2019-12-01 19:00:00,351,7.1,-2.2,0
2019-12-01 20:00:00,353,7.8,-2.5,0
2019-12-01 21:00:00,354,9.0,-0.7,0
2019-12-01 22:00:00,352,9.3,-0.1,0
2019-12-01 23:00:00,348,11.2,-0.3,0
2019-12-02 00:00:00,349,13.4,1.4,0
2019-12-02 01:00:00,348,15.2,0.7,0
2019-12-02 02:00:00,347,14.5,-2.5,0
2019-12-02 03:00:00,346,13.2,-0.4,0
2019-12-02 04:00:00,344,14.0,0.4,0
2019-12-02 05:00:00,342,13.3,0.7,0
2019-12-02 06:00:00,337,8.8,0.9,0
2019-12-02 07:00:00,336,7.9,1.1,0
2019-12-02 08:00:00,336,8.1,-0.5,0
2019-12-02 09:00:00,333,7.9,0.4,0
2019-12-02 10:00:00,330,7.4,0.7,0
2019-12-02 11:00:00,332,7.9,0.5,0
2019-12-02 12:00:00,332,8.7,0.5,0
2019-12-02 13:00:00,330,8.6,0.8,0
2019-12-02 14:00:00,327,8.1,0.9,0
2019-12-02 15:00:00,330,8.1,0.5,0
2019-12-02 16:00:00,329,7.8,0.9,0
2019-12-02 17:00:00,330,8.5,0.9,0
2019-12-02 18:00:00,334,7.1,-0.2,0
2019-12-02 19:00:00,329,6.6,0.9,0
2019-12-02 20:00:00,321,7.0,2.5,0
2019-12-02 21:00:00,322,4.8,1.8,0
2019-12-02 22:00:00,324,4.9,0.2,0
2019-12-02 23:00:00,324,6.6,-0.1,0
2019-12-03 00:00:00,323,7.4,0.6,0
2019-12-03 01:00:00,321,7.8,1.1,0
2019-12-03 02:00:00,324,9.8,0.7,0
2019-12-03 03:00:00,327,12.4,-0.4,0
2019-12-03 04:00:00,325,12.5,-0.5,0
2019-12-03 05:00:00,322,12.2,-0.8,0
2019-12-03 06:00:00,320,11.4,-1.7,0
2019-12-03 07:00:00,314,8.4,-2.0,0
2019-12-03 08:00:00,311,8.7,-0.5,0
2019-12-03 09:00:00,309,8.6,-0.2,0
2019-12-03 10:00:00,309,8.3,-0.9,0
2019-12-03 11:00:00,308,8.0,-0.3,0
2019-12-03 12:00:00,307,8.0,0.8,0
2019-12-03 13:00:00,307,8.7,1.4,0
2019-12-03 14:00:00,307,8.5,0.1,0
2019-12-03 15:00:00,308,8.4,-1.2,0
2019-12-03 16:00:00,305,8.3,-1.5,0
2019-12-03 17:00:00,304,8.5,-1.8,0
2019-12-03 18:00:00,305,8.1,-1.2,0
2019-12-03 19:00:00,298,7.9,-0.9,0
2019-12-03 20:00:00,299,8.4,-0.9,0
2019-12-03 21:00:00,300,9.5,-0.5,0
2019-12-03 22:00:00,301,10.8,-0.2,0
2019-12-03 23:00:00,305,12.9,0.5,0
2019-12-04 00:00:00,315,21.0,1.5,0
2019-12-04 01:00:00,317,20.0,0.3,0
2019-12-04 02:00:00,315,16.5,-4.4,0
2019-12-04 03:00:00,314,17.9,-2.1,0
2019-12-04 04:00:00,319,18.5,-1.4,0
2019-12-04 05:00:00,315,16.5,-0.4,0
2019-12-04 06:00:00,311,16.0,0.8,0
2019-12-04 07:00:00,307,14.7,1.6,0
2019-12-04 08:00:00,312,21.2,0.3,0
2019-12-04 09:00:00,306,19.4,-0.4,0
2019-12-04 10:00:00,304,16.2,-2.6,0
2019-12-04 11:00:00,301,14.4,-2.0,0
2019-12-04 12:00:00,301,13.8,-1.9,0
2019-12-04 13:00:00,312,12.9,-2.1,0
2019-12-04 14:00:00,309,13.7,1.1,0
2019-12-04 15:00:00,308,13.7,-1.3,0
2019-12-04 16:00:00,309,14.3,0.1,0
2019-12-04 17:00:00,307,14.1,-0.5,0
2019-12-04 18:00:00,308,13.6,0.2,0
2019-12-04 19:00:00,309,11.6,2.1,0
2019-12-04 20:00:00,308,11.7,1.9,0
2019-12-04 21:00:00,310,11.8,1.2,0
2019-12-04 22:00:00,304,10.5,0.4,0
2019-12-04 23:00:00,298,8.9,0.1,0
2019-12-05 00:00:00,302,11.1,1.2,0
2019-12-05 01:00:00,303,12.7,0.8,0
2019-12-05 02:00:00,305,11.1,0.5,0
2019-12-05 03:00:00,307,10.7,0.7,0
2019-12-05 04:00:00,312,8.9,-0.7,0
2019-12-05 05:00:00,315,8.6,-0.5,0
2019-12-05 06:00:00,312,9.7,1.0,0
2019-12-05 07:00:00,309,9.5,-0.1,0
2019-12-05 08:00:00,312,10.8,-0.1,0
2019-12-05 09:00:00,319,12.0,-1.1,0
2019-12-05 10:00:00,323,12.4,-1.0,0
2019-12-05 11:00:00,329,17.7,-0.8,0
2019-12-05 12:00:00,336,16.7,-0.4,0
2019-12-05 13:00:00,334,17.1,0.0,0
2019-12-05 14:00:00,331,16.4,0.6,0
2019-12-05 15:00:00,332,15.3,0.9,0
2019-12-05 16:00:00,333,13.1,0.0,0
2019-12-05 17:00:00,342,12.9,-0.9,0
2019-12-05 18:00:00,338,11.7,1.4,0
2019-12-05 19:00:00,333,9.5,3.1,0
2019-12-05 20:00:00,333,7.6,2.5,0
2019-12-05 21:00:00,336,4.4,2.6,0
2019-12-05 22:00:00,342,6.9,0.1,0
2019-12-05 23:00:00,348,7.2,-2.3,0
2019-12-06 00:00:00,353,7.6,2.0,0
2019-12-06 01:00:00,349,7.6,2.4,0
2019-12-06 02:00:00,352,7.2,-0.4,0
2019-12-06 03:00:00,358,6.7,-1.7,0
2019-12-06 04:00:00,363,6.3,-1.4,0
2019-12-06 05:00:00,358,5.9,-0.1,0
2019-12-06 06:00:00,357,5.2,1.0,0
2019-12-06 07:00:00,350,5.7,0.2,0
2019-12-06 08:00:00,350,5.3,1.7,0
2019-12-06 09:00:00,356,5.3,1.5,0
2019-12-06 10:00:00,368,7.4,1.6,0
2019-12-06 11:00:00,369,6.8,0.5,0
2019-12-06 12:00:00,368,5.3,-2.1,0
2019-12-06 13:00:00,360,6.8,0.3,0
2019-12-06 14:00:00,367,4.1,2.1,0
2019-12-06 15:00:00,373,5.9,0.2,0
2019-12-06 16:00:00,372,5.6,-0.8,0
2019-12-06 17:00:00,365,5.4,1.0,0
2019-12-06 18:00:00,362,4.6,-0.3,0
2019-12-06 19:00:00,368,4.6,0.0,0
2019-12-06 20:00:00,390,4.4,0.3,0
2019-12-06 21:00:00,385,4.2,-0.2,0
2019-12-06 22:00:00,374,4.1,-0.8,0
2019-12-06 23:00:00,377,4.1,-0.4,0
2019-12-07 00:00:00,357,3.2,-0.4,0
2019-12-07 01:00:00,355,3.4,0.5,0
2019-12-07 02:00:00,354,4.0,-0.4,0
2019-12-07 03:00:00,356,4.6,-0.4,0
2019-12-07 04:00:00,358,4.7,0.0,0
2019-12-07 05:00:00,358,5.1,-0.4,0
2019-12-07 06:00:00,373,5.2,-1.3,0
2019-12-07 07:00:00,363,5.5,-0.8,0
2019-12-07 08:00:00,366,5.7,-0.8,0
2019-12-07 09:00:00,367,4.5,1.9,0
2019-12-07 10:00:00,365,3.8,0.5,0
2019-12-07 11:00:00,373,3.9,-1.0,0
2019-12-07 12:00:00,362,2.9,0.4,0
2019-12-07 13:00:00,351,2.4,1.3,0
2019-12-07 14:00:00,353,2.7,1.7,0
2019-12-07 15:00:00,358,2.5,1.9,0
2019-12-07 16:00:00,350,2.6,1.2,0
2019-12-07 17:00:00,343,2.3,0.7,0
2019-12-07 18:00:00,344,2.7,0.3,0
2019-12-07 19:00:00,365,3.8,-0.4,0
2019-12-07 20:00:00,375,3.9,-2.1,0
2019-12-07 21:00:00,367,4.2,-2.4,0
2019-12-07 22:00:00,355,4.1,-1.7,0
2019-12-07 23:00:00,348,4.0,-2.4,0
2019-12-08 00:00:00,342,3.8,-1.9,0
2019-12-08 01:00:00,337,3.8,0.0,0
2019-12-08 02:00:00,337,4.1,0.3,0
2019-12-08 03:00:00,344,5.1,-1.7,0
2019-12-08 04:00:00,335,4.0,1.1,0
2019-12-08 05:00:00,338,3.7,0.0,0
2019-12-08 06:00:00,348,3.3,0.3,0
2019-12-08 07:00:00,361,3.8,-0.3,0
2019-12-08 08:00:00,346,3.1,1.9,0
2019-12-08 09:00:00,345,3.5,2.2,0
2019-12-08 10:00:00,346,3.6,1.9,0
2019-12-08 11:00:00,365,4.5,1.0,0
2019-12-08 12:00:00,354,4.1,2.3,0
2019-12-08 13:00:00,355,5.6,0.5,0
2019-12-08 14:00:00,374,7.8,-0.3,0
2019-12-08 15:00:00,374,7.8,-1.2,0
2019-12-08 16:00:00,372,7.4,0.7,0
2019-12-08 17:00:00,369,7.8,-0.2,0
2019-12-08 18:00:00,362,7.8,-2.5,0
2019-12-08 19:00:00,354,6.9,-3.2,0
2019-12-08 20:00:00,356,6.7,-2.7,0
2019-12-08 21:00:00,350,6.8,0.5,0
2019-12-08 22:00:00,358,6.3,-1.3,0
2019-12-08 23:00:00,365,5.9,-2.6,0
2019-12-09 00:00:00,362,6.0,-2.8,0
2019-12-09 01:00:00,359,6.2,-2.0,0
2019-12-09 02:00:00,354,6.4,-2.6,0
2019-12-09 03:00:00,344,6.3,-0.5,0
2019-12-09 04:00:00,345,6.0,2.1,0
2019-12-09 05:00:00,338,5.3,1.7,0
2019-12-09 06:00:00,341,5.7,2.4,0
2019-12-09 07:00:00,336,5.6,2.6,0
2019-12-09 08:00:00,334,4.9,2.1,0
2019-12-09 09:00:00,337,4.9,1.4,0
2019-12-09 10:00:00,337,5.3,1.3,0
2019-12-09 11:00:00,334,5.4,-0.4,0
2019-12-09 12:00:00,335,6.1,-1.7,0
2019-12-09 13:00:00,343,7.6,-1.8,0
2019-12-09 14:00:00,343,8.4,-0.3,0
2019-12-09 15:00:00,342,8.6,0.7,0
2019-12-09 16:00:00,337,8.7,0.8,0
2019-12-09 17:00:00,336,8.3,1.3,0
2019-12-09 18:00:00,338,8.4,0.2,0
2019-12-09 19:00:00,345,11.1,-1.1,0
2019-12-09 20:00:00,343,11.7,-1.2,0
2019-12-09 21:00:00,348,13.5,-3.5,0
2019-12-09 22:00:00,350,9.2,1.2,0
2019-12-09 23:00:00,344,5.7,2.8,0
2019-12-10 00:00:00,340,5.8,2.9,0
2019-12-10 01:00:00,341,7.8,0.8,0
2019-12-10 02:00:00,383,8.5,-2.4,0
2019-12-10 03:00:00,396,12.1,2.0,0
2019-12-10 04:00:00,398,10.9,1.2,0
2019-12-10 05:00:00,399,7.3,2.4,0
2019-12-10 06:00:00,399,8.5,0.9,0
2019-12-10 07:00:00,398,7.0,0.1,0
2019-12-10 08:00:00,402,5.1,-0.4,0
2019-12-10 09:00:00,412,4.5,0.2,0
2019-12-10 10:00:00,421,4.2,0.4,0
2019-12-10 11:00:00,434,5.3,0.5,0
2019-12-10 12:00:00,444,4.5,1.8,0
2019-12-10 13:00:00,433,4.4,1.8,0
2019-12-10 14:00:00,429,4.9,2.3,0
2019-12-10 15:00:00,427,5.6,1.5,0
2019-12-10 16:00:00,431,6.4,0.5,0
2019-12-10 17:00:00,448,7.7,-0.3,0
2019-12-10 18:00:00,434,9.0,0.8,0
2019-12-10 19:00:00,438,8.9,1.1,0
2019-12-10 20:00:00,440,8.6,2.6,0
2019-12-10 21:00:00,436,8.6,2.3,0
2019-12-10 22:00:00,431,9.0,0.1,0
2019-12-10 23:00:00,432,9.6,-2.7,0
2019-12-11 00:00:00,439,9.8,0.7,0
2019-12-11 01:00:00,438,8.3,-0.5,0
2019-12-11 02:00:00,443,7.4,0.0,0
2019-12-11 03:00:00,442,7.0,-1.4,0
2019-12-11 04:00:00,434,6.3,-0.6,0
2019-12-11 05:00:00,437,6.0,0.5,0
2019-12-11 06:00:00,436,5.5,1.1,0
2019-12-11 07:00:00,445,5.5,1.7,0
2019-12-11 08:00:00,450,6.0,1.4,0
2019-12-11 09:00:00,448,6.2,0.6,0
2019-12-11 10:00:00,432,4.2,0.8,0
2019-12-11 11:00:00,415,4.3,-0.3,0
2019-12-11 12:00:00,414,5.0,-1.4,0
2019-12-11 13:00:00,441,3.2,0.1,0
2019-12-11 14:00:00,440,3.9,-0.6,0
2019-12-11 15:00:00,436,3.5,-1.3,0
2019-12-11 16:00:00,432,4.5,-1.9,0
2019-12-11 17:00:00,433,4.0,-1.2,0
2019-12-11 18:00:00,430,3.5,-0.5,0
2019-12-11 19:00:00,435,3.8,-1.0,0
2019-12-11 20:00:00,430,3.8,0.2,0
2019-12-11 21:00:00,409,2.2,-1.3,0
2019-12-11 22:00:00,404,3.3,-1.6,0
2019-12-11 23:00:00,405,3.7,-0.5,0
2019-12-12 00:00:00,406,4.0,-1.6,0
2019-12-12 01:00:00,401,3.9,-1.4,0
2019-12-12 02:00:00,415,3.8,-1.9,0
2019-12-12 03:00:00,402,4.0,0.0,0
2019-12-12 04:00:00,396,3.5,-0.1,0
2019-12-12 05:00:00,393,3.3,-0.3,0
2019-12-12 06:00:00,394,3.6,-0.2,0
2019-12-12 07:00:00,379,3.4,0.9,0
2019-12-12 08:00:00,399,3.4,-1.2,0
2019-12-12 09:00:00,422,3.6,-0.9,0
2019-12-12 10:00:00,416,3.8,1.6,0
2019-12-12 11:00:00,408,4.4,3.1,0
2019-12-12 12:00:00,408,4.0,1.6,0
2019-12-12 13:00:00,401,4.2,-0.5,0
2019-12-12 14:00:00,397,3.6,0.0,0
2019-12-12 15:00:00,398,4.4,-0.7,0
2019-12-12 16:00:00,398,3.4,-0.6,0
2019-12-12 17:00:00,388,2.9,0.3,0
2019-12-12 18:00:00,388,2.7,2.3,0
2019-12-12 19:00:00,388,3.7,2.4,0
2019-12-12 20:00:00,388,4.9,2.1,0
2019-12-12 21:00:00,393,5.2,-0.2,0
2019-12-12 22:00:00,395,6.0,-2.4,0
2019-12-12 23:00:00,375,5.2,0.1,0
2019-12-13 00:00:00,391,5.5,-0.8,0
2019-12-13 01:00:00,390,5.2,-0.5,0
2019-12-13 02:00:00,383,5.7,2.0,0
2019-12-13 03:00:00,384,5.9,-1.1,0
2019-12-13 04:00:00,376,5.1,1.0,0
2019-12-13 05:00:00,372,5.3,-0.7,0
2019-12-13 06:00:00,383,4.8,0.7,0
2019-12-13 07:00:00,394,5.3,-1.0,0
2019-12-13 08:00:00,378,4.4,-0.7,0
2019-12-13 09:00:00,375,4.0,0.6,0
2019-12-13 10:00:00,381,3.4,-0.5,0
2019-12-13 11:00:00,382,3.1,0.1,0
2019-12-13 12:00:00,381,3.3,-0.6,0
2019-12-13 13:00:00,379,3.9,-1.2,0
2019-12-13 14:00:00,374,3.5,-0.4,0
2019-12-13 15:00:00,372,4.1,-0.8,0
2019-12-13 16:00:00,368,4.2,0.1,0
2019-12-13 17:00:00,368,4.7,0.2,0
2019-12-13 18:00:00,351,6.1,0.6,0
2019-12-13 19:00:00,354,6.0,1.2,0
2019-12-13 20:00:00,351,6.4,1.1,0
2019-12-13 21:00:00,353,6.2,1.6,0
2019-12-13 22:00:00,362,4.4,0.9,0
2019-12-13 23:00:00,355,3.4,-0.4,0
2019-12-14 00:00:00,356,4.2,-0.9,0
2019-12-14 01:00:00,353,4.7,-0.6,0
2019-12-14 02:00:00,348,4.7,0.7,0
2019-12-14 03:00:00,357,8.3,-0.8,0
2019-12-14 04:00:00,348,8.4,-0.6,0
2019-12-14 05:00:00,341,5.1,1.1,0
2019-12-14 06:00:00,347,6.0,1.4,0
2019-12-14 07:00:00,355,7.4,2.4,0
2019-12-14 08:00:00,343,5.1,-0.6,0
2019-12-14 09:00:00,339,4.0,0.5,0
2019-12-14 10:00:00,340,4.9,1.6,0
2019-12-14 11:00:00,346,6.3,1.5,0
2019-12-14 12:00:00,354,7.6,0.5,0
2019-12-14 13:00:00,367,6.8,0.0,0
2019-12-14 14:00:00,369,6.2,1.0,0
2019-12-14 15:00:00,368,4.4,1.6,0
2019-12-14 16:00:00,386,5.4,1.5,0
2019-12-14 17:00:00,380,7.2,0.9,0
2019-12-14 18:00:00,384,7.6,1.0,0
2019-12-14 19:00:00,390,8.5,1.2,0
2019-12-14 20:00:00,389,9.2,1.1,0
2019-12-14 21:00:00,383,8.2,1.3,0
2019-12-14 22:00:00,387,5.7,1.4,0
2019-12-14 23:00:00,397,6.8,-1.0,0
2019-12-15 00:00:00,391,6.9,1.0,0
2019-12-15 01:00:00,380,4.7,-0.4,0
2019-12-15 02:00:00,382,6.2,-2.0,0
2019-12-15 03:00:00,387,9.9,-0.9,0
2019-12-15 04:00:00,381,7.0,-0.3,0
2019-12-15 05:00:00,376,4.1,0.7,0
2019-12-15 06:00:00,377,5.7,1.0,0
2019-12-15 07:00:00,376,5.2,0.7,0
2019-12-15 08:00:00,373,4.4,-0.3,0
2019-12-15 09:00:00,360,4.8,1.4,0
2019-12-15 10:00:00,365,4.5,3.3,0
2019-12-15 11:00:00,375,4.5,1.3,0
2019-12-15 12:00:00,366,4.0,2.5,0
2019-12-15 13:00:00,368,4.2,3.7,0
2019-12-15 14:00:00,397,4.3,2.5,0
2019-12-15 15:00:00,388,3.0,1.3,0
2019-12-15 16:00:00,387,3.2,-1.2,0
2019-12-15 17:00:00,401,4.0,-0.8,0
2019-12-15 18:00:00,387,4.0,-1.1,0
2019-12-15 19:00:00,387,3.7,-0.8,0
2019-12-15 20:00:00,393,4.0,-0.1,0
2019-12-15 21:00:00,400,4.5,1.2,0
2019-12-15 22:00:00,391,4.4,-3.3,0
2019-12-15 23:00:00,396,4.5,-1.9,0
2019-12-16 00:00:00,408,4.0,1.1,0
2019-12-16 01:00:00,410,3.8,2.3,0
2019-12-16 02:00:00,413,3.6,1.6,0
2019-12-16 03:00:00,409,3.4,2.3,0
2019-12-16 04:00:00,402,3.8,2.0,0
2019-12-16 05:00:00,392,3.1,0.2,0
2019-12-16 06:00:00,398,3.6,-0.5,0
2019-12-16 07:00:00,370,2.2,1.3,0
2019-12-16 08:00:00,363,2.0,0.6,0
2019-12-16 09:00:00,363,2.4,-0.1,0
2019-12-16 10:00:00,364,2.8,-1.1,0
2019-12-16 11:00:00,369,3.0,-2.1,0
2019-12-16 12:00:00,363,3.4,-1.9,0
2019-12-16 13:00:00,350,3.1,-0.1,0
2019-12-16 14:00:00,364,3.3,-1.7,0
2019-12-16 15:00:00,346,2.7,-0.6,0
2019-12-16 16:00:00,347,3.1,-0.2,0
2019-12-16 17:00:00,363,3.2,-1.3,0
2019-12-16 18:00:00,360,3.3,-1.1,0
2019-12-16 19:00:00,350,2.9,-1.1,0
2019-12-16 20:00:00,350,3.1,1.1,0
2019-12-16 21:00:00,340,3.1,2.3,0
2019-12-16 22:00:00,341,2.4,2.6,0
2019-12-16 23:00:00,339,2.9,2.5,0
2019-12-17 00:00:00,339,3.2,2.4,0
2019-12-17 01:00:00,350,3.0,0.1,0
2019-12-17 02:00:00,363,4.6,-0.3,0
2019-12-17 03:00:00,370,6.8,0.1,0
2019-12-17 04:00:00,371,8.2,0.2,0
2019-12-17 05:00:00,364,7.7,0.0,0
2019-12-17 06:00:00,366,9.0,-0.4,0
2019-12-17 07:00:00,366,9.1,-0.6,0
2019-12-17 08:00:00,366,9.2,0.3,0
2019-12-17 09:00:00,368,9.2,0.4,0
2019-12-17 10:00:00,351,7.9,-1.0,0
2019-12-17 11:00:00,346,7.6,-0.1,0
2019-12-17 12:00:00,350,8.6,0.0,0
2019-12-17 13:00:00,353,9.2,-0.3,0
2019-12-17 14:00:00,354,8.7,0.3,0
2019-12-17 15:00:00,353,8.7,0.6,0
2019-12-17 16:00:00,344,6.5,1.0,0
2019-12-17 17:00:00,342,7.4,1.3,0
2019-12-17 18:00:00,342,7.7,1.6,0
2019-12-17 19:00:00,347,8.4,-1.0,0
2019-12-17 20:00:00,338,7.8,1.6,0
2019-12-17 21:00:00,335,8.2,2.0,0
2019-12-17 22:00:00,337,9.3,2.7,0
2019-12-17 23:00:00,340,10.6,1.3,0
2019-12-18 00:00:00,344,11.9,1.6,0
2019-12-18 01:00:00,350,18.3,-2.0,0
2019-12-18 02:00:00,369,28.4,-0.7,0
2019-12-18 03:00:00,392,14.4,1.7,0
2019-12-18 04:00:00,398,13.3,-0.5,0
2019-12-18 05:00:00,408,13.4,-2.1,0
2019-12-18 06:00:00,423,10.9,1.2,0
2019-12-18 07:00:00,426,11.6,3.5,0
2019-12-18 08:00:00,439,11.3,4.2,0
2019-12-18 09:00:00,454,12.5,0.6,0
2019-12-18 10:00:00,462,10.7,-1.2,0
2019-12-18 11:00:00,498,7.6,-2.9,0
2019-12-18 12:00:00,508,7.0,-1.7,0
2019-12-18 13:00:00,518,6.6,-0.1,0
2019-12-18 14:00:00,529,5.2,2.8,0
2019-12-18 15:00:00,530,4.5,-4.0,0
2019-12-18 16:00:00,524,5.4,-4.8,0
2019-12-18 17:00:00,506,4.3,-0.7,0
2019-12-18 18:00:00,514,4.5,0.3,0
2019-12-18 19:00:00,520,4.4,2.2,0
2019-12-18 20:00:00,526,4.1,3.6,0
2019-12-18 21:00:00,540,4.6,2.6,0
2019-12-18 22:00:00,530,4.4,1.5,0
2019-12-18 23:00:00,516,6.0,1.1,0
2019-12-19 00:00:00,516,7.6,-0.6,0
2019-12-19 01:00:00,510,9.0,-0.9,0
2019-12-19 02:00:00,516,8.2,0.5,0
2019-12-19 03:00:00,519,5.7,-0.2,0
2019-12-19 04:00:00,518,5.3,-1.0,0
2019-12-19 05:00:00,512,6.1,1.4,0
2019-12-19 06:00:00,502,5.8,-2.3,0
2019-12-19 07:00:00,514,5.8,-2.7,0
2019-12-19 08:00:00,511,4.9,-2.0,0
2019-12-19 09:00:00,515,5.1,-1.2,0
2019-12-19 10:00:00,513,4.1,-2.4,0
2019-12-19 11:00:00,529,3.5,0.7,0
2019-12-19 12:00:00,527,3.4,0.0,0
2019-12-19 13:00:00,527,3.3,-0.3,0
2019-12-19 14:00:00,520,3.2,-0.5,0
2019-12-19 15:00:00,512,3.4,0.3,0
2019-12-19 16:00:00,509,3.4,0.0,0
2019-12-19 17:00:00,508,3.7,0.5,0
2019-12-19 18:00:00,506,3.5,-1.2,0
2019-12-19 19:00:00,498,3.7,-0.7,0
2019-12-19 20:00:00,482,3.8,0.8,0
2019-12-19 21:00:00,477,3.7,-0.3,0
2019-12-19 22:00:00,480,4.2,-0.4,0
2019-12-19 23:00:00,479,4.5,0.9,0
2019-12-20 00:00:00,480,4.7,1.0,0
2019-12-20 01:00:00,481,4.2,0.3,0
2019-12-20 02:00:00,490,4.2,0.0,0
2019-12-20 03:00:00,485,4.2,-0.5,0
2019-12-20 04:00:00,484,4.2,0.3,0
2019-12-20 05:00:00,474,4.4,-0.4,0
2019-12-20 06:00:00,472,4.3,-0.3,0
2019-12-20 07:00:00,470,4.2,-0.1,0
2019-12-20 08:00:00,468,4.3,0.4,0
2019-12-20 09:00:00,468,4.2,0.6,0
2019-12-20 10:00:00,463,3.9,0.7,0
2019-12-20 11:00:00,454,4.1,-0.2,0
2019-12-20 12:00:00,438,3.8,-1.6,0
2019-12-20 13:00:00,426,3.2,-0.8,0
2019-12-20 14:00:00,421,3.2,-1.2,0
2019-12-20 15:00:00,430,3.5,-0.5,0
2019-12-20 16:00:00,432,3.8,-0.8,0
2019-12-20 17:00:00,431,4.1,-0.6,0
2019-12-20 18:00:00,430,4.2,-0.6,0
2019-12-20 19:00:00,430,4.7,0.6,0
2019-12-20 20:00:00,438,5.0,-0.5,0
2019-12-20 21:00:00,437,4.9,-0.6,0
2019-12-20 22:00:00,432,5.6,-1.1,0
2019-12-20 23:00:00,441,5.4,-0.6,0
2019-12-21 00:00:00,423,5.2,-1.6,0
2019-12-21 01:00:00,418,4.8,-1.0,0
2019-12-21 02:00:00,415,4.7,0.6,0
2019-12-21 03:00:00,411,4.3,0.8,0
2019-12-21 04:00:00,412,5.2,1.5,0
2019-12-21 05:00:00,410,6.5,0.8,0
2019-12-21 06:00:00,411,6.2,-2.0,0
2019-12-21 07:00:00,411,5.7,-3.0,0
2019-12-21 08:00:00,409,5.6,-1.8,0
2019-12-21 09:00:00,399,6.3,-0.3,0
2019-12-21 10:00:00,394,5.9,0.9,0
2019-12-21 11:00:00,404,5.6,-0.9,0
2019-12-21 12:00:00,385,5.0,1.3,0
2019-12-21 13:00:00,369,3.2,0.5,0
2019-12-21 14:00:00,369,4.1,0.1,0
2019-12-21 15:00:00,369,4.5,-0.8,0
2019-12-21 16:00:00,362,3.5,-0.8,0
2019-12-21 17:00:00,358,3.7,-1.3,0
2019-12-21 18:00:00,358,4.2,-0.5,0
2019-12-21 19:00:00,350,3.2,-0.4,0
2019-12-21 20:00:00,343,3.1,-0.5,0
2019-12-21 21:00:00,347,3.5,-0.3,0
2019-12-21 22:00:00,347,4.3,-0.5,0
2019-12-21 23:00:00,361,5.3,-0.5,0
2019-12-22 00:00:00,339,4.4,-1.0,0
2019-12-22 01:00:00,340,4.7,1.1,0
2019-12-22 02:00:00,337,4.7,0.4,0
2019-12-22 03:00:00,345,5.1,0.9,0
2019-12-22 04:00:00,353,5.1,-1.4,0
2019-12-22 05:00:00,356,5.4,-2.0,0
2019-12-22 06:00:00,352,5.5,-1.2,0
2019-12-22 07:00:00,349,4.6,1.0,0
2019-12-22 08:00:00,336,4.1,-0.7,0
2019-12-22 09:00:00,350,5.6,-0.5,0
2019-12-22 10:00:00,339,4.7,-0.2,0
2019-12-22 11:00:00,330,3.9,-1.3,0
2019-12-22 12:00:00,316,4.1,0.0,0
2019-12-22 13:00:00,312,2.6,0.4,0
2019-12-22 14:00:00,320,3.8,0.9,0
2019-12-22 15:00:00,327,5.1,0.9,0
2019-12-22 16:00:00,339,5.8,1.4,0
2019-12-22 17:00:00,336,5.4,0.8,0
2019-12-22 18:00:00,334,5.7,-2.2,0
2019-12-22 19:00:00,352,7.0,-0.7,0
2019-12-22 20:00:00,350,6.3,-2.3,0
2019-12-22 21:00:00,336,4.6,0.3,0
2019-12-22 22:00:00,350,2.4,1.3,0
2019-12-22 23:00:00,354,2.5,1.3,0
2019-12-23 00:00:00,349,2.6,0.3,0
2019-12-23 01:00:00,355,2.5,0.8,0
2019-12-23 02:00:00,355,2.2,0.0,0
2019-12-23 03:00:00,360,2.9,-1.0,0
2019-12-23 04:00:00,373,3.9,-1.6,0
2019-12-23 05:00:00,373,5.0,-1.5,0
2019-12-23 06:00:00,353,5.2,-1.2,0
2019-12-23 07:00:00,338,5.6,0.0,0
2019-12-23 08:00:00,332,4.5,2.0,0
2019-12-23 09:00:00,359,5.9,1.6,0
2019-12-23 10:00:00,366,8.2,-1.9,0
2019-12-23 11:00:00,362,8.3,-4.5,0
2019-12-23 12:00:00,354,6.5,-4.3,0
2019-12-23 13:00:00,355,6.5,-2.2,0
2019-12-23 14:00:00,355,5.3,-2.9,0
2019-12-23 15:00:00,349,5.1,-1.1,0
2019-12-23 16:00:00,346,4.6,-0.3,0
2019-12-23 17:00:00,339,4.6,-0.8,0
2019-12-23 18:00:00,340,4.8,-0.4,0
2019-12-23 19:00:00,341,4.4,-0.1,0
2019-12-23 20:00:00,339,4.5,0.4,0
2019-12-23 21:00:00,343,4.5,-1.1,0
2019-12-23 22:00:00,348,4.2,-2.0,0
2019-12-23 23:00:00,350,4.5,-0.7,0
2019-12-24 00:00:00,347,4.5,-0.8,16
2019-12-24 01:00:00,331,5.4,-0.7,16
2019-12-24 02:00:00,334,5.8,-1.4,16
2019-12-24 03:00:00,316,5.5,1.3,16
2019-12-24 04:00:00,320,6.3,1.3,16
2019-12-24 05:00:00,319,7.9,2.0,16
2019-12-24 06:00:00,321,7.2,0.8,16
2019-12-24 07:00:00,325,7.7,-1.3,16
2019-12-24 08:00:00,317,6.9,-0.9,16
2019-12-24 09:00:00,316,4.2,1.8,16
2019-12-24 10:00:00,315,4.0,3.1,16
2019-12-24 11:00:00,341,5.8,-0.4,16
2019-12-24 12:00:00,329,5.8,0.9,16
2019-12-24 13:00:00,341,6.2,-0.1,16
2019-12-24 14:00:00,327,5.6,0.2,16
2019-12-24 15:00:00,316,5.4,0.3,16
2019-12-24 16:00:00,310,4.8,-0.6,16
2019-12-24 17:00:00,308,4.4,-0.1,16
2019-12-24 18:00:00,311,4.5,0.3,16
2019-12-24 19:00:00,309,4.6,-0.3,16
2019-12-24 20:00:00,307,5.4,0.8,16
2019-12-24 21:00:00,309,5.8,0.4,16
2019-12-24 22:00:00,310,6.2,1.0,16
2019-12-24 23:00:00,310,7.0,1.0,16
2019-12-25 00:00:00,311,7.1,0.9,23
2019-12-25 01:00:00,307,6.5,0.0,23
2019-12-25 02:00:00,308,5.8,0.2,23
2019-12-25 03:00:00,311,5.9,0.5,23
2019-12-25 04:00:00,311,6.8,0.3,23
2019-12-25 05:00:00,325,6.8,-0.1,23
2019-12-25 06:00:00,329,6.8,1.0,23
2019-12-25 07:00:00,334,6.2,2.1,23
2019-12-25 08:00:00,331,8.5,0.7,23
2019-12-25 09:00:00,339,8.0,-3.1,23
2019-12-25 10:00:00,335,10.8,-0.2,23
2019-12-25 11:00:00,342,11.7,-0.7,23
2019-12-25 12:00:00,340,10.9,0.0,23
2019-12-25 13:00:00,333,9.0,0.1,23
2019-12-25 14:00:00,333,7.0,-0.9,23
2019-12-25 15:00:00,333,8.9,-1.0,23
2019-12-25 16:00:00,332,12.2,0.5,23
2019-12-25 17:00:00,332,17.4,0.2,23
2019-12-25 18:00:00,343,17.6,0.3,23
2019-12-25 19:00:00,342,12.5,2.5,23
2019-12-25 20:00:00,337,9.0,3.8,23
2019-12-25 21:00:00,336,12.0,5.9,23
2019-12-25 22:00:00,345,27.2,2.0,23
2019-12-25 23:00:00,346,23.3,4.8,23
2019-12-26 00:00:00,347,23.1,0.8,10
2019-12-26 01:00:00,341,12.0,3.4,10
2019-12-26 02:00:00,350,11.1,4.6,10
2019-12-26 03:00:00,359,12.4,5.0,10
2019-12-26 04:00:00,350,11.1,3.1,10
2019-12-26 05:00:00,357,10.4,1.9,10
2019-12-26 06:00:00,358,8.5,2.4,10
2019-12-26 07:00:00,367,7.8,-3.4,10
2019-12-26 08:00:00,376,7.6,-1.6,10
2019-12-26 09:00:00,379,7.8,-1.5,10
2019-12-26 10:00:00,385,8.0,-1.0,10
2019-12-26 11:00:00,391,7.8,-1.7,10
2019-12-26 12:00:00,393,7.7,-1.0,10
2019-12-26 13:00:00,384,7.6,0.3,10
2019-12-26 14:00:00,382,6.6,-0.2,10
2019-12-26 15:00:00,407,5.7,-0.7,10
2019-12-26 16:00:00,408,5.7,-2.1,10
2019-12-26 17:00:00,397,6.1,-1.4,10
2019-12-26 18:00:00,387,6.1,0.4,10
2019-12-26 19:00:00,378,5.7,0.9,10
2019-12-26 20:00:00,376,5.2,0.6,10
2019-12-26 21:00:00,380,6.0,0.9,10
2019-12-26 22:00:00,380,6.9,1.5,10
2019-12-26 23:00:00,378,7.6,2.0,10
2019-12-27 00:00:00,378,7.3,-1.0,0
2019-12-27 01:00:00,375,7.9,1.0,0
2019-12-27 02:00:00,373,7.2,-1.4,0
2019-12-27 03:00:00,372,7.1,0.9,0
2019-12-27 04:00:00,370,7.2,-0.8,0
2019-12-27 05:00:00,376,6.5,-0.8,0
2019-12-27 06:00:00,375,6.3,-0.9,0
2019-12-27 07:00:00,375,5.7,-3.1,0
2019-12-27 08:00:00,373,5.9,-0.9,0
2019-12-27 09:00:00,366,6.5,1.5,0
2019-12-27 10:00:00,372,6.1,0.0,0
2019-12-27 11:00:00,374,6.1,0.3,0
2019-12-27 12:00:00,374,6.3,-0.9,0
2019-12-27 13:00:00,365,5.2,1.4,0
2019-12-27 14:00:00,361,4.7,2.4,0
2019-12-27 15:00:00,365,4.9,0.5,0
2019-12-27 16:00:00,373,4.9,0.6,0
2019-12-27 17:00:00,371,4.9,-0.3,0
2019-12-27 18:00:00,373,5.2,0.7,0
2019-12-27 19:00:00,370,5.3,0.0,0
2019-12-27 20:00:00,370,4.8,1.6,0
2019-12-27 21:00:00,372,5.1,1.8,0
2019-12-27 22:00:00,366,5.1,0.3,0
2019-12-27 23:00:00,364,5.2,0.3,0
2019-12-28 00:00:00,361,5.7,0.1,0
2019-12-28 01:00:00,352,5.8,1.7,0
2019-12-28 02:00:00,353,5.9,0.3,0
2019-12-28 03:00:00,355,6.4,-1.2,0
2019-12-28 04:00:00,352,7.2,0.6,0
2019-12-28 05:00:00,348,7.1,-0.6,0
2019-12-28 06:00:00,349,6.2,-0.4,0
2019-12-28 07:00:00,348,6.9,-0.8,0
2019-12-28 08:00:00,353,6.9,-1.3,0
2019-12-28 09:00:00,362,5.2,-0.3,0
2019-12-28 10:00:00,358,6.3,-0.2,0
2019-12-28 11:00:00,357,6.9,0.6,0
2019-12-28 12:00:00,351,7.3,0.8,0
2019-12-28 13:00:00,350,7.2,0.4,0
2019-12-28 14:00:00,347,6.6,0.8,0
2019-12-28 15:00:00,346,7.1,1.2,0
2019-12-28 16:00:00,339,6.2,1.1,0
2019-12-28 17:00:00,337,5.5,-1.0,0
2019-12-28 18:00:00,317,5.7,-0.1,0
2019-12-28 19:00:00,318,5.6,-0.8,0
2019-12-28 20:00:00,334,6.8,1.0,0
2019-12-28 21:00:00,333,6.6,0.4,0
2019-12-28 22:00:00,329,6.7,0.8,0
2019-12-28 23:00:00,331,6.9,0.7,0
2019-12-29 00:00:00,321,6.6,1.6,0
2019-12-29 01:00:00,319,6.9,-0.1,0
2019-12-29 02:00:00,318,6.8,-1.8,0
2019-12-29 03:00:00,321,8.1,-2.6,0
2019-12-29 04:00:00,318,8.1,-0.6,0
2019-12-29 05:00:00,314,9.0,2.1,0
2019-12-29 06:00:00,313,9.0,-0.4,0
2019-12-29 07:00:00,314,9.6,-0.8,0
2019-12-29 08:00:00,311,10.8,0.4,0
2019-12-29 09:00:00,310,10.4,0.0,0
2019-12-29 10:00:00,308,10.0,-1.0,0
2019-12-29 11:00:00,307,9.6,-0.2,0
2019-12-29 12:00:00,307,10.0,1.1,0
2019-12-29 13:00:00,303,10.3,0.3,0
2019-12-29 14:00:00,301,9.6,0.2,0
2019-12-29 15:00:00,303,8.9,0.5,0
2019-12-29 16:00:00,298,9.5,1.2,0
2019-12-29 17:00:00,294,11.0,1.3,0
2019-12-29 18:00:00,298,10.6,1.4,0
2019-12-29 19:00:00,304,8.8,1.3,0
2019-12-29 20:00:00,308,8.5,0.5,0
2019-12-29 21:00:00,316,8.3,0.6,0
2019-12-29 22:00:00,311,8.9,0.2,0
2019-12-29 23:00:00,305,8.2,0.2,0
2019-12-30 00:00:00,298,9.6,0.2,0
2019-12-30 01:00:00,297,9.8,-0.1,0
2019-12-30 02:00:00,296,10.9,-0.2,0
2019-12-30 03:00:00,296,14.2,1.2,0
2019-12-30 04:00:00,298,13.8,-0.2,0
2019-12-30 05:00:00,297,12.2,0.1,0
2019-12-30 06:00:00,297,12.6,-1.0,0
2019-12-30 07:00:00,299,16.4,0.4,0
2019-12-30 08:00:00,299,18.8,0.9,0
2019-12-30 09:00:00,301,13.3,0.5,0
2019-12-30 10:00:00,299,13.5,2.4,0
2019-12-30 11:00:00,301,13.7,2.4,0
2019-12-30 12:00:00,297,14.1,3.8,0
2019-12-30 13:00:00,292,12.7,1.7,0
2019-12-30 14:00:00,295,12.9,2.0,0
2019-12-30 15:00:00,292,10.8,1.2,0
2019-12-30 16:00:00,294,9.4,1.4,0
2019-12-30 17:00:00,294,8.7,-0.5,0
2019-12-30 18:00:00,295,9.6,0.9,0
2019-12-30 19:00:00,298,10.6,0.0,0
2019-12-30 20:00:00,305,12.1,3.1,0
2019-12-30 21:00:00,307,19.1,5.0,0
2019-12-30 22:00:00,307,22.5,3.4,0
2019-12-30 23:00:00,306,18.3,3.5,0
2019-12-31 00:00:00,308,15.6,1.9,0
2019-12-31 01:00:00,305,15.7,3.1,0
2019-12-31 02:00:00,305,16.3,4.2,0
2019-12-31 03:00:00,313,22.6,-1.4,0
2019-12-31 04:00:00,315,24.5,0.4,0
2019-12-31 05:00:00,317,24.8,0.3,0
2019-12-31 06:00:00,315,21.9,-0.9,0
2019-12-31 07:00:00,312,19.6,-1.9,0
2019-12-31 08:00:00,311,16.8,-2.0,0
2019-12-31 09:00:00,305,14.0,-1.6,0
2019-12-31 10:00:00,304,11.6,-1.5,0
2019-12-31 11:00:00,304,11.0,-0.9,0
2019-12-31 12:00:00,301,11.4,-1.7,0
2019-12-31 13:00:00,300,10.4,-1.7,0
2019-12-31 14:00:00,303,9.2,-1.4,0
2019-12-31 15:00:00,299,8.3,-2.6,0
2019-12-31 16:00:00,297,8.1,-2.7,0
2019-12-31 17:00:00,299,10.7,-3.6,0
2019-12-31 18:00:00,308,11.2,-2.0,0
2019-12-31 19:00:00,310,11.1,-3.0,0
2019-12-31 20:00:00,308,10.3,-3.8,0
2019-12-31 21:00:00,308,9.9,-2.0,0
2019-12-31 22:00:00,305,9.4,-1.4,0
2019-12-31 23:00:00,296,5.5,-1.3,0
2020-01-01 00:00:00,295,10.0,-0.2,6
